#钟南山判断国内不会有第二波疫情暴发#4月1日，接受采访时，#钟南山表示无症状感染者不会引起大暴发#。他表示，因为我们有强有力的监测系统，一旦发现（无症状感染者）立即隔离，同时对相关接触者也立即隔离观察，第一时间切断传播链的话，不会出现像第一波那样的疫情暴发。L深圳卫视深视新闻的微博视频,04/01
【#钟南山谈无症状和复阳患者#：无症状感染者不会引起大暴发】4月1日，钟南山接受深圳卫视专访，钟南山称无症状患者有明确的传染性，但是否有很高的传染性，现在没有证据来说明。并表示无症状感染者不会引起大暴发。因为我们有强有力的监测系统，第一时间切断传播链的话，不会出现像第一波那样的疫情暴发。#对焦Focus#@深圳卫视深视新闻L头条新闻的微博视频,04/01
#钟南山判断国内不会有第二波疫情暴发#这个判断不能说对，未知因素不少，人员流动无法完全控制，什么情况都难说一定可以排除！,04/01
其实对于中国来说，只要足够重视，我们就有足够的能力去抗击，实力在这里。而不像很多国家，即使足够重视也没有办法做到有效阻隔。#钟南山表示无症状感染者不会引起大暴发#,04/01
#钟南山表示无症状感染者不会引起大暴发#划重点:切断传播途径,04/01
#有看有收获#【#钟南山判断国内不会有第二波疫情暴发#】4月1日，接受采访时，#钟南山表示无症状感染者不会引起大暴发#。他表示，因为我们有强有力的监测系统，一旦发现（无症状感染者）立即隔离，同时对相关接触者也立即隔离观察，第一时间切断传播链的话，不会出现像第一波那样的疫情暴发。L深圳卫视深视新闻的微博视频,04/01
我分享了话题#钟南山表示无症状感染者不会引起大暴发#,04/01
钟南山：全球疫情4月底出现拐点国内不会有第二波疫情高峰@新浪财经O钟南山：全球疫情4月底出现拐点国内不会有第二波疫情高峰,04/01
《钟南山张文宏分享两种健康食材，家家户户常见，可惜很多人都忽视》在接受采访时，钟南山和张文宏两位教授都曾谈起健康饮食的重要性，都极力推荐过两种健康食材，家家户户都常见，可惜很多人都忽视，不喜欢多吃。O网页链接,04/01
#钟南山表示无症状感染者不会引起大暴发#那就好,04/01
【关注】无症状感染者传染性有多强？钟南山最新判断O【关注】无症状感染者传染性有多强？钟南山最新判断,04/01
#钟南山表示无症状感染者不会引起大暴发#：目前的他们所谓的无症状就是核酸阳性，人状态正常，其实潜伏期也是这样，除非阳性一直到阴性都不发病才能叫无症状，但是他们直接上来就扣上无症状的帽子，根本没到患者阴性，感觉直接就是把潜伏期患者当无症状处理,04/01
#钟南山表示无症状感染者不会引起大暴发#钟老辛苦了，保重身体哦,04/01
【专访钟南山：无症状感染者和复阳患者出现，究竟影响多大？】4月1日，国家卫健委高级别专家组组长、中国工程院院士钟南山接受专访，对当前新冠肺炎疫情的多个热点问题作出回应。暂无法证明无症状感染者有很高传染性，应对两类重点人群进行“双重检测”，近日，新冠病毒无症状感染者的出现引发广泛关注，无症状感染者是否有传染性？传染性有多强？传播途径又是怎样的？O专访钟南山：无症状感染者和复阳患者出现，究竟影响多大？,04/01
《钟南山接受媒体专访：表示预计全球疫情4月底出现拐点》钟南山4月1日接受深圳卫视专访时表示，相信随着各个国家采取强有力的措施，全球疫情是能够控制下来的，“我估计应该是4月底左右，疫情应该下来了”。O网页链接,04/01
#钟南山担心一些国家控制不了疫情#我以为就是说美/国,04/02
【政府为美版钟南山提供安保媒体称其人身安全受威胁】79岁的福奇是美国顶级传染病专家，近日因领导美国抗疫在媒体上大量曝光，被称作“美版钟南山”。他因实事求是的科学态度和直言不讳的风格收获大批粉丝，同时也因与特朗普意见相左，遭到部分极右派人士批评，目前尚不知是何人对他进行了威胁。L世面的秒拍视频@新京报我们视频#新冠是人类第一个冠状病毒大流行#,04/02
#钟南山担心一些国家控制不了疫情#4月2日，中国工程院院士钟南山在新冠疫情防控国际分享会上表示，“疫情在一些国家扩散很快。如果一些国家控制不了疫情，会给全世界带来灾难，没有哪个国家能够置身事外。”病毒根本不认国家、人种、职位…它们是所有人类的公敌，所有国家都应该严阵以待！侥幸心理要不得，这事没有热闹可看,04/02
#钟南山担心一些国家控制不了疫情#大家同在地球村，哪个国家都没有办法独善其身！所以这时候只会打嘴炮甩锅一点意义都没有！,04/02
#钟南山担心一些国家控制不了疫情#每个人都要对自己负责！,04/02
#钟南山担心一些国家控制不了疫情#希望疫情快点结束，一切好起来,04/02
#关注新冠肺炎#【钟南山：担心一些国家控制不了疫情，会给全世界带来灾难】#钟南山担心一些国家控制不了疫情#4月2日，中国工程院院士钟南山在新冠疫情防控国际分享会上表示，从中国的经历来看，对疫情重点地区封城、人们保持社交距离、戴口罩肯定是最好的防止疫情进一步扩散的做法。“我现在担心，疫情在一些国家扩散很快。过多的病人会给医疗系统带来巨大的负担，没有床位、没有医疗设施、没有专业人士，这会造成恶性循环。如果一些国家控制不了疫情，会给全世界带来灾难，没有哪个国家能够置身事外。”（宋宇晟）@中新视频L中新视频的秒拍视频,04/02
#钟南山担心一些国家控制不了疫情#说白了就是美国。因为美国有特疯子，美国变得疯疯的。,04/02
#钟南山担心一些国家控制不了疫情#新冠病毒出现以来到现在，说句直接的，能正常老死都是一种期待。,04/02
#钟南山担心一些国家控制不了疫情#美国这次真的让人大跌眼镜，自私、心胸狭窄、甩锅、不作为全世界第一,04/02
#钟南山担心一些国家控制不了疫情#其实，我真没预料到美国能这么不争气，好歹是发达国家好伐？对了，还有英国。当然，我也没想到意大利能惨成这样,04/02
#钟南山担心一些国家控制不了疫情#丑国，说的就是你。,04/02
#钟南山担心一些国家控制不了疫情#做好闭关锁国、自给自足的三年准备吧！勒紧裤腰带，活着呗。,04/02
#钟南山担心一些国家控制不了疫情#感觉从目前形式来看，印度不容乐观，这几天增加了好多，接下来会爆发，印度要抓紧利用时间控制好，毕竟13亿人口的大国啊,04/02
#钟南山担心一些国家控制不了疫情#希望每个国家都努力控制住疫情吧，真的影响生活的方方面面。全球性的疫情问题，没有谁能独善其身！,04/02
媒体专访钟南山：中国疫情数据有瞒报吗？O网页链接,04/03
钟南山院士和四国专家讨论最有效的防控新冠病毒对策O网页链接,04/03
哪有岁月静好，只不过是有人替你负重前行。　　在新型冠状病毒面前，是他们冲到了一线，是他们，不畏艰难。他们，就是来自各个省市的白衣天使，是抗病毒路上的逆行者。　　八十三岁的钟南山爷爷，本来可以避开病毒的危险，安度晚年，但是他在人民最需要他的时候，站了出来，就跟十七年前，SARS病毒爆发的时候一样。十七年前，他曾坚定的说：“把病人都送到我这里来!”这斩钉截铁的话语，带给全世界无比的震撼。十七年来，这颗为人民服务的心，始终未改，为人民的安全逆行的志，始终不变。　　还有许多医生与护士，在大年三十，当我们吃着团圆饭，阖家欢乐的时候，他们却义无反顾地离开家人，踏上去武汉的战场。这些逆行者在医院战地中，为人民安全而战。向你们致敬，你们辛苦了，感谢有你们，你们是人间最美丽可爱的人#向英雄致敬#,04/03
钟南山院士和四国专家讨论最有效的防控新冠病毒对策O网页链接,04/03
钟南山院士和四国专家讨论最有效的防控新冠病毒对策O网页链接,04/03
钟南山院士和四国专家讨论最有效的防控新冠病毒对策O网页链接,04/03
钟南山院士和四国专家讨论最有效的防控新冠病毒对策O网页链接,04/03
钟南山院士和四国专家讨论最有效的防控新冠病毒对策O网页链接,04/03
要睡了，等不到零点了。武汉人民是英雄的人民，湖北是英雄的省份。中国有每一个自觉在家隔离的平平凡凡的普通人，真好。中国有那么多”英雄”例如钟南山院士，李兰娟院士以及千千万万个医生和基层工作人员，外卖小哥，物流小哥，真好。这个民族的灾难太多了，和平的背后是千千万万人的付出，是你是我是每一个普通人。祝祖国越来越好。愿逝者安息。,04/03
钟南山院士和四国专家讨论最有效的防控新冠病毒对策O网页链接,04/03
宽窄思语看到一个话题#钟南山挂号费#，个人觉得：挂号费1200是明码标价，由患者自由选择。即使是1200挂号费肯定也是一号难求。如果嫌贵大可以不挂他的号，呼吸科的门诊普通号以及其他的专家号有的是。换言之，咱们总不能花个几十块挂号费然后还想着来个院士帮着看病对吧？,04/03
我在看：【那个国家，让钟南山很担心】#跟新浪看热点#O那个国家，让钟南山很担心,04/03
分享大哥的作品：赞钟南山--庚子年初，病毒肆虐，武汉三镇，封城闭路，荆楚大地，一片肃杀。幸赖举国动员，解放军及各省医疗队驰援疫区。两月后，雨过天晴，战疫胜利。感谢许多的白衣战士不辞辛苦，冲锋陷阵。八十多岁的钟南山院士即是其中的一位杰出的勇士。院士汗洒荆楚地，老骥驰骋终（钟）南山。救死扶伤医国手，驱魔战疫挽狂澜。（王志勇，2020年4月3日）,04/03
分享网易新闻《钟南山“天价”挂号费曝光，无双国士拼不过“小鲜肉”？》O钟南山“天价”挂号费曝光，无双国士拼不过“小鲜肉”？来自@网易新闻客户端#网易新闻#,04/03
钟南山和张文宏不一致的时候，相信谁？都是错误的都不专业，都不合格不够世界级，都不准确，只有倪真理人类智慧控毒才是正确完整精准到位的唯一专家型综合型领袖，唯一具备病毒防控最需要的三个专业领域的人。O当钟南山和张文宏的观点不一致的时候，你信谁？,04/03
"春已暖，花已开一些名字却永远留在了冬日里。""大家全国帮忙，武汉是能够过关的，武汉本来就是一个很英雄的城市。""每次听到广播里放钟南山院士的这句话，好想哭。感谢所有为这场战疫付出的人们，让我们可以继续享受春光。希望经历了这场磨难的同胞们变得更加坚强，也更懂得珍惜和感恩。",04/04
看到今天世界各国的疫情爆发，我们中国人不得不感到庆幸：有党，有政府，有钟南山院士，有各色各样的医务工作者，和全国人民的自觉遵守各种各样的规定，才有今天的幸福生活！,04/04
#钟南山在办公室静立默哀##正能量##健康#从一开始不知道钟南山爷爷，到抖音微博新闻等各个平台上都有爷爷匆忙的影子，再到看03年SARS纪录片看到爷爷的身影，了解到钟南山爷爷医者父母天下心的优秀医德和强烈的国家责任感，转而再来看疫情大爆发时刻前赴武汉实地考察的爷爷的身影，心里无时无刻不在关注着爷爷自己的身体状况。那么危险，那么劳累，还在奔波，还在研究，在抗疫路上急匆匆的走着。心里升起一股敬佩和感动之情🙏🙏🙏还记得刚爆发的那一个多月，每天拿起手机最关心的事情就是今天疫情怎么样了，增长了多少人，再到后面一点点的转移自己的注意力，因此不至于晚上睡不着觉，面对未知的明天，心里一直在乞求平安，乞求保佑中国🇨🇳天佑我华夏！#致敬中国军人##关注新冠肺炎#时刻看着窗外空荡荡的街头和马路，我想和我一样有很多非常不适应的人，这个春节，我们在家里、在各个媒体报道面对恐怖数字攀升的自我小小安全范围内，做着最简单的事，就是不出门，不给国家添乱，保证自己身体健康。一群又一群的这个时代领袖在疫情面前无私奉献，捐款捐物资，身居国外的同胞们，心系国家，纷纷扫荡药房买物资买口罩，企业大佬们也捐钱捐人力物力，我看到了一个新的中国#朋友请听好#在平日没有灾难的温床里，很难有机会切身的感受到祖国的如此强大#我和我的祖国##守护的契约#我和我的祖国原来这么近，表白祖国妈妈🇨🇳🇨🇳🇨🇳表白钟南山爷爷，爷爷您辛苦了，也要好好注意身体啊！！！,04/04
从质疑钟惟德教授的爱马仕腰带，到议论钟南山院士1200挂号费的合理性，再到现在扒张文宏教授的私人生活，在有些人眼里，医生可以是白衣天使，可以是再世华佗，可以普渡众生，可偏偏就不能是个人。,04/04
很久没读过文章了，今天读了几篇，其实也不过寥寥数语，突然觉得自己的人生到现在为止仍是瘠薄的，没有厚度的。还是希望自己能成为一个有意义的人，有人说，成为钟南山那样的人，是读书的究极目的。未来的我，是不是可以成为让一个人，一个家，许多人，许多个家安心的存在？,04/04
热点|全球确诊超90万！特朗普再次接受检测，钟南山担心这件事…O热点|全球确诊超90万！特朗普再次接受检测，钟南山担心这件事…,04/04
南山南，北海北钟南山，章北海南山有墓碑，北海没有！！我惊了#这是今日中国的声音#,04/04
【#钟南山在办公室默哀#】今天10时，举行#全国性哀悼活动#。当窗外响起防空警报声音，钟南山在办公室静立默哀，向抗击新冠肺炎疫情斗争牺牲烈士和逝世同胞表达深切哀悼。致敬！缅怀！（中央纪委国家监委）L央视新闻的微博视频,04/04
2003是什么样子的，2003年爆发了非典，但由于我处在一个没有爆发疫情的地区，所以更多的映象来源于电视和报纸的报道，小汤山和钟南山深深映入脑海，大概是五月左右疫情就结束了，所以对比今日，那会对人们的生产生活影响不是很大。2003年对于现在的年轻朋友来说，感觉是很古老的年代，毕竟是十七年前了，但是其实和现在的生活区别并不大，那会的网络生活已经很丰富了，比如看剧，金粉世家、大宅门、玉观音、大长今、天国的阶梯等等，看电影，黑客帝国、指环王3、无间道、假如爱有天意、加勒比海盗等等，歌曲就更加数不过来了，因为几乎每隔一两周，就要去更新mp3中的歌单了，就要去买新专辑了，无数成名歌手都是在那几年写出了现在都在传唱的金曲。2003年，那会是我初升高的时候，还是会偷偷去网吧，打cs玩传奇，那年中考，下了雨，闻着清新的泥土芳香考完试，居然还考的不错，和同学打了一通宵cs没睡觉第二天还继续去了游乐场，还第一次吃了女同学做的饭，真是肆意挥洒的青春，那个夏天，是记忆里最为明媚的夏天。,04/04
中国最白的云，马云中国最美的彩虹，韩红中国最帅的男人，军人中国最硬气的人，工人中国最耐劳的人，农民中国最可靠的山，钟南山中国最美的天使，白衣天使中国最❤️红的心，万众一心,04/04
后世记载，庚子鼠年，楚地大疫。为一国封一城。那一日，医甲钟南山，携雷火二神，率三十万白衣，入疫区，死守生死玄关，先锋大将李文亮战死，以身殉国。众白衣，死战不退，保我华夏。晚辈叩谢。,04/04
#钟南山在办公室静立默哀#如果不是这场疫情，我也许真的一辈子都不可能认识，叫做钟南山的这位老人，爷爷辛苦了。,04/04
中国最可靠的山，钟南山中国最美的彩虹，韩红。中国最美的天使，白衣天使中国最可爱的人，中国军人中国最硬气的人，工人中国最能吃苦耐劳的人，农民中国最最红的心，14亿中国人的万众一心,04/04
中国最可靠的山，钟南山中国最白的云，马云中国最美的彩虹，韩红。中国最美的天使，白衣天使中国最帅的男人，军人中国最硬气的人，工人中国最耐劳的人，农民中国最最红的心，万众一心,04/04
后世记载，己亥末年，庚子鼠年，荆楚大疫，染者数万计，众惶恐，举国防，皆闭户，然外狼亦动，垂涎而候。为一国封一城，万巷空寂，医者钟南山携雷火二神，镇守江南都，率三十万白衣入疫区死战不退，青丝白发皆身先士卒，为之勇战矣。幸龙魂不死，风雨而立。华夏举国之力救荆楚。医无私，警无畏，民齐心。政者，医者，兵者，扛鼎逆行勇战矣！商客，名家，百姓，仁义者，邻邦献物捐资！叹山川异域，风月同天，岂曰无衣，以子同裳！能者竭力，万民同心。于东湖樱花盛开之时，大胜！疫除。此后百年，国泰民安！,04/04
#钟南山呼吁公众无偿献血#终于迈出了第一步,04/05
【#钟南山呼吁公众继续保持距离#】本周，中国工程院院士钟南山通过世界卫生组织，给大家提醒：不管是在居家、公司或者是公共场所，保持一定的距离非常重要。当前不要参加集会，也不要聚餐。低风险不等于无风险。随着返工复工的进行和学生陆续复学，大众依然要高度注意个人卫生健康习惯。L世界卫生组织的微博视频,04/05
#学生时代的快乐有多纯粹##钟南山呼吁公众继续保持距离#放下浮躁放下不安把根扎进泥土里努力生长向上，向上⬆️,04/05
《全文实录｜独家专访钟南山：讲真话会有压力吗？》4月份的第一天，我们在广州专访了钟南山院士。国内，疫情高峰已经过去，社会生产运行逐渐恢复正常；而国外，新冠病毒在全球快速蔓延，累计确诊病例已经破百万。O网页链接,04/05
【钟南山：要想更快复工复学，就要继续保持距离】#钟南山呼吁公众继续保持距离#@世界卫生组织4月5日消息，低风险不等于无风险。随着返工复工的进行和学生将陆续复学，大众依然要高度注意个人卫生健康习惯。本周，中国工程院院士钟南山通过世界卫生组织，给大家提醒：不管是在居家、公司或者是公共场所，保持一定的距离非常重要。当前也不要参加集会，不要聚餐。O视频丨钟南山：要想更快复工复学，就要继续保持距离L世界卫生组织的微博视频,04/05
#健康#钟南山院士通过世界卫生组织向在屏幕中的你进行问候。他说：2019冠状病毒病疫情，经过了三个月的努力，是得到了一定程度的控制。所以我们国家是从高危险区域进入到低危险阶段。当然了，低危险不等于没有危险。那么这一条是大家特别值得注意的，在有些国家现在疫情还比较严重，我们要特别注意一个情况，也就是说外来输入进一步在我国产生更多的感染的问题。一旦发现有问题就及时地进行检查，确诊以后要很好的隔离。另外一个也要注意自己的防护，自己的保护。主要就是核心的一句话，意思就是说保持距离。那么一个是居家或者是你在工作的环境里头保持距离，不要参加群众的集会，不要聚餐，不要去公众比较多的地方，这个是最重要的一个预防措施。因为现在病毒的感染主要还是通过飞沫的感染，当然还有密切接触的感染。只要我们避免了这两条，我们就能够保持这个疾病不能够传染，不会传染给更多的人。就能够不会出现第二波甚至第三波。做到了群防群控的“四早”，我们国家就会能够继续保持我们的胜利的果实，使得我们更快的复工复学，能够在正常的环境下继续走下去的话，我们的抗疫一定会取得成功！]正如钟南山院士所强调的，社交场合保持一定的距离、不参加集会、不要聚餐是当前我们需要重视的。在互相问候时，应避免包括握手在内的身体接触；当互相问候或聊天时，互相之间保持一米距离。,04/05
【无症状感染者如何鉴别？钟南山：应该做双重检测】钟南山提出警示，现在不光要关心有症状的患者，还要密切关注无症状患者，他有可能发展为症状或症状很轻，但是能传染给别人，应该在隔离期间做双重检测。L小央视频的秒拍视频#山东1岁女婴确定为无症状感染者#,04/05
为什么要戴口罩保持距离？看了这个戴口罩和不戴口罩时的气流可视化视频你就知道了！L青年湖南的微博视频#钟南山呼吁公众继续保持距离#L青年湖南的微博视频,04/05
#红城寄语#【人民微评：敢医敢言钟南山】#钟南山呼吁公众继续保持距离#，言辞恳切，娓娓道来，深入浅出，入耳入心。这不是钟南山院士第一次提醒，别当耳旁风，最好的尊重是听从。“请离我远点”，是一种善意；“我离你远点”，是一种责任。非常时期，就该适当保持距离。距离产生美，也产生安全感。L世界卫生组织的微博视频,04/05
#就爱和你说晚安#“‘请离我远点’，是一种善意；‘我离你远点’，是一种责任。”疫情尚未结束，切勿掉以轻心#钟南山呼吁公众继续保持距离#,04/05
钟南山：欧美一些国家“封城”措施不奏效，因为不是真正封城南方都市报7小时前·南方都市报官方账号中国著名呼吸病学专家钟南山院士在接受专访时表示，欧美一些国家采取的“封城”措施并不奏效，因为它们并没有严格执行封城的具体措施，并非真正的封城。钟南山4月3日在接受中国国际电视台（CGTN）的英语节目专访时表示，封锁应该更深入、更严格，强调“社交距离”对阻止新冠病毒传播的重要性。钟南山补充说：“没有人能阻止、切断这种疾病的传播或感染。但我们可以尽最大努力抑制这种疾病的传播。所以，这就是中国的成功所在。”此前，钟南山曾详细解读“封城”：封城不是在城内撒欢儿，要严格遵守“社交距离”。封城不是目的，不是为了切断地区之间的联系。他表示，封城也不是关上城门后，一切万事大吉，在城里莺歌燕舞，而是要以社区为中心，一丝不苟地做到：不聚会、不聚餐、不聚集。“中国这么做，能出效果，原则上其他国家也可以做到。”钟南山说。编译/采写：南都记者史明磊,04/05
#钟南山呼吁公众继续保持距离#【钟南山：要想更快复工复学，就要继续保持距离】低风险不等于无风险。随着返工复工的进行和学生将陆续复学，大众依然要高度注意个人卫生健康习惯。本周，中国工程院院士钟南山通过世界卫生组织，给大家提醒：不管是在居家、公司或者是公共场所，保持一定的距离非常重要。当前也不要参加集会，不要聚餐。L世界卫生组织的微博视频#张文宏谈中医药抗疫#,04/05
水彩头像钟南山L洅見锂想的微博视频,04/05
#钟南山呼吁公众继续保持距离##四月你好#“请离我远点”，是一种善意；“我离你远点”，是一种责任。非常时期，就该适当保持距离。距离产生美，也产生安全感。L世界卫生组织的微博视频,04/05
钟南山呼吁公众继续保持距离低风险不等于无风险！_兵马俑在线O网页链接,04/05
#广州身边事#【评论】钟南山挂号费1200元，其实并不贵，比明星出场费低多了......O【评论】钟南山挂号费1200元，其实并不贵，比明星出场费低多了......,04/06
我在看：【钟南山：新冠病毒不会像流感经常性爆发】#跟新浪看热点#O钟南山：新冠病毒不会像流感经常性爆发,04/06
我在看：【钟南山：6月份结束疫情是可以期待的】#跟新浪看热点#O钟南山：6月份结束疫情是可以期待的,04/06
【健康广东】清明小长假，安徽黄山景区人挤人登上热搜为此，黄山风景区启动应急预案，将采取以下措施：同是旅【关注】游客超6万！继黄山后，又一景区被挤爆！钟南山发出重要提醒O网页链接,04/06
#钟南山判断国内不会有第二波疫情暴发##钟南山表示无症状感染者不会引起大暴发#善哉善哉O国内不会有第二波疫情暴发，是不是意味着疫情很快就会结束呢？,04/06
#广州三元里#说句不好听的，如果疫苗一直研制不出来的话，我们会长期甚至一直处于一种被动的群体免疫状态，除非闭关锁国，一直耗下去过着伤财劳力的日子，但是不现实啊，其他国家不配合先完成了群体免疫怎么办？我们就这样一直封锁入境么？现在就是一团糟各种矛盾，就像钟南山担心的一样，希望疫苗快点出来吧,04/06
钟南山告诉大家，你想拥有健康，是需要投资的！你今天对健康一毛不拔🌊，明天医院拔你一毛不剩🐔，健康是您的，毕竟你珍惜才会真的拥有[爱心]L水蛭素活体提取技术的微博视频,04/06
【高鐵乘客摘口罩吃東西惹不滿？警方：長途旅行需補充能量，高鐵像地鐵般禁食不現實】4月4日，G7060次列車行至上海到蘇州區間時，兩名年輕女乘客因摘下口罩吃東西，引起另一名男乘客不滿，他要求二人立刻戴上口罩，隨後雙方發生言語和肢體衝突。乘警到場調解，雙方均認為自己沒有錯，乘警隨後交接給池州站派出所處理。鐵路警方表示，長途旅行需補充能量水分，高鐵像地鐵那樣禁食不現實。疫情期間餐車暫不開放，旅客須在自己座位上就餐，建議錯峰吃飯。對此，你怎麼看？（視頻來源：荔直播）#世卫组织称中国进入缓疫阶段##全球抗疫第一线##广东四个区疫情风险升级##钟南山称想更快复工复学要继续保持距离##关注新冠肺炎##口罩还要戴多久##外国人不戴口罩在公园扎堆聚餐##口罩戴与不戴的气流差异##女孩高铁摘口罩吃东西遭骂#@香港中通社L香港中通社的微博视频,04/06
分享：专访钟南山：讲真话会有压力吗？（全文实录）-香港商報O网页链接,04/06
iShow分分钟讲述“钟南山临危受命抗击非典”@手机浏览器OiShow分分钟讲述“钟南山临危受命抗击非典”,04/06
【难度相当于闭眼穿针！江苏医疗队完成#武汉首例重症患者食管支架置入术#】武汉61岁李女士是新冠肺炎重症患者并出现食管气管瘘。3月23日，江苏医疗队接手该患者后多方会诊讨论，并与钟南山院士专家团队共同讨论最终形成手术方案，其难度相当于闭眼穿针。手术中仅用时3分钟，食管支架被准确置入。目前患者生命体征平稳。L荔直播的秒拍视频,04/06
可能他们觉得只有饿死的音乐剧演员才是好的音乐剧演员。可他们不知道艺术家也需要吃饭。就像钟南山院士儿子系个爱马仕都不行，非觉得全家挨饿的钟南山才是好的院士。网络正义侠给爷搞吐了,04/06
#新浪看点#钟南山：警惕，不要聚餐，保持距离很重要！O钟南山：警惕，不要聚餐，保持距离很重要！,04/06
我在看：【陈道明，敢于批评不怕得罪冯小刚，技高一筹将演钟南山】#跟新浪看热点#O陈道明，敢于批评不怕得罪冯小刚，技高一筹将演钟南山,04/06
唉国难当头国之脊梁钟南山院士-男人-人物-土豆1417-CG模型网O网页链接,04/06
【钟南山寄语中小学生：心中要有个“大我”】日前，钟南山寄语中小学生。他说，有国才有家，有大集体才有小集体。同学们要好好学习，立下一个志，将来成为一个对社会有贡献的人。疫情还没过去，大家时时记住，我们每个人心中除了有一个“小我”，还应该有个“大我”。只有大家做出了奉献，我们自己才能保得平安。L人民日报的微博视频#武汉解封遇上超级月亮#,04/07
发布了头条文章：《钟南山院士提倡要好好吃早餐，我早起给孩子做一桌，花钱少营养高》O钟南山院士提倡要好好吃早餐，我早起给孩子做一桌，花钱少营养高,04/07
中国工程院院士钟南山5日通过世界卫生组织向社会提醒：不管是在居家、公司或者是公共场所，保持一定的距离非常重要。当前也不要参加集会，不要聚餐。O网页链接,04/07
钟南山、李兰娟、袁隆平、屠呦呦......那年他们风华正茂，如今他们国之栋梁。我们的国家，正因为有很多这样的“少年”而改变！致敬所有防疫抗疫事业的贡献者！L军事博主的微博视频,04/07
我在看：【景区又现人从众！钟南山这个提醒要听】#跟新浪看热点#O景区又现人从众！钟南山这个提醒要听,04/07
【#禁毒#：别让“我以为”变成“我后悔”】生命只有一次，少年更应该珍惜，别让“我以为”变成“我后悔”。无毒青春，健康生活！L中国禁毒在线的微博视频,04/07
钟南山院士寄语学子：心怀“大我”做对社会有贡献的人O钟南山院士寄语学子：心怀“大我”做对社会有贡献的人,04/07
#武汉解封遇上超级月亮#中国最可靠的山，钟南山中国最白的云，马云中国最美的彩虹，韩红中国最美的天使，白衣天使中国最帅的男人，军人中国最硬气的人，工人中国最耐劳的人，农民中国最最红的心，万众一心,04/07
信息量很大！钟南山8个最新判断O网页链接,04/07
#袁隆平称中国不会出现粮荒#致敬！中国的三味真火，钱学森怕我们挨打袁隆平怕我们饿着钟南山怕我们生病哈哈，真谛👍🏻,04/07
【#钟南山寄语中小学生#：心中要有个“大我”】日前，钟南山寄语全国中小学生。他说，有国才有家，有大集体才有小集体。同学们要好好学习，立下一个志，将来成为一个对社会有贡献的人。疫情还没过去，大家时时记住，我们每个人心中除了有一个“小我”，还应该有个“大我”。只有大家做出了奉献，我们自己才能保得平安。L人民日报的微博视频,04/07
钟南山院士寄语学子：心怀“大我”做对社会有贡献的人O钟南山院士寄语学子：心怀“大我”做对社会有贡献的人,04/07
【#钟南山清明3天假期一直在工作#：医生看的不是病，而是病人】84岁的钟南山院士，清明节期间一直在办公室工作。接受采访时，他说：#医生看的不是病而是病人#。不要更多地感染，减少死亡，作为医生，还有什么比这个更重要？“中国的医务人员，从来都是白衣天使，没有变过”。致敬，守护生命的他们↓（中央纪委国家监委）L人民日报的微博视频,04/07
#家有两老，就是两宝#两位老人的合影，感动了中国！一位90岁，一位84岁。袁隆平与钟南山二位老人，两大国宝，中国之幸：一位保粮仓，一位保健康!,04/07
【#钟南山清明3天假期一直在工作#：医生看的不是病，而是病人】84岁的钟南山院士，清明节期间一直在办公室工作。接受采访时，他说：#医生看的不是病而是病人#。不要更多地感染，减少死亡，作为医生，还有什么比这个更重要？“中国的医务人员，从来都是白衣天使，没有变过”。致敬，守护生命的他们↓（中央纪委国家监委）L人民日报的微博视频,04/07
#八闽青心共战疫#⚡⚡4月8日武汉重启，万物复苏76个日日夜夜，我们共同坚守但请记住钟南山院士的寄语:疫情还没过去，大家时时记住，我们每个人心中除了有一个“小我”，还应该有个“大我”。只有大家做出了奉献，我们自己才能保得平安。@福建省学联,04/08
中期抑郁症案例养生茶饮#钟南山说医生看的不是病而是病人#同中医超话中的同仁们一起交流。舌质：淡白；形：有齿痕、微裂痕。苔质：湿滑、薄厚腻；苔色：白。（如图）临床意义阳虚水泛，心肾阳虚，肝郁脾虚。,04/08
#书籍中令你惊艳的人名#仓央嘉措！！还有钟南山！！！！,04/08
听钟南山爷爷的话，健康身体，从每天两杯牛奶🥛开始！#钟南山每天两杯奶#,04/08
《纪录片《钟南山》，独特视角下的国士担当》此视频已有615次播放，快来一起看看！O网页链接,04/08
钟南山夸过的从化玫瑰柑,04/08
【钟南山寄语中小学生：心中要有个“大我”】我们每个人都不会忘记，在过去3个月里经历的非常不平凡的日子。疫情还未过去，大家时时记住，我们每一个人心中除了有一个“小我”，还应该有个“大我”。在危难时刻、在非常时刻，“大我”是最重要的。@人民网L人民网的微博视频,04/08
【#钟南山录视频为高三学子加油#】4月7日，福建省高三学生开始复课。身为福建厦门人的钟南山，录制视频为家乡高考生们加油鼓劲，同时提醒同学们做好防护↓网友：有了钟爷爷的祝福，更要加油哦~L央视新闻的微博视频@央视新闻,04/08
黄秋生为何公然诋毁钟南山院士？看完这篇你就知道了O黄秋生为何公然诋毁钟南山院士？看完这篇你就知道了,04/08
尤记那晚得知钟南山院士来武汉的消息之后，辗转难眠一晚上没睡，第二天一大早清好东西，跟老公说：好好照顾自己。之后就急匆匆的到爸爸妈妈家，看着他们，照顾他们。之后老公也偶有抱怨：发生疫情，你就抛弃我，走了。这八十天，他一个人在家，也真的挺难为他了，没有人说话，什么都靠自己。今天回自己家了，感觉这边比爸爸妈妈那边热闹一点点，昨天跟老公视频，家里很乱，我非常生气，今天一到家，发现他已经做了清洁，心情就好一点了，今天还是在家做了一下午清洁。在同城里看到汉口火车站好多人，我就诧异的说：怎么这么多人赶着出武汉呢？完全没必要啊！出去可能还会招人嫌弃，不管在哪，做好防护啊！老公又说：还不是和你一样，急着赶回家的。是啊！“回家”多美好的词啊！回家的感觉是期待，兴奋的。我有几个同学，在外省有自己的事业，房子，他们不回去外省，该怎么办呢！我也有一些熟人，他们一直是外省人在武汉做生意的，年前回去被隔离，疫情过后也马上回武汉了，看着他们开门大吉了，希望我们都一切安好！最后，对比那些被困在武汉的外地人，我觉得自己还是挺幸福的，穿得温，吃得饱，睡得暖，有存粮，有存款，有工资，有家人。所以惜福吧！人的欲望就像个无底洞，珍惜眼前的福气，知足常乐。,04/08
【#钟南山录视频为高三学子加油#】4月7日，福建省高三学生开始复课。身为福建厦门人的钟南山，录制视频为家乡高考生们加油鼓劲，同时提醒同学们做好防护↓网友：有了钟爷爷的祝福，更要加油哦~by央视新闻L央视新闻的微博视频,04/08
【#钟南山录视频为高三学子加油#】4月7日，福建省高三学生开始复课。身为福建厦门人的钟南山，录制视频为家乡高考生们加油鼓劲，同时提醒同学们做好防护↓网友：有了钟爷爷的祝福，更要加油哦~@央视新闻视频来源：央视新闻的微博视频L徽州反邪教的微博视频,04/08
#钟南山强调目前不要出行##新型肺炎疫情可能元宵节前好转#天天出门！坚守在首都抗疫第一线！为我们加油！O近期你出门了吗?每天都是怎么过的？,04/08
我在看：【钟南山：6月份结束疫情是可以期待的】#跟新浪看热点#O钟南山：6月份结束疫情是可以期待的,04/08
就因为妈妈看到钟南山说喝牛奶好的视频赶紧给我拿了一瓶我已经都在床上了..,04/08
【国士无双！#纪录片钟南山完整版#】出生于全面抗战之前，奔波于抗疫一线，钟老的人生始终与家国命运相连。这个纪录片无法涵盖钟老的全部，但仍带给我们足够震撼与启发。是医者也是学者，是院士也是国士，心中永远澎湃着爱国之情，所有努力都为捍卫生命，这就是钟老可敬可爱之处。L广东卫视的微博视频,04/09
#恋词云打卡#第十一天7000词第七单元。完小林子每日长难句。第十天完5500词二刷至第十五单元@朱伟老师貌似是广州电视台出了钟南山的纪录片，看得人热情澎湃，又有了学习动力！！！,04/09
致敬辛苦了！#三诺小报#钟南山【国士无双！#纪录片钟南山完整版#】“我想来想去，只不过还是个医生。”@广东卫视纪录片《钟南山》，珍贵影像揭秘，告诉你一位完整、真实的钟南山。戳视频↓L广东卫视的微博视频,04/09
【国士无双！#纪录片钟南山完整版#】“我想来想去，只不过还是个医生。”@广东卫视纪录片《钟南山》，珍贵影像揭秘，告诉你一位完整、真实的钟南山。戳视频↓L广东卫视的微博视频,04/09
#钟南山说希望国庆80周年再给大家讲讲话#您一定可以的，好感动！！！,04/09
【国士无双！#纪录片钟南山完整版#】“我想来想去，只不过还是个医生。”@广东卫视 纪录片《钟南山》，珍贵影像揭秘，告诉你一位完整、真实的钟南山。戳视频↓L广东卫视的微博视频,04/09
【#纪录片钟南山#钟南山：我才不是“耄耋老人”】#钟南山不承认自己是耄耋老人#在钟南山83岁生日会上，有人送他一副大字，他幽默回应：“这两个字，我不太承认。耄耋，我还没老成这样吧。“钟南山说希望国庆80周年再给大家讲讲话。珍贵影像揭秘，@广东卫视纪录片《钟南山》完整版，告诉你一位完整、真实的钟南山。L广东卫视的微博视频,04/09
【国士无双！#纪录片钟南山完整版#】“我想来想去，只不过还是个医生。”@广东卫视纪录片《钟南山》，珍贵影像揭秘，告诉你一位完整、真实的钟南山。戳视频↓L广东卫视的微博视频,04/09
《黄秋生骂钟南山，小编将其扒皮后惨遭围攻，背后都是什么操作？》O黄秋生骂钟南山，小编将其扒皮后惨遭围攻，背后都是什么操作？,04/09
六十六、&nbsp;每一个不懂愛旳人，都会遇到一个懂爱的人。然后经历一场撕心裂肺旳爱情，然后分开。后来不懂爱的人慢慢懂了。懂爱旳人，却不敢再爱了。#钟南山院士公布研究最新成果#,04/09
#纪录片钟南山#@广东卫视纪录片《钟南山》完整版，告诉你一位完整、真实的钟南山。感恩！致敬！L广东卫视的微博视频,04/09
【#钟南山说希望国庆80周年再给大家讲讲话#】近日，有媒体公布了钟南山去年在83岁生日会上的一段视频。视频中，钟南山说，“2019年是国庆70周年。希望国庆80周年的时候，能再给大家讲讲话。希望那时不要被抬着上来，现在为止自我感觉还可以。”看视频↓L央视新闻的微博视频,04/09
纪录片《钟南山》L广东卫视的微博视频,04/09
【#钟南山为第一个援武汉的广东医生点赞#】1月23日，武汉“封城”，作为医生的他从广东逆行武汉。4月8日，武汉“解封”，他抗疫归来。他就是桑岭，第一个驰援武汉的广东医生。作为钟南山院士的学生，他曾说，“我是组长，负责带领整个团队参与战疫，我不上谁上？”在武汉最艰难的时刻，桑岭带领团队共诊治最危重的新冠肺炎患者近70例。其间，钟南山院士连连点赞：“桑岭医生是我们ICU团队里非常优秀的年轻医生，他的工作非常出色！”转发，为他点个赞！O钟南山点赞！,04/09
《警惕！疫情释放“危险信号”，钟南山担心的事情发生了》此视频已有26万次播放，快来一起看看！O网页链接,04/09
钟南山对中医药提出苛刻条件“要做动物实验”为哪般？揭开钟南山。据说孩子有128家公司，广州坐诊挂号1200起步       中国中医联盟会       武汉自疫情暴发，由于身为专家组组长钟南山对中医的极力打压，直至2月12日，湖北省红头文件不得不承认中医药介入率只有30%（事实上更低）。湖北省三天后，于2月14日才安排一场中医发布会，请中医专家们紧急救场！当时邀请了张伯礼院士、黄路琦院士、广东省中医院副院长张忠德三位专家。然而，四天后又遭到钟南山的压制，延误中医抗疫治疗一个多月之久！       可恶的是，2月18日钟南山院士在广东省疫情发布会上对中医药在新冠病毒疫情中的使用提出了苛刻条件：“要做动物实验，要证明可以减少病毒细胞”。一时间成为舆论焦点，引起中医界和人民群众的强烈不满！       钟南山用西医的理念，提出中医“要做动物实验”，来限制中医药在抗击新冠病毒疫情中的抢救治疗，置患者死生而不顾，钟南山还有点良心吗？       请问钟南山，难道中国人吃了几千年的中药，还要用动物做实验？中国人比动物还不如吗？       请问钟南山，哪一味中药中国人没有实验和使用过？几千年开始就有神农尝百草，难道钟南山不知道？       请问钟南山，中医中药哪一个验方和湯济中国人没有吃过喝过？为什么还要动物来实验？       听说钟南山的女儿感染病毒也是吃中医救的命，钟南山怎么就不先让动物试验吃？等动物吃了有效后再给宝贝女儿吃呢？       更可恶的是，钟南山极力推举美国的试验新药瑞得西韦，仅仅中医与西医分两组试验，西医试验新药一组就死了100多人！而中医这组无一人死亡！       现在美国成了全世界第一新冠病毒大国，瑞得西韦屁用都没有，唯独钟南山将中国人当成了试验瑞得西韦的小白鼠，谁之罪过？！       钟南山为什么对待中医和西医两种标准？打压中医“要做动物实验”；而吹捧西医可以直接用中国人来做实验！钟南山简直丧尽天良！       事实上，自2003年抗击非典到这次抗击新冠病毒疫情的胜利，中医药发挥了很好的疗效，据官方报道中医药疗效达90%以上！，但中医药一直被打压和埋没。却让极力打压中医的钟南山出尽了风头，霸屏、霸版、霸网络，被主流媒体所吹捧，到了令人厌恶的地步。       其实质上，钟南山已经成为了高价西医药资本势力的代言人，成了代言血腥资本的”英雄”。       中国中医联盟会       2020年4月6日,04/10
想到:说爱宝给钟南山颁奖是在蹭钟南山热度的人和骂钟南山挂号费1200炒作的人在逻辑上是同一批人真是网络杠精时代的爱与恨,04/10
禁播黄秋生作品：公然诋毁钟南山院士，和港独混在一起O禁播黄秋生作品：公然诋毁钟南山院士，和港独混在一起,04/10
邀请码【2530346】，纪录片《钟南山》，独特视角下的国士担当O应用宝官网,04/10
#钟南山挂号费1200元#和巴菲特吃顿饭多少钱,04/10
钟南山院士和小孙子的对话，平凡的对话和不平凡的钟南山！#沙雕搞笑段子##搞笑视频#L沙雕搞笑段子的微博视频,04/10
自从新冠肺炎疫情以来，钟南山院士多次正声，鞠躬尽瘁，显示了一名国士的担当和专业，但来自身边姐姐的口述，更让我心灵有了颤动，这已经不能用印象深刻来形容。姐姐说，还在她求学的时候，身边有这样一位男孩，因为天生肺功能有缺陷，整个人都很孤僻，他不喜结交朋友，很自卑，更不打算结婚生子，许是自觉活不长久，之前多年的人生岁月都是灰色的，但后来他找到了钟院士，再后来在他的治疗下奇迹般的好了，现在家庭圆满，健康的孩子也很大了，姐姐说，当时也是读书的年纪，对于医生专业什么的不甚了解，但是很惊讶于这样一位所谓的先天无望病患居然好了，加之钟院士的名字有“南山”二字，很特别，此事便一直留在了记忆深处，如今，多年过去，疫情危难时刻，钟院士再出现在大众面前，真是感慨万千。医者仁心，妙手回春，钟院士一家都秉持了对科学严谨和不懈追求的精神，这样的名门望族，如此低调纯粹，几十年如一日对专业和真相的坚持…真是有太多太多优秀的品质值得吾辈去学习了！！！愿自己也能将学习贯彻终生，将它当做一辈子最值得做的事去坚守…,04/10
钟南山院士和小孙子的对话，平凡的对话和不平凡的钟南山！  #走心视频#L最新奇的视频的微博视频,04/10
"我分享了【纪录片《钟南山》完整正片首发！我才不是“耄耋老人”！】,快来看吧！|O网页链接",04/10
【国士无双！#纪录片钟南山完整版#】“我想来想去，只不过还是个医生。”@广东卫视纪录片《钟南山》，珍贵影像揭秘，告诉你一位完整、真实的钟南山。戳视频↓@人民日报L广东卫视的微博视频,04/10
负重前行当病毒爬出坟墓，嗜血的獠牙撕碎贪婪的人性，开始掠寨攻城病床上跳动的心脏在深深的叹息里泣不成声无数天使，逆风而行昼与夜，生与死收复失地，决战江城没有硝烟，和一场雪一起融化既狭路相逢，就涅槃重生钟南山，火神山，雷神山演绎着一场感天动地的众志成城救死扶伤，是你的使命断臂求生，不是你的宿命当你选择慷慨赴死所有的诗行，都败给负重前行你就是一盏灯在众生的灵魂深处灯火通明,04/10
【張文宏教授：武漢或成中國最安全城市，城中許多人可能已有免疫力！】從流行病學的角度，上海復旦大學附屬華山醫院感染科主任張文宏教授提出：武漢也許會成為中國最安全的城市，城中的許多人可能已經具有免疫力。不過他強調，這還只是一個推斷，相關的研究正在進行中。（視頻來源：CGTN）#全球抗疫第一线##英国疫情##武汉离汉通道解封##张文宏称疫情今夏结束基本已不可能##李兰娟谈群体免疫##钟南山说希望国庆80周年再给大家讲讲话##张文宏称武汉解封后或成中国最安全城市##中国抗疫图卷#L香港中通社的微博视频,04/10
84岁钟南山再战防疫最前线这两张照片让人肃然起敬！O84岁钟南山再战防疫最前线这两张照片让人肃然起敬！,04/10
国士无双！纪录片《钟南山》完整版发布，先睹为快O国士无双！纪录片《钟南山》完整版发布，先睹为快,04/10
#钟南山称群体免疫行不通#英国人厉害，肯定能做到群体免疫！对此他们不是一直都信心满满嘛。,04/10
钟南山说，武汉是一座英雄的城市⚔如果不是因为疫情💉谁更不会记住它的美丽呢🌟L馮_金_娜的微博视频,04/11
#虞书欣第一#这人是？初老的标志——看微博热搜前10，除了钟南山，其他都不认识,04/11
【物业不戴口罩骂人威胁弄死人弄死狗把租户赶出去】昨天和今天都带狗在花园旁遛狗，狗在泥土上尿但没有进去，今天别人遛狗都进里面了他也没管，就说只看见我们了。昨天此人就威胁要弄死我们，把我们赶出去，今天加上了日期，这月底赶我们走。物业真的有权利赶租户走吗？昨天还抬手要打我们，得亏被我妈拦住。今天更是天不怕地不怕直接说弄死狗，让我们滚出去。每天不戴口罩在小区里溜达骂人，物业也不管，昨天投诉还骂我们泼妇，各种针对我们娘俩。我妈已经被气出心脏病，不知道以后怎么在这个小区里面住下去。#钟南山称新冠肺炎可能长期存在##不戴口罩##物业打人##物业管理##北京租房##北京身边事#O网页链接,04/11
#湖南身边事#【警营vlog|一件光荣的“小事儿”！大家都来做吧】4月10日，根据市公安局的统一安排，赫山公安分局组织来自全局科所室队的83名民警、辅警、文员参加了无偿献血活动，共捐献各类型鲜血约33000余毫升。#钟南山谈何时可以动#坚决要听，公益也要做，献出一份血，传递一份爱，温暖每颗心，期待您加入到光荣的无偿献血队伍中来！#赫山警方vlog#L赫山公安分局的微博视频,04/11
#晚间分享#听钟南山演唱《我的祖国》，晚安L广东共青团的微博视频#中国军队向俄军分享防疫经验#,04/11
钟南山院士寄语学子：心怀“大我”做对社会有贡献的人O钟南山院士寄语学子：心怀“大我”做对社会有贡献的人,04/11
钟南山担心的事情发生了！新冠病毒演变出两种亚型，传染性更强O钟南山担心的事情发生了！新冠病毒演变出两种亚型，传染性更强,04/11
4月5日，尼日利亚医学协会谴责政府邀请中国医疗队，他们认为，这种做法是对当地医护人员的侮辱，严重打击了他们的士气。4月8日，尼日利亚反对党发表声明称，中国的医疗队来了以后，如果尼日利亚的感染率和死亡率上升，布哈里要负责任。9日，尼日利亚政府决定，不让中国医疗队接触病人，只让他们分享经验和提供建议。#太快解除限制或致疫情致命反弹##特朗普称死亡人数将低于10万##钟南山称群体免疫行不通#,04/11
#现在仍未到放松的时候#钟南山老师，张文宏老师都在说现在还不到放松的时候可是呢？？？越来越多的人不听建议，五一假期不知道又会有多少人外出旅游我不知道对于他们，是及时享乐重要还是生命重要至少对于我，生命重要。绝对不会在这种关键时期出去旅游,04/11
#消防云课堂#【开学复课，聚焦校园消防安全！】随着疫情逐渐向好，学校终于要开学啦，但校园消防安全不能掉以轻心！开学复课，学校消防安全应该做哪些准备工作？戳视频了解~~@邯郸消防#钟南山回应何时开学#L邯郸消防的微博视频,04/11
钟南山院士：新冠病毒可能会比较长期传播O钟南山院士：新冠病毒可能会比较长期传播,04/11
【预告：#人民日报专访钟南山#】#现在可以摘口罩了吗#？无症状感染者有传染性吗？全球疫情的拐点会在何时到来？@人民日报专访中国工程院院士、呼吸病学专家钟南山，他将就这些问题给出怎么样的答案？O明早9点30，一起关注！,04/11
【国士无双！#纪录片钟南山完整版#】“我想来想去，只不过还是个医生。”@广东卫视 纪录片《钟南山》，珍贵影像揭秘，告诉你一位完整、真实的钟南山。戳视频↓L广东卫视的微博视频,04/11
#粤姐姐话你知#【预告：人民日报专访钟南山，你关心的问题，记得来听听回答】现在可以摘口罩了吗？无症状感染者有传染性吗？全球疫情的拐点会在何时到来？人民日报专访中国工程院院士、呼吸病学专家钟南山，他将就这些问题给出怎么样的答案？O明早9点30，一起关注！#南粤女声#,04/11
#纪录片钟南山##纪录片钟南山完整版#感动是肯定的，其实更多的是敬仰！钟老已经84岁高龄仍舍身忘我的投入一线，这都是需要极大勇气的！O纪录片《钟南山》发布完整版，你被感动了吗?,04/11
#武汉卫健委答复无症状感染者有关问题#一、3月23日—4月10日，武汉新增无症状感染者共447人。其中，有1例本地感染者转为确诊病例，临床分型为普通型，目前正在医疗机构隔离治疗，病情稳定。该病例已于4月3日向社会公布。二、3月23日—4月10日报告的无症状感染者中，搜索发现密切接触者1291人，目前未发现续发无症状感染者或病例。三、据武汉市核酸检测平台统计数据，3月29日—4月10日，共筛查复工复产者143056人，其中核酸检测阳性者113人，检测阳性率0.08%（从3月29日开始我市核酸检测平台对复工复产人员核酸筛查结果进行专项统计）。四、广大市民朋友而言，要加强自我保护和健康文明意识，强化环境卫生及个人防护，养成勤洗手、戴口罩、常通风消毒、分餐制、保持安全社交距离（1-2米）的好习惯，这对疫情防控有较大的帮助。同时根据疫情防控实际情况，会定期公布无症状感染者相关数据。（武汉市卫健委）#南阳对8日起武汉返回人员集中隔离#钟南山：还是要复工复产复课，坚持往前走。这个过程中出现几个感染，马上隔离，就不会继续传播、不会暴发。我们往前走，把感染的可能性及它出现的几率降到最低！要做好防控，防控的关键还是自己。#钟南山指出复工复产后有个别感染不奇怪#L央视新闻的微博视频,04/12
【钟南山：对入境人员采取核酸检测和14天隔离“全覆盖”非常必要】为防控境外疫情输入，广州等城市正在采取入境必检测和14天集中隔离等严格的防控措施，担当起“守国门”的重任。对此，钟南山院士4月12日下午参加广州市疫情防控新闻发布会时表示，广州3月27日后采用入境核酸检测全覆盖措施，实际上是升级了。中国从2月底3月初，病例开始下降，基本上属于控制状态。国外完全不一样，欧洲人数一直在增加，从意大利、西班牙，后来是法国、德国、英国，一直到今天早上为止，还在高处徘徊。是否到平台期还不好说。在美国的状况就更差一些。还有一个情况就是在非洲，还有印度等人口大国，有多少得病、多少死亡，不是很清楚。因为没有做检测，从输入病例看，确实非洲、印度已经发生疫情，这个非常肯定。外来疫情上升，病例不断增加，处于爬坡阶段，中国处于基本控制阶段，这样的反差一定会有外来感染，如果根本没有我反而觉得奇怪。因此假如不采取输入全覆盖核酸检测，很难防止疫情扩散。中国采取全覆盖核酸检测以及隔离两周全覆盖，我认为这是对的。现在全世界都是这样，不应该有所区别。文/广州日报全媒体记者方晴翁淑娴申卉黄蓉芳视频/广州日报全媒体记者王燕苏韵桦骆昌威视频剪辑：黎慧莹O网页链接L广州日报的微博视频,04/12
#钟南山称复工复产不能因个别感染走回头路#生活还是要继续，做好个人防护,04/12
#主播说联播#【#天热也别摘口罩再坚持下#】郭志坚：气温越来越高，不少人口罩戴疲了想摘下来。钟南山院士已经说了，现在还不是摘口罩的时候！当下，疫情防控已经常态化。和病毒鏖战是一场持久战，要能战善战还得能熬，你打起精神坚持下去，病毒就会“疲劳”，这样才能真正过关！@央视新闻L央视新闻的微博视频,04/12
#钟南山称还不是摘口罩的时候#教大家如何正确洗手疫情期间，大家尽量少出门，出门戴口罩😷，回家勤洗手，防疫从我做起，中国加油💪#新冠疫情下的朝鲜现状#viaL超级农糖x的微博视频,04/12
#主播说联播#【#天热也别摘口罩再坚持下#】郭志坚：气温越来越高，不少人口罩戴疲了想摘下来。钟南山院士已经说了，现在还不是摘口罩的时候！当下，疫情防控已经常态化。和病毒鏖战是一场持久战，要能战善战还得能熬，你打起精神坚持下去，病毒就会“疲劳”，这样才能真正过关！L央视新闻的微博视频,04/12
//分享网易新闻:《晨跑好还是夜跑好？曾心肌梗死的钟南山说出了答案，你看可取吗？》O晨跑好还是夜跑好？曾心肌梗死的钟南山说出了答案，你看可取吗？@网易新闻客户端#网易新闻#,04/12
#腾讯新闻#钟南山：境外输入造成中国疫情二次暴发可能性小O网页链接L钟南山：境外输入造成中国疫情二次暴发可能性小来自@腾讯新闻,04/12
钟南山关于疫情的12个最新判断，信息量很大！O钟南山关于疫情的12个最新判断，信息量很大！,04/12
袁隆平院士钟南山院士国士无双！赞！>>O网页链接袁隆平院士钟南山院士国士无双！赞！,04/12
我上传了一个视频✿钟南山院士这个提醒很重要！现在还不是摘口罩的时候！O网页链接,04/12
#世界晚安#【#70年后钟南山又戴起了红领巾#】“广州1949年解放，1950年就组建少先队。那个时候我才十三四岁，《少先队员之歌》我现在都还记得。”4月10日，钟南山院士勉励少先队员们，相信科学、勤奋学习，将来报效祖国和人民。70年弹指一挥间，中华大地花开雾散，国泰民安。@广东共青团L共青团中央的微博视频,04/12
【70年后，钟南山又戴起了红领巾】“广州1949年解放，1950年就组建少先队。那个时候我才十三四岁，《少先队员之歌》我现在都还记得。”4月10日，钟南山院士勉励少先队员们，相信科学、勤奋学习，将来报效祖国和人民。70年弹指一挥间，中华大地花开雾散，国泰民安。@共青团中央L共青团中央的微博视频,04/12
【#天热也别摘口罩再坚持下#】郭志坚：气温越来越高，不少人口罩戴疲了想摘下来。钟南山院士已经说了，现在还不是摘口罩的时候！当下，疫情防控已经常态化。和病毒鏖战是一场持久战，要能战善战还得能熬，你打起精神坚持下去，病毒就会“疲劳”，这样才能真正过关！L央视新闻的微博视频,04/12
『现在可以摘口罩了吗？听听钟南山张文宏怎么说！』O现在可以摘口罩了吗？听听钟南山张文宏怎么说！,04/12
来自钟南山院士的5个未接电话O网页链接,04/13
『钟南山：广州并未出现疫情反弹_第A03版：时局·政情_2020-04-13_南方日报数字报_南方网』O钟南山：广州并未出现疫情反弹,04/13
【防控新型冠状病毒】钟南山：广州未出现疫情反弹，中国最成功的是把群防群控做到了社区O【防控新型冠状病毒】钟南山：广州未出现疫情反弹，中国最成功的是把群防群控做到了社区,04/13
不管对这个世界有再大的不满和戾气，也不能成为我成为一个负能量爆棚的人的理由。钟南山院士说过，人的健康，心态占一半。不管怎么样，我得充满正能量要微笑着自信的努力的为世界上别的女孩出一份力，去改变世界，而不是讨厌世界。晚安！,04/13
落实落细防控措施扎实做好复学教学工作#钟南山回应何时开学##花样宅家挑战#L搞笑绮的微博视频,04/13
落实落细防控措施扎实做好复学教学工作#钟南山回应何时开学##花样宅家挑战#L搞笑菘的微博视频,04/13
『钟南山：广州并未出现疫情反弹_第A03版：时局·政情_2020-04-13_南方日报数字报_南方网』O钟南山：广州并未出现疫情反弹,04/13
钟南山的“天价”挂号费曝光，网友大呼：太贵了，看不起！O网页链接,04/13
『钟南山：广州并未出现疫情反弹_第A03版：时局·政情_2020-04-13_南方日报数字报_南方网』O钟南山：广州并未出现疫情反弹,04/13
钟南山关于疫情的12个最新判断，信息量很大！O网页链接,04/13
你的时髦理论像十条永不过时QQ签名一样抄来抄去，我爱看钟南山一语道破的长寿秘诀。事已至此，谁还不是简中网民呢。,04/13
『钟南山：广州并未出现疫情反弹_第A03版：时局·政情_2020-04-13_南方日报数字报_南方网』O钟南山：广州并未出现疫情反弹,04/13
【防控新型冠状病毒】钟南山：广州未出现疫情反弹，中国最成功的是把群防群控做到了社区O【防控新型冠状病毒】钟南山：广州未出现疫情反弹，中国最成功的是把群防群控做到了社区,04/13
【防控新型冠状病毒】钟南山：广州未出现疫情反弹，中国最成功的是把群防群控做到了社区O【防控新型冠状病毒】钟南山：广州未出现疫情反弹，中国最成功的是把群防群控做到了社区,04/13
二三里丨关于开学，钟南山说这两点非常重要！O网页链接,04/13
钟南山：做好防控不会再出现疫情暴发，局部少量感染不可避免4月14日，腾讯医典联合“南山呼吸”，邀请国家卫健委高级别专家组组长、中国工程院院士、国家呼吸系统疾病临床医学研究中心主任钟南山解答新冠肺炎疫情相关问题。主持人提问，随着国内疫情相对稳定，但随着输入性病例持续存在，对我们会有什么潜在性的危险？复工复产的情况下，输入性病例会让国内疫情严重化吗？钟南山表示，经过前一阶段将近三个月的积极防控，我们国家采取非常强力的抑制政策，现在国内传播基本没有或者很少。中国处于联防联控的情势下，自己产生新的病人以及传播降到最低，现在的问题是在国外，中国以外的很多国家，包括欧洲、美洲、非洲、东南亚，现在的疫情比较严重，患者继续增高。这些人凡是有交流，就有可能重新发生一些疾病。风险是永远存在的，我们不可能没有交流，现在国内国外很大的差距，国外病例还在增加，接触人群感染存在的几率很高，他进来（入境）以后可能会有传染，要避免出现群体性的暴发。钟南山说，目前群防群控，大家都有了自我的防护意识，比如聚会、在小的地方开会等，我们都有明确规定。按照这样的规定，即使有一个或者几个感染，一旦早发现、早诊断、早隔离，就不会出现像第一波那样的暴发，局部有少量的感染是不可避免的。对于复工、复产、复学，钟南山表示，现在大多数地方已经复工、复产了，复学很快要开始了。在同一个地方，同一个房间里面有很多人群聚集，当然很值得警惕。“再加上我们各方面的自我保护，我自己的看法，产生比较大的互相传染机会不大。最后可能面临着外来输入的传染风险，风险不等于现实，如果能够做到原来那一套积极的防控，保持距离，平时不参加集会等情况，我想不应该产生比较大的疫情。”,04/14
『太揪心！这里4553名非洲籍人士新冠检测，111人阳性！钟南山刚刚发声：局部少量感染不可避免，避免群体性暴发！』O太揪心！这里4553名非洲籍人士新冠检测，111人阳性！钟南山刚刚发声：局部少量感染不可避免，避免群体性暴发！,04/14
【澎湃视频:钟南山：治疗新冠氯喹和瑞德西韦有效】O钟南山：治疗新冠氯喹和瑞德西韦有效(分享自@澎湃新闻，澎湃APP下载>>O澎湃新闻),04/14
【#钟南山称新冠无明显肺部后遗症#】钟南山：新冠肺炎恢复的大多数病人，不会有明显的肺部后遗症。和17年前非典比起来，新冠肺炎患者的肺纤维化程度比较轻，康复过程中纤维化改善恢复得比较快。治愈的新冠肺炎患者总体来说肺功能有些下降，特别是弥散功能，就是说肺泡毛细血管膜进行气体交换的效率会受到影响，但相信随着时间的推移会慢慢恢复。当然，到现在为止，时间间隔还比较短，还要对患者进行复查。#钟南山#L央视财经的酷燃视频,04/14
【#钟南山称新冠无明显肺部后遗症#】钟南山在和腾讯医典对话中表示，新冠肺炎恢复的大多数病人，不会有明显的肺部后遗症。和17年前非典比起来，新冠肺炎患者的肺纤维化程度比较轻，康复过程中纤维化改善恢复得比较快。治愈的新冠肺炎患者总体来说肺功能有些下降，特别是弥散功能，就是说肺泡毛细血管膜进行气体交换的效率会受到影响，但相信随着时间的推移会慢慢恢复。当然，到现在为止，时间间隔还比较短，还要对患者进行复查。L央视财经的酷燃视频,04/14
【#钟南山称复阳患者不会再传染#】中国工程院院士钟南山表示，新冠肺炎患者出现转阳的病例不是太多。主要有几类情况，一类是患者体内已经产生保护性抗体，即使核酸检测阳性，也不会感染。还有一个可能，患者体内有核酸片段，这个病毒也不存在感染性，所以我并不是太顾虑这个问题。L央视财经的酷燃视频,04/14
【防控新型冠状病毒】钟南山：广州未出现疫情反弹，中国最成功的是把群防群控做到了社区O【防控新型冠状病毒】钟南山：广州未出现疫情反弹，中国最成功的是把群防群控做到了社区,04/14
【纵横公考】面试热点打卡第136天，2020年4月14日；面试我们赢在起跑线上！每日观点分析+例子积累+模拟题上岸神助攻@纵横公考教育@面试热点打卡标题：《钟南山遭“侵权式消费”公力救济维权应出手》针对像钟南山这样有特殊影响力的公众人物被“侵权式消费”的问题，可以考虑建立公力救济维权机制，因为此类问题不仅涉及钟南山们的私权利，某种程度上还涉及舆论影响和社会道德风向，涉及实实在在的公共利益。3月3日，国家知识产权局对首批63件进入实质审查阶段的“钟南山”等恶意商标注册申请依法作出驳回决定，有关地方市场监管部门还对申请者或代理人启动了立案调查。笔者认为，保护钟南山们的姓名、肖像等权利也可参照这一理念。可以通过进一步完善法律，在私力救济维权基础上，补充公力救济维权机制，监管部门可依法介入查处钟南山们被“侵权式消费”案件，用责令停止侵权行为、责令下架或没收商品、责令消除影响恢复名誉等方式，维护钟南山们的合法权益。,04/14
我在看：【钟南山：只要全球疫情不结束，输入性病例风险将一直存在】#跟新浪看热点#O钟南山：只要全球疫情不结束，输入性病例风险将一直存在,04/14
#日本新冠确诊病例超8000例#希望世界各地的疫情都能早日过去🙏#钟南山称新冠无明显肺部后遗症#没有后遗症就好了平安活着最重要,04/14
#钟南山称新冠无明显肺部后遗症#什么宣布都比不上钟老的话让人信服，加油(ง•̀_•́)ง全世界的人,04/14
#日本新冠确诊病例超8000例#希望世界疫情尽快控制住吧不愿看到数字不断上升一起加油早日战胜病毒!#钟南山称新冠无明显肺部后遗症#说一千道一万还是做要好防护一定不要放松警惕!,04/14
【防控新型冠状病毒】钟南山：广州未出现疫情反弹，中国最成功的是把群防群控做到了社区O【防控新型冠状病毒】钟南山：广州未出现疫情反弹，中国最成功的是把群防群控做到了社区,04/14
丁香医生此类营销号，长期以抹黑中医造谣病例扭曲事实等方式博取眼球，背后拿着美国资助的资金，对传统文化进行脚踏。逢中必反，应该正本清源。希望以后不要再有人转发此类谣言博主的东西。#钟南山称新冠无明显肺部后遗症#,04/14
#日本新冠确诊病例超8000例#疫情无国界，希望安好🙏🙏#钟南山称新冠无明显肺部后遗症#那就好，没有什么后遗症比什么都好，钟老辛苦了！,04/14
#钟南山称没发现蚊子传播新冠病毒#🦟防不胜防的……湿热地区的🦟本身也很毒……希望不要雪上加霜🙏🙏🙏,04/15
【为什么蚊子不咬别人，总爱咬我】爱吃甜食爱喝酒的人更爱招蚊子？蚊子咬人会挑血型？人体对蚊子的吸引力究竟是什么？来看北京疾控中心的专家怎么说↓↓↓（CCTV生活提示）LCCTV生活提示的秒拍视频#钟南山称没发现蚊子传播新冠病毒#,04/15
病毒有没有明显突变？疫苗是否有效？复阳患者会再传染吗？有无明显肺部后遗症？钟南山给出最新判断！『最新！钟南山带来重磅好消息！』O最新！钟南山带来重磅好消息！#,04/15
#钟南山称没发现蚊子传播新冠病毒#蚊子如果可以传播的话那也太可怕了还好现在没什么蚊子#全球新冠肺炎确诊超过200万#这是一场全人类的战疫，也没有谁可以笑到最后。别松懈做好防护是最重要的,04/15
#钟南山称没发现蚊子传播新冠病毒#如果蚊子会传播那我就惨了我可招蚊子了,04/15
#钟南山称没发现蚊子传播新冠病毒#这夏天马上就要来了。。是个大问题啊。。。,04/15
#钟南山称没发现蚊子传播新冠病毒#这种还是要及早辟谣的现在蚊子就挺多了,04/15
【#钟南山教老外如何劝父母戴口罩#】今天，在交流会上，来自澳大利亚的小哈向钟南山提出问题，“我专门买了500个口罩寄回澳大利亚给我的父母，可是即使有口罩，我的爸爸也不愿意戴，怎样说服我爸爸？”钟南山从外国的观念、气候多个角度回答了这个问题↓↓↓转起分享！（总台央视记者陈旭婷罗平章）L央视新闻的微博视频,04/15
【#钟南山称没发现蚊子传播新冠病毒#】4月15日，广州市人民政府新闻办公室举办第78场疫情防控新闻采访活动，钟南山与外籍人士进行座谈交流。有人提问#蚊子是否会传播新冠肺炎#？钟南山表示，没有证据显示蚊子会传播新冠肺炎。O网页链接,04/15
【猝不及防！#钟南山在座谈会上撒狗粮#】4月15日，19名在广州工作学习的外籍青年代表走进广州医科大学与钟南山院士见面。钟南山用英文向在场的外国籍人士分享了自己对于全球疫情防控的观点。座谈会上谈到非洲疫情时，钟南山提起自己的妻子在50年前曾作为篮球运动员代表中国去过非洲，提到妻子时钟南山满脸洋溢出幸福的微笑。这碗狗粮小编先干了！@中新视频L中新视频的微博视频（中国新闻网）,04/15
#钟南山称没发现蚊子传播新冠病毒#天啊，如果蚊子🦟也参与进来⋯那没法防了⋯,04/15
#钟南山称没发现蚊子传播新冠病毒#蚊子要是能传播那就真的是太恐怖了夏天就别活了,04/15
#钟南山称没发现蚊子传播新冠病毒#突如其来，想起来最近一直被蚊子咬的自己后背突然发凉，吓死,04/15
#钟南山称没发现蚊子传播新冠病毒#蚊子：术业有专攻，我不负责这个。本被蚊虫爱好者送了一口气。,04/15
#钟南山称没发现蚊子传播新冠病毒#蚊子要是真传播的话，那可就真是太恐怖了。但愿是不能传播的吧。L乐牙之乐的微博视频,04/15
钟南山说要多喝牛奶🥛,04/16
钟南山在与前中国女排队长惠若琪连线时表示，在新冠肺炎疫情期间，也会在室内跑车，还有健身。女排队长小姐姐!!还是一样美!!#钟南山##中国女排队长#L央视财经的酷燃视频,04/16
#量化对冲基金#【报道】针对美国疫情情况，钟南山表示，虽然全球病例数都趋于平缓或下降，但美国是个例外。美国采取的管控措施还不够，可能需要再过一周看到疫情变化、才有可能进入疫情平台期，这取决于美国采取什么行动。钟南山还表示，目前，欧洲疫情情况正在进入平台期。（新京报）,04/16
【“顶级权威”的奇葩逻辑】天佳闲老师扫盲评论既然“一半人不发烧”，就证明了另一半人在发烧。那么请问：发烧是属于无症状？你们不是一直把发烧作为有症状的确诊标准之一吗？你们这种逻辑意味着什么？笑话一般的新闻-钟南山谈无症状感染者：约一半人不发热O钟南山谈无症状感染者：约一半人不发热,04/16
【#钟南山称上游预防策略是中国最成功抗疫经验#】4月16日，钟南山院士携广州呼吸健康硏究院何建行院长、李时悦副院长进行视频直播，首次分享中国“新冠全路径”经验。钟南山表示，中国防控疫情最成功的经验就是关于上游的预防策略。一旦患者感染新冠病毒，相关部门就要密切关注其密切接触者。某人确诊后，他需要进行居家隔离，其密切接触者也将被隔离。@中新视频L中新视频的秒拍视频,04/16
#中国女排##钟南山#近日，钟南山在一次视频连线中与前中国女排队长惠若琪进行了互动。他坦言称，早在80年代就开始看女排的比赛，女排精神对自己鼓舞很大。在连线中，惠若琪向钟老提问道：“您曾经在全运会获得400米栏的冠军。在经历了非常高强度的体育锻炼之后，转变成日常的生活，您是如何进行体育锻炼的？怎么把体育锻炼变成一种生活方式来面对挑战？”钟南山回答道：“我对你很熟悉，因为在80年代、90年代一直看女排的比赛，你们女排的精神对我们鼓舞很大。”此外，钟老还纠正了惠若琪关于自己获得400米栏冠军的说法。“我在年轻的时候喜欢竞技体育，因为参加比赛。在1959年全运会400米栏我确实打破了全国纪录，但我不是冠军。在工作后、年纪大了后，就很少参加竞技体育。”在钟老看来，体育运动应该像吃饭睡觉那样成为生活中必需的一个成分。这也是为什么他到现在这个年龄还能坚持那么大量的工作的原因。“我在年轻的时候喜欢跑步、喜欢打球，年纪大了还是坚持跑步、快行、健身，要根据我们的实际情况。现在新冠肺炎疫情期间，我们就在室内跑步、骑自行车、健身。”,04/16
钟南山全程英文向外国人介绍中国防疫举措：世界各国在一个战壕里O网页链接,04/16
【钟老，表情像极了初恋+热恋，真男人】 今天，咱们钟南山院士的表情刷屏了，这表情像极了初恋+热恋时的感觉，出现在已年过八十的老人家身上，实为罕见和难得。 原来钟爷爷是在接受采访，被记者问到有没有去过非洲时，他说：我没有去的，但是我妻子去过。然后就开始回忆妻子去的过程，因为聊到自己妻子，瞬间笑魇如花。 网友齐呼：顶级狗粮没错了。哈哈，其实钟爷爷肯定想说：这只是我们的日常啊！ 一场疫情突如其来，年过八十的钟爷爷第一时间奔赴武汉前线，思维敏捷、健步如飞、决策果断，带领白衣天使们把疫情的影响降到了最低，并成功战胜了疫情。 网友齐呼，如此高寿是怎么办到的？结果发现钟爷爷不仅一直坚持科学研究，还坚持健身游泳。还有不少人翻出了他老人家六块腹肌的相片。 这次采访，当钟爷爷提起钟奶奶时，发自内心的欢喜又让我们看到了爱情的魅力。 一个男人，对自己的祖国负责、对自己的事业负责、对自己的家人负责、对自己的身体负责！真男人！真正的中国精英。 钟爷爷，您真不愧男人的楷模、女人的偶像、国家的栋梁！ ,04/16
看完我真的觉得蛮搞笑的一方面为自己国家骄傲一方面无法理解在七十天里你们在储备什么？在口嗨在污言秽语在泼脏水...病毒发生是世界的事如钟南山先生所说oneworldonefight..只望某普自己管好你们自己别做一个口嗨达人再次影响到我国#bilibili#O白宫，70天里你到底在干什么？（哔哩哔哩客户端下载O网页链接）,04/16
#防控知识#【钟南山公开发言，给出这些最新信息！】中国工程院院士、呼吸病学专家钟南山指出，疫情防控最重要的是个人防控，社会还是要坚持往前走。防疫过程中，出现新增病例、个别感染者，不必感到奇怪。社会要做的是快发现、快处理，把感染的可能性降到最低。O网页链接,04/16
老公下班给我看手机，页面写着“钟南山一提到自己的老婆嘴角上扬”，他说我也是。我：哈哈哈哈哈哈哈哈哈哈哈#记他日常中突然的可爱#,04/16
【#钟南山称上游预防策略是中国最成功抗疫经验#】4月16日，钟南山院士携广州呼吸健康硏究院何建行院长、李时悦副院长进行视频直播，首次分享中国“新冠全路径”经验。钟南山表示，中国防控疫情最成功的经验就是关于上游的预防策略。一旦患者感染新冠病毒，相关部门就要密切关注其密切接触者。某人确诊后，他需要进行居家隔离，其密切接触者也将被隔离。@中新视频L中新视频的秒拍视频,04/16
恋爱9年，结婚56年，当钟南山回忆与妻子“定情”时，仿佛又变回曾经的少年……#记录世界记录你#L央视频的快手视频,04/16
钟老出席一场疫情防控专访活动时，谈起妻子满脸笑容。如此可爱的钟南山院士，爱了爱了❤️#记录世界记录你#L央视新闻的快手视频,04/16
钟南山：吸入氢氧混合气体，可缓解危重症患者呼吸困难O网页链接,04/16
法国#全球疫情##法国疫情##海外抗疫日记#法国版钟南山，法国马赛大学医学院主任迪迪埃.拉乌尔教授发表的法国抗疫第14、15周之间的数据对比，对比角度分别是：-因#covid-19#外科医生处就诊人数-因新冠疫情紧急求助的人数-急诊处就诊人数-最新入院人数-新危重病人人数-筛查确诊阳性率-医院死亡人数除医院死亡人数持平外，其他数据一律明显下降。好像重新有了希望,04/17
我语文不好，但我会写中国！我英语不好，但我会读China！我数学不好，但我记得960万平方千米！我地理不好，但我知道地图上的雄鸡！我历史不好，但我永远不会忘记1949！世界上最可靠的山“钟南山”世界上最白的云“马云”世界上最美的彩虹“韩红”,04/17
#关注新冠肺炎#【钟南山：五成新冠肺炎患者无发热症状】#共同战疫#钟南山院士携广州呼吸健康研究院专家，与欧美及非洲临床医生视频连线，分享中国战“疫”经验。会议面向全球上万名医生直播。他特别提到，目前的统计显示，50%的新冠肺炎患者没有发热症状。广州电视记者刁家俊报道。#广州爆料#L广州交通电台的微博视频,04/17
"钟南山等中印医护人员通过党际渠道交流战""疫""经验<O钟南山等中印医护人员通过党际渠道交流战""疫""经验>",04/17
最新汇总！钟南山表示：1.现在说它会变成流感为时太早，估计还不会；2.新冠肺炎患者出现转阳的病例不是太多，复阳患者不会再传染；3.病毒在一个相对比较低的温度段里，表达更加活跃；4.新冠肺炎恢复的大多数病人，不会有明显的肺部后遗症；5.对于轻症和普通型，连花清瘟就被证明有效。新冠肺炎从中医来讲主要症状是热和湿，主要是温热、湿热。它有很多症状，比如咳嗽、发烧、无力甚至腹泻等等，中医药对这些症候的治疗一般是有效的。O网页链接,04/17
《钟南山的话都不听？哈尔滨新增病例行动轨迹曝光，87岁老人成关键》O网页链接,04/17
【热门视频】精彩视频，尽在QQ浏览器O网页链接钟南山院士,04/17
前段时间有网友在朋友圈骂钟南山被拘留了，但这贼为何大摇大摆呢？,04/17
我在看：【45项新冠肺炎临床试验被撤销钟南山：因疫情被快速遏制】#跟新浪看热点#O45项新冠肺炎临床试验被撤销钟南山：因疫情被快速遏制,04/17
我分享了@新华二代在德国_周磊的头条文章O静默的权力:各国“钟南山“的对比与作用,04/17
【钟南山谈锻炼身体：我80多了，但看上去没那么老】15日上午，钟南山与在穗外籍人士交流防疫经验，问到平时自己如何锻炼身体，钟南山用流利英语说自己一直保持着健身和喝牛奶的习惯，并笑称自己虽然80多岁了，但看上去并没有那么老。L新华网的秒拍视频,04/17
钟南山爷爷真的好帅呀,04/17
"#钟南山称没发现蚊子传播新冠病毒#自己不吃饭，没有人能代替你吃饭；自己不思考，没有人能代替你思考；自己不笑，没有人能代替你笑。下载好省APP,0投资购物省钱分享赚钱，免费教免费带，邀请口令：不醉也归",04/17
【#钟南山录视频为高三学子加油#】4月7日，福建省高三学生开始复课。身为福建厦门人的钟南山，录制视频为家乡高考生们加油鼓劲，同时提醒同学们做好防护。网友：有了钟爷爷的祝福，更要加油哦~#高考加油#L央视新闻的微博视频,04/17
是金主霸霸诶，你管别人是什么，清楚自己是什么就不行了吗？合作的事情粉丝全力支持就行啦！而且他有💰拿，有合作。而且钟南山说了，要多喝奶，对身体好。我也想对自己好点。我管别人干什么？他们高兴还是不高兴影响我什么？我开心不就行了？有些人真的很容易被别人带节奏。他们几句话就能控制你的情绪，你说可怕不可怕？多看看自己能握住的，别管别人的嘴脸。好与坏，和咱们无关。,04/17
钟南山：“女排精神对我们鼓舞很大”O钟南山：“女排精神对我们鼓舞很大”,04/18
转//#看点快报#《钟南山发声！瑞德西韦在中国研究全部暂停，却在国外传来好消息，背后原因令人叹息》O网页链接,04/18
#武汉降至低风险区#武汉城区降至低风险湖北全省均为低风险市县！！#钟南山称低风险不等于无风险#,04/18
【400米栏破纪录、打篮球、唱歌跳民族舞……多才多艺钟南山让你没法不爱】钟南山院士84岁高龄仍奋斗在抗疫一线，他的健康秘诀是什么？“运动要像吃饭睡觉”！除了全运会上曾破400米栏全国纪录，多才多艺的他跳舞、唱歌、篮球也样样拿手。戳↓一起看多才多艺的真·偶像剧男主·钟南山说自己只是个医生L小央视频的秒拍视频,04/18
钟南山在广州海关分享“抗击新冠肺炎的中国经验”O钟南山在广州海关分享“抗击新冠肺炎的中国经验”,04/18
#腾讯新闻#45项新冠肺炎临床试验被撤销，钟南山：因疫情被快速遏制O打开腾讯新闻，看1526热评来自@腾讯新闻,04/18
66666666666666666666666666666L水美人08612的微博视频,04/18
【钟南山谈锻炼身体：我80多了，但看上去没那么老】15日上午，钟南山与在穗外籍人士交流防疫经验，问到平时自己如何锻炼身体，钟南山用流利英语说自己一直保持着健身和喝牛奶的习惯，并笑称自己虽然80多岁了，但看上去并没有那么老。L新华网的秒拍视频,04/18
某次，袁隆平身体不舒服，找钟南山看病。一通检查好，钟南山对袁隆平说:您的心脏很健康，肝脏很健康，肌肉很健康，……唯一有点毛病的就是肺部有个小点。所以，建议您戒烟！袁隆平听后哈哈一笑，说烟不能戒。这话是十多年前说的。今年袁老90岁，钟老84岁。希望他们携手寿比南山！还有人说袁隆平先生是世界上粉丝最多的人，因为全世界吃米饭的人都是他的粉丝，间称：米粉！,04/18
钟南山：“女排精神对我们鼓舞很大”O钟南山：“女排精神对我们鼓舞很大”,04/18
今天说减肥以后早晚都只吃牛奶麦片因为哥哥说钟南山每天吃2个鸡蛋喝2包牛奶今晚吃完出去溜达没忍住还是大鱿鱼🦑+羊肉串哥哥死不要脸还要加个馕这个会动的对联停了好久今天意外的又动了，开心晚上溜达还可以看夜樱碰到这么操心的课代表也能知道老师多不靠谱姥姥今天生日虽然我和小历史老师没能回家但是遥祝姥姥生日快乐🎂开心🎈,04/18
我在钟南山超话等级达到LV.8，获得忠实粉丝头衔，老铁双击666，来钟南山与我畅聊吧！,04/18
小家伙看电影前（八点）为妈妈备好晚上的营养品[爱心]用钟南山院士的话来说：健康是需要投资的[爱心]！So，好好吃饭，好好运动，好好睡觉，必要的营养素吃着，提高抵抗力……[呲牙],04/18
【#钟南山称自己一直保持健身习惯#：我80多了，但看上去没那么老】15日上午，钟南山与在穗外籍人士交流防疫经验，问到平时自己如何锻炼身体，钟南山用流利英语说自己一直保持着健身和喝牛奶的习惯，并笑称自己虽然80多岁了，但看上去并没有那么老。L新华网的秒拍视频,04/18
在这世上，别人对你好，都不太会伤害你。买微博号@万福客-在线购买平台O网页链接只有你对别人好，才会一再反噬，令你痛苦。#全球疫情##北大女生包丽去世##钟南山称还不是摘口罩的时候#,04/18
公知🐶们现在带节奏黑张文宏下一个就是钟南山？再就是国家？从那些吃着袁隆平培育的稻米还骂老人家违背自然规律会遭天谴的不孝子出现时我就真的开始认识到什么叫做白眼狼厚脸皮没有良心中国内部就很乱啊我们年轻人8090后是这个时代的主力军要坚持住自己的思想多了解多思考维护这个国家的荣誉懂得感恩和回赠病态社会崇洋媚外SB横行我这辈子一定肯定以及确定会好好爱我的国家🇨🇳,04/19
我在看：【钟南山院土，告诫，新型冠状病毒很容易就会被卷进去】#跟新浪看热点#L钟南山院土，告诫，新型冠状病毒很容易就会被卷进去,04/19
#了解文山三七，看龚波波说说#晚上炖一锅桃胶银耳汤号称是平民燕窝美白补水然后吃之前添加纯牛奶增加丰富营养成分了钟南山院士说他天天喝牛奶想一想我这一碗汤的营养了生活需要懂吃爱自己从生活方式开始投资自己身体是更大财富从每一处丰富细节去投入#龚波波#,04/19
“海关是外防输入的第一道防线，广州海关在抗击新冠肺炎疫情战中作出了有益探索。”4月17日，广州海关组织开展党委理论学习中心组（扩大）学习，钟南山院士到场作了题为“抗击新冠肺炎的中国经验”的专题辅导。《钟南山：广州海关在抗疫中作出了有益探索》O网页链接O网页链接,04/19
【微视频】钟南山院士分析邓丽君死亡真相L我的笔名是段段的微博视频,04/19
【作文素材】关键词：实事求是、诚实仔细看钟南山的采访，你会发现他有个口头禅：“我实事求是地讲”。每次他预估自己的话不太中听，就会沉吟一下，说“我实事求是地讲……”后面一定是一堆大实话。他严格秉承一个科学家的高贵品质：客观，诚实，有一说一。包括这次在武汉。在他开口之前，我们对疫情所知甚少。很多重要信息，都是钟南山第一个告诉我们的：明确此病人传人。医护人员有感染。没事尽量不要去武汉……这个84岁的老人，不但医术高超，更敢讲真话。《人民日报》微博这样评价他：84岁的钟南山，有院士的专业，有战士的勇猛，更有国士的担当。一路奔波不知疲倦，满腔责任为国为民，的的确确令人肃然起敬！的确。所谓医者，妙手仁心。这世上缺回天的妙手，更缺无畏的仁心。钟南山二者兼具，所以，举国敬仰。,04/19
【你见过#钟南山跳舞#吗？多才多艺的男神让你没法不爱】钟南山院士84岁高龄仍奋斗在抗疫一线，他的健康秘诀就是“运动要像吃饭睡觉”！除了全运会上曾破400米栏全国纪录，多才多艺的他跳舞、唱歌、打篮球也样样拿手↓↓↓L半岛都市报的微博视频,04/19
【作文素材】关键词：实事求是、科学精神、否定自我、承认错误极偶尔的时候，钟南山也会错。2009年5月，他有次对媒体自我检讨：“昨天我说甲型流感与普通流感的病死率相似，应该是说错了。确切的数据应该是普通流感的病死率是百分之零点多，而甲型流感是百分之一点多，其病死率要高于普通流感。”那时，他已经是极受推崇的大神，但他依然保持冷静，严谨遵守科学精神，发现错了，就主动站出来，自己打脸。比起那些明知错了还讳莫如深、咬牙嘴硬的专家，的确是高出很多。钟南山说：“我接触过许多真正有学问的人，他们敢于肯定自己，也敢于否定自己”。对的东西，他敢坚持。但经过实践发现是错的，他也敢否定。否定自己有时比肯定自己还要难。我要按照事实来说话。一旦事实证明我错了，我就要纠正过来。“错了，就要承认并改正。”这是小学生都知道的品质。但我们成年人，因为虚荣，因为利益，因为各种各样的复杂心理，往往很难做到。只是，出了错，又不认，那谈何改变，谈何进步？毫无疑问，一个愿意认错的科学家，才会是一个好的科学家；一个坦诚接受打脸的人，才能成为一个更加优秀的人。,04/19
#你姓氏里出过的名人#钟南山钟楚曦钟汉良钟欣桐钟楚红,04/19
疫情期间一天两杯奶，嗯，钟南山说了，喝牛奶吃鸡蛋,04/19
【作文素材】关键词：理想信念、使命、热爱钟南山，1936年生于一个医学世家，父亲是享誉全球的儿科专家，母亲是中山大学肿瘤医院副院长。他儿时经常去医院，眼见父亲全心全力治病救人，从不懈怠。他的家里，也经常有家长带着孩子来看病。孩子康复后，家长高兴，他父亲也很开心。钟南山说：“那时候我就觉得，医生能给别人解决问题，会得到社会的尊重，有很强的满足感，这是我热爱这个行业的一个原因。”所以，他对“治病救人”这件事，是有强烈信念感的。他做医生，也许有谋生的考虑，但更是骨子里的追求，这是他至高的梦，他不愿亵渎。他说，中学老师曾经告诉他一句话：人不该单纯生活在现实中，还应生活在理想中。人如果没有理想，会将身边的事看得很大，耿耿于怀；但如果有理想，身边即使有不愉快，与自己的抱负相比，也会变得很小。这句话，钟南山记了一辈子，也践行了一辈子。所以，他会在非典最凶时，大义凛然地说“把最重的病人送到我这来”。因为他觉得，那是他的使命。非典时期，67岁的钟南山曾经连续工作整整38个小时。最后查完病房走出来时，甚至因过度劳累而病倒。他发烧，乏力，甚至出现了肺炎。但在自己观察后，觉得不是非典，就把自己隔离在家，在门框上钉一枚钉子挂水。几天后，症状消失，他立刻回到医院，继续投入战斗。没有人要求他，是他自己发自内心地愿意有此担当。一颗救世之心，一腔赤子热诚。一身高超医术，一片赤胆忠心。有这样的人替我们负重前行，是全体国人的幸运。,04/19
#腾讯新闻#朱邦凌:头条热榜#钟南山谈妻子满脸笑容#近日，钟南山院士出席一场疫情防控活动，席间谈起妻子，满脸藏不住的笑容。如此可爱的钟南山院士，网友纷纷表示：顶级狗粮没错了。在疫情爆发的这段时间，钟南山院士又一次担起“英雄”的责任，走到了人们的视野当中。人们也渐渐在视频中发现钟南山院士的疲惫与坚持，这样的英雄人们怎能不关心他。但最心疼的人，是钟院士的妻子—李少芳。李少芬曾是著名的篮球运动员，1936年，O朱邦凌：头条热榜#钟南山谈妻子满脸笑容#近日，钟南山院士出席一场疫情防控活动，席间谈起妻子，满脸藏不住的笑容。如此可爱的钟南山院士，网友纷纷表示：顶级狗粮没错了。在疫情爆发的这段时间，钟南山院士又一次担起“英雄”的责任，走到了人们的视野当中。人们也渐渐在视频中发现钟南山院士的疲惫与坚持，这样的英雄人们怎能不关心他。但最心疼的人，是钟院士的妻子—李少芳。李少芬曾是著名的篮球运动员，1936年，她出生于广东省广州市花都区，在建国后的第二年，入选了广东队，正式开始了她在篮球生涯上的高光时间。后来，她又相继担任广东女篮教练、广东省体育运动技术学院副院长、中国篮协副主席等职务，到如今她仍然是广州市篮球协会顾问，从未退出，一直为喜爱的篮球事业效力。现在，李少芬已经成为了全职太太，但她仍然没有放下她的“基本功”，在家中兼任钟南山院士的健身教练，为钟南山院士制定健身计划，这也是钟南山院士至今保持强壮的身体的重要原因之一来自@腾讯新闻,04/19
【作文素材】关键词：不畏强权，坚持真理；勇气；担当钟南山的“叛逆”，远不止那一次。2003年4月，卫生部在北京召开新闻发布会，有官员在会上宣称“疫情已得到有效控制”。尽管钟南山会前已经被告知“不要讲太多”，但他还是忍不住开口反对：“什么叫现在已经控制？根本就没有控制！目前病原都还没搞清楚，你怎么控制它？”钟南山不傻，他知道这样说话意味着什么。他事后透露，发布会前，他在父亲的坟前站了很久，最后下定决心说真话。因为他坚信“真话和真药一样重要”，“当时全国疫情都在蔓延，我们所的医生都倒了20个了，实在不能扯淡”。他好像有些叛逆，但这正是一个科学家应有的良知和勇气。那场发布会9天后，卫生部部长张文康和北京市市长孟学农，因为处置非典疫情不力，双双被免职。灾难之下，最见人性。有人趁着混乱，大赚横财。有人为了保官，欺上瞒下。有人惊慌失措。有人避之不及。但是，也有钟南山这样的人，于危难中挺身而出，奋勇向前，左手对抗灾难，右手托出真相。鲁迅先生说过，中华民族“从古以来就有埋头苦干的人，有拼命硬干的人，有为民请命的人，有舍身求法的人……这就是中国的脊梁”。而今，钟南山这样的科学家，就是名副其实的国之重器，民族脊梁！,04/19
钟南山院士的养生经，每天七杯水，身体倍儿棒,04/19
我在看：【钟南山再次警告！离世界末日只剩100秒！地球最狠的报复来了】#跟新浪看热点#O网页链接,04/19
近日，《小康》记者对中国各级疾控中心的相关状况进行了梳理。从中可见，各级疾控中心职能有所区别。但总体来说，疾控中心肩负科研职责，并提供技术支撑和咨询建议。▲北京市疾病预防控制中心（摄影/宁颖）2月27日，钟南山院士一番关于疾控中心的建议，让中国的各级疾控中心成为了社会焦点。“我们的CDC（疾控中心）地位太低了——CDC只是一个技术部门，而且是卫健委领导下的事业单位。CDC的特殊地位在国内没有得到足...O网页链接,04/20
钟南山袁隆平曾罕见同台！网友：医食无忧组合O网页链接,04/20
第1022天锻炼，今天上班，看《钟南山谈健康》。——每天一文：“《男生如果真的爱一个人，是想要立刻发生关系还是舍不得碰她？》——知乎日报”O男生如果真的爱一个人，是想要立刻发生关系还是舍不得碰她？,04/20
钟南山：“女排精神对我们鼓舞很大”O钟南山：“女排精神对我们鼓舞很大”,04/20
叫什么爷爷👴钟南山男神好吗！！！酷毙了吧,04/20
#钟南山与袁隆平罕见同台#【钟南山：隆平大哥以后别再抽烟了网友直呼“医食无忧组合”】珍贵影视资料钟南山与袁隆平同台颁奖典礼，网友直呼：“医食无忧组合”。L陕西传媒网的微博视频,04/20
【深度专访中疾控主任高福：回溯做出“人传人”结论的前前后后】🙏#高福称从来没说过没有人传人#国家卫健委高级别专家组通过考察和了解，提出此次新冠病毒“人传人”，是此次新冠肺炎疫情防控的重要节点。钟南山院士（该专家组组长）在1月20日接受媒体采访时，明确向公众提出了“人传人”的判断。目前，随着全国疫情的逐渐转稳，彻底回溯疫情中一些重要节点，很有必要。为此，@田薇_TianWei独家专访中国疾控中心主任、卫健委高级别专家组组员高福院士。访问中，他对高级别专家组有关“人传人”的判断经过，进行了详细的回溯。他强调，公共卫生专家的工作，仅仅根据经验进行推测是不够的，最重要的是：找到确凿的事实，从而作出有依据的判断。有关高福院士的专业介绍资料显示：他专长于研究包膜病毒，特别是它们如何进入细胞以及在物种之间移动。@CGTNLCGTN的微博视频L倦了0226的微博视频,04/20
#钟南山与袁隆平罕见同台#【钟南山：隆平大哥以后别再抽烟了网友直呼“医食无忧组合”】珍贵影视资料钟南山与袁隆平同台颁奖典礼，网友直呼：“医食无忧组合”。L陕西传媒网的微博视频,04/20
这段时间钟南山和张文宏真是火力全开，为了与外界恶势力抢夺科学话语权不遗余力，值得尊敬。上海新冠肺炎医疗救治专家组组长张文宏教授在视频连线欧洲时称：“人类文明史上，没有一次传染病的控制是通过群体免疫的，所有没有建成群体免疫的病，每年过段时间都要来。#特朗普称美国新增病例峰值已过##美国疾控中心称将继续与世卫组织合作#L投资伯乐的微博视频,04/20
今天#钟南山袁隆平罕见同台#上热搜了O钟南山袁隆平同台视频火了！网友：致敬“医食无忧”组合,04/20
#1061应急广播#钟南山袁隆平同台视频火了！网友：致敬“医食无忧”组合O钟南山袁隆平同台视频火了！网友：致敬“医食无忧”组合,04/20
我们身为一个中国人要明白，在2020年这场疫情中，钟南山爷爷、李兰娟奶奶还有我们在前线的白衣天使们，他们就是英雄，是真正的明星啊！,04/20
#公基作文素材积累#有人曾这样评价钟南山：既有国士的担当，又有战士的勇猛。他回应得最多的一句话是：“我不过是一个看病的大夫。”,04/20
#李文亮等33人被追授中国青年五四奖章#你们虽然已经远去，但你们的功绩却被世人铭记！前行的道路虽然坎坷，但祖国发展的步伐不会停止，感谢有每一个英雄的付出和坚守！国有邓稼先，安全没问题；国有袁隆平，粮食不发愁；国有钟南山，健康不担忧；国有情，民有义，前行道路，重担同担！加油，中国！,04/20
—“我们要多喝牛奶！”—“？”—“你知道为什么吗？”—“…”—“因为钟南山喜欢喝牛奶。他八十岁了身体还这么好。”—“人家是因为锻炼。”…,04/20
#腾讯新闻#权威！钟南山、李兰娟、张文宏同台指导学校疫情防控，最全实录来了O权威！钟南山、李兰娟、张文宏同台指导学校疫情防控，最全实录来了来自@腾讯新闻,04/21
#马云盖茨入选全球最伟大抗疫领袖#？？？没看懂这个排名，不反驳诸位首富做出的贡献，但是把李文亮医生排在首位，而没有钟南山和李兰娟院士，却是一堆企业家？zz得味道？可以怀疑这是吃人血馒头吗？？这个排名有意义吗你们觉得？,04/21
『84岁钟南山晒出早餐照片，多吃这10种食物，少生病更健康』O84岁钟南山晒出早餐照片，多吃这10种食物，少生病更健康,04/21
O权威！钟南山、李兰娟、张文宏同台指导学校疫情防控，最全实录！#高考加油##支援湖北医疗队开始撤离##国学新青年##钟南山##李兰娟##张文宏#,04/21
#张文宏回应不能喝粥#抗疫天团两大男神——张文宏、钟南山，多次公开提倡每天喝牛奶吃鸡蛋，你能做到吗？早上二选一，你愿意吃鸡蛋牛奶，还是喝粥？,04/21
70岁的中国您好🇨🇳84岁的钟南山您好🇨🇳90岁的袁隆平您好🇨🇳90岁的屠呦呦您好🇨🇳我是18岁的华夏儿女🇨🇳祝愿祖国繁荣昌盛山河无恙祝愿世界和平,04/21
昨天爬清源山回来按惯例是会膝盖疼到整晚睡不着李先生受不得以往我的整夜哀嚎于是交代并督促我回来泡了脚，睡前喝了牛奶，双脚垫高睡觉第一次很稳妥、很舒服的没后遗症的安睡早上起来夸他的方法好用马上安利我以后坚持睡前喝牛奶因为是钟南山说的我乖巧懂事听话的毫不犹豫答应了晚上他上夜班去了我在家一大桶奶茶下肚，神魂颠倒，大腹便便牛奶🥛就先欠下了哈哈哈哈哈哈这脸打得好快好响哟,04/21
钟南山院士寄语学子：心怀“大我”做对社会有贡献的人O钟南山院士寄语学子：心怀“大我”做对社会有贡献的人,04/21
复学，校园防疫是大事，人人有责『钟南山、李兰娟、张文宏同台指导学校疫情防控，最全实录来了_手机搜狐网』O钟南山、李兰娟、张文宏同台指导学校疫情防控，最全实录来了,04/21
#同心抗疫情永远跟党走#谈到疫情爆发和高峰，钟南山院士在接受新华社采访时，非常坚定地告诉记者，有信心防止疫情大爆发，并相信“大家全国帮忙，武汉是能够过关的。武汉本来就是一座很英雄的城市。”84岁的老人，眼底闪着泪光，因为他在武汉的学生告诉他，那天的武汉，整个城市都在呐喊：武汉加油！武汉本来就是一座很英雄的城市，因为中国本来就是一个很英雄的国家。（体育与医护学院第五学习小组）@文理先锋,04/21
这篇文章很有意思《钟南山说疫情还需要防控，你现在压力很大吗？那就送你九句话吧！》O网页链接,04/21
《钟南山、李兰娟、张文宏同台指导学校疫情防控，最全实录来了》教育部应对新冠肺炎疫情工作领导小组办公室主任王登峰主持此次会议。按照教育部党组的安排，我们今天下午举行一次校园疫情防控的报告会。O网页链接,04/21
#贵州最长寿男性116岁了#【牛奶，钟南山眼中的长寿食物】牛奶有多好？钟南山院士表示，“我从小喝牛奶，现在每天都喝两杯，活这么长，牛奶有很大的帮助，我父亲也喜欢喝牛奶。”事实上，牛奶酸奶等奶制品，是补钙的首选食物来源，每100克牛奶的钙含量约为104毫克。健康成人、儿童推荐喝全脂牛奶；血脂异常、减肥者选低脂奶；乳糖不耐受者选低乳糖奶；中老年人适合强化维生素AD奶；但胃溃疡患者不适宜喝牛奶。L生命时报的微博视频,04/21
【沐汐颜】自清朝末期一直到建国初期，中国不但十分贫穷而且还特别的落后。而美国却凭借着自身的优势，很快美籍华人叫嚣我的命金贵要求钟南山亲自出诊真是恬不知耻O网页链接,04/21
我发表了头条文章:《看完大衣哥和钟南山院士的事情好气愤！！》O看完大衣哥和钟南山院士的事情好气愤！！,04/21
美籍华人叫嚣！我的命比你们金贵！必须钟南山给我治病！#钟南山说我们挺过来了#L搞笑段子能笑死人的两人对话的微博视频,04/22
【#钟南山说赞成现在要复课了#：做足防护措施】4月20日下午，教育部召开学校疫情防控专家报告视频会，指导各地各校全面做好学校疫情防控工作。钟南山表示，在现在这个节点，积极支持复课，但是要做够措施。开学时，聚集最容易产生互相感染，所以减少聚集非常重要。复学这条路虽然很艰难，但一定要做够措施、学着往前走。LN视频的微博视频,04/22
罕见“同台”！钟南山、李兰娟、张文宏给出这些建议@QQ浏览器O罕见“同台”！钟南山、李兰娟、张文宏给出这些建议,04/22
#钟南山说我们挺过来了#【钟南山袁隆平罕见同台网友：我们的医食无忧组合】2011年，钟南山在某颁奖盛典上为袁隆平颁奖，期间还打趣说：“我刚给隆平大哥检查过身体，但是以后别再抽烟了，好不好？”致敬！我们的医食无忧组合#奇趣视频#L最治愈的视频的微博视频,04/22
2020.04.22.世界🌏日🌿社区的孩子们集体领了绿植🌿老师们集体美化了校园，更开心的是🌿教育部举行学校疫情防控专家报告视频会邀请钟南山、李兰娟、张文宏三位专家“同框”，☘他们均表示赞成现在复课。🌿🌿🌿,04/22
钟南山病毒不会被铲除得一干二净，只要没有大规模爆发就可以！#钟南山说我们挺过来了#L娱乐绍的微博视频,04/22
钟南山病毒不会被铲除得一干二净，只要没有大规模爆发就可以！#钟南山说我们挺过来了#LXmaxz蔚的微博视频,04/22
中午的阳台可太让人充满幸福感了阳光撒了满地窗外传来了古筝调子加小鸟叽叽喳喳声楼下的草地也渐渐变绿了家里的多肉更娇俏了午饭的颜色搭配也着实美丽午觉绝对是一天当中很重要的一个步骤（钟南山爷爷同观点）#天气即天意##带着边框一起拍#,04/22
“吾尝从君济于河，鼋衔左骖，以入砥柱之中流。”当代大学生如鼋一般，在不久的将来势必会成为国家的中流砥柱。“为天地立心，为生民立命，为往圣继绝学，为万世开太平。”不只是83岁的钟南山院士的事，不只是千千万万前线的一线人员的事，还是我们当代大学生的事。我们应当关注国事，我们应当是一名有担当的中国人。——纪念虚拟现实班第一次线上主题团课,04/22
我家那闺女阚清子相亲尴尬现场，朋友你觉得吴亦凡怎么样#钟南山说我们挺过来了#L娱乐玫的微博视频,04/22
我家那闺女阚清子相亲尴尬现场，朋友你觉得吴亦凡怎么样#钟南山说我们挺过来了#L娱乐羽的微博视频,04/22
【刷屏了！今天，钟南山说的这6个字令人感动！】#钟南山说我们挺过来了#O刷屏了！今天，钟南山说的这6个字令人感动！,04/22
钟南山打篮球片段，身体素质完全不0岁老人!#钟南山说我们挺过来了#L搞笑服装的微博视频,04/22
【#钟南山迎接广东援鄂医护返院#：我们挺过来了！】4月22日，广州医科大学附属第一医院，8名支援武汉的医护人员经过14天隔离休整，从驻地返回医院。钟南山在医院迎接他们，“在武汉确实非常艰苦，全国医护人员站在第一线，我们挺过来了！我们扭转了情况，病死率有了很大的改善”！转发致敬！L恩是我哒的微博视频,04/22
钟南山积极支持学校复课但要做足措施，遇问题及时处理#钟南山说我们挺过来了#L娱乐倌的微博视频,04/22
#宝文理化工院2020年“战‘疫’有我”寒假社会实践#从84岁高龄的钟南山院士亲赴武汉，到15名医务人员确诊被病毒感染，再到梁武东医生的牺牲…医护工作者们不计报酬、无论生死，在人民与病毒之间砌起高墙，在没有硝烟的战场上冲锋陷阵，“他们是白衣天使，更是每个人心目中的英雄…国家所需、百姓安危为重，个人生死、物质得失为轻。在医护工作者身上，我看到他们高风亮节！“哪有什么白衣天使，只不过是一群平凡的人披上了一身载着使命的外衣。“这是一位医生的话，朴实而圣洁！我看到了中华民族的凝聚力！让我们向在祖国各地依然坚守岗位的无数医务工作者致以崇高的敬意！在网络上我们可以看到在前线的“战场上作文O网页链接”，疲惫了一天的白衣天使们卸下他们的盔甲，满是斑驳，身上满是隔离服和口罩留下的痕迹，多次消毒的手不复从前，满是坑洼。这怎能不另人动容？他们多是笑笑，继而又义无反最地奔向战场，不嫌苦不嫌累，依旧坚守自己的岗位，他们不为亲人的劝阻而放弃，坚定自己的信念，他们是真正的战士！@宝鸡文理学院化工院团总支@宝文理化工院19级材化团支部,04/23
睡前想起来昨晚梦见钟南山院士了！钟院士和他双胞胎弟弟都在我们公司，大家可以提问，我说：“我好像不太会做跪姿俯卧撑，您看看我做的有没有啥问题”可惜办公室人太多了，我一个人在桌子底下默默俯卧撑,04/23
我在看：【关于疫情和开学，钟南山、张文宏给出最新判断！】#跟新浪看热点#O网页链接,04/23
#火速头条##广州排查13.87万人发现185名感染者#【无症状感染者来自哪里？如何防控？钟南山怎么说？】4月2日至今，广州主动排查、“应检尽检”、做到全面覆盖，先后分四批进行排查。目前，#广州排查13.87万人发现185名感染者#，其中164例是无症状感染者，占比88.6%，平均一周内转阴。针对无症状感染者的防控，钟南山此前表示，无症状感染者主要来自两处：一是确诊患者的密切接触者，二是来自重点疫区。这些人已经带有病毒，大多数是有传染性的。L无症状感染者来自哪里？如何防控？钟南山怎么说？无症状感染者来自哪里？如何防控？钟南山怎么...,04/23
【身边的感动】钟南山迎援鄂“战士”回家：你们为广州做出了巨大的贡献！O【身边的感动】钟南山迎援鄂“战士”回家：你们为广州做出了巨大的贡献！,04/23
【无症状感染者来自哪里？如何防控？钟南山怎么说？】4月2日至今，广州主动排查、“应检尽检”、做到全面覆盖，先后分四批进行排查。目前，#广州排查13.87万人发现185名感染者#，其中164例是无症状感染者，占比88.6%，平均一周内转阴。针对无症状感染者的防控，钟南山此前表示，无症状感染者主要来自两处：一是确诊患者的密切接触者，二是来自重点疫区。这些人已经带有病毒，大多数是有传染性的。L无症状感染者来自哪里？如何防控？钟南山怎么说？,04/23
钟南山：“女排精神对我们鼓舞很大”O钟南山：“女排精神对我们鼓舞很大”,04/23
“我们挺过来了！”钟南山这句话冲上热搜O“我们挺过来了！”钟南山这句话冲上热搜,04/23
岁的小孩子，感觉到了腰部的巨疼之后，当着赵建辉这个亲人的面可不愿意强自忍受着，张开小#凌青新曦##钟南山说我们挺过来了#,04/23
“我们挺过来了！”钟南山这句话冲上热搜O“我们挺过来了！”钟南山这句话冲上热搜,04/23
"#热点##热门##套路那么深#这样的剧情也推？究竟要把中国人的道德底线推到怎样的深渊才算完事？马蓉、罗志祥及他那个“恋人”或依法取得“合法妻子”的怎么回事，路人皆知的结果是：当中国人关注与热搜的话题只剩这些，我们自己已亡了中华民族最重要的“根本”！钟南山袁隆平的“医食无忧”只是热闹一下后，各大非官方媒体感兴趣与公众热议的依然是“狗血”与八卦，而官媒永远推送的是不接地气的八股文-面向党员干部。宣传与教育、文化本是一体，奈何成了“三块”事？所以我们在国家软实力竞争上，比朝鲜、伊朗在国际上并不高明些！不是吗？反观“美国之音”一直以来主流主业的“突出成绩”，而特朗普因“一言不合""斥之为“通中”，美国人并没认为有什么不对，这种“爱国”情感与认知令人毛骨悚然！新浪、腾讯、网易及曾经有点特色的凤凰等之流，是否可以以此为鉴，不要只盯着流量与钱，做点大事“国际”热议热评甚至“主流”头版推送出来看，那怕是“方方日记”之全版首发，也算是曾经在这世上走了一遭。各类包括官媒，外战外行、内战内行赚国内钱的可以休矣，有本事哪怕“忽悠”到所谓的国际“主流”之声中去争个一席之地，而不是媚俗不断拉低国人的“释放”底线与需求！#跟新浪看热点#O马蓉呛罗志祥劈腿：狗改不了吃屎",04/23
《久违了！钟南山终于笑了，但不可大意，3件事得接着做！》O网页链接,04/23
离开以后，就别再来xiaoyou321打扰我，我很好，不需要你的可怜。#网剧云南虫谷##世界地球日##钟南山说我们挺过来了#,04/23
【无症状感染者来自哪里？如何防控？钟南山怎么说？[话筒]】4月2日至今，广州主动排查、“应检尽检”、做到全面覆盖，先后分四批进行排查。目前，#广州排查13.87万人发现185名感染者#，其中164例是无症状感染者，占比88.6%，平均一周内转阴。针对无症状感染者的防控，钟南山此前表示，无症状感染者主要来自两处：一是确诊患者的密切接触者，二是来自重点疫区。这些人已经带有病毒，大多数是有传染性的。L无症状感染者来自哪里？如何防控？钟南山怎么说？,04/23
【数说行情423】最近一个月北上资金的一个“二八”比例，有何重大实锤意义？下面的砸盘，主要砸权重还是科技股小票？为财经金融人士能比奥委会主席、美国防长和钟南山更精准判断出申奥结果、战争和疫情趋势？什么样的财经大V最值得关注？O微博问答,04/23
我们学校公众号发了一个推文，大概就是钟南山先生说支持现在复课之类的~我怎么觉得学校在暗示我开学要命,04/24
【打击网络恶意营销账号！国家网信办关停账号18576个】今年3月以来，多个网络账号炒作“疫情之下的某国：店铺关门歇业，华商太难了”“多国渴望回归中国”“钟南山：5月疫情将全面爆发”等“标题党”文章，散布虚假信息，造成极为恶劣的社会影响。针对这些问题，国家网信办有关负责人表示，按照国家网信办统一部署，近日北京、上海、广东等地网信部门积极作为，腾讯、新浪、今日头条、网易、趣头条等网站平台主动开展自查自纠，全面排查平台内网络账号恶意营销问题，集中清理相关违法违规信息，严肃处理涉及恶意营销的网络账号。据初步统计，已清理相关文章6126篇，关停账号18576个。（中国网信网）,04/24
#塞尔维亚说中国专家对我们至关重要#什么时候能动？钟南山说动，我们就动！这应该是大家都很熟悉的一句话吧，钟老真的付出了很多，由于疫情等因素的影响，430万津巴布韦民众面临严重困难。今年是中国与津巴布韦建交40周年，在这次疫情困难面前，徐海波医生受邀请通过GMCC连麦津巴布韦分享自宝贵抗疫经验，为徐海波医生点赞吧！,04/24
【#钟南山为中国航天送祝福#】今天是第五个“中国航天日”。钟南山院士为中国航天送上祝福：“疫情挡不住航天豪情。我衷心祝愿祖国的航天事业蓬勃发展、蒸蒸日上，不断突破创新，夺取新的胜利！”网友：钟老和中国航天人都是我们的骄傲！加油，中国航天！@我们的太空L我们的太空的微博视频,04/24
【#钟南山说疫情挡不住航天豪情#】#钟南山院士祝福中国航天#L我们的太空的微博视频,04/24
钟南山：新冠病毒基因突变已适应在人体生存，群体免疫行不通。👍👍L骏马508的微博视频,04/24
钟南山担心的事发生了！英美出了一个馊主意：印度抗疫只剩一条路O网页链接,04/24
【身边的感动】钟南山迎援鄂“战士”回家：你们为广州做出了巨大的贡献！O【身边的感动】钟南山迎援鄂“战士”回家：你们为广州做出了巨大的贡献！,04/24
【身边的感动】钟南山迎援鄂“战士”回家：你们为广州做出了巨大的贡献！O【身边的感动】钟南山迎援鄂“战士”回家：你们为广州做出了巨大的贡献！,04/24
由于疫情已经在家宅了一个多月了，那块绑在我腰间的环状腹肌已经自我膨胀了很多。最近看了篇文章很有意思，标题是“李小璐赢了，钟南山输了”。点进去一看，痛斥年轻人的价值观，这个国家的网红和明星干了什么都可以被原谅，窃格瓦拉的人生就是证明。而钟南山的儿子有条爱马仕的皮带都好像是钟老坑了人民什么一样。古文里说，民以食为天，人以药为命。“医食无忧，”才是国之大幸。之后看到喷子泼的脏水，踩英雄捧小丑，激的我那沉寂已久的义愤填膺在脑子里迸发了，因为保护英雄，就是我们最后的自保。所以我深思熟虑后，医食无忧的医我是沾不上边了，我毅然决定做个网红食赏英雄吧，（惊不惊喜？意不意外？）在此呈上作品无数，之后作品陆续奉上，有需要的联系我，做什么你说，我尽力而为，因为没有你想不到的，只有我做不到的。,04/24
钟南山：八十四岁的抗疫逆行者O钟南山：八十四岁的抗疫逆行者,04/24
Day.25——2⃣5⃣:这么多天，我觉得，我应该多想想自己还有什么没有做，而不是去关注我做了什么。山东专升本#山东专升本超话##升本锦鲤##宝宝的少女心#📢：我不敢自信的说我可以早起、坚持锻炼，我有惰性，但我相信自己正在一步一步的克服它！🔔@智博教育官方微博🖊1⃣：上午心理课➕讲述了自知🔴、自控🔵、自律⚫➕钟南山老先生的事迹✖当代青年应当努力🔺🖌2⃣：专业课➕直播故障（耳机党当场去世）➕笔记整理🎦🉑@智博教育专升本🖋3⃣：郭妈的英语单词大礼包➕郭妈对英语真的是Wild~（应该没有用错单词，妈咪别“卷”我，嘻嘻🧡~）@专升本英语郭妈妈🖍4⃣：大语古诗背诵➕《望天门山》这首诗我老记成“开”天门山，还记错了一句🔘➕明天大语任老师直播~🛑期待。💙：今天有一点高兴哦~❤️🧡💛💚靛💙💜彩虹心~,04/24
#中国航天日#【#钟南山为中国航天送祝福#】今天是第五个“中国航天日”。钟南山院士为中国航天送上祝福：“疫情挡不住航天豪情。我衷心祝愿祖国的航天事业蓬勃发展、蒸蒸日上，不断突破创新，夺取新的胜利！”网友：钟老和中国航天人都是我们的骄傲！加油，中国航天！L我们的太空的微博视频,04/24
#湖南高校开学时间#我不知道为什么3月份全国疫情还紧张的时候，湖南省植物园每天限额两万人免费进去看花，那时候已经人山人海扎堆赏景。而现在钟南山爷爷他们都说建议复课了，湖南却迟迟憋屁不肯开,04/24
#市场监管关注#【#钟南山为中国航天送祝福#】今天是第五个“中国航天日”。钟南山院士为中国航天送上祝福：“疫情挡不住航天豪情。我衷心祝愿祖国的航天事业蓬勃发展、蒸蒸日上，不断突破创新，夺取新的胜利！”网友：钟老和中国航天人都是我们的骄傲！加油，中国航天！L我们的太空的微博视频,04/24
人这一辈子，无非是个过程人这一辈子，无非就是个过程，荣华花间露，富贵草上霜，生不带来，死不带去，得意些什么？失意些什么？顺其自然，随遇而安，如行云般自在，像流水般洒脱，才是人生应有的态度。#钟南山说我们挺过来了##易烊千玺穿防护服跳火红的萨日朗##时尚穿搭#,04/25
君子爱财取之有道不是足够安全#茉特#打死不给孕妇哺乳期#创业#言不宿诺，行不苟从。04kFYku25。—陈子昂#钟南山说希望国庆80周年再给大家讲讲话#茉特减脂创始范范的微博视频,04/25
《连花清瘟胶囊获得多国上市许可，钟南山：证实有效》以岭药业24日发布公告称，近日，以岭药业收到厄瓜多尔卫生部核准签发的“天然药物”注册批文，批准公司药品连花清瘟胶囊符合厄瓜多尔天然药物标准注册。O网页链接,04/25
【在@央视新闻直播间，#13位驻外大使说了同样的话#】3月19日起，13位驻外大使陆续来到@央视新闻直播间，与钟南山等专家，一起为海外同胞解“疫”释疑。每场直播，大使们都向同胞们传递着同一种声音：“风雨同舟，我们是你们的坚强后盾！”戳↓无论身在何方，祖国和你在一起！L央视新闻的微博视频,04/25
#春卷书香来#活动三：大家全国帮忙，武汉是能够过关的，武汉本来就是一座英雄的城市。——钟南山医院是战场，作为战士，我们不冲上去谁上去？——钟南山我身为一个武汉人，在疫情期间，最艰难的时刻，他说出了如此令人动容的话，真的是很感动。而且，我以后也将成为一名医护工作者，他是我的榜样，他说出了医护工作者的职责。@湖医天使之翼志愿服务队,04/25
恋爱9年，结婚56年，当钟南山回忆与妻子“定情”时，仿佛又变回曾经的少年……#记录世界记录你#L央视频的快手视频,04/25
#联防联控江西在行动##抗疫一线江西党员勇争先##爱心守望情暖赣鄱##抗击疫情江西在行动#关于复课！钟南山、李兰娟、张文宏“同框”发声…O关于复课！钟南山、李兰娟、张文宏“同框”发声…来源：中国青年报,04/25
#联防联控江西在行动##抗疫一线江西党员勇争先##爱心守望情暖赣鄱##抗击疫情江西在行动#借疫情造谣炒作？网信办出手了！今年3月以来，多个网络账号炒作“疫情之下的某国：店铺关门歇业，华商太难了”“多国渴望回归中国”“钟南山：5月疫情将全面爆发”等“标题党”文章，散布虚假信息，造成恶劣的社会影响。国家网信办24日消息，多家网站平台集中清理相关违法违规信息及恶意营销账号。初步统计已清理文章6126篇，关停18576个账号。部分网络账号无中生有，引发恐慌国家网信办有关负责人表示，部分网络账号为获取流量和广告进行恶意营销，有的无中生有造热点，引发社会恐慌；有的冒用权威人士名义，发布谣言误导公众；有的炮制耸人听闻标题，引发群体焦虑和不安；有的恶意篡改党史国史，鼓吹历史虚无；有的诋毁抹黑英雄烈士，消解主流价值观；有的大打色情“擦边球”，影响青少年身心健康；有的大搞“黑公关”敲诈勒索，侵害企业或个人合法权益。这些恶意营销行为扰乱了正常网络传播秩序，损害了广大网民利益，应该予以坚决打击。已清理相关文章6126篇，关停账号18576个该负责人还表示，按照国家网信办统一部署，近日北京、上海、广东等地网信部门积极作为，腾讯、新浪、今日头条、网易、趣头条等网站平台主动开展自查自纠，全面排查平台内网络账号恶意营销问题，集中清理相关违法违规信息，严肃处理涉及恶意营销的网络账号。据初步统计，已清理相关文章6126篇，关停账号18576个。即日起，国家网信办将组织各地网信部门开展为期两个月的网络恶意营销账号专项整治行动，进一步聚焦突出问题，压实主体责任，加大惩治力度，对问题严重、影响恶劣的网站平台、网络账号及相关责任人依法依规严肃处置，并向社会公众通报处置结果。欢迎广大网民、媒体和社会各界积极参与，向网站平台和有关部门举报相关问题，携手营造清朗网络空间。来源：中央广播电视总台央视新闻,04/25
4月4日，全国人民哀悼三分钟，向新冠肺炎疫情牺牲烈士和逝世同胞致哀。当新型冠状病毒肺炎患者大量出现时，一个名字出现在公众的视野，钟南山是中国工程院院士，著名呼吸病学专家，他一出现，病人就有救了，他应该是呼吸疾病人的大救星。　　其实，这并不是他第一次出现在大众视野成为人们关注的焦点人物，2003年钟南山的研发组织在战胜非典疫情时就立下了汗马功劳。　　钟南山曾有一句名言“医院就是战场，作为战士我们不冲上去，谁上去?”而今，耄耋之年的他不顾生命危险毅然决然再征武汉。早先在他分析研究病情消息之后曾立即传达建议:“我总的看法就是没有特殊情况不要去武汉”，但1月18日傍晚，在劝别人不要去武汉的时候，他却义无反顾地赶往武汉防疫最前线，作为战士他再次冲锋在前!多么可爱的老人啊，钟南山的出现，仿佛一剂社会情绪的镇定剂。终南山在最近两个月以来，没有完整地休息过一天，他瘦了十斤，84岁高龄的他临危受命，再次挂帅出征，奔赴疫情第一线。他两鬓斑白，满脸皱纹，虽已高寿，但仍然不忘被病痛折磨的人们。他像是一柱火炬，哪怕在生命的尽头，也不忘散发余热。他挺身而出，他告诉公众“尽量不要去武汉”，自己却马不停蹄。他次次奔向那无硝烟的战场，冲锋陷阵，以个人身躯撑起万家灯火；在时代的长河中，勇于拼搏，守护生命，诠释大爱。他奔赴疫情灾区，带领医护人员，与病毒做抗争，与死神争分夺秒，毫不客气地在他的镰刀下抢走一个个生命，甚至冒着生命危险亲自拯救重危病人，他让中国成千上万的人民看到了战胜病毒的希望。在民众眼里，他代表正直，代表科学，代表权威。84岁的钟南山，有院士的专业，有战士的勇猛，更有国士的担当。一路奔波不知疲倦，满腔责任为国为民，的的确确令人肃然起敬!,04/25
O听《良医》这首歌后，写一些感恩此次因为疫情迎难而上的逆行者们的文章，愿你们能有收获！面对严峻的疫情防控，医务人员义无反顾，挺身而出。他们成了逆向而行的孤胆英雄，在生死时速的生命通道上，毅然担起了治病救人，救死扶伤的社会重任。84岁的钟南山院士，本该退休颐养天年，享受天伦之乐的时候，却在国家最需要他的时候，人民最需要他的时候，再次“挂帅出征”，抗击新型冠状病毒。看着他疲惫的身影，心中除了感动还是感动。全国各地的“逆行者们”夜以继日，不眠不休，他们拼尽全力，与病毒较量，为生命站岗。他们逆行的背影，是庚子年最美的风景每个人都是这个社会的沧海一粟，贡献出自己的力量，点亮整个社会前行的光，黑夜很长，总会看见曙光。,04/25
#凤凰新闻#分享凤凰新闻：新冠病毒又出现新突变，钟南山：已经适应人体O新冠病毒又出现新突变，钟南山：已经适应人体来自@凤凰新闻客户端O网页链接O新冠病毒又出现新突变，钟南山：已经适应人体,04/25
钟南山等防控专家“支招”复课复学O钟南山等防控专家“支招”复课复学,04/25
最近看到有些文章阴阳怪气指责张文宏、钟南山他们除了是专家更是有责任敢说真话中国需要多一些这样#东方财富网##非农#的专家应该多保护这样的专家防止各种网络暴力,04/25
#群体免疫#，先把那些主张群体免疫的人集中在一起，先让他们实验群体免疫，看看效果如何。#钟南山称群体免疫行不通#,04/25
我大概是最后一个知道内科是钟南山主审的（。太久没摸实体书了,04/25
#凤凰新闻#分享凤凰新闻：布拉德·皮特扮演“美版钟南山”对特朗普猛烈“开火”O布拉德·皮特扮演“美版钟南山”对特朗普猛烈“开火”来自@凤凰新闻客户端,04/26
钟南山：“女排精神对我们鼓舞很大”O钟南山：“女排精神对我们鼓舞很大”,04/26
【小小飞贼】方舟子作为网络喷子被众多网友熟知，就在几年前的转基因争论刚刚落下帷幕，如今又来黑钟南山院士方舟子抹黑钟南山院士网友：他已经走火入魔了，他疯了！#钟南山说我们挺过来了##全民打假方舟子##方舟子#O网页链接,04/26
广州青春“战疫”原创歌曲和主题MV，邀请了我的老朋友钟南山院士为MV题写歌名《升》，我有幸参与了演奏配乐O网页链接,04/26
#钟南山院士公布研究最新成果#,04/26
🌱钟南山院士，走进广药集团就是生产我们祛湿茶和喷雾的广药哦！王老吉凉茶就是我们祛湿茶的欧巴我们中国的国粹中药真的很牛逼[得意]L小雷蕾-lucky的微博视频,04/26
几个孩子争相与钟南山合影，这才是年轻人正确的追星方式！L听月的微博视频,04/26
布拉德·皮特扮演“美版钟南山”对特朗普猛烈“开火”O布拉德·皮特乔装扮演福奇逐一批驳白宫简报会争议言论,04/26
【#浙江#抗疫英雄们举办集体婚礼钟南山李兰娟齐送祝福】#钟南山李兰娟向抗疫英雄贺新婚#近日，浙江湖州。德清莫干山郡安里，40位新人集中结婚，他们都是因为疫情，推迟了婚期。这40对新人之中，既有抗疫前线的医护，也有坚守后方的基层工作者、志愿者，钟南山、李兰娟院士都分别给新人们用视频送来了祝福。lL沸点视频的秒拍视频,04/26
好开心操心也送上鼓励视频啦！让我们又多了一份力量！！！希望可以有更多的人加入我们www我们坚信！疫情不分国界同一个世界，同一场战疫！OneWorldOneFight#同一个世界同一场战疫##钟南山说OneworldOnefight##中国青年线上抗疫志愿者入团通知书##ONE-WORLD##oneworld##oneworld#操心你个worryworry,04/26
#晚安，大艺术家#搞不懂为什么有人要喷袁隆平爷爷买手机钟南山爷爷出诊费，张文宏爷爷年收入晚安，达宝们，好梦～,04/26
有人说：钟南山说“真话”张文宏说“实话”合在一起是“真实”真实的反面是“虚假”——文潭视频记,04/26
#普法课堂#【自己辛苦经营的账号，被抢注成商标怎么办？】自己辛辛苦苦经营的账号昵称，却被第三方公司抢注成商标，还被要求改名，遇到这种事真让人糟心那被恶意抢注商标了该怎么办？一起看看视频L央视社会与法的酷燃视频（央视社会与法）#广东严打恶意申请钟南山等商标行为#,04/26
万能的星空、愿望明天都会实现、晚安😴#钟南山说我们挺过来了##乃万镜头#,04/26
今早，在广州医科大学附属第一医院，包括80后桑岭在内的广东援鄂医务人员返院钟，南山到场迎接。钟南中说“我们挺过来了！″今天，钟南山说的这6个字刷屏了！,04/26
【为什么蚊子不咬别人，总爱咬我】天气越来越热，蚊子又要狂欢了。爱吃甜食爱喝酒的人更爱招蚊子？蚊子咬人会挑血型？人体对蚊子的吸引力究竟是什么？来看北京疾控中心的专家怎么说↓↓↓（CCTV生活提示）LCCTV生活提示的秒拍视频#钟南山称没发现蚊子传播新冠病毒#,04/27
#晚安新都#【钟南山、李兰娟、张文宏寄语复学学子：敬畏生命崇尚科学】随着疫情防控形势持续向好，各地学子逐步有序到校复课复学。钟南山、李兰娟、张文宏三位曾经奋战在抗疫一线的专家，也给复学的学子们送上寄语，希望他们珍惜时间、敬畏生命、崇尚科学。（中新视频视频来源：北京史家小学）L中新视频的秒拍视频,04/27
“钟南山指出，现在国内外疫情情况悬殊，中国已步入疫情的第二阶段，而其他一些主要国家还处在大暴发的第一阶段，这意味着人传人的几率非常高，戴口罩仍是很重要的自我防护手段，现在就提出不戴口罩为时过早。不过，O全国各地公布摘口罩时间？真相来了,04/27
#春天在哪里#钟南山院士寄语O绿洲#随手拍春天#L用户7439760206的微博视频,04/27
#垦检分享##公众人物的名字能不能注册成商标#【钟南山凉茶、莫言烧鸡……可以随便把名人名字注册成商标吗？】国家知识产权局3月3日对首批63件进入实质审查阶段的“火神山”“雷神山”“钟南山”等恶意商标注册申请依法作出驳回决定。其实，用名人名字注册商标的现象并不是第一次出现，外国的乔丹、007、哈利波特，中国的莫言、屠呦呦都被人抢注成商标。戳↓公众人物的名字到底能不能注册成商标呢？（央视网；CK）L央视网的微博视频,04/27
#垦检分享#【#钟南山李兰娟张文宏寄语复课学子#】随着各地学子逐步有序到校复课，钟南山、李兰娟、张文宏三位抗疫专家给学子们送来寄语。#钟南山说有国才有家#，能有好好学习的环境很不容易；张文宏希望同学们不负韶华、只争朝夕；李兰娟说，疫情就是课堂，希望同学们珍惜时间、敬畏生命。L中新视频的秒拍视频,04/27
#感谢有你##阳光信用#一幕幕抗疫感人画面，无数一线人员奋不顾身的努力，见证着中华儿女不屈的抗疫精神。感谢全国援鄂医疗队员；感谢钟南山、李兰娟等科研人员和团队的不懈努力，并支持科研攻坚；感谢鞠躬尽瘁的一线医护人员及家属；感谢支持抗疫的各界人士。大家一起加油！,04/27
《泪目！钟南山院士回忆留学经历，生活相当艰苦，但从没想过不回来》钟南山院士，应该算是现在最火的“星”了，因为很多人不喜欢“明星”，但却喜欢钟南山院士这颗更亮的“星”。O网页链接,04/27
【白岩松采访雷军：度过危机三大秘诀】1月20日，钟南山院士表态新冠病毒会人传人，到现在已经过去了整整99天。这期间，无论个体还是整个世界都已经被深深改变，而受到多重冲击的大小企业，也正在艰难地复工复产。而在明天(4月28日)，第一次由中国政府相关部门主办的双品网购节将正式拉开大幕，一直持续到5月10号。在这样的背景之下，著名主持人白岩松在央视《新闻1+1》栏目中连线访谈了雷军。O白岩松采访雷军：度过危机三大秘诀,04/27
//分享网易新闻:《昨晚，李小璐们赢了，钟南山们输了……》O昨晚，李小璐们赢了，钟南山们输了……@网易新闻客户端#网易新闻#,04/27
【为什么蚊子不咬别人，总爱咬我】天气越来越热，蚊子又要狂欢了。爱吃甜食爱喝酒的人更爱招蚊子？蚊子咬人会挑血型？人体对蚊子的吸引力究竟是什么？来看北京疾控中心的专家怎么说↓↓↓（CCTV生活提示）LCCTV生活提示的秒拍视频#钟南山称没发现蚊子传播新冠病毒#,04/27
不知道北京高校毕业生什么时候开学。全国很多省份都已经开了，钟南山院士也说支持开学了，我不懂这样一直拖着最后有什么意义。境外输入也一直有，本地除了接触境外的人，其余无增加。这个疫情今年都过不去，那就一直不开了吗？否则现在开学和一直拖着最后开学有什么区别呢？？#北京开学时间##北京高校开学时间#,04/27
【为什么蚊子不咬别人，总爱咬我】天气越来越热，蚊子又要狂欢了。爱吃甜食爱喝酒的人更爱招蚊子？蚊子咬人会挑血型？人体对蚊子的吸引力究竟是什么？来看北京疾控中心的专家怎么说↓↓↓（CCTV生活提示）LCCTV生活提示的秒拍视频#钟南山称没发现蚊子传播新冠病毒#,04/27
【#钟南山李兰娟为40对新人送祝福#】25日2020莫干山大型户外公益集体婚礼盛大举行。40对来自全国不同城市因疫情推迟婚期的新人们，在竹海山林间喜结良缘。婚礼现场中国工程院钟南山院士和李兰娟院士分别通过语音和视频，为新人送上新婚祝福。L看看新闻Knews的秒拍视频,04/27
【钟南山凉茶、莫言烧鸡……可以随便把名人名字注册成商标吗？】国家知识产权局3月3日对首批63件进入实质审查阶段的“火神山”“雷神山”“钟南山”等恶意商标注册申请依法作出驳回决定。via央视网L央视网的微博视频,04/27
#钟南山谈国内外防疫差异#虽然目前全球疫情发展形势仍然严峻，但是随着五一长假到来，外出仍需谨慎，国内外防疫状况不同，国内疫情趋于稳定，但海外疫情仍存不确定风险，国内外疫情防疫存在较大差异化。#奇趣视频#L最治愈的视频的微博视频,04/28
【致敬一线医护工作者！#开学第一课小学生手绘钟南山#】4月26日，云南昆明，各小学四至六年级开学复课。龙翔小学的开学第一课上，重返校园的小学生们纷纷上台，展示了自己完成的英雄偶像画作，描绘最多的偶像，是钟南山院士和广大奋战在战疫一线的医护工作者。致敬！L人民视频的秒拍视频,04/28
#钟南山谈国内外防疫差异#差异就是我们是防疫，其他都是#群体免疫#,04/28
院士打CALL！钟南山领衔成立“刺梨防治呼吸疾病产学研联合攻关组”，助力扶贫攻坚“我本身是贵州人。从1937年到1946年我就生活在贵州，对贵州医科大学、贵州省人民医院也有很深的感情。”今天（28日）下午，中国工程院院士、国家呼吸系统疾病临床医学研究中心主任钟南山出席2020年贵州刺梨产业发展论坛，为贵州特产刺梨打CALL。据了解，为助力贵州脱贫攻坚，广药集团结合贵州刺梨产业研发刺柠吉系列产品，钟南山将领衔与贵州省呼吸疾病研究所、广药集团共同成立“刺梨防治呼吸疾病产学研联合攻关组”，更加深入研究和挖掘刺梨的功效。钟南山院士于论坛上致辞钟南山：刺梨具有较高的营养价值论坛中，钟南山院士就刺梨如何成为贵州脱贫攻坚“抓手”、维生素C在医学上的重要性等方面进行了分享和解读。他认为，维C的补充对人体十分重要，以前年轻当运动员的时候，几乎每天都要补充维生素C。这次抗击新冠肺炎疫情中有两个医院就尝试了用大剂量维生素C对重症患者进行治疗，临床证明是有效的。为推动刺梨产业发展，贵州省人民医院、贵州省呼吸疾病研究所和广药集团联合开展贵州刺梨产业科研项目合作。钟南山还将领衔与贵州省呼吸疾病研究所、广药集团共同成立“刺梨防治呼吸疾病产学研联合攻关组”，更加深入研究和挖掘刺梨的功效。钟南山等嘉宾为“刺梨呼吸疾病研究联合攻关组”揭牌钟南山评价，刺梨具有较高的营养价值，从农产品变为工业品、世界消费品，“希望通过这样的帮扶形式，使贵州地区广大老百姓生活水平提高，实现真正脱贫。”广药集团还通过钟南山基金会向贵州省红十字会捐赠价值100万药品，用以加强疫情后期防控。为消费扶贫助阵，“直播天团”组团“首秀”助力脱贫攻坚是广药集团今年的三大任务之一。自接到东西部协作号召后，广药集团围绕产品上市推广、生产基地建设、刺梨产品研发三大方面帮扶贵州刺梨时尚生态产业发展，全力助力贵州脱贫摘帽，保障脱贫攻坚的“高质量”。广药集团董事长李楚源发言当天的论坛特别设置了别开生面的电商直播环节。钟南山院士、广药集团董事长李楚源走进直播间，向网友介绍刺梨、刺柠吉等，科普维生素C对提高免疫力的作用，以幽默、轻松的语言与线上观众进行直播互动；世界羽毛球女子冠军谢杏芳也通过隔空直播连线的形式，介绍居家抗疫期间的居家运动、健康料理等小技巧，引爆线上人气。钟南山、李楚源走进直播间据了解，这是广药董事长李楚源第一次上阵直播，直播时长1小时，成交额过百万元，累计超过258万人次观看。来源：广州新闻电台全媒体记者：赖婷婷,04/28
钟南山等防控专家为开学复课支招：学校应与发热门诊建立密切联系O钟南山等防控专家为开学复课支招：学校应与发热门诊建立密切联系,04/28
【#钟南山谈国内外防疫差异#：希望尽早恢复社会秩序推广中国防疫经验】日前，钟南山院在为贵州刺梨果农脱贫助力时谈到国内外疫情现状及差异：目前国外新发疫情依然在高位，而国内面临的挑战可能更加严重。积极复工复课的同时更要做好严防外部输入的感染，尽早恢复社会秩序并向其他国家推广中国防疫经验。,04/28
"我正在看【美国专机邀请钟南山,钟老:请跟我的国家说】，分享给你，一起看吧！O网页链接",04/28
我正在看【钟南山院士给中国航天发来祝福。】，分享给你，一起看吧！O网页链接,04/28
"我正在看【他是无双国士,更是定海神针,致敬医生钟南山】，分享给你，一起看吧！O网页链接",04/28
【#钟南山谈国内外防疫差异#：希望尽早恢复社会秩序推广中国防疫经验】日前，钟南山院在为贵州刺梨果农脱贫助力时谈到国内外疫情现状及差异：目前国外新发疫情依然在高位，而国内面临的挑战可能更加严重。积极复工复课的同时更要做好严防外部输入的感染，尽早恢复社会秩序并向其他国家推广中国防疫经验。,04/28
"我正在看【钟南山当众撒狗粮,没想到你是这样的国士!】，分享给你，一起看吧！O网页链接",04/28
"我正在看【他是无双国士,更是定海神针,致敬医生钟南山】，分享给你，一起看吧！O网页链接",04/28
"我正在看【钟南山刷新对年龄的认识,还想再奋斗二十年!】，分享给你，一起看吧！O网页链接",04/28
#钟南山谈国内外防疫差异#钟南山现身淘宝直播间，为贵州百万刺梨果农脱贫助力。钟老还给网友分析国内外防疫现状及差异，称国内所面临的挑战或许比之前更加严重，国外新发疫情仍处在高位，要做好防止外部输入的措施，同时摸着石头过河，积极复工复课，恢复正常生活秩序。L速达现场的秒拍视频,04/28
"『""美国钟南山""：病毒不会消失美国或将""栽个大跟头""』O""美国钟南山""：病毒不会消失美国或将""栽个大跟头""",04/28
4月28日，钟南山院士一来淘宝直播，就瞬间引爆网友的热情。钟南山院士叮嘱淘宝网友：“目前仍处于抗击疫情的关键阶段，一方面要复工复课，恢复正常生活秩序，另一方面要防境外输入……大家日常可以适当补充维生素C，对很多疾病有预防、治疗作用。”,04/29
#聚师网#钟南山和李兰娟为40对新人送祝福#华晨宇歌王#[米奇比心]#歌手华晨宇#我就要来宣传华晨宇的四专啦！在网易云！而且今天还有新歌会解锁与其听各种路人言论，不如亲耳来听听～华晨宇原创四专《新世界NEWWORLD》网易云独家上线，八首歌曲曲风格迥异，总有一款你喜欢，今天13.07（没错就今天！）华晨宇歌王夺冠...展开全文c,04/29
近日，多个网络账号转发“钟南山：5月疫情将全面爆发”等文章，引起大量网友关注。那么钟南山院士真的说过这话吗？经查证，钟南山院士并未在任何公开平台上预测过“5月疫情将全面爆发”。与之相反，钟南山院士在4月1日接受媒体采访时表示，新冠疫情在中国仍须警惕，但预计不会出现第二次暴发。“因为我们有强有力的监测系统。一旦发现（病毒感染者）立即隔离，对其密切接触者也进行隔离观察，在很早的时间切断传播链，它不会引...O网页链接,04/29
【热门视频】精彩视频，尽在QQ浏览器O网页链接美国钟南山发出警告！…美国，我为你悲哀…🙏🙏,04/29
钟南山：全球疫情关键看美国，气温上升对病毒有一定抑制作用O钟南山：全球疫情关键看美国，气温上升对病毒有一定抑制作用,04/29
钟南山#钟南山#,04/29
前天晚上梦到钟南山，昨天梦到黄志忠，今天晚上看看还会有谁？,04/29
#军克长效纳米级消毒液#钟南山院士呼吁大家疫情防控不能松懈现在疫情传播还是主要以唾沫传播为主要做好自我防护，保持社交距离必须坚决防止疫情反弹，直至最后胜利,04/29
#钟南山估计全球疫情至少延续到6月份##全球疫情至少延续到6月#想起自己以前做错事情，有人要关闭我七天，很是痛苦！这次大家都冷静了！我就想十四天难过的，现在好多个十四天啦……我学会了很多做菜、运动的方法，管理自己的时间！也让自己尽全力不再有做错事情的决定！O钟南山估计全球疫情至少延续到6月份，疫情期间你最难的是什么？,04/29
#晚安三亚#随着各地学子逐步有序到校复课，钟南山、李兰娟、张文宏三位抗疫专家给学子们送来寄语。#钟南山说有国才有家#，能有好好学习的环境很不容易；张文宏希望同学们不负韶华、只争朝夕；李兰娟说，疫情就是课堂，希望同学们珍惜时间、敬畏生命。via.@人民日报L中新视频的秒拍视频,04/29
钟南山上淘宝直播835万人点赞O钟南山上淘宝直播835万人点赞,04/29
"#同心战疫,使命有我#@共青团中央#五四精神传承有我#作品思路：提到“战疫”这两个字时，我首先想到的就是钟南山院士，还有广大的医务工作者、基层职工干部和志愿者。我想向所有奋战在一线的医护人员致敬，也向所有在疫情中坚守奉献的普通人致谢。这是他们给我留下的“英雄印象”，我们全国人民“疫”不容辞，携手抗“疫”。用一双双手扛起重担，一份份爱传递接力，汇聚起战无不胜的抗疫力量！话题寄语：抗“疫”勇担当，众志可成城庚子鼠年不如意，灾情骤降华夏地。新冠病毒肆虐起，宅家城封窗又闭。赤县神州不惧敌，万众一心齐抗疫。各国物资均聚齐，四面八方来送医。国家指挥快不紊，部门监管密又严。人民防范意识强，佩戴口罩记心间。耄耋之寿钟南山，临危受命战前线。年过古稀李兰娟，披星戴月把病研。社区人员齐上阵，病毒休想涌进来。小舍小离情更深，患难才可见真情。儿女双双离家远，父亲母亲含热泪。虽说担心儿女身，全力支持未后退。党和人民不后退，志愿工作永不停。全国人民不放弃，疫情好转在眼前。病魔难撼炎黄孙，中华民族永屹立。亿万同胞共奋进，战胜疫情一定行！",04/29
《17年前，钟南山67岁！17年后，钟南山84岁！感动中国，感动你我》#钟南山##疫情##钟南山说我们挺过来了#链接：O网页链接,04/29
只有我才晓得钟南山爷爷是半个贵州人嘛,04/29
看不出这首儿歌问题在哪：新冠病毒终于哭了“我要走了。我要回美国去，回到美国我就到家了...真后悔到中国来。在这里我实在是混不下去了。中国的山太多，什么火神山雷神山钟南山...中国政府太狠，说封城就封城；中国白衣天使太玩命，争着逆行，前赴后继#关注新冠肺炎##关注新冠肺炎#,04/29
【#这10个追问美国必须回答#】100天，逾百万。自1月20日确诊首例至今，美国已成为全球新冠确诊和死亡病例最多的国家。抗疫关头，一些美国政客却忙着造谣抹黑、到处“甩锅”。这不仅无法转嫁责任，反而进一步暴露出美国防疫中的重重疑点。这10个问号，美国政府有责任有义务回答清楚，给全世界一个交代。@战略安全与军控在线@偶像钟南山,04/30
老师在班级群里发了个视频《钟南山爷爷的故事》，昨天晚上打算给兜兜讲讲。我问他你知道钟南山吗，兜兜说知道啊，我还以为他之前跟我们看新闻知道的，结果他说：终南山就是西游记里面那个乌鸡国三年没下雨，国王就找来了一个从终南山来的道士来求雨，后来那个道士把国王推到井里淹死了，自己做了国王。后来唐僧孙悟空就把国王复活了，这个复活的真国王就找那个道士，要把他杀掉。,04/30
钟南山、黄涛、史德城：团圆佳节，不忘坚守@星际水手vvO网页链接,04/30
#五四致敬战疫青年#对于2020年来说，这个数字是非常美好的。可是，肺炎疫情的到来给我们的祖国蒙上了一层乌云，笼罩着中华大地，突然间，天空黯淡，世界阴冷。然而我们伟大的祖国有着一群团结友爱、不怕艰难的人民，他们坚守着“一方有难，八方支援”的美德，盼望着“乌云”背后的灿烂的阳光。　　一马当先，甘当战“疫”的“探路人”。这是一群无畏勇敢的人们，他们不顾安危，奔赴在抗疫一线。嘴里说着“没有特殊情况，不要去武汉”的钟南山院士义无反顾地前往武汉抗击病毒;“年后准备举行婚礼的年轻夫妇义无反顾上演战“疫”最美夫妻档;多日面临着高强度工作的护士全然不知脸上早已布满了勒痕;得知同行好友感染病毒泣不成声的医生毅然决然转身救人……伟大的文学家鲁迅先生说：“我们自古以来就有埋头苦干的人，有拼命硬干的人，有为民请命的人，有舍身求法的人。”然而这些专家学者、白衣天使，不计报酬，无论生死，为拯救生命，为民族担当，他们是国家的脊梁，更是人民的恩人。@中国青年报,04/30
#我的青春关键词#在这个全新的，有生机活力的新时代里，我的青春关键词是，做一个有担当、有理想、敢于拼搏奋斗的00后新青年。除了我的家长之外，在今年突发性疫情期间，我又新增加了一个偶像——钟南山院士，有舍小家顾大家的情怀，有以人民的生命健康安全为己任的责任感，是值得我们中华人民去崇拜的，是我们中华文明的继承和延续，新时代的江苏青年应该是具备敢于争先、活出自我、拼搏向上的勇气，应该具备有创新意识、有理想、有文化、有道德、有纪律、有自律、有担当、要以国家复兴为己任，做到同国家与时俱进的新时代青年人。#新时代江苏青年精神#,04/30
【钟南山警示：必须重视无症状密切接触者】对于如何控制疫情钟南山表示不要只重视有症状的人，还要特别关注确诊患者的无症状密切接触者，这一点中国非常重视。#钟南山回应无症状感染者情况#L小央视频的秒拍视频,04/30
『@烟民，钟南山团队论文没有这样的结论！』O@烟民，钟南山团队论文没有这样的结论！,04/30
#美国##美国疫情##福奇称瑞德西韦疗效明显#【接获大量海外订单，#中国工厂加紧生产福奇玩偶#，盈利用于买口罩】RT报道称，中国厦门一工厂近日接到大量美国顶级传染病学家福奇的摇头玩偶订单，正在加紧生产。工厂负责人表示，其实他们不了解福奇是谁，只知道是美国版钟南山。目前工厂已接到3万件福奇玩偶订单，每天产量为1000件，部分盈利将用于购买口罩供需要的人使用。#美国新冠病毒感染病例超100万#L时差视频的微博视频,04/30
#凤凰新闻#分享凤凰新闻：钟南山再次强调：第二种感染方式，比飞沫传播还厉害O钟南山再次强调：第二种感染方式，比飞沫传播还厉害来自@凤凰新闻客户端O网页链接O钟南山再次强调：第二种感染方式，比飞沫传播还厉害,04/30
【热门视频】精彩视频，尽在QQ浏览器O网页链接美国钟南山福奇的警告！,04/30
有钟南山院士，有钟南山院士一样的战“疫”团队，有他们始终昂立的民族精神，再凶猛的“疫”情也必将得到控制，我们相信，我们坚信，我们向他们致敬!@南工程电力学院分团委@南京工程学院校团委,04/30
今年注定是一个特别的五四，钟南山院士在节前寄语青年：“这世界属于青年，就让青年改变世界！”这其中也包括对他的学生——桑岭医生的点赞。钟南山学生的战“疫”记忆：最心疼老师坐餐车去武汉O网页链接,04/30
"#五四致敬战疫青年#我是河北工院经贸学子,我在保定向战疫青年致敬，五四精神传承有我。【不要忘了钟南山的遗憾】应急响应级别下调，我们正在走向痊愈。回望这一张张年轻医务人员的脸，需要重温钟南山医生多年来的一个遗憾：不能非典一走、汶川地震一过，医生就从“白衣天使”变成“白衣狼”。这次，他这样说：“我必须再次重申，我国绝大多数的医务人员，从来都是白衣天使，他们从未离开过这个名称。”等到疫情完全解除，无论你是去做医生还是去就医，请记住医患之间的休戚与共、唇齿相依，请把感动变为尊重。对他们说一声#谢谢你保护了我们#！@中国青年报",04/30
借力.借智.借势如果你暂时没工作，我建议你跟我起名看风水！不会可以学，不起不看做推广也行！朋友圈我发什么你就转发什么，借力使力不费力。刘玄在易坛和名学界有点知名度，上百度一搜就能找到。名字和风水大家都很重视。火神山、雷神山、钟南山，让名字在全国都火了，从上到下、从官方到民间都很重视。如果你有工作，我建议你兼职做我的代理，因为它不会影响你的工作和生活，一个月下来赚1000，你水果钱就有了；赚2000，吃饭的钱就有了；赚3000，逛街，K歌，下午茶钱都有了；赚6000，背起包，说走就走的旅行马上就来。主要是自由，时间自己分配！更何况，费用为零！感兴趣，跟我联系。如果能学，5.1就是机会3天把你领上道包吃包住学费本来39800疫情期间济困仅需28888机会难得，不容错过手把手教学，每次只带1一3人电话:18852378899,04/30
虎娃熊爸系列之五十六虎娃：爸爸，你知道谁拯救了中国人吗？熊爸：...（深思五秒钟）一定是奥特曼！虎娃：错了，爸爸！是钟南山！熊爸：...（恍然大悟）哦！虎娃：爸爸你怎么连这个都不知道，我还认识钟南山呢！（得意）熊爸：......,04/30
