【太有才了！#雷神山医院里的钟南山漫画#】黄鹤楼、户部巷、热干面、还有钟南山对武汉人民说的话…在雷神山医院的A区走廊墙壁上，画满了关于武汉的记忆。这些涂鸦大多由全国各地援助雷神山医院的医护人员手绘而成。网友：是多才多艺的抗疫战士啊！#雷神山医院的涂鸦#O雷神山的涂鸦 太有才华了,03/01
#雷神山医院里的钟南山漫画#照顾好自己钟爷爷,03/01
【钟南山团队论文：#近五成患者就诊时未发热#】28日，钟南山院士团队论文发布：截至1月29日，团队提取了1099例患者数据。该研究分析了患者各年龄段人群分布特征、感染者症状、接触史、影像学表现等。研究指出，近一半患者入院时可能尚未出现发热，但随着疾病进展，将近90%的患者出现发热。O钟南山团队论文正式发表：就诊时尚未发热新冠肺炎患者近五成,03/01
【#15000个武汉加油中国加油拼成钟南山#】来自武汉的高二学生涂宇恒，写下1.5万个“武汉加油”、“中国加油”，拼出钟南山头像。为完成这幅画，他用4天写废了4支笔。转↓一起为武汉加油，为中国加油！L长江日报的微博视频@长江日报,03/01
【#15000个武汉加油中国加油拼成钟南山#】来自武汉的高二学生涂宇恒，写下1.5万个“武汉加油”、“中国加油”，拼出钟南山头像。为完成这幅画，他用4天写废了4支笔。转↓一起为武汉加油，为中国加油！L长江日报的微博视频@长江日报Lchen凤之痕的微博视频,03/01
#雷神山医院里的钟南山漫画#武汉加油钟爷爷辛苦了！,03/01
#雷神山医院里的钟南山漫画#太有才了！！多才多艺的战士们,03/01
#雷神山医院里的钟南山漫画#感动，感激，事情结束后让他好好休息一下吧,03/01
武汉男孩唱火了你认识钟南山吗L开心快乐11kk的微博视频,03/01
#袁隆平为抗击新冠肺炎疫情捐款10万元##钟南山给广东驰援湖北医务人员打气#这是一个在网络上发表言论要负责的时代O这到底是怎样的一个世道？三观颠覆！,03/01
【太有才了！#雷神山医院里的钟南山漫画#】黄鹤楼、户部巷、热干面、还有钟南山对武汉人民说的话…在雷神山医院的A区走廊墙壁上，画满了关于武汉的记忆。这些涂鸦大多由全国各地援助雷神山医院的医护人员手绘而成。网友：是多才多艺的抗疫战士啊！#雷神山医院的涂鸦#O雷神山的涂鸦 太有才华了（转载自人民日报）@汽车生活官博@段旭的微博@i尚电动,03/01
【太有才了！#雷神山医院里的钟南山漫画#】黄鹤楼、户部巷、热干面、还有钟南山对武汉人民说的话…在雷神山医院的A区走廊墙壁上，画满了关于武汉的记忆。这些涂鸦大多由全国各地援助雷神山医院的医护人员手绘而成。网友：是多才多艺的抗疫战士啊！#雷神山医院的涂鸦#,03/01
自我挑战#云挑战✔复习刑法整理笔记✔复习英语✔单词50+✔资本论——剩余价值✔Jap法一篇✔培根论人生✔生命卫士——钟南山✔古典诗两篇✔刑法案例一篇,03/01
中国有个钟南山，这将是一个时代的记忆！！,03/01
#雷神山医院里的钟南山漫画#加油加油,03/01
肺炎#新冠肺炎##抗疫论坛##新冠疫情讨论#@生命时报【美意日韩多国现本土传播病例！新冠病源究竟从哪里来？向哪里去？】新冠肺炎疫情初起，由于集中出现在武汉，很多人把源头指向中国，有些国家和地区甚至出现抹黑中国、歧视华人等现象。但随着疫情的发展、研究的深入，关于病毒发源地的指向有了新的变化。2月27日，#钟南山#院士表示：“疫情首先出现在中国，但不一定发源在中国。”《生命时报》采访权威专家，结合最新研究对病毒源头进行分析，并呼吁大家理性看待病毒的地理来源。O美意日韩多国现本土传播病例！新冠病源究竟从哪里来？向哪里去？,03/02
#钟南山团队建议严格防控实施至4月底#保证听话👌,03/02
#钟南山团队建议严格防控实施至4月底#评论真的无语，刚开始人家有成果了疯狂跪舔，是英雄辛苦了之类的，现在？又开始各种嫌弃，利用完就抛弃，人性呀人性,03/02
#钟南山团队建议严格防控实施至4月底#如果对国家对社会对人民有利这是应该去做的哈哈哈但是毕业生一开学就只有一两个月的时候不能好好多在学校待会也是很可惜的加油毕业生,03/02
#钟南山团队建议严格防控实施至4月底#好的，钟霸霸，我在社区防疫值班中，还不能返杭工作。请保佑届时我的饭碗还在...,03/02
2020年魔幻的一年，各种新闻各种消息各种心酸泪的故事！#钟南山团队建议严格防控实施至4月底#,03/02
#钟南山团队建议严格防控实施至4月底#钟老,03/02
#钟南山团队建议严格防控实施至4月底#,03/02
我在看：钟南山：新冠病毒不会像流感经常性爆发#跟新浪看热点#(下载客户端:新浪新闻),03/02
#钟南山团队建议严格防控实施至4月底#那不是得五月份开学去了，网课还是要好好上，开学后老师估计得卯起劲上新课了，很难有复习时间了暑假已经提前放了近一个月，不要心存幻想了，上课吧,03/02
#钟南山团队建议严格防控实施至4月底#4月底，开学我都放假了在家上网课，流量撑不住啊,03/02
“方舱”医院欢乐多！#钟南山团队建议严格防控实施至4月底#在医院外面的我们也要积极面对疫情，配合做好疫情防控！L叫我泱小样的微博视频,03/02
#钟南山团队建议严格防控实施至4月底#以后再出现什么吃野味之类的，👴🏻可能真的会杀人,03/02
我在看：【钟南山：新冠病毒不会像流感经常性爆发】#跟新浪看热点#O钟南山：新冠病毒不会像流感经常性爆发,03/02
#钟南山团队建议严格防控实施至4月底#坚持下去，不要放松警惕，继续防范抗疫,03/02
希望大家可以爱护环境，不要再吃野味了，2003年的非典，我们有钟南山老师，2020的新冠肺炎我们有钟南山老师，可有没有想过他是一位已经84岁的老人，在普通的家庭里，84岁本应该在家颐享天年，含饴弄孙的年纪，他却为了某些人的口腹之欲，在本应该阖家团圆的日子里奔赴一线去治病救人，那些为了自己的口腹之欲去吃野味的人，我想问一句，野味真的好吃吗？不用让别人去为你们的行为去买单，因为你的口腹之欲，中国有多少个家庭破碎，又有多少个小孩在等待她（他）的爸爸妈妈回家，又有多少人的老公，老婆在奔赴一线，他们甚至不知道自己能不能够回家，有没有机会还可以见到自己的家人，请大家不要再吃野味了，拒绝野味，从我做起@会发脾气的咩咩,03/03
记住这个人，才是真正的中国脊梁，没他。中国亡国灭种都有可能。广东人才是真正的汉人中的精英。现在的钟南山也是。,03/03
#钟南山团队建议严格防控实施至4月底#已经上班的我们战战兢兢！！！！,03/03
【广东援鄂一线医护火线入党，#55年党龄钟南山院士庄严领誓#】2日下午，广州医科大学附属第一医院党委举行粤鄂远程视频连线，为坚持奋战在抗疫一线的重症医学科副主任医师徐永昊、内分泌科驰援武汉汉口医院护士李颖贤两名同志举行“火线入党”宣誓仪式。当日，钟南山院士庄严领誓。LN视频的微博视频,03/03
#钟南山李兰娟等10个院士团队齐聚湖北#,03/03
市委书记、市长带头上街购物——疫情尚未解除，大张旗鼓鼓励人们走出家门，海南某市政府这种做法妥当吗？近日，钟南山院士团队在《JournalofThoracicDisease》期刊发表研究文章。该研究把1月23日前后的人口迁徙数据及最新的COVID-19流行病学数据，整合到经典传染病学预测模型中，并得出流行曲线。预测显示：1.本次疫情中国在2月下旬达到高峰，4月底趋于平缓；2.公共卫生干预措施有效控制了疫情发展，严格的防控措施如“早期筛查”最好实施至2020年4月底。我们到底应该倾听医学专家深入研究后提出的专业建议，还是倾听某些政府官员拍脑袋后做出的“决定”？俗话说，无知者无畏。如果当初武汉市政府有关部门领导人能够认真倾听专业医生和医学专家的建议，也就不至于出现如今大面积的疫情。众所周知，新冠病毒的源头至今尚未查出，疫苗研制尚未成功，目前还不能完全确定该病毒最长的潜伏期，14天只是一个大致的判断，说明它的风险依然非常严峻。海南是一个旅游大省，境外游客众多。当前国外疫情处于爆发期，而新冠病毒的潜伏期至少14天，仅仅依靠对外来人员测体温就能确保病毒不会在当地扩散吗？发展旅游经济固然重要，但是老百姓的生命安全更加重要！为什么不能再克服一段时间，等疫情解除后再开放旅游市场也不迟。难道短期的经济效益比公众的安全更重要吗？海南某市的做法显然与中央严控疫情的指示精神相违背。希望海南某市不要重蹈武汉市的覆辙！O市委书记、市长带头上街购物,03/03
最近一直在家，看了好多新闻，向白衣天使致敬。向钟南山院士致敬，向李兰娟致敬，向屠呦呦致敬，向伟大的祖国致敬。,03/03
#钟南山李兰娟等10个院士团队齐聚湖北#也请照顾好自己等你们归来,03/03
#腾讯新闻#钟南山为何说有信心4月底基本控制疫情？这份研究给了答案O钟南山为何说有信心4月底基本控制疫情？这份研究给了答案来自@腾讯新闻,03/03
出门了，大概是5天一次这种频率，去开阔人少的室外。真的整天不出去，确实要被憋疯。如果就我和小陈也还好，我们是可以宅一个月那种人；但孩子们宅久了就要疯……还是得出去跑跑步，撒撒欢，晒晒太阳，不然精力旺盛的小孩们痛苦的连觉都睡不着。诺诺昨晚已经开始在家踩滑板车了，明明滑两脚就到头了，他还坚持玩了二十来个来回，像动物园笼子里的困兽今天带出去放风筝也是为了让他们跑跑，明明我俩都不会放风筝来着，愣是假装玩了一两小时，墩诺也都反复跳着喊着想玩想玩，其实拉着风筝跑十来趟，风筝一回都没飘起来在体力消耗成这样的基础上，现在墩儿才愿意躺下试试看能不能睡着让上帝保佑她顺利睡着吧，我好歇会儿#钟南山强调目前不要出行##新型肺炎疫情可能元宵节前好转#O近期你出门了吗?每天都是怎么过的？,03/03
西安终南山体验李子柒视频里的生活，喝茶赏雪很唯美，痛苦谁知道#钟南山团队建议严格防控实施至4月底#L吃完了596的微博视频,03/03
【数字】#钟南山李兰娟等10个院士团队齐聚湖北##42322名医务人员支援湖北#钟南山、李兰娟、王辰、黄璐琦、张伯礼、陈薇、乔杰、仝小林等10位业内著名院士，集结他们的团队齐聚湖北。截至目前，有344支医疗队、42322名医务工作者从全国各地支援湖北。其中在这些医疗团队中，重症医学科、感染科、呼吸科、心血管科和麻醉科的专家达到15000多人。,03/03
#钟南山李兰娟等10个院士团队齐聚湖北#民族栋梁，有你们真好保护好自己，平安归来！！！,03/03
292今日学习内容：✅背单词；✅每日一句；✅传播学课1笔记；✅写《钟南山传》读后感；❎传播学课2。次日学习计划：📌背单词；📌每日一句；📌传播学课2；📌整理传播学课2笔记；今日总结感悟：少去争论，多去读书。其实我一直都是懒得去争论的，尤其是和陌生的网友。反而和朋友甚至家人会有争论，那是因为我觉得有意义。关于某条例，先是煽动民族矛盾，然后是男女对立，现在全跑偏了。如果最后实行了，那些扯“黑人白人”、“中国男孩女孩”的人没一个是无辜的。studyaccount,03/03
西安终南山又下雪了，带着女儿和狗狗爬山，偶遇好几处终南隐士家#钟南山团队建议严格防控实施至4月底#L搞笑延延的微博视频,03/03
疫情当前，特殊时期，我们听钟南山的话，不出国门。婚纱照不如在广东拍一下“冰岛”的感觉，怎么样？,03/04
3.4我真的太不喜欢英语了明天一定多学一点英语白天摸鱼晚上精神抖擞我太喜欢晚上学习了就是眼睛有点花，现在这种时期，看啥都像钟南山明天上听不懂的制药工艺,03/04
钟南山团队论文：近一半新冠肺炎患者入院时未发热O网页链接,03/04
你骂钟南山老爷子，我就是跟你不共戴天，你俩这是修的密宗呢？还本身就是雌雄同体？@不动如意明王@杨光张,03/04
支援武汉公益脱口秀主持人感叹中国人会如此的自觉配合，互相监督，还能在困境中找到乐子，其他国家已经乱套了，现在全世界最安全的就是中国#钟南山新冠肺炎疫情有望4月前结束#LDaniel-畲的微博视频,03/04
2月27日，钟南山：4月底“基本上的控制”，我想应该是恢复工作了（立足于国内判断）。L星辰大海V89的微博视频,03/04
我在看：【钟南山：疫情不一定发源在中国】#跟新浪看热点#O钟南山：疫情不一定发源在中国,03/04
【火了！#雷神山医院有壁画#，有信心！】海蛎子和热干面的故事、大连火车站和武汉黄鹤楼、挂着听诊器的钟南山院士……武汉雷神山医院白墙上，一幅幅由大连医科大学附属第二医院护士刘玉和她的同事手绘的“壁画”近日走红网络。可爱的卡通画为战“疫”中的雷神山医院增添了一丝轻松、一份温暖。L新华视点的微博视频,03/04
我正在爱奇艺看钟南山李兰娟等10个院士团队奔赴湖北，42322名医务人员支援湖北，快来@爱奇艺一起看！L钟南山李兰娟等10个院士团队奔赴湖北，42322名医务人员支援湖北,03/04
我在看：【钟南山：新冠病毒不会像流感经常性爆发】#跟新浪看热点#O钟南山：新冠病毒不会像流感经常性爆发,03/04
我在看：【#火神山钟南山等恶意商标注册申请被驳回#【国家知识产权局：火神山等63件恶意商标注册申请被驳回[话筒】#跟新浪看热点#O网页链接,03/04
【火了！#雷神山医院有壁画#，有信心！】海蛎子和热干面的故事、大连火车站和武汉黄鹤楼、挂着听诊器的钟南山院士……武汉雷神山医院白墙上，一幅幅由大连医科大学附属第二医院护士刘玉和她的同事手绘的“壁画”近日走红网络。可爱的卡通画为战“疫”中的雷神山医院增添了一丝轻松、一份温暖。#新型冠状病毒感染肺炎#L新华视点的微博视频,03/04
我在看：钟南山：新冠病毒不会像流感经常性爆发#跟新浪看热点#,03/04
【视觉空间】精英家族：#武汉视觉艺术研究#【钟南山身后的“精英家族”：100年来人才辈出，秘密只有两个字！】O钟南山身后的“精英家族”：100年来人才辈出，秘密只有两个字！点击关注☞灼见今天/灼见（微信号：penetratingview）一个家庭长达百年的勇气担当。作者|北洋君/来源|北洋之家（bypm2016）在与新冠斗争的两个月里，有一位84岁的老人，他掷地有声的话给我们鼓舞，他紧抿的嘴角、泛光的泪眼让我们感动，他脸上难掩的疲惫，更让我们心疼……他就是钟南山，有人说：巍巍南山，国士无双！当我们翻开钟南山的家史，惊讶地发现，站在钟南山身后的，是一个极硬核的“精英家族”！这个大家庭人才辈出，在近百年历史里留下了太多顶天立地、荡气回肠的故事！“敢言敢医”四个大字挂在钟南山办公室最为醒目的位置，可能很多读者已经比较熟悉。钟南山的父亲——著名儿科专家钟世藩，钟南山的“敢医敢言”，离不开父亲的言传身教。然而，很多人还不知道，钟南山的母亲廖月琴，更是一位非常了不起的杰出女性！,03/04
我在看：【钟南山：新冠病毒不会像流感经常性爆发】#跟新浪看热点#O钟南山：新冠病毒不会像流感经常性爆发,03/04
钟南山院士和他的儿子L用户vwmwqopx1f的微博视频,03/05
家庭政治我妈不知道从哪个退休教师群里转到家庭群一篇得意洋洋的文章嘲笑疫情爆发的意大利“意大利没有火神山雷神山钟南山感染了只能抬上山”我对她说咱们这儿每天还在死那么多人怎么好意思去嘲笑别的国家？您能不能别老往家庭群转这种东西？我妈一看气坏了说行行行我知道我在家里地位低以后咱们井水不犯河水我一看老太太生气了正想说几句软话哄哄她她已哗哗哗发来一堆话：我浑身疼痛，头痛、颈椎痛肩周炎（肩膀到手臂全都痛）后背痛、腰痛（骨质增生）坐骨神经痛，从尾椎到屁股由两腿到脚全都痛，再加骨质疏松我发这些到群里不过是苦中做乐活着还有什么意思？好的好的妈我错了您好好活着2020.3.4,03/05
钟南山院士与小孙子的对话，圣贤之人又如此谦卑，让我们怎能不爱您呢？@微视校园>>O网页链接钟南山院士与小孙子的对话，圣贤之人又如此谦卑，让我们怎能不爱您呢？@微视校园,03/05
《要中国道歉的美国主持人是个什么货色？》上月27日，中国权威呼吸病专家、中国工程院钟南山院士就曾说过，疫情首先出现在中国，但不一定发源在中国。O网页链接,03/05
听国家的话，做好自己分内事，就像工人，让休息就在家呆着，让复工就上班，像我们农民，就好好种地，感谢钟南山院士，谢谢医务工作者，以前我觉得做为一个中国人，很自豪，现在觉得超级自豪，超级安心，感谢祖国，祖国母亲加油！O钟南山团队建议严格防控实施至4月底，我们该如何坚持打赢这场疫情战?,03/05
#中国防控措施至少成功预防10万病例#【张文宏医生硬核大实话合集】“人不能欺负听话的人”“防火防盗防同事”“不能为所欲为”“羡慕钟南山，但我选择安静地看剧”“我这样的人在负重前行”“如果要关注，多花点时间关注武汉的医生”“疫情过后，我就silently地走开”……L央视新闻的微博视频,03/05
#凤凰新闻#分享凤凰新闻：钟南山：我早就上报了疫情，是谁在阻止公开？O钟南山：我早就上报了疫情，是谁在阻止公开？来自@凤凰新闻客户端O网页链接O钟南山：我早就上报了疫情，是谁在阻止公开？,03/05
#腾讯新闻#这一次，又是钟南山O网页链接来自@腾讯新闻,03/05
罩向另外那#1009#八座鼎。孔宣和飞廉忙退开，生怕影响到殷辛的情绪波动以及九鼎的归一。八鼎在那道光芒环绕下，竟亦开始发生着细微#钟南山李兰娟等10个院士团队齐聚湖北#,03/05
#云自习挑战#Day6韩语学习民法三节经济学通识（还是没有看完，慢慢看，慢慢吸收）钟南山：生命的卫士你有多自律就有多自由(一半左右)#薛兆丰教授的书提倡完全的市场化经济自我感觉还是要区分下不同行业比较好如果没有这次疫情，我不会认识钟南山，不会去看这本书。最大的感受是一个人要成为优秀的人，家庭环境很关键，更重要的事你是否有上进心，是否不断地充实自己。他能在北大医学院毕业后，因文革知青下乡等活动，十一年几乎未从事过本职专业，35岁通过努力回归到临床医学，而后不断走向世界，靠的是什么，是他的坚毅，努力，行动。光说不做假把式，无论是什么事情，只定目标不行动，永远也不会成功的。后一本书有点鸡汤文的感觉，但是有些话确实也正确。年轻的时候一定要不断学习，给自己加技能，才能不被淘汰，满足于现状只能落后。云监工：@何运晨Yancy@李浩源_鲤太史,03/05
央媒永远是大佬。这个时候，应该把更多的关注与资源给需要的人，给那些科学家、医护人员、以及所以一线工作者，让从事传染病以及以后可能出现的其他灾难性事件研究与应对的工作者后继有人，那些人才是一个国家有难时的希望。#李兰娟每天只睡3小时##钟南山谈李文亮时哭了##李兰娟娱乐明星#,03/05
如何看待“钟南山依赖症”？一方面，在17年来的两次大疫情中，钟院士凭自己的专业能力以及临危不惧、实事求是、仗义敢言、悲天悯人等品质赢得了民众自发的尊重和信赖，他身上应和了人民在危难时需要英雄和“拯救者”的心理诉求。另一方面，钟院士当然不是神，“事事都听钟南山怎么说”，要求他说的每一句话都正确，这显然有悖常理。套用政治家的说法就是，一个社会的命运，如果寄托在一两个权威身上，那是有危险的。“钟南山赢得太多的关注与好评，反衬的是整个社会的尴尬”。这篇文章的题图配文，正是需要我们反思的。O“事事都听钟南山怎么说”，祛魅化时代的反向事件@SDUIVF许超医生@TheLancet-Vivian@徐晔医生@每日医学资讯@四月有时候@多重耐药君@普外科曾医生,03/05
【火了！#雷神山医院有壁画#，有信心！】海蛎子和热干面的故事、大连火车站和武汉黄鹤楼、挂着听诊器的钟南山院士……武汉雷神山医院白墙上，一幅幅由大连医科大学附属第二医院护士刘玉和她的同事手绘的“壁画”近日走红网络。可爱的卡通画为战“疫”中的雷神山医院增添了一丝轻松、一份温暖。#新型冠状病毒感染肺炎#L新华视点的微博视频,03/05
这些人都是什么玩意儿？！……国家知识产权局：火神山等63件恶意商标注册申请被驳回中国国家知识产权局4日对外公布，对于首批63件进入实质审查阶段的与疫情相关的“火神山”“雷神山”“钟南山”等恶意商标注册申请，已依法作出驳回决定。国家知识产权局介绍说，疫情防控期间，该局高度重视与疫情相关的非正常商标申请注册问题。此次驳回的63件商标注册申请均易造成社会不良影响，适用商标法第十条一款八项依法予以驳回，包括27件“火神山”、24件“雷神山”、3件“钟南山”、3件“方舱”等商标注册申请，涉及41个申请人，共23个商品和服务类别。,03/05
#钟南山团队建议严格防控措施实施至4月底##钟南山团队建议严格防控实施至4月底#湖北已经有几个城市新增病例为零，这是一个好的开始，继续坚持做好自我隔离，为自己，为他人！O钟南山团队建议严格防控实施至4月底，我们该如何坚持打赢这场疫情战?,03/05
#众志成城·防控疫情#【明年，新冠肺炎还会来吗？】O【众志成城·防控疫情】明年，新冠肺炎还会来吗？“新冠肺炎很可能会像流感一样，每年都与我们在一起。”日前，被誉为世界最知名“病毒猎手”的美国传染病学专家利普金教授谈到，下一个冬天，它可能会再次回来。新冠肺炎每年都会来？明年冬天，我们怎么办？钟南山院士团队成员、广州医科大学附属第一医院呼吸内科主任医师程璘令教授给出了解答。,03/06
分享网易新闻《发布会上钟南山为何不戴口罩?哪些场景可不带口罩?》O发布会上钟南山为何不戴口罩?哪些场景可不带口罩?来自@网易新闻客户端#网易新闻#,03/06
新冠肺炎每年都会来？明年还会大规模爆发吗？钟南山团队回应O新冠肺炎每年都会来？明年还会大规模爆发吗？钟南山团队回应,03/06
我在看：【钟南山谈疫情拐点：预估二月中下旬达峰值但不等于拐点已到】#跟新浪看热点#O钟南山谈疫情拐点：预估二月中下旬达峰值但不等于拐点已到,03/06
当你因为什么原因感到悲哀痛苦时，可以选择去学些什么东西，这样会让你忘掉痛苦，永远立于不败之地！#华晨宇cos哪吒##人民日报##武汉##钟南山##韩红#,03/06
分享网易新闻《钟南山：重要试剂获批能快速鉴别流感和新冠肺炎》O这个会上钟南山宣布了好消息:一种重要试剂已被批来自@网易新闻客户端#网易新闻#,03/06
分享网易新闻《钟南山：从目前数据看湖北疫情已经开始有转机》O钟南山：从目前数据看湖北疫情已经开始有转机来自@网易新闻客户端#网易新闻#,03/06
分享网易新闻《钟南山：出院患者重新感染只是小概率事件》O钟南山：出院患者重新感染只是小概率事件来自@网易新闻客户端#网易新闻#,03/06
分享网易新闻《事不过三！钟南山的这句话，你记住了吗？》O事不过三！钟南山的这句话，你记住了吗？来自@网易新闻客户端#网易新闻#,03/06
分享网易新闻《钟南山领衔发文：不要误读潜伏期中最小最大值》O钟南山领衔发文：不要误读潜伏期中最小最大值来自@网易新闻客户端#网易新闻#,03/06
"分享网易新闻《钟南山弟子：抢救重症患者不能乱世界没有""神药""》O钟南山弟子：抢救重症患者不能乱世界没有""神药""来自@网易新闻客户端#网易新闻#",03/06
分享网易新闻《新冠肺炎会像流感一样每年来？钟南山团队专家解读》O新冠肺炎会像流感一样每年来？钟南山团队专家解读来自@网易新闻客户端#网易新闻#,03/06
这一次，又是钟南山O这一次，又是钟南山这位老人的的现身，总是预示着真相。,03/06
我妈:昆明疫情怎么样啊？“挺好的啊都治愈了没啥”我妈:网上不是说钟南山担心的事终于发生了吗？“什么事啊？”,03/06
我在看：【钟南山：新冠病毒不会像流感经常性爆发】#跟新浪看热点#O钟南山：新冠病毒不会像流感经常性爆发,03/06
以前我以为终南山是一座山，现在发现钟南山真的是一座山。,03/07
我在看：【钟南山：新冠病毒不会像流感经常性爆发】#跟新浪看热点#O钟南山：新冠病毒不会像流感经常性爆发,03/07
钟南山这50天的行程，看完泪目O钟南山这50天的行程，看完泪目,03/07
《病毒源头到底是哪里？钟南山院士说，疫情首先发现在中国，发源地不一定在中国，结合中科院发表的论文、国外情况及世卫组织声明，增加一些关键点：1.武汉军运会时间是2019年10月18日到27日。2.美国流感爆发是在2019年10月份，已造成一万多人死亡。2.中科院：病毒人传人出现在11月中下旬，这说明》一手明星动态，时下热点事件，搞笑幽默段子微博等你来看。O网页链接,03/07
#钟南山院士的50天行程表#我想钟爷爷希望看到的是不是我们的盲目崇拜，而是一批批像他们一样的年轻人承担起来，在下一次疫情爆发的时候他希望听到的是“放心，都完事了。”,03/07
好久没有吃火锅了哦#钟南山爷爷给孩子们的回信#,03/07
#钟南山院士的50天行程表#,03/07
钟南山院士给孩子们回信：用知识缝制铠甲，不远的将来，各行各业都将由你们披甲上阵。>>O网页链接钟南山院士给孩子们回信：用知识缝制铠甲，不远的将来，各行各业都将由你们披甲上阵。,03/07
#我与世界的距离#【没有钟南山的家庭背景，我们却活成好孩子的三个方式】钟南山，无疑是责任担当的时代代言人。于是很多媒体都争先挖掘钟南山的家庭背景，一时，“好家风”的背景刷满屏。大众的感动、感恩，甚至羡慕、期待，我们也能有这样的家人在身边。钟南山的爸爸，钟世藩院士，秉承着“永远有执着的追求，严谨实在”的原则教育钟南山。而钟南山也秉承着“敢言不欺瞒，严谨真实，严密仔细”的原则来教导他的儿子钟惟德。是的，有多少人羡慕有卓越背景的父辈，和耳目渲染的家庭氛围。但，我们毕竟是普罗大众，我们大多数的爸爸妈妈都是工薪阶层，不是专业技术人员。所以永远不会出现别人家的好家风现象。然而这不代表我们不能活出好家庭的模样。1.微陪伴今天回娘家，妈妈拿出了一本老旧的相册，相册左边粘胶的地方有点破损，一看就是经常被翻看的模样。妈妈一页页的翻开，指着小学、初中、高中、大学的毕业照，还有这么多年的家庭聚会照。而每年暑假寒假去旅游的家庭照，居然占了大多数。回想起来，出生在80年代的我们，小时候能经常旅游，是一种富人家的行为。而不富裕的我们却一直拥有着这种富人的生活。我们的父辈出生在六七十年代，他们的兄弟姐妹小则三四个，多则十五六个。而我们家爸爸就有四个兄弟姐妹，妈妈有七个兄弟姐妹，所以我们从小就生长在手足多的大锅饭的家庭中。虽然爸妈都是老实人，但很庆幸，我们家的七姨是一个会“搞事”的人，每年暑假寒假都会组织我们所有孩子周边游。我们有有去小鸟天堂看各种飞禽走兽，有去酒店的假山小岛上玩，也会去人造的小龙乐园看冰雕……而每次，都会有我们的爸爸妈妈，舅舅舅妈、阿姨们陪伴着，玩伴都是所有的表兄姐妹。从来都不觉得孤单，因为一直有玩伴，一直有家人陪伴。2.给希望我们不是富人家的孩子，我们每一次旅游都不是自己选定的，都是由七姨提前安排规划好的穷游。说是穷游还真穷，我们开着一个大东风车，载着所有的人到达七姨才知道的目的地。腰包里藏着各种干面包和小矿泉水，电饭煲装满蒸熟的腊肉饭，另夏天时还额外带了一箱装满冰棍的泡沫箱。这当然是穷游时的快乐，但穷游前我们是有条件、有目的的。我们这些小孩遵守“潜规则”：学习不能有挂科、留堂、留级的现象。这只能证明我们都是贪玩的，都想着去玩。但每一年的旅游我们都不落下，大伙一起真开心。这样给的希望，真好。3.建习惯小孩子的眼睛永远是充满好奇的，我们每一趟旅游，都会不停地问：这是哪里？有什么好玩的？这个有什么特点？怎么到达下一个地点？怎么存钱？怎么花钱？怎么省钱？每一次都是我们建立好奇心、接触世界的好时机。台湾才女李欣频也是旅游达人，他的每一套旅游都非常有计划性，关于建筑，关于美学，关于心灵等。她说，旅游是认识世界最快的方式，可以给你不停地换血。是的，我很庆幸从小就在这么吵闹的家庭中长大，一直在引发着我们的好奇心，用眼睛去观察，用耳朵去聆听，用双脚去实践。4.总结孔子曰“读万卷书不如走万里路”。家庭是每个人的土壤，父母就是我们的肥料，一直在给我们施肥。他们是我们的真玩伴，一直给我们希望，给我们陪伴，给我们爱的指引。微陪伴，给希望，建习惯，是我们普通人的家风，每个家庭都有！我有，你也有！,03/07
【#钟南山院士的50天行程表#】从1月18日夜驰武汉至今，钟南山战“疫”已50天，他为疫情奔波的行程满满当当。最新消息显示，在他参与指导下，国际首个非转基因新冠肺炎小鼠动物模型成功建立。看着满满当当的日程表，无不让人心疼，尤其这仅是基于公开报道的资料，还有多少付出无人知晓。但愿疫情在众人同心下尽快结束，那时，老人笑容可掬，好好休息。（广州日报）,03/07
作为北京市民，提到感恩，我首先想感谢钟南山院士，他关于人传人的结论让全国人民了解到疫情的严重性；其次我感谢所有上传视频和分析文章的见证者和记述者，是他们让我了解到了更多的真相；第三感谢所有冒着生命危险坚守岗位的快递人员，他们尽职的工作让我没有丢失一个包裹，体面地度过了这个特殊的春节；最后感谢坚守岗位的包括医护人员在内的各行各业的所有工作人员和那些冒着生命危险无偿付出的志愿者，是他们的坚持让这个国家逐渐走出阴霾。,03/07
#钟南山院士的50天行程表#钟老辛苦,03/07
【#钟南山院士的50天行程表#】从1月18日夜驰武汉至今，钟南山战“疫”已50天，他为疫情奔波的行程满满当当。最新消息显示，在他参与指导下，国际首个非转基因新冠肺炎小鼠动物模型成功建立。看着满满当当的日程表，无不让人心疼，尤其这仅是基于公开报道的资料，还有多少付出无人知晓。但愿疫情在众人同心下尽快结束，那时，老人笑容可掬，好好休息。,03/07
#钟南山院士的50天行程表#真的，真的，真的，院士他真的太好了。,03/07
#钟南山院士的50天行程表#只愿你平安康健,03/07
#钟南山院士公布研究最新成果#已开发快速检测试纸、恒温扩增芯片两个新的诊断鉴别法。L湖北高校的微博视频,03/08
#3月6日最新消息，钟南山院士再次发声，对疫情7个预测，一起来看看！#@腾讯视频L3月6日最新消息，钟南山院士再次发声，对疫情7个预测，一起来看看！,03/08
【#钟南山院士公布研究最新成果#已开发快速检测试纸、恒温扩增芯片两个新的诊断鉴别法】#周刊君与你共同战疫#经过对72000个病例的研究，钟南山院士及其团队7日宣布，已开发出针对COVID-19感染对快速免疫球蛋白M（IgM）检测试纸。钟南山院士介绍，这一检测方法是通过测流式免疫层析法实现。患者感染7天后或是出现症状3到4天后，即可检出IgM，这可以是对核酸检测的一个补充。“明确的诊断对排查疑似病例非常重要，”钟南山院士强调。钟南山院士还表示，目前已经开发一种新的方法叫做恒温扩增芯片，这是一种特殊的方法，可以实现同步对多个患者进行检测，并对新冠病毒和A、B型流感，以及现存的其他病毒进行区分。L湖北高校的微博视频,03/08
#钟南山院士公布研究最新成果#一把辛酸泪，因为疫情打乱了多少计划呀，老是跟客户沟通到半夜，疫情导致每个人都很没安全感。,03/08
致敬#钟南山院士公布研究最新成果##钟南山院士的50天行程表##钟南山##15000个武汉加油中国加油拼成钟南山#,03/08
#钟南山院士公布研究最新成果#感谢钟南山院士以及一线的科研人员，你们辛苦了！我们一定可以战胜疫情！#意大利又一大区主席感染新冠病毒#大家一定要重视千万不要掉以轻心啊病毒很猖狂！,03/08
#钟南山院士公布研究最新成果#钟老先生辛苦了！！大家一起加油抵抗疫情#韩国6名患者确诊前献过血#……………天哪，如果这个血液能传播的话那不是很恐怖吗,03/08
#钟南山院士公布研究最新成果#真的是看不下去非医学类的键盘🦐们了，无语了，只能说没文化真可怕，不以无知为耻，反以为荣支持并且相信钟院士，你们辛苦了！,03/08
【母牵儿情意深】三八节这一天，广西百色市何兰玲做了热气腾腾的饭菜，送到疫情以来，没有回过家门，坚守在百色市看守所岗位上的儿子的手上，并千叮万嘱儿子：要听党的话，履行职责，疫情不退，不要回家，今后想吃什么，告诉妈，妈给你做。#钟南山院士公布研究最新成果##ICU病房医生16秒为病人换上人工肺#L微博禁毒第一人马霄的微博视频,03/08
#钟南山院士公布研究最新成果#钟爷爷辛苦了我们一直相信您。您自己多注意身体,03/08
分享网易新闻《振奋人心！钟南山院士给出疫情结束时间》O振奋人心！钟南山院士给出疫情结束时间来自@网易新闻客户端#网易新闻#,03/08
#钟南山院士公布研究最新成果#道一声辛苦了，期待疫苗早点到来,03/08
『钟南山团队研究：若早5天干预，疫情减轻过半』O钟南山团队研究：若早5天干预，疫情减轻过半,03/08
#了不起的中国女性#中国是个伟大的国家，中华民族是世界上最伟大的民族之一，伟大的祖国和民族之所以伟大是因为我们有无数英雄托起了我们祖国的未来，他们或许早已誉满全球，也可能是大家并不了解的无名英雄，而这其中更令我们中华儿女自豪的是我们除了拥有钱学森，钟南山，袁隆平，邓稼先等英雄男儿，我们亦有像李兰娟，屠呦呦，林巧稚等一大批巾帼英雄。他们鞠躬尽瘁，为了这片他们热爱的土地，他们呕心沥血，披肝沥胆。今天是女性的伟大节日，祝福他们，也为自己庆幸我生在中国，是一个中国人，有这么多英雄保护着我们。中国🇨🇳加油！,03/08
"《""违背人类良知！抢注“火神山”“雷神山”商标的要这么罚""》妄图将“火神山”“雷神山”“方舱”甚至“钟南山”、“李文亮”抢注成商标的严重违法违规行为，将受到“信用联合惩戒”。O""违背人类良知！抢注“火神山”“雷神山”商标的要这么罚""",03/08
#钟南山估计全球疫情至少延续到6月份#【#孩子山顶搭棚上网课被冻感冒#妈妈：为了学文化，没办法】在云南昭通市镇雄县小米地村上沟组，有学生因家中手机网络太差，又没有接入宽带网络，需要爬上山顶上网课；有的学生在山边用树枝搭起临时上课的小空间。据当地村民陈先生介绍：这个小空间只能容纳两三个学生，环境也比较危险。今天，山里下大雨，室外温度很低，学生们只能呆在家里，无法上网课学习。“平时上课要上山，走路要十来分钟才有网，在山上孩子们很冷还被冻感冒了”。当地村民告诉风视频，天晴后为了学文化孩子肯定要往山上跑，哪怕会被冻感冒，那也没办法。据了解，上沟组共40户人左右，约有30多名需要上网课的学生。有些村民家中连电话都无法接通，曾多次向运营商反映也没得到改善。#满足三个条件可开学#O网页链接L凤凰网视频的微博视频,03/09
我想回去上班，我想加班，我想我的小床！#钟南山估计全球疫情至少延续到6月份#,03/09
『中医药全面大反攻！全国省委书记集体撑腰！钟南山院士您不必再担心了！』O中医药全面大反攻！全国省委书记集体撑腰！钟南山院士您不必再担心了！,03/09
"刚刚!钟南山给高中生回信,满足这3个条件才能开学!成功就是沉下心努力学习！O刚刚!钟南山给高中生回信,满足这3个条件才能开学!成功就是沉下心努力学习！",03/09
#钟南山估计全球疫情至少延续到6月份#大多数外国人都低估了中国为这次疫情做出的努力，他们也低估了疫情的传染性。某些国家对疫情采取绥靖政策以及对疫情的曲解都会被订在历史的耻辱柱上。,03/09
钟南山：全球疫情发展，至少延续到6月份L辣资讯的优酷视频@优酷,03/09
"刚刚!钟南山给高中生回信,满足这3个条件才能开学!成功就是沉下心努力学习！O刚刚!钟南山给高中生回信,满足这3个条件才能开学!成功就是沉下心努力学习！",03/09
【#钟南山估计全球疫情至少延续到6月份#】#新冠肺炎防控##抗击新型肺炎进行时#日前，钟南山院士在参加广东省疫情防控专家座谈会上表示，全球疫情的发展估计将至少延续至6月份，新冠病毒防控的重点将从输出转为输入。此外，广东国际交往较多，所以要加强边境检测的措施。L人民日报的微博视频,03/09
【#钟南山估计全球疫情至少延续到6月份#[话筒]】近日，钟南山院士在参加广东省疫情防控专家座谈会上表示，全球疫情发展估计将至少延续至6月，新冠肺炎防控的重点将从输出转为输入。🙏L一手video的秒拍视频,03/09
#钟南山估计全球疫情至少延续到6月份#注意措辞——“至少”，就是不可能6月结束。这是持久战，不用怀疑奥运会肯定不能按时开，今年年底都悬，总不能戴着口罩比赛吧😷,03/09
我在看：【钟南山：新冠病毒不会像流感经常性爆发】#跟新浪看热点#O钟南山：新冠病毒不会像流感经常性爆发,03/09
"我分享了【杂谈|钟南山，你怎么什么都敢说？美国：难怪能成为中国的国之栋梁！】,快来看吧！|O网页链接",03/09
【3月9日#凤凰疫情日报#】钟南山公布最新研究成果，可区分新冠与A，B型流感；内地疫情逐渐可控，上海迪士尼度假区逐步开放，贵州青海等地确定开学日期。#全球疫情#方面，葡萄牙总统因新冠疫情主动隔离；日本一幼儿园教师确认感染，该校此前拒绝停课，密切接触者达152人...@尤志东Anthony为您整理。#钟南山估计全球疫情至少延续到6月份#这已经是钟院士很乐观的预测了。其实则是：只要新冠病毒的毒性没经过变异，降低至万分之几的致死率，如果还保持着现在如此强的传染势头和百分之几的致亡率。那么，只要这世界上还有一个感染者，更可怕的是无症状新冠病毒的隐形携带者，就可能再次爆发这种恐怖的瘟疫！所以，任何人都不可掉以轻心，侥幸大意。除了强壮自己的体魄，以增强自身的免疫力，还必须时刻提高警惕，严加防范被感染！,03/09
#钟南山估计全球疫情至少延续到6月份#好的知道了，今天又去后勤领了60个口罩，办公室里这个送点那个送点应该够用，日本口罩越南口罩中国口罩，品类也是很丰富,03/09
#钟南山团队研发机器人减少医务人员感染#在真空状态下病毒能否存活,03/09
钟南山院士示范，如何科学的摘下口罩！#钟南山估计全球疫情至少延续到6月份#L搞笑坛的微博视频,03/10
【#钟南山院士为禁毒代言#：生命只有一次少年更应珍惜】中国工程院院士钟南山为禁毒代言：吸毒严重损害身心健康，是绝望和死亡的代名词。生命只有一次，少年更应该珍惜，别让我以为，变成我后悔。无毒青春，健康生活。L龙泉妇联的微博视频,03/10
🐶说他明天要去打球希望我能同意，我问他打球戴口罩吗，他说钟南山说人少打球的地方可以不带于是开始找证据，我依旧保持自己的态度他反而像小时候作业做完的孩子想偷跑出去而我就是那个邪恶势力,03/10
钟南山孙子：“爷爷，我在报纸上看到您了。”钟南山回答：“噢，是吗？”钟南山孙子：“爷爷，我还在电视上看到您了。”钟南山继续和蔼地回答：“噢，你还真的认得人呐？”钟南山孙子举起大拇指，满脸佩服地说：“爷爷，您真棒！”钟南山谦卑地回答：“我只是一名普通的医生。”钟南山院士以身作则，给孙子树立了一个好榜样。#李召军正能量##微博教育##医生医事##教育资讯##教育在行动##一起家庭教育#,03/10
钟南山院士给孩子们回信：用知识缝制铠甲，不远的将来，各行各业都将由你们披甲上阵。>>O网页链接钟南山院士给孩子们回信：用知识缝制铠甲，不远的将来，各行各业都将由你们披甲上阵。,03/10
【#钟南山#院士为禁毒代言】我是钟南山：吸毒严重损害身心健康，是绝望和死亡的代名词。生命只有一次，少年更应该珍惜，别让我以为，变成我后悔。无毒青春，健康生活！L中国禁毒在线的微博视频,03/10
【钟南山院士预测全球新冠疫情至少延续到6月份，哪么行业的趋势会怎样呢？】1:直接受损：旅游、餐饮、住宿、客运、娱乐、高速公路、汽油、出租车、中大型商城、美容美发、影视演艺、会所、洗浴......2:间接受损的：手机、汽车、银行、保险、石油化工、电力、煤、非工程钢铁、房地产及出租、家电、装修装饰……3:不受影响的：粮食、肉类、日常食品饮料、健康食品饮料、调味品、中药、日用品、零售商超、军工……4:正面影响继续稳定增长的：方便食品、水泥、工程钢铁、工程机械、工程施工、通讯、券商、网络搏彩……5:积极影响加快增长的：5G、人工智能、大数据、生物、基因、疫苗、制药、医疗设备、远程办公教育、网络游戏、快递物流、机器人、芯片替代……6:爆炸产业：口罩、防护服、消毒液、医疗设备……#遇见美好##2020好起来#,03/10
中国工程院院士、广州呼吸疾病国家重点实验室主任钟南山在参加广东省疫情防控专家座谈会时也表示，全球疫情的发展估计将至少延续至6月份。#跟新浪看热点#O武汉什么时候能解封？疫情什么时候能结束？李兰娟这样说！,03/10
钟南山院士给中小学生回信要勇敢前行#钟南山估计全球疫情至少延续到6月份#L搞笑土的微博视频,03/10
【钟南山院士预测全球新冠疫情至少延续到6月份，哪么行业的趋势会怎样呢？】1:直接受损：旅游、餐饮、住宿、客运、娱乐、高速公路、汽油、出租车、中大型商城、美容美发、影视演艺、会所、洗浴......2:间接受损的：手机、汽车、银行、保险、石油化工、电力、煤、非工程钢铁、房地产及出租、家电、装修装饰……3:不受影响的：粮食、肉类、日常食品饮料、健康食品饮料、调味品、中药、日用品、零售商超、军工……4:正面影响继续稳定增长的：方便食品、水泥、工程钢铁、工程机械、工程施工、通讯、券商、网络搏彩……5:积极影响加快增长的：5G、人工智能、大数据、生物、基因、疫苗、制药、医疗设备、远程办公教育、网络游戏、快递物流、机器人、芯片替代……6:爆炸产业：口罩、防护服、消毒液、医疗设备……#2020好起来#,03/10
钟南山院士给全国人民又带来两个好消息#钟南山估计全球疫情至少延续到6月份#L搞笑土的微博视频,03/10
疫情过后打工难复工复产难复原居家防疫一月半全家老小吃闲饭各种开资增不减却没收入半毛钱蛋肉蔬菜翻了番多亏政府有监管房贷车款重如山日不思饭夜难眠整天愁眉又苦脸掐指等着疫情散钟南山像活神仙全国人民听他言盼了星星盼月圆恢复交通都方便民工好似离弦箭急不可耐铺盖卷纷纷涌向城里面期盼务工吃口饭原来单位怕隐患推三阻四胡弹嫌有心重找把活换借机都在压工钱受苦受累放后边还怕上当受了骗房租费用带水电一日还要三餐饭没见动弹钱先垫不知那天心才安谁想如今这么难都是新冠惹祸端但愿老天能看看你看打工难不难————东方神果,03/10
长沙顺口溜韶山路，中山路，乱窜就是黄泉路！友谊村，高桥村，老老实实在家蹲！广济桥，浏城桥，出门就是奈何桥！坡子街，西长街，不想得病莫上街！长生殿，火宫殿，直接送到阎王殿！五一道长沙道，呆在家里是正道！小吴门，兴汉门，隔壁邻舍莫串门！侯家塘，清水塘，染上病毒陷泥塘！杨家山，冬瓜山，一心只信钟南山！走马楼，四牌楼，抗疫再上一层楼！岳麓峰，黑麋峰，瘟疫过了再去“疯”！O你听过哪些小孩子间流行的顺口溜？,03/10
《钟南山最新研判：现在真不是放松的时候！》新的战役已经打响，对海关的考验来了！钟南山对疫情作出最新研判：新冠病毒防控的重点将从输出转为输入。钟南山表示：全球疫情的发展估计将至少延续至6月份。O网页链接,03/10
#女明星吃饭和我吃饭的区别#哈哈#钟南山估计全球疫情至少延续到6月份#想开学了啊啊啊！,03/10
#钟南山全程英语分享中国经验#看看吧马来西亚王牌Bomoh巫师抓冠状病毒，还是我们祖国科学家给力L新任校长的微博视频,03/11
1海棠花开了，这是爸爸养的满院花中最喜欢的一种。花朵不大，也不繁杂美好却不张扬，热情又静谧，春日暖阳就那么柔和的洒落在上面，想到了一个词--赏心悦目。岁月静好的跟往年一样，连花都美得一如往昔。路口横着的小车挪走了，疫情导致的封锁似乎也在慢慢解除了。父母所在的地方控制的很好，并无一例，亲人朋友在这场疫情中都安好，心存感激，白天和家人闲聊时候家人说了一句在这场疫情都没有死，真没啥过不去的。是的，我们是幸运的。可是在我生活的武汉，那里确实很多人为此付出了惨痛的代价，那个90岁的老妈妈终究没有守护住自己64岁的儿子，青年医生李文亮也没有看到未出生的二胎宝宝，妻子怎么哭天抢地却也没能唤醒因抢救他人而去世的院长爱人，在父亲精心呵护下成长到17岁的脑瘫儿却没能晒到2020年春天的太阳……有时候会想以后该如何跟孩子讲起2019年的春节……这场疫情真的是一面镜子，虚伪的是真虚伪，贪婪的是真贪婪，善良的是真善良，美好的是真美好……无论平凡普通还是地位尊贵，都需要保持对生命的敬畏，要救人不要害人，任何情况下不要把自己的利益凌驾在别人的生命之上……也许我们做不了英雄，但也不要做帮凶和懦夫……我还会跟孩子讲起那一年有一位叫钟南山的爷爷，他是怎么样顶着重重压力公布人传人的，他是怎样辛苦救人，怎样为武汉人泪水盈眶……还有那些白衣天使们，其中有一位阿姨是怎样放下哺乳期的宝宝在前线救人的，还有有一对靠卖萝卜皮下饭菜创业的夫妻是如何把菜免费送给火神山医院的施工工人的……每个人都有可能是一束光，不管多么黑暗的日子一定会有光亮闪现。还会跟孩子讲起友情是多么的珍贵，寒冷的时候让人多么温暖，有些朋友看到武汉封城的消息，让我带着家人赶紧去她那里，也有朋友在特别不方便的情况下辗转着给我们买口罩发过来……善待他人，如若能有几个知己出现，足矣,03/11
【#钟南山全程英语分享中国经验#】近日，国家卫健委高级别专家组组长钟南山与欧洲呼吸学会候任主席安妮塔·西蒙斯博士视频连线，介绍中国抗击疫情的成果和经验。轻症感染者如何护理？如果新冠肺炎疫情在未来2或5年内再次发生，应注意什么？所有问题，钟南山院士都用英语详细解答↓网友：太帅了！辛苦您！L央视新闻的微博视频,03/11
#钟南山全程英语分享中国经验#普通话，粤语，英语，钟老太强了，致敬,03/11
#华媒头条#【#钟南山全程英语分享中国经验#：早发现早隔离最重要】近日，钟南山与欧洲呼吸学会候任主席安妮塔·西蒙斯博士视频连线，介绍中国抗击疫情的成果和经验。轻症感染者如何护理？如果新冠肺炎疫情在未来2或5年内再次发生，应注意什么？所有问题，钟南山全程用英语详细解答。来源：L一手video的秒拍视频,03/11
#钟南山全程英语分享中国经验#我的塑料口语枯了,03/11
【#钟南山全程英语分享中国经验#网友：世界的钟南山】近日，国家卫健委高级别专家组组长钟南山与欧洲呼吸学会候任主席安妮塔·西蒙斯博士视频连线，介绍中国抗击疫情的成果和经验。轻症感染者如何护理？如果新冠肺炎疫情未来2或5年再次发生，应注意什么？网友：刚救完中国，又要救世界L央视新闻的微博视频,03/11
发布了头条文章：《警惕！钟南山最担心的2件事，还是发生了！多省开学时间再延迟！》O警惕！钟南山最担心的2件事，还是发生了！多省开学时间再延迟！,03/11
【#钟南山全程英语分享中国经验#】近日，国家卫健委高级别专家组组长钟南山与欧洲呼吸学会候任主席安妮塔·西蒙斯博士视频连线，介绍中国抗击疫情的成果和经验。轻症感染者如何护理？如果新冠肺炎疫情在未来2或5年内再次发生，应注意什么？所有问题，钟南山院士都用英语详细解答↓网友：太帅了！辛苦您！L央视新闻的微博视频,03/11
#钟南山全程英语分享中国经验#太优秀了辛苦了,03/11
钟南山L瘠薄67909的微博视频,03/11
#林青霞手写书信致敬抗疫英雄#“致前线抗疫英雄：这是一场没有硝烟的战争，这是一场没有流血的战争……”华中科技大学同济医学院附属同济医院，最近收到了捐赠的2000副医用手套，这一封署名“青霞”的亲笔信。据了解，物资确为台湾艺人林青霞捐赠。医护人员说，这样暖心的故事，每天都在上演↓（央视）L央视新闻的微博视频#致敬疫情前线医护人员##致敬疫情前线最美逆行者##欧洲求助钟南山#,03/11
人类史上最难问题来了没有口罩怎么出门？#钟南山全程英语分享中国经验##意大利紧急求助中国#L鲜事趣闻的微博视频,03/11
我在看：【钟南山：新冠病毒不会像流感经常性爆发】#跟新浪看热点#O钟南山：新冠病毒不会像流感经常性爆发,03/11
#钟南山全程英语分享中国经验#男友去做学徒：“师傅，我照您的推拿术，才推了几下，病人就跑掉了。”“没关系，我再教你几手擒拿，病人就跑不了了。”,03/11
这个世界如此美好，请善待自己！！#钟南山称6月份结束疫情是可以期待的#,03/12
【钟南山：#境外输入病例近半无发烧症状#】3月12日，钟南山院士介绍，国内许多省份已无新增病例。但从国外输入病例已达79例，且境外输入确诊病例中，有近一半没有发烧症状，只有咳嗽等症状，因此重视程度不高。他认为，应加强对入境人员的管控。L新京报我们视频的秒拍视频,03/12
#成长的一万种可能#从一件事开始，我真的觉得定计划这种拖延症的执行力肯定很差，所以没有太大的作用，最有效的对我而言还是从一件事开始，逼自己一天只做一件不想做的事，然后你会越来越厉害的钟南山说：“恰同学少年，愿风华正茂，期投身杏林，更以行证道。”加油吧！坚持下去总会改掉拖延症，收获好习惯的，你要相信。O如何克服拖延，提高行动力？,03/12
钟南山与欧洲呼吸学会的视频对话，差异没有统计学意义是怎么得出的“湖北有更多危重症患者可能与去医院相对比较迟有关系”结论呢？,03/12
#钟南山说国外疫情很像武汉早期情况#希望大家都平平安安,03/12
【钟南山：6月份结束疫情可期，取决于各国的重视程度】12日下午，国家卫健委高级别专家组组长、中国工程院院士钟南山出席广东疫情防控发布会，他表示，这次疫情在6月份结束是可以期待的。冠状病毒在温度较高的夏天比较不活跃。但前提是其他国家都对疫情给予国家层面的重视。各国应该听从世卫组织的呼吁，进行强力干预。O钟南山：6月份结束疫情可期，取决于各国的重视程度,03/12
【钟南山院士团队连线美国ICU团队讨论重症救治并达成合作】北京时间3月12日19：00，在广州医科大学附属第一医院，钟南山院士与医院重症监护团队与美国哈佛大学医学院及美国重症监护方面的专家进行多方视频连线。与会专家包括哈佛大学医学院院长GeorgeQ.Daley，哈佛大学医学院副院长DavidE.Golan，哈佛大学医学院免疫系主任ArleneSharpe，麻省总医院-麻省理工-哈佛雷根研究所主任BruceWalker，广州医科大学附属第一医院党委书记、主任医师黎毅敏，广州呼吸健康研究院院长何建行教授，以及正在湖北武汉金银潭医院支援的广州医科大学第一附属医院重症医学科副主任医师桑岭等。会议中，钟南山院士团队介绍了新冠病毒感染危重患者的临床特点和治疗难点，并分享了快速检测新冠病毒和防控社区聚集性病例的经验，双方讨论就新冠肺炎临床研究开展合作。此前，钟南山院士团队与和佛大学医学院合作成立新型冠状病毒肺炎科研攻坚小组，此次双方就临床重症治疗方面的研究进行深入合作，有望对全球疫情防治产生积极影响。,03/12
【美国马里兰大学#研究称纬度和温度与新冠传播有关联#，大致沿北纬30°-50°走廊】3月9日，美国马里兰大学人类病毒研究所、全球病毒网络共同发表论文称，温度和纬度或与新冠病毒的传播和季节性有直接联系。通过使用天气模型，有可能预测到未来几周最可能出现重大社区传播的高风险区。3月12日#钟南山称6月份结束疫情是可以期待的#，#冠状病毒在温度较高的夏天比较不活跃#。但是也要取决于各个国家的重视程度。L老板联播的微博视频,03/12
#钟南山团队连线美国ICU团队#以前说美国电影有美国版的英雄主义中国的英雄主义在之前还未被定义现在，像钟老这样脚踏实地为人民做贡献的人便是中国的英雄吧,03/12
钟南山：不从全球范围控制，无法战胜疫情！#跟新浪看热点#O事态紧急，美国人请来钟南山,03/12
【钟南山：#境外输入病例近半无发烧症状#】3月12日，钟南山院士介绍，国内许多省份已无新增病例。但从国外输入病例已达79例，且境外输入确诊病例中，有近一半没有发烧症状，只有咳嗽等症状，因此重视程度不高。他认为，应加强对入境人员的管控。L新京报我们视频的秒拍视频,03/12
《【「钟南山团队连线美国ICU团队」】今天，在广州医科大学附属第一医院，钟南山院士和医院重症监护团队，与哈佛大学医学院及美国重症监护专家进行多方视频连线。钟南山院士团队分享了快速检测新冠病毒和防控社区聚集性病例的经验。此前，钟南山院士团队与哈佛大学医学院合作成立新型冠状病毒》O网页链接,03/12
此时此刻听到小区外面有人哭的歇斯底里，突然想起来我姐说，她的同学在除夕夜带着病危通知书被四医院拒之门外，冒着夜风到医院门口又绝望的走回家的场景…这次疫情给许多人带去了身体上的伤害，也给更多人带去了心理上的创伤吧…希望等疫情过去政府社会和媒体能多多关心武汉人民的精神家园重建，希望大家都能温和的步入黎明。#钟南山称6月份结束疫情是可以期待的#,03/12
#钟南山全程英语分享中国经验#因为敬佩所以转发！不但是在医学上的成就让世人瞩目，钟院士的英语也是这么厉害L最实用的视频的微博视频,03/12
#钟南山说国外疫情很像武汉早期情况#看了下，外面的口罩卖的还是比武汉贵一点。,03/12
【钟南山：加强境外输入病例防控避免其成为新传染源】3月12日，国家卫健委高级别专家组组长、中国工程院院士钟南山在发布会上指出，现在很多省份病例都是0增长，说明各地的联防联控方面起到了很好的作用。“而目前问题主要出现在境外疫情输入病例防控方面。”钟南山指出，境外输入病例很多为无症状患者，即不存在发烧现象，只有感冒症状。钟南山指出，这种情况说明境外国家对这方面不太重视，我国需要对此进行强化监控。钟南山指出，我国应该加强对输入患者的管控，避免境外输入患者成为新的传染源，应该做到入境人员14日隔离或对其进行核酸检测。L看看新闻今日事的微博视频,03/13
【#钟南山露出笑容#】今天，钟南山院士领衔专家团队对2例重症患者进行远程会诊。结束会诊，钟南山院士遇到在楼下等候的“粉丝团”，“粉丝团”自发组织给他送上鲜花，并齐声唱起《感恩的心》，平素一直严肃认真的钟南山院士露出了笑容。转起！致敬！（via央视新闻）L央视新闻的微博视频,03/13
出门看房安全归来也能看到一丢丢带口罩的人了#欧洲求助钟南山#,03/13
《中医药全面大反攻！全国省委书记集体撑腰！钟南山院士您不必再担心了！_手机网易网》中医药全面大反攻！全国省委书记集体撑腰！钟南山院士您不必再担心了！昨天发了一篇文章，全国最大的中药材交易中心所在地、中央领导题字的“华佗故里”、“中华药都”安徽省亳州市，全国第一个新冠病毒肺炎患O网页链接,03/13
【#钟南山露出笑容#】今天，钟南山院士领衔专家团队对2例重症患者进行远程会诊。结束会诊，钟南山院士遇到在楼下等候的“粉丝团”，“粉丝团”自发组织给他送上鲜花，并齐声唱起《感恩的心》，平素一直严肃认真的钟南山院士露出了笑容。转起！致敬！@央视新闻L央视新闻的微博视频,03/13
#零野味春节#心态也要保持好，莫听谣言胆就颤。国家全面布防控，卫健部门冲在前。权威专家钟南山，八十高龄在一线。临危不惧医护员，救死扶伤保平安。坚决打赢防疫战，天佑中华渡难关。这个春节莫瞎串，冠状病毒藏武汉。疫情还没控制住，目前无法查病源。传染途径已扩散，治疗方法有点难。勤洗手，勤通风。,03/13
【#钟南山露出笑容#】今天，钟南山院士领衔专家团队对2例重症患者进行远程会诊。结束会诊，钟南山院士遇到在楼下等候的“粉丝团”，“粉丝团”自发组织给他送上鲜花，并齐声唱起《感恩的心》，平素一直严肃认真的钟南山院士露出了笑容。L央视新闻的微博视频,03/13
《广州关注：钟南山不知自己的工资是多少？一番话让人震撼，值得敬重》O网页链接,03/13
【#钟南山露出笑容#】#周刊君与你共同战疫#今天，钟南山院士领衔专家团队对2例重症患者进行远程会诊。结束会诊，钟南山院士遇到在楼下等候的“粉丝团”，“粉丝团”自发组织给他送上鲜花，并齐声唱起《感恩的心》，平素一直严肃认真的钟南山院士露出了笑容。转起！致敬！@央视新闻L央视新闻的微博视频,03/13
历史会记住她！#香港是中国香港##历史##钟南山谈新冠肺炎疫情峰值#,03/13
钟南山：6月份结束疫情可以期待，但有前提条件O钟南山：6月份结束疫情可以期待，但有前提条件,03/13
『钟南山院士呼吁：献出一份血，传递一份爱，请加入到无偿献血行动中来！』O钟南山院士呼吁：献出一份血，传递一份爱，请加入到无偿献血行动中来！,03/13
央视时代风向标栏目#全球疫情#【#钟南山露出笑容#】今天，钟南山院士领衔专家团队对2例重症患者进行远程会诊。结束会诊，钟南山院士遇到在楼下等候的“粉丝团”，“粉丝团”自发组织给他送上鲜花，并齐声唱起《感恩的心》，平素一直严肃认真的钟南山院士露出了笑容。转起！致敬！（总台央视记者陈旭婷）L央视新闻的微博视频,03/13
钟南山院士预测:五年后人民体质会整体下降，肺癌、肿瘤、心脑血管疾病大幅增加，所以养生预防要从现在做起！养生是防火，治病是救火，是防火重要还是救火重要？不是危言耸听的话，需要我们每个国人深思！✊O网页链接,03/13
【#钟南山露出笑容#】今天，钟南山院士领衔专家团队对2例重症患者进行远程会诊。结束会诊，钟南山院士遇到在楼下等候的“粉丝团”，“粉丝团”自发组织给他送上鲜花，并齐声唱起《感恩的心》，平素一直严肃认真的钟南山院士露出了笑容。转起！致敬！（央视新闻）L央视新闻的微博视频,03/13
美国确诊病例50死钟南山点出防疫问题#安倍再次强调东京奥运会将如期举行#L一个搞搞神的微博视频,03/14
很暖心的一幕：终于见到钟南山院士的笑容。#郭某鹏43位密切接触者核酸检测阴性##女子在美核酸检测被拒后抵京确诊#L鲜事趣闻的微博视频,03/14
去看了BorisJohnson的完整版记者会。一般国家对待传染病的招就是containment完了mitigation。大英帝国就不一样了，他们有个新招叫做delay，delayistomaximizetheeffect（咋跟钟南山说的传染病规律完全不一样）Delay是指有咳嗽低烧轻症的人强烈建议先在家里闷7天，别打111，去网上查信息，重症了再去医院做检测。完了对着一条指数曲线比比画画解释在正确的时间做正确的事，做太早了没必要。科学表明人的enthusiasm是会递减的，而疫情却会在后期才发展到高峰。有理有据循循善诱逻辑强大无法反驳。F4差的就是这种口才和科学素养。讲真我都被英国科学家说服了！,03/14
【#西班牙政府宣布将封锁全国#，要求居民待家中】路透社14日报道称，西班牙政府为应对新冠疫情，计划颁布法令，进行全国范围内的封锁。根据法令，西班牙居民除购买食物和医疗用品、去医院、工作或其他紧急情况外，必须待在家中。该措施将于当地时间O3月16日8时生效。#有看有收获##新型冠状病毒感染肺炎##欧洲求助钟南山#L时差视频的微博视频,03/14
今天让老婆给我买两盒烟。老婆：买两盒“钟南山”.老板：老婆：13块钱的那种！老板：我们店里没有“钟南山”,03/14
我正在看【钟南山儿子凭什么不能用奢侈品?马云:用他们的名字命名奢侈品都不为过】，分享给你，一起看吧！O网页链接,03/14
我在看：钟南山：6月份结束疫情是可以期待的#跟新浪看热点#(下载客户端:新浪新闻),03/14
我妈为了让我喝小米粥，一直强调“钟南山都一直喝小米粥”…可是她却不说，身为闽粤人的钟南山为啥要喝北方的小米粥,03/14
反醒而不是相互指责!分享网易新闻《张文宏与钟南山观点相反：不认同新冠病毒来自国外》O张文宏与钟南山观点相反：不认同新冠病毒来自国外来自@网易新闻客户端#网易新闻#,03/14
我在看：钟南山：6月份结束疫情是可以期待的#跟新浪看热点#(下载客户端:新浪新闻),03/14
全球新冠肺炎病毒肆虐，呼吁分开省内乘车人和跨省乘车人！@凤凰新闻客户端@人民日报@河北新闻网@河北青年报@钟南山教授具体如下：建议火车售也得分开省内乘车和省外乘车人。1.省内之间乘车人集中在一节车厢，比如河北省内的人要集体在一个车厢。从张家口到邯郸这节车厢基本上全下车了。不下车的人就是跨省坐错车厢的。工作人员消毒，河南人还可以用这节车厢以此类推。2.跨省人员，集中在其他某一节或者几节车厢。这些人要重点登记。因为现在各省之间控制的很好，一般只要不外面输入，其实就会控制住。保护好本省的人，本省就很安全。跨省重点登记，即使出现问题也不会和本省出现碰撞，线路也简单，出现感染几率更小。望相关领导采纳！病毒是全人类共同的敌人！分区域作业，保护安全地区，减少外部病毒患者输入，才是现在阶段的重点！,03/14
我免费围观了@孔庆东的回答，问题价值388.00元，快来一起围观~O微博问答,03/14
我在看：【钟南山：6月份结束疫情是可以期待的】#跟新浪看热点#O钟南山：6月份结束疫情是可以期待的,03/14
很暖心的一幕：终于见到钟南山院士的笑容。#郭某鹏43位密切接触者核酸检测阴性##女子在美核酸检测被拒后抵京确诊#L视频大队长的微博视频,03/14
分享网易新闻《张文宏与钟南山观点相反：不认同新冠病毒来自国外》O张文宏与钟南山观点相反：不认同新冠病毒来自国外来自@网易新闻客户端#网易新闻#,03/14
靠ECMO支撑21天的她出ICU了！钟南山曾3次出手：一定要救她看苏州，看你看不见的苏州！O靠ECMO支撑21天的她出ICU了！钟南山曾3次出手：一定要救她,03/15
我现在对医生护士莫名犯花痴钟南山尤其帅呆了酷毙了,03/15
看到部分公知还在扒饶毅钟南山的医学背景，拿着港大袁国勇的视频自我变相解读作为打脸的辩护，“科普”疫苗没研发出来前大批死亡不可避免的狗屁论断，终于知道原来这届公知是这么些个货色。,03/15
我在看：钟南山：疫情已经达到峰值，请大家远离身边这三个新冠病毒高发区#跟新浪看热点#(下载客户端:新浪新闻),03/15
今天钟南山院士语气颇为难过地说医护人员很少让我直接进病房不知道是不是嫌我太老了不合适虽然是一句玩笑话但钟院士的眼神里写满了落寞记得钟南山院士夫人曾说他心里只有病人没有自己现在疫情当前钟院士肯定想近距离接触患者但是相对钟院士说不是嫌您老而是因为您是我们全国人民的“宝贝”有您在我们都踏实所以您必须保重身体,03/15
"我分享了【“我的早餐你们可能吃不下！”84岁钟南山晒餐单，公开不老秘诀】,快来看吧！|O“我的早餐你们可能吃不下！”84岁钟南山晒餐单，公开不老秘诀",03/15
钟南山预测5年后。#跟新浪看热点#O钟南山预测5年后人民体质会整体下降？,03/15
就是说：无论是2003年的非典，还是这一次的新冠肺炎，大国医张伯礼们一直在前线、并且是抗击疫情的主力军！可惜，大灾之后，精英控制的媒体中，只有西医及其代表钟南山们！是谁视人民生命如鸿毛？！武汉前线如果一开始就汲取非典经验，还会有三千多生命失去吗？/大医张伯礼——他是国士，是战士，也是勇士！O大医张伯礼——他是国士，是战士，也是勇士！,03/15
论坛说事今天，钟南山院士语气颇为难过地说：医护人员很少让我直接进病房，不知道是不是嫌我太老了，不合适。虽然是一句玩笑话，但钟院士的眼神里写满了落寞。记得钟南山院士夫人曾说：在他心里，只有病人，没有自己。现在疫情当前，钟院士肯定想近距离接触患者。但是，相对钟院士说:不是嫌您老，而是因为：您是我们全国人民的“宝贝”，有您在，我们都踏实，所以您必须保重身体。#论坛说事##社会##疫情##全球疫情#,03/15
那些辱骂“中国病毒”的国家，我们为啥还要救？3月12日晚7点，钟南山同他的团队一起，与美国哈佛大学医学院及美国重症监护方面的专家进行多方视...[米尔军事]O那些辱骂“中国病毒”的国家，我们为啥还要救？,03/15
老爷子太精神了⑧，活得真是通透，永远不要对自己说太晚，那只是在为退缩找借口83岁的王老爷子，84岁的钟南山院士告诉我们——每天锻炼一小时，健康生活一辈子我提议今晚来一百个仰卧起坐再睡#非你莫属#O花样年华藏不住的艺术细胞王德顺,03/15
中美专家视频会议，钟南山院士出席，老外评论美国交咨询费了吗？网友太可爱了，问美国交咨询费了吗O网页链接,03/15
O网页链接德国钟南山的Podcast文字版每天看一眼安心点,03/15
我在看：【钟南山：6月份结束疫情是可以期待的】#跟新浪看热点#O钟南山：6月份结束疫情是可以期待的,03/15
#张文宏称疫情今夏结束基本已不可能#中国的疫情在好转，可是全球的疫情仍然不乐观，我们必须重视钟南山院士的提醒，严防死守，不能让输入性病例泛滥，破坏当前的大好局面。,03/15
2020年3月15日日，包头有一个迟来的晴朗，全国疫情终将结束。但钟南山最近对疫情做了新的估计，全球要六月才能结束。而随着国内的疫情得到控制，很多景区都开放。包头赛罕塔拉公园超千名本地人员入园游玩，但有的人员防护措施不得当，甚至口罩也不带，在此呼吁疫情并没有结束，无论多么向往外面的风景，请做好自我防护，也算是对自己的及别人的负责。#李兰娟谈群体免疫#,03/16
《钟南山笑了！“钟”于祖国，迎“南”而上，稳如泰“山”……》O网页链接,03/16
我在看：【钟南山：6月份结束疫情是可以期待的】#跟新浪看热点#O钟南山：6月份结束疫情是可以期待的,03/16
邀请码【8131059】，3月14日上午，钟南山院士。核心要点1回顾疫情：从深圳一家...O网页链接,03/16
邀请码【9786016】，据南方都市报报道，3月14日上午，钟南山院士在百忙之中接受了...O网页链接,03/16
『钟南山：1月中旬湖北实际情况远比公开的要严重-快资讯』O网页链接,03/16
#钟南山#敬爱的师傅葛军大师“向英雄致敬”！L至德堂吴奇的微博视频,03/16
强烈建议九年义务教育的课本封面改一下，譬如~感动中国十大人物，冲在疫情一线的钟南山院士及白衣天使们的画面。老师讲课应该先从封面开始讲起，帮助孩子从青少年时期树立正确的价值观。教育应该做到润物细无声！@云南省教育厅微博@人民日报L·林黛玉倒拔垂杨柳的微博视频,03/16
我在看：【钟南山：6月份结束疫情是可以期待的】#跟新浪看热点#O钟南山：6月份结束疫情是可以期待的,03/16
医学世家钟南山是这样起名字的>>O网页链接医学世家钟南山是这样起名字的,03/16
钟南山寄语大中小学生：学习最重要的是打好基础，基本功里学好语文最关键（转给学生）O钟南山寄语大中小学生：学习最重要的是打好基础，基本功里学好语文最关键（转给学生）,03/16
钟南山谈疾控中心地位：应有一定的行政权，紧急情况下可发出预警。钟南山认为，CDC（疾病预防控制中心）不应该仅仅是一个单纯的信息收集的技术机构，应该被赋予更大的权力。钟南山团队曾经预测，“如果封城行动再往前5天，到现在为止，全国的病例数或许只有2万左右；但是推后5天，全国到3月份后的发病峰值应该是17万。”他认为，早期的科学防控举措是极为重要的。这些工作应该是CDC来做、来进行研判、预测。必要的紧急情况下，CDC应该有权力向社会发出预警。强调加强CDC建设，提升CDC地位，正是为了争取疫情防控时间窗。LN视频的微博视频许巍音乐朋友#许巍音乐朋友#,03/16
『钟南山：更愿意到临床一线管病人，可学生们“嫌”我太老了_手机新浪网』O钟南山：更愿意到临床一线管病人，可学生们“嫌”我太老了,03/16
#中医治疗经验是中国抗疫方案的亮点#【是院士也是战士！致敬抗疫一线的院士们】钟南山，84岁再战防疫最前线；李兰娟，年过古稀仍奔波一线，ICU查房后脸上压痕清晰可见；陈薇，大年初二就奔赴武汉，科研成果大大加快确诊速度…他们，是院士，也是战士。感谢他们，也感谢所有为防控疫情而努力的人。我们相信，这场战疫一定能赢！#李兰娟谈群体免疫#,03/16
钟南山当顾问、最贵入职金，富士康为何仍未全面复工O网页链接,03/16
我免费围观了@孔庆东的回答，问题价值388.00元，快来一起围观~O微博问答,03/17
战“疫”女医生隔空约饭张文宏，导师帮她实现梦想！“想跟钟南山合影，想跟张文宏吃饭”。被她的导师看到，导师直接帮她跟张文宏成功约上了饭局。这才是追星嘛，追最亮的星！#首都机场入境人员挤爆航站楼##澳籍华人女子返京拒隔离外出跑步#L笑味君的微博视频,03/17
钟南山：中国人在英国留学被瞧不起，不惜用生命做研究证明自己！#娱乐##终南山#L凉眸追星酱的微博视频,03/17
【直播预告|听钟南山介绍抗“疫”情况】中国工程院院士、国家卫健委高级别专家组组长钟南山，将出席3月18日广州市第46场疫情防控通气会，介绍目前的抗“疫”情况。央广网广东频道O直播预告：听钟南山介绍抗“疫”情况、新浪微博“中广广东”将为您现场全程直播。,03/17
美国有个研究显示，毕业后西点军校后的企业家或社会各界成功人士，要超于社会平均水平很多，在看到了钟南山80多岁后像5、60的身体外形状态并且在科学领域取得诸多成就后，我明白了，以后积极运动会是我的日常一大目标，这就是本运动逃避员的天命，生命的持续发展真的需要好的体魄,03/17
这可能是目前打猩事业中所碰到的最为三观崩坏的太监了，侮辱一代伟人钟南山院士理性詹密,03/17
战“疫”女医生隔空约饭张文宏，导师帮她实现梦想！“想跟钟南山合影，想跟张文宏吃饭”。被她的导师看到，导师直接帮她跟张文宏成功约上了饭局。这才是追星嘛，追最亮的星！#首都机场入境人员挤爆航站楼##澳籍华人女子返京拒隔离外出跑步#L搞笑沙雕的微博视频,03/17
后世记载，庚子鼠年，楚地大疫。为一国封一城。彼时，医甲钟南山，携雷火二神，率三十万白衣，入疫区，死守生死玄关，先锋大将李文亮战死，以身殉国。众白衣，死战不退，保我华夏。晚辈叩谢。,03/17
战“疫”女医生隔空约饭张文宏，导师帮她实现梦想！“想跟钟南山合影，想跟张文宏吃饭”。被她的导师看到，导师直接帮她跟张文宏成功约上了饭局。这才是追星嘛，追最亮的星！#首都机场入境人员挤爆航站楼##澳籍华人女子返京拒隔离外出跑步#L视频黑洞的微博视频,03/17
#战疫情西安在行动#钟南山院士谈中医药和太极拳L西安网的微博视频L河北新闻聚焦的微博视频,03/17
#钟南山称湖北疫情远比官方报道严重#钟老的医学良心、政治良心、人格良心祝长命百岁！,03/17
钟南山说湖北当时的疫情比官方报道严重，这不是什么秘密，从当时网络了解的状态和香港管专家的信用观点分析，在微博，这已是众人皆知的事，要反思的是不是秘密的东西为什么让很多人都选择沉默？为什么钟老这等级当时也未说？,03/17
我在看：【钟南山：6月份结束疫情是可以期待的】#跟新浪看热点#O钟南山：6月份结束疫情是可以期待的,03/17
总算有点步入正轨的模样~但是还是要好好听从钟南山爷爷的话，不串门，不聚集！,03/17
#谢谢你为湖北拼过命#钟南山院士，李兰娟院士，张文宏主任，万千医护人员，以及一切为抗疫做出奉献的人都是值得感谢和铭记的！春天已经来了，加油,03/17
我在看：【钟南山：6月份结束疫情是可以期待的】#跟新浪看热点#O钟南山：6月份结束疫情是可以期待的,03/18
#钟南山回应新冠肺炎源头##最新疫情地图#钟南山介绍，新冠肺炎疫情发生在武汉，不等于源头在武汉，没有证据，这是科学问题，没有搞清楚就下结论是不负责任的。L人民日报的微博视频,03/18
钟南山院士发表最新重磅观点:源头和疫情发生地不是一回事。新冠肺炎疫情发生在武汉，不等于源头在武汉。疫情发生在中国，源头不一定在中国。“这是个科学问题。在搞清楚之前，随便下结论是不负责任的。”【集体免疫、病毒源头，钟南山新提重磅观点_手机搜狐网】，分享给你，一起看吧！集体免疫、病毒源头，钟南山新提重磅观点_手机搜狐网O集体免疫、病毒源头，钟南山新提重磅观点,03/18
纽约市市长科莫呼吁美国政府：“拜托学学中国，动用国家力量抗疫救灾吧！“#钟南山说不能靠所谓集体免疫解决问题#L全搞笑也的微博视频,03/18
#钟南山与一线护士#您想拍下一线护士最美的一刻嘛？想要与钟先生合影出美美的合照纪念嘛？,03/18
集体免疫、病毒源头，钟南山新提重磅观点O集体免疫、病毒源头，钟南山新提重磅观点,03/18
#耿爽告诉美方所有选项都在中方桌面上#有些国家真是搞笑的很!肆意辱华，还妄想我国不计前嫌!我看你是在想桃吃呢!美国更甚者，使尽各种手段百般打压中国，给中国加上各种各样的子虚乌有的罪名，令人发指，现在竟然还想邀请钟南山院士？我就想问，你配吗？!你配提这三个字吗？!放下姿态？什么姿态？那作死恶心人的姿态？在中国面前，你没有姿态可言!一个总统更说是中国病毒，竟然觉得准确的狠。丝毫不觉得自己有失体面。中国就是对你太仁慈，还给你分享数据，我呸，可去你的吧!全中国人民都不会同意钟南山院士去的!一辈子都不可能!!!,03/18
#钟南山回应新冠肺炎源头#大胆推测，小心求证,03/18
#钟南山回应新冠肺炎源头#吃蝙蝠的委屈了，哈哈哈哈,03/18
#小朋友为钟南山送礼物#我也想给钟南山爷爷送礼物,03/18
“病毒的源头不一定在武汉”“不要吃得太饱了”“年轻人很有出息，很棒！”钟南山出席广州市第46场疫情防控通气会校媒记者在现场快看钟老的哪些回答“亮”了！O校媒记者在现场：“不要吃得太饱了！”钟南山的回答亮了！,03/18
纽约市市长科莫呼吁美国政府：“拜托学学中国，动用国家力量抗疫救灾吧！“#钟南山说不能靠所谓集体免疫解决问题#L笑味君的微博视频,03/18
中美疫苗分别启动临床试验，有何异同？我们多久能用上疫苗？#钟南山回应新冠肺炎源头#L憨比天下的微博视频,03/18
#钟南山回应新冠肺炎源头#不管源头在不在美国，反正肯定是不在我国的，前面弯弯那档节目已经说的很明显了（并且连他们都能这么说，完全可以肯定好吧）,03/18
意大利网友刷屏感谢中国，满满正能量#钟南山说不能靠所谓集体免疫解决问题#L扛旗少年的微博视频,03/18
病毒从何而来日本首发声源头不一定是中国！即将水落石出O关于“限籍令”，张铁林5个字回应，充满了“求生欲”#钟南山回应新冠肺炎源头#L爆笑小说笑到眼泪出来的微博视频,03/19
#钟南山说不能靠所谓集体免疫解决问题#钟老辛苦了，相信钟老说的，共同加油！！！希望疫苗早日出来！！,03/19
【钟南山也不看好#群体免疫到底有多不靠谱#】随着新冠肺炎疫情不断加剧，英国采取了旨在延缓高峰而非强力控制的“消极防御”政策，什么是“群体免疫”，它依据的原理是什么？能遏制新冠肺炎蔓延吗？是否会使中国、意大利等国家的“严防严控”努力功亏一篑？没有任何证据表明，新冠病毒会像天花那样一次感染终身免疫，#钟南山称最终形成群体免疫是靠疫苗#，下一步是要生产出有效的疫苗，需要很好的国际合作。@小央视频L小央视频的秒拍视频,03/19
#凤凰新闻#分享凤凰新闻：刚刚！钟南山分享了一个经验，网友开始在线反思O刚刚！钟南山分享了一个经验，网友开始在线反思来自@凤凰新闻客户端,03/19
钟南山,03/19
#凤凰新闻#分享凤凰新闻：钟南山：没有强力干预的话，新冠肺炎不可能消失O网页链接来自@凤凰新闻客户端,03/19
🇨🇳🇨🇳🇨🇳🇨🇳🇨🇳🇨🇳钟南山,03/19
玉门油田油罐网架钢结构包吨制作，济宁油罐之乡油建外协人工团队O关于“限籍令”，张铁林5个字回应，充满了“求生欲”#钟南山回应新冠肺炎源头#L搞笑图片动态笑图片的微博视频,03/19
钟南山你們印象中的鐘南山院士是這樣的嗎？L陳翠妍_candy的微博视频,03/19
玉门油田油罐网架钢结构包吨制作，济宁油罐之乡油建外协人工团队O关于“限籍令”，张铁林5个字回应，充满了“求生欲”#钟南山回应新冠肺炎源头#L搞笑图片卡通的微博视频,03/19
对波兰捐赠2万只N95口罩，丹麦瑞典挪威估计也会给对波兰捐赠包括1万份新冠病毒检测试剂；符合欧盟规范的2万只N95口罩；5000套防护服；5000副医疗护目镜；10000副一次性医用手套；10000双鞋套。波兰在我国疫情期间也支持过我们的，无论是物质还是道义。这看中国驻波兰大使的发言就知道，这个人情要还的！对于丹麦、瑞典、波兰这几个长期对华不友好的国家，我们再次展现了我们的大国胸怀，挪威呢，毕竟人家首相都来要援助了。#全球新冠肺炎确诊病例突破20万##钟南山回应新冠肺炎源头##美股本月第四次熔断#,03/19
中国第二大河流，源头仅碗口大，为什么被誉为母亲河O关于“限籍令”，张铁林5个字回应，充满了“求生欲”#钟南山回应新冠肺炎源头#L坤坤加油2020的微博视频,03/19
台湾教授追溯新冠病毒源头不在中国！O关于“限籍令”，张铁林5个字回应，充满了“求生欲”#钟南山回应新冠肺炎源头#O网页链接,03/19
#美国邀请钟南山#中国人民不同意。,03/19
小学生收到钟南山爷爷回信网友：羡慕我分享了O小学生收到钟南山爷爷回信网友：羡慕！,03/19
#6.7vlog#不再年少的一杯青春之酒，醉得像一个刚醒的孩子，可怕的是，不知不觉就快要奔三了，年少有为多么值得被羡慕，自卑的少年会不会怀念从前，或是憎恶以前的不可靠的伤悲，努力把时间按秒读取，可是谁又能抓住呢。今天听见很多好的消息，钟南山先生回广州了，老詹是没事的，新冠越来越少，我们越来越“自由”了，虽然后面的输入性会持续增加，但是大浪淘沙，总该被时间冲淡，一切都讲尘埃落定。三年如泡沫，又回到原点，多了些故事，少了些纯青，懵懂的年纪，一去不返了，好久没见旧友的问候，走着走着留下的，终究还是这些不被冲淡的老铁了。晚安啊，故事还是会继续的我呀……,03/20
看到这么多医疗队从武汉撤离，心中感慨万千。真的很谢谢全国各地的医疗队支援还有钟南山院士。武汉已经好起来了，马上就可以到武汉吃热干面看樱花🌸,03/20
#钟南山的无座车票##钟南山的无座车票#【钟南山为有体力工作坚持健身】钟南山院士曾在2004年因透支太厉害，得过心肌梗死，放了一个支架。现在，为了能够做工作，钟老仍在坚持健身。他的父母都是医生，父亲曾留给他一句话：“一个人要是能够给这个世界留点什么东西，那他算没白活。”如今，他仍战斗在L央视新闻的微博视频,03/20
#钟南山的无座车票##钟南山的无座车票#【钟南山为有体力工作坚持健身】钟南山院士曾在2004年因透支太厉害，得过心肌梗死，放了一个支架。现在，为了能够做工作，钟老仍在坚持健身。他的父母都是医生，父亲曾留给他一句话：“一个人要是能够给这个世界留点什么东西，那他算没白活。”如今，他仍战斗在L央视新闻的微博视频,03/20
#钟南山的无座车票##钟南山的无座车票#【钟南山为有体力工作坚持健身】钟南山院士曾在2004年因透支太厉害，得过心肌梗死，放了一个支架。现在，为了能够做工作，钟老仍在坚持健身。他的父母都是医生，父亲曾留给他一句话：“一个人要是能够给这个世界留点什么东西，那他算没白活。”如今，他仍战斗在L央视新闻的微博视频,03/20
#钟南山的无座车票##钟南山的无座车票#【钟南山为有体力工作坚持健身】钟南山院士曾在2004年因透支太厉害，得过心肌梗死，放了一个支架。现在，为了能够做工作，钟老仍在坚持健身。他的父母都是医生，父亲曾留给他一句话：“一个人要是能够给这个世界留点什么东西，那他算没白活。”如今，他仍战斗在L央视新闻的微博视频,03/20
#钟南山的无座车票##钟南山的无座车票#【钟南山为有体力工作坚持健身】钟南山院士曾在2004年因透支太厉害，得过心肌梗死，放了一个支架。现在，为了能够做工作，钟老仍在坚持健身。他的父母都是医生，父亲曾留给他一句话：“一个人要是能够给这个世界留点什么东西，那他算没白活。”如今，他仍战斗在L央视新闻的微博视频,03/20
#钟南山的无座车票##钟南山的无座车票#【钟南山为有体力工作坚持健身】钟南山院士曾在2004年因透支太厉害，得过心肌梗死，放了一个支架。现在，为了能够做工作，钟老仍在坚持健身。他的父母都是医生，父亲曾留给他一句话：“一个人要是能够给这个世界留点什么东西，那他算没白活。”如今，他仍战斗在L央视新闻的微博视频,03/20
#钟南山的无座车票##钟南山的无座车票#【钟南山为有体力工作坚持健身】钟南山院士曾在2004年因透支太厉害，得过心肌梗死，放了一个支架。现在，为了能够做工作，钟老仍在坚持健身。他的父母都是医生，父亲曾留给他一句话：“一个人要是能够给这个世界留点什么东西，那他算没白活。”如今，他仍战斗在L央视新闻的微博视频,03/20
钟南山回应新冠肺炎源头，钟南山称疫情发生在武汉不等于源头在武汉，没有证据，这是科学问题，没有搞清楚就下结论是不负责任的。（人民日报）#世卫称中国新冠0新增是一项了不起的成就#L扛旗少年的微博视频,03/20
#北海分享#【无座、补票、1936……钟南山院士的这张车票，看哭了！】18日，广州市疫情防控新闻通气会上展示了一张火车票。车票信息显示，乘车人已84岁高龄，自广州乘车前往武汉，无座。这张票，是1月18日钟南山院士紧急赶往武汉的车票。那天，临时上车的他因无座，被安排在餐车一角，刚一落座便拿出文件研究…致敬！L青蜂侠Bee的秒拍视频,03/20
中国人应该感谢的三位爷爷！！！！钱学森：怕我们挨打袁隆平：怕我们挨饿钟南山：怕我们生病,03/20
#钟南山的无座车票#钟老辛苦了希望疫情早日结束，让他老人家能够好好休息#唯一一盒没进病房的口罩#这是一份特别的礼物，感谢这段时间以来大家为抗疫做出的努力,03/20
美国：本打算以高姿态与你相处，不装了，我爱钟南山我摊牌了！O网页链接,03/20
钟南山回应新冠肺炎源头，钟南山称疫情发生在武汉不等于源头在武汉，没有证据，这是科学问题，没有搞清楚就下结论是不负责任的。（人民日报）#世卫称中国新冠0新增是一项了不起的成就#L鲜事趣闻的微博视频,03/20
【钟南山的这张车票，你看懂了吗？】#钟南山的无座车票#3月18日，在广州市疫情防控新闻通气会上，有张车票亮相。这是一张动车票，出发时间为1月18日，起点和终点分别是广州南站、武汉站。二等座，票价465.5元。除此之外，它还传递着两个更重要的信息：无座、补票；身份证号显示1936，乘车人已经84岁高龄？你肯定已经猜到了，这就是1月18日傍晚，钟南山院士紧急赶往武汉的车票。那天，临时上车的他被安顿在了餐车的一角。两天之后，“肯定存在人传人”“14名医务人员感染”“没有特殊的情况，不要去武汉”，钟南山院士接受采访时的回答，真正拉响了警报，改变了局面。（广州日报）,03/21
刚刚，对于美方发出的邀请，钟老的回复来了文化与道德讲堂2020-03-21刚刚，美国邀请钟南山院士赴美传授防治新冠肺炎的中国经验，钟老回复如下：尊重祖国和人民的选择！我不代表祖国，也不代表人民，我只代表我自己。本人爱憎分明：我不同意！刚刚，对于美方发出的邀请，钟老的回复来了O刚刚，对于美方发出的邀请，钟老的回复来了,03/21
男神，为了我们所有人，保重自己。健康长寿，永远幸福。【即使无座、补票、睡餐车，#钟南山#也要赶到#武汉#。回头再看这张小小的车票，意义非凡！】#记录世界记录你#L北京日报的快手视频,03/21
#内蒙古一医生被病人持刀捅伤#依然清晰的记得，在陶勇医生被砍伤后，紧接着发生了济南章丘护士被打断鼻骨的新闻。然后第二天就出来钟南山院士说人传人的新闻。然后医生们纷纷上前线救人，刚有个缓解，又开始砍医生了？我就想说一句,03/21
两天不吃午饭，才减了两斤。终于没有破百啦。钟南山院士说的，不要吃得太饱。,03/21
援助遍及全球，除了日产能过亿的口罩，中国还解锁了全球治理能力不是按死病毒，钟南山院士说呆在家里闷死病毒O网页链接,03/21
钟南山呼吁：献出一份血，传处一份爱，温暖每颗心，请加入到无偿献血行动中来！#钟南山的无座车票#L热门视频合集的微博视频,03/21
美国钟南山的表情就是这个表情包。L世界的本来的微博视频,03/21
84岁#钟南山院士晒餐单#，公开“不老的秘密”！L广东共青团的微博视频,03/21
别在网课里找心理安慰有些人学网课是自我欺骗，不会带来什么实际的回报，不学也罢。学技能、读书，都应该是以解决问题为导向的。正确操作是：1.列出你的困惑，想了解哪些问题；2.去列书单，上知乎和简书上查相关的评论、思维导图，问相关行业熟人的意见。3.看了书，做完了咨询，得出自己的思考，再去现实中验证方法论正确与否。正确就坚持做，错了就反思。但是生活中最多的是这样的人，他们经常会分享一些网课，看上去好像整天都在学习和提高自己。Python编程、数据可视化、职场英语没有他们不关注的，大数据、新零售、5G风口没有他们不懂的，格局、毛衣战、钟南山他们日常挂嘴边上。他们的特点就是，啃不动硬核书籍，也没有思考的习惯。但是听完老师的“布道”，感觉自己懂了很多，感觉一天很充实，感觉仿佛生活有了希望。人云亦云，大抵如此。但是这些课程并不会对实际的主业和副业带来实际回报，如果有，可能就是多了点和客户吹牛的谈资。我们应该多练习和赚钱相关的实实在在的技能，而不是去学可能以后半辈子都用不上的英语、去学自己不了解的Python语言。你是留学党么？你要转行做IT么？你不想去做，知识也用不上，为什么要学？还不如练写自媒体，学剪片子。哪怕就是学一下excel的美化、word的排版，都可以立即获得上司的好评。哎，洗洗睡吧。,03/21
我在看：【钟南山：6月份结束疫情是可以期待的】#跟新浪看热点#O钟南山：6月份结束疫情是可以期待的,03/21
网传武汉有治愈出院后复阳案例，令人担忧。希望钟南山院士实地考察。,03/21
我看这两天都在议论，国家要拍抗击疫情电视剧，有人推荐李雪健还有陈道明演钟南山，他们都是演技大师，其实还有一位我觉得演钟南山最称职，那就是焦晃如果健康允许的话，他们年龄知性他们目光都有一种慈祥,03/21
我在看：【钟南山：6月份结束疫情是可以期待的】#跟新浪看热点#O钟南山：6月份结束疫情是可以期待的,03/21
中国人应该感谢的三位爷爷!!!!钱学森：怕我们挨打袁隆平：怕我们挨饿钟南山：怕我们生病,03/21
守护苍生——记战“疫”中的钟南山O网页链接,03/22
#张文宏称疫情可能持续一到两年#喜欢听张文宏医生讲的大实话！虽然说我们国家新冠病毒肺炎疫情基本控制住了，以前钟南山院士也说过4月底就可以摘除口罩。但以目前国外疫情迅猛增长的惊人速度，我国境外输入病例增加情况来看，疫情可能持续一到两年,03/22
开始出现被境外输入传染的病例了！钟南山有新判断！O网页链接,03/22
"我分享了【84岁钟南山“老当益壮”，他公开自己的早餐照，网友：我们吃不下】,快来看吧！|O84岁钟南山“老当益壮”，他公开自己的早餐照，网友：我们吃不下",03/22
陈道明出演钟南山！>>O网页链接陈道明出演钟南山！,03/22
【身边的感动】车票曝光！钟南山曾购买无座车票赴武汉抗疫O【身边的感动】车票曝光！钟南山曾购买无座车票赴武汉抗疫,03/22
【邪教借疫情造谣，抹黑中国，还向钟南山院士猛泼脏水】#中华反邪教#,03/22
#陇南全力战疫情#【短视频】钟南山点赞甘肃这次防疫表现很突出，来源：甘肃广电总台·视听甘肃O网页链接 ,03/22
[热门]3月清零，6月结束？钟南山、李兰娟再谈防疫进展：要...。查看👉👉👉O网页链接月清零，6月结束？钟南山、李兰娟再谈防疫进展：要注意一类人O网页链接,03/22
专访“病毒猎手”4：钟南山院士即使84岁依然专注而敏锐|杨澜访谈录20200301(利普金教授对钟老印象:专注而敏锐，现实又务实。)O网页链接,03/22
钟南山：不能靠集体免疫，无证据表明冠状病毒一次感染终身免疫O钟南山：不能靠集体免疫，无证据表明冠状病毒一次感染终身免疫,03/22
钟南山：6月份结束疫情是可以期待的O钟南山：6月份结束疫情是可以期待的(下载客户端:新浪新闻),03/22
钟南山老先生健康建议是不要吃太饱要吃早餐完了完了我顿顿吃撑我还超级不爱吃早餐我不健康了,03/22
新冠肺炎每年都会来？钟南山团队专家回应！O新冠肺炎每年都会来？钟南山团队专家回应！,03/22
发布了头条文章：《4月或迎“开学潮”，钟南山预测6月疫情结束！1个小插曲惹人厌！》O4月或迎“开学潮”，钟南山预测6月疫情结束！1个小插曲惹人厌！,03/22
84岁钟南山住宅曝光，震惊无数人....#钟南山露出笑容#,03/23
霸气！钟南山回绝美国邀请：我爱憎分明，我不同意！L存储先锋的微博视频,03/23
#演员喷钟南山#老戏骨有演技的把,03/23
我在看：【钟南山：6月份结束疫情是可以期待的】#跟新浪看热点#O钟南山：6月份结束疫情是可以期待的,03/23
近日，#香港演员黄秋生，在社交媒体公然诋毁钟南山院士#，中国作家刘信达点名让他必须道歉。网友：终于做了件好事！#全球两天取消4万个航班#】L画家刘云水的微博视频,03/23
还记得那封满满红手印的请战书吗？铮铮誓言，让人泪目！还记得钟南山院士逆行前往武汉的车票，无座、补票！同样让人感动！这是一座英雄的城市。17年前，“非典”肆虐，他们用血肉之躯筑起一道生命的防线；17年后，“新冠”袭来，他们奔赴疫情最严重之地，换来山河无恙。战疫英雄的每一双手，都值得铭记！1号手印来自钟南山一声号令，全国各地4万多名“白衣战士”立刻整装出发，星夜兼程，驰援湖北。自1月24日除夕之夜第一...O网页链接,03/23
【抢注钟南山商标被约谈，自称办公出错】近日，广东广州。9家专利商标代理机构因受理“火神山”“钟南山”等商标，被立案约谈。其中一间公司员工称，起因员工不了解情况、办公出错，已和客户沟通撤销。#新冠肺炎防控##抗击新型肺炎进行时#L澎湃新闻的微博视频,03/23
【#抢注钟南山商标被约谈#，自称办公出错】近日，广东广州。9家专利商标代理机构因受理“火神山”“钟南山”等商标，被立案约谈。其中一间公司员工告诉澎湃新闻，起因员工不了解情况、办公出错，已和客户沟通撤销。（素材来源：相关人士）O抢注“钟南山”商标被约谈，自称办公出错L澎湃新闻的微博视频,03/23
#钟南山院士的车票#钟南山院士发了一张自己于今年年初前往武汉指导疫情的一张车票，结果却使得无数人在网上骂他，说他不是称职的院士。就是简单的一张高铁车票，却带来了无数的骂声。这让他心中怎么想，怎么感觉呢？试想：如果这场疫情没有钟南山的参与，他几个月细心的指导，观测疫情的状况，以及积极想出应对措施，我国能恢复的这么快？如果我们还像现在的意大利美国等国疫情的发展，我们平民百姓如何生活？国家为难之中，我们又如何自保？他不仅为今年疫情抗击做了贡献，也为很多年前的非典做了很多的帮助。有些人却不感谢他，反而要各种辱骂？那请问：如果你是这次疫情的受难者，你希望钟南山院士救你吗？很多时候，我们真的不是很清楚别人究竟是干什么工作的，或者说每一天的工作中都是怎么做的？只是根据看到的表面一些事，就说这个工作部辛苦，很轻松，又赚钱……其实，让我们紧跟着一个人一个月的时间，才可能会比较全面的了解，人家这份工作究竟怎样？如果，就让你这几个月一直紧跟着钟南山院士的每一天，与他同步。他工作，你只是看着。或许，你就不会随便斯骂别人了？或许，你会感到他身上的压力好大，可能几乎压的你喘不过气。可能你也会因此崩溃了，心里没有底气，乱了方寸了。这样的话，我们的疫情又怎么会胜利呢？而且，作为算是公众人物，钟南山每天还要面对大镜头的采访，可以说是，很多人都把希望寄托于他的身上。看到他就等于心里多了一份期待，一份信心。那他的内心更是各种缠绕，可是就这样的环境下，还要每天几乎不休息的为病人治疗，可能还要有希望的面对大家。希望那些谩骂的人也有机会能体会下这种高压下的工作以及心态。管好自己的嘴，不要随意的去说话。尤其在网络这种环境下，说话时，能慎重点。尤其向这种大事面前，尽量多去了解清楚再发言也不迟？另外，像这样随意谩骂别人的人（骂的还是为我国做过贡献的人），自己生活中肯定也不会那么好？国难面前，不顾后果，弃国家人民，只想着程一时口快，真的是害人害己。网络是便利了，但是对于网络的运用应该多一份规范，必要时，可以给这样的人，尤其无中生有，随意侮辱别人的人作出一定的惩罚。另外，也希望我们在看到一些消息时，多一份自己的思考，不要总是别人说什么就是什么，那自己的脑袋又有何用处？疫情面前，我们可能无法出一份力，只能寄希望于别人。可是，我们可以管好自己的嘴，自己的腿，自己的脑袋。为国家祝福，为前线的战士加油。这样同一个心情，我相信即使再大的问题，也能客服，我们最终也会胜利。像这样随意谩骂的人，如果我们以后遇见大事，都让你出力，或者说，我们日后仔细关注你的日常生活，如果出现任何事就大肆宣传，各种造谣，请问你有如何呢？希望我们都不要成为这样的人，也都能提高自己的认识，不要让自己陷入捕风捉影中，不要总是浪费时间于坏事之中。另外，感觉这种人生活也不会很好，因为别人说什么就是什么，没有自己的见解。另外，也不会一个优秀的人，因为没有自己全面认识事情的方法，也没有一个仔细，孤注一掷，甚至偏扭。这生活中，又怎么会有幸福呢？又怎么会取得更大的成就呢？有时候，成功的人总是有不同的成功，我们无法复制，可是成功背后的很多思维方式都是比较类似的。这个我们还是可以培养自己去养成的。看到还有人竟然打死了疫情的工作人员，有人甚至不愿意接受隔离与工作人大打出手。这样的人就应该给予严厉的处罚。就应该在他们生病后无人照顾，或者费用没有任何减少。希望我们国人的素养更上一层楼。也希望我们尊重别人，珍惜别人的付出，感谢别人的奉献。,03/23
钟南山称湖北疫情远比官方报道严重钟南山接受南都采访时透露，在深圳的一家6口人感染的案例当中，其中有5人曾去过武汉，有一人从没有去过武汉，这一例肯定是人传人的。#意大利近8000名医生申请战疫#L爱国知青的微博视频,03/23
致敬钟南山院士！作者：贺启公朗诵：胡乐民#向钟南山院士致敬##钟南山##石景山#L你若流泪湿是我眼的微博视频,03/23
钟南山院士表示：把生命健康放在首位我们做到了>>O网页链接精选集：钟南山谈疫情，共45个作品，快来围观吧,03/23
分享网易新闻《钟南山团队：连花清瘟体外试验显示抗新冠病毒作用》O钟南山团队：连花清瘟体外试验显示抗新冠病毒作用来自@网易新闻客户端#网易新闻#,03/23
我在看：【钟南山：6月份结束疫情是可以期待的】#跟新浪看热点#O钟南山：6月份结束疫情是可以期待的,03/23
"考研同文考研日积月累1.钟南山：新冠肺炎疫情科研攻关专家组组长ZhongNanshan,HeadofChina’sCOVID-19ExpertTeam2.李兰娟：国家传染病重点学科带头人LiLanjuan:PioneerofEpidemiology3.刘智明：因患新冠肺炎不幸殉职的武昌医院院长LiuZhiming:HospitalChiefWhoDiedofCOVID-19",03/23
钟南山院士是国之重器，诋毁他老人家你是不自量力。真正的明星是他，而不是尔等凡夫俗子！O网页链接,03/24
#陈道明抗疫剧#国家电影协会会长陈道明或将出演钟南山院士，从出道至今无任何花边绯闻，你支持吗？】一个德才兼备的艺术家L鄙人甲斯文的微博视频,03/24
#陈道明抗疫剧#钟南山本人就在，演什么？做个纪录片就是了,03/24
#陈道明抗疫剧#国家电影协会会长陈道明或将出演钟南山院士，从出道至今无任何花边绯闻，你支持吗？】一个德才兼备的艺术家L鄙人甲斯文的微博视频,03/24
#黄秋生公然诋毁钟南山院士#生而为人，请你善良、,03/24
#陈道明抗疫剧#陈道明演钟南山没有问题，我觉得还是陈宝国最像！另外，演得再动人，也没有真实最有感染力……我估计，这剧没有多大的收视率，五十年过后可以！,03/24
#耀客传媒否认网传抗疫剧演员名单#李雪健老师陈道明老师娱乐圈也就只有他们来演钟南山院士才能让观众喜欢德高望重🙏,03/24
#陈道明抗疫剧#看到这个热搜顿生感慨，“铭记历史”“铭记抗疫史”让我遥想到了几十年后，我的孙子（女）正在背历史书上有关记载2020年1月―4月左右这段时间的中国历史🇨🇳知识点，孩子问我：奶奶，钟南山老爷爷你见过吗？还有李兰娟院士，还有李文亮医生，还有张文宏主任，还有…然后我跟她说，我也是在电视上才见过那些白衣天使和英雄人物，又语重心长跟她道起了那段“抗疫史”和感人事迹。孩子听着听着感动得流下了眼泪……为了缓解气氛，我就跟她说：那时候啊，奶奶才20岁，上大二，记得当时一直不能出门，我们就只能在家上网课…一转眼都2070年了，所以啊，“举国上网课”制度从那时候就开始兴起了……以上内容纯属晚上睡不着瞎编故事型，不喜勿喷（待疫情结束，努力将它成文，不走沙雕路线）,03/24
#陈道明抗疫剧#传闻老戏骨陈道明将出演《在一起》并饰演钟南山一角色，陈道明老师演技精湛，如果他能来出演肯定会带给观众最经典的作品。,03/24
说留学生出国留学都是崇洋媚外的钟南山院士英国爱丁堡毕业的了解下？？？,03/24
#陈道明抗疫剧#期待老戏骨的演出。陈道明德艺双馨，钟南山德高望重，二人皆是各自行业没的泰斗。相信陈道明一定可以诠释好角色。,03/24
#陈道明抗疫剧##耀客传媒否认网传抗疫剧演员名单#让大家放心的消息来了，《在一起》演员名单还没确定，钟南山名字肯定有至于肖战、李现、邓超、陈道明、王凯、朱一龙、靳东、胡歌、杨紫、杨洋、张若昀等人是否会出演，还不得而知~,03/24
#黄秋生公然诋毁钟南山院士#看来这货完全不理解钟老的意思。换个比方，黄出生在中国，长在中国，他爹就一定是中国人？事实是放了毒就溜之大吉的英国乔治啊。,03/24
我在看：【钟南山：6月份结束疫情是可以期待的】#跟新浪看热点#O钟南山：6月份结束疫情是可以期待的,03/24
#耀客传媒否认网传抗疫剧演员名单#原来是假新闻！估计有不少人希望陈道明出演钟南山吧！还是等官宣吧！你觉得谁最适合演钟南山？#陈道明抗疫剧#,03/24
//分享网易新闻:《60天全记录！84岁钟南山的战疫日记披露很多新细节》O60天全记录！84岁钟南山的战疫日记披露很多新细节@网易新闻客户端#网易新闻#,03/25
#钟南山建议保持防控措施防第二波#防控疫情人人有责做好防护加油,03/25
#钟南山建议保持防控措施防第二波#重要的事情说三遍：保持现有的防控措施，严格外防输入🙏🙏🙏保持现有的防控措施，严格外防输入🙏🙏🙏保持现有的防控措施，严格外防输入🙏🙏🙏,03/25
我有国士，天下无双！#中国画版钟南山#是院士也是战士！致敬战疫一线的院士#钟南山#L支红刚的微博视频,03/25
#中国留学生吴芃#中国留学生好样的希望你也要做好防护，保护好自己[米奇比心][米奇比心][米奇比心][米奇比心]#钟南山建议保持防控措施防第二波#L·__巨野小徒弟的微博视频,03/25
#中国留学生吴芃#中国留学生好样的希望你也要做好防护，保护好自己[米奇比心][米奇比心][米奇比心][米奇比心]#钟南山建议保持防控措施防第二波#L·__巨野小徒弟的微博视频,03/25
#中国留学生吴芃#中国留学生好样的希望你也要做好防护，保护好自己[米奇比心][米奇比心][米奇比心][米奇比心]#钟南山建议保持防控措施防第二波#L·__巨野小徒弟的微博视频,03/25
#中国留学生吴芃#中国留学生好样的希望你也要做好防护，保护好自己[米奇比心][米奇比心][米奇比心][米奇比心]#钟南山建议保持防控措施防第二波#L·__巨野小徒弟的微博视频,03/25
#中国留学生吴芃#中国留学生好样的希望你也要做好防护，保护好自己[米奇比心][米奇比心][米奇比心][米奇比心]#钟南山建议保持防控措施防第二波#L·__巨野小徒弟的微博视频,03/25
【#钟南山团队入围国家科学技术奖提名#】3月24日，国家科学技术奖励工作办公室发布公告，对2020年度国家科学技术奖1500多项受理项目进行公示。钟南山呼吸疾病防控创新团队获得提名。李兰娟和魏于全等人提名的项目“铁稳态代谢的分子调控网络”等被提名为国家科技进步奖二等奖。,03/25
钟南山院士：无症状的携带病毒者也具有传染性O钟南山院士：无症状的携带病毒者也具有传染性(下载客户端:新浪新闻),03/25
#中国画版钟南山#致敬英雄！,03/25
我在看：【钟南山院士出席中欧抗疫视频会：发病早期病人具有更高的传染性】#跟新浪看热点#O钟南山院士出席中欧抗疫视频会：发病早期病人具有更高的传染性,03/25
#钟南山建议保持防控措施防第二波#钟老说保持防控措施那就一定是有道理的还是不能放松明天赶紧麻溜的滚回去滚回我大南通趁现在政策非常友好人还是要保持一点警惕性毕竟国外现在太吓人,03/25
#中国画版钟南山#说真，很感动总有人逆行前行，钦佩,03/25
#感谢有你#这里有抗疫英雄的感人故事。伊利集团再捐1.8亿，感谢全国所有援鄂医疗队员；感谢钟南山、李兰娟、程京等科研团队并支持他们继续科研攻坚；感谢一线医护人员；感谢支持抗疫的各界人士！@活力伊利联合@新华网发起#感谢有你#活动O网页链接，和伊利一起说出你的感谢！,03/26
#感谢有你#这里有抗疫英雄的感人故事。伊利集团再捐1.8亿，感谢全国所有援鄂医疗队员；感谢钟南山、李兰娟、程京等科研团队并支持他们继续科研攻坚；感谢一线医护人员；感谢支持抗疫的各界人士！@活力伊利联合@新华网发起#感谢有你#活动O网页链接，和伊利一起说出你的感谢！,03/26
我是相当佩服网上那些传各种聊天截图的吃瓜群众，简直比钟南山更钟南山，那是相当专业及敬业！但凡见到有疑似外来的，就自动给人确诊新冠，再冠以某某市政府某某公安局某某医院的某些人说的，编成文字打着关怀的旗号散播谣言制造恐慌！就比如某些石狮瓜民，已经口头建起N座雷神山火神山小汤山，顺便语音搭建若干灵骨堂。清明快到了，让人实在想给他们的嘴扫一扫墓！网络安全部门对此似乎视而不见，坐看谣言满天，似乎生怕名声不够坏一样，真心让人无法理解！,03/26
#感谢有你#这里有抗疫英雄的感人故事。伊利集团再捐1.8亿，感谢全国所有援鄂医疗队员；感谢钟南山、李兰娟、程京等科研团队并支持他们继续科研攻坚；感谢一线医护人员；感谢支持抗疫的各界人士！@活力伊利联合@新华网发起#感谢有你#活动O网页链接，和伊利一起说出你的感谢！,03/26
佩服导演和编剧的预知能力，我看了100遍。#超赞影视##视频新星榜##任达华##黄秋生##黄秋生公然诋毁钟南山院士#L超赞影视的微博视频,03/26
#感谢有你#这里有抗疫英雄的感人故事。伊利集团再捐1.8亿，感谢全国所有援鄂医疗队员；感谢钟南山、李兰娟、程京等科研团队并支持他们继续科研攻坚；感谢一线医护人员；感谢支持抗疫的各界人士！@活力伊利联合@新华网发起#感谢有你#活动O网页链接，和伊利一起说出你的感谢！,03/26
钟南山出席中欧抗疫分享：建议保持防控措施防第二波O网页链接,03/26
#感谢有你#这里有抗疫英雄的感人故事。伊利集团再捐1.8亿，感谢全国所有援鄂医疗队员；感谢钟南山、李兰娟、程京等科研团队并支持他们继续科研攻坚；感谢一线医护人员；感谢支持抗疫的各界人士！@活力伊利联合@新华网发起#感谢有你#活动O网页链接，和伊利一起说出你的感谢！,03/26
#感谢有你#这里有抗疫英雄的感人故事。伊利集团再捐1.8亿，感谢全国所有援鄂医疗队员；感谢钟南山、李兰娟、程京等科研团队并支持他们继续科研攻坚；感谢一线医护人员；感谢支持抗疫的各界人士！@活力伊利联合@新华网发起#感谢有你#活动O网页链接，和伊利一起说出你的感谢！,03/26
#感谢有你#这里有抗疫英雄的感人故事。伊利集团再捐1.8亿，感谢全国所有援鄂医疗队员；感谢钟南山、李兰娟、程京等科研团队并支持他们继续科研攻坚；感谢一线医护人员；感谢支持抗疫的各界人士！@活力伊利联合@新华网发起#感谢有你#活动O网页链接，和伊利一起说出你的感谢！,03/26
【夜夜闲谈】今年注定是不平凡的一年，由于新型冠状病毒肺炎我们的生活受到了很大的影响。之所以我们国家能够黄秋生公然怼钟南山院士，引发众怒！O网页链接,03/26
"编者荐语：惊闻某二流官媒头版为“英雄”庆功，遥想到最近被强行爆炒的抗疫神剧在一起，主要人物中居然没有一个中医大夫们（本次的真英雄）对于资本媒体的造神运动，不得不服既然如此 , 转神作一篇， 聊以自慰。我们一起把歌唱起送 我们的钟“大英雄”『深不可测的钟南山』O深不可测的钟南山",03/26
#感谢有你#这里有抗疫英雄的感人故事。伊利集团再捐1.8亿，感谢全国所有援鄂医疗队员；感谢钟南山、李兰娟、程京等科研团队并支持他们继续科研攻坚；感谢一线医护人员；感谢支持抗疫的各界人士！@活力伊利联合@新华网发起#感谢有你#活动O网页链接，和伊利一起说出你的感谢！,03/26
#感谢有你#这里有抗疫英雄的感人故事。伊利集团再捐1.8亿，感谢全国所有援鄂医疗队员；感谢钟南山、李兰娟、程京等科研团队并支持他们继续科研攻坚；感谢一线医护人员；感谢支持抗疫的各界人士！@活力伊利联合@新华网发起#感谢有你#活动O网页链接，和伊利一起说出你的感谢！,03/26
#感谢有你#这里有抗疫英雄的感人故事。伊利集团再捐1.8亿，感谢全国所有援鄂医疗队员；感谢钟南山、李兰娟、程京等科研团队并支持他们继续科研攻坚；感谢一线医护人员；感谢支持抗疫的各界人士！@活力伊利联合@新华网发起#感谢有你#活动O网页链接，和伊利一起说出你的感谢！,03/26
我在看：【钟南山晒出自家早餐，这么多？网友：难怪84岁身体还这么好】#跟新浪看热点#O钟南山晒出自家早餐，这么多？网友：难怪84岁身体还这么好,03/27
我在看：【钟南山：6月份结束疫情是可以期待的】#跟新浪看热点#O钟南山：6月份结束疫情是可以期待的,03/27
钟南山：不要吃太饱，袁隆平：不仅要吃饱还要吃好！两大院士为中国人民操碎了心！向他们致敬！#全球疫情#L热门视频合集的微博视频,03/27
#腾讯新闻#钟南山，一个狠角色O钟南山，一个狠角色来自@腾讯新闻,03/27
#钟南山称疫情震中可能转移至美国#那是一定的，到现在他们意见还不统一，犹犹豫豫只会错失良机，疫情最终一定会重创美国，蓬佩奥之流实际上已看到了结果，所以才坚持甩锅中国，以图转嫁责任与国内不满情绪。,03/27
我在看：钟南山：6月份结束疫情是可以期待的#跟新浪看热点#(下载客户端:新浪新闻),03/27
#感谢有你#这里有抗疫英雄的感人故事。伊利集团再捐1.8亿，感谢全国所有援鄂医疗队员；感谢钟南山、李兰娟、程京等科研团队并支持他们继续科研攻坚；感谢一线医护人员；感谢支持抗疫的各界人士！@活力伊利联合@新华网发起#感谢有你#活动O网页链接，和伊利一起说出你的感谢！,03/27
我在看：【钟南山：6月份结束疫情是可以期待的】#跟新浪看热点#O钟南山：6月份结束疫情是可以期待的,03/27
分享海拔资讯《国内疫情是否会二次暴发？国际疫情下一个“震中”是哪？钟南山最新判断来了》O网页链接,03/27
我在看：【钟南山：新型冠状病毒肺炎很可能来自野味】#跟新浪看热点#O钟南山：新型冠状病毒肺炎很可能来自野味,03/27
日前香港男演员黄秋生在社交媒体上发文称钟南山不够科学，流于片面。黄秋生还称科学家的责任在于寻找真实，不在于玩弄言辞，这是科学问题，更是人格问题。黄秋生此番言论引发极大争议。此前广州市政府新闻办在广州医科大学举办疫情防控专场新闻通气会，国家卫健委高级别专家组组长、国家呼吸系统疾病临床医学研究中心主任钟南山称：对疫情的预测，我们首先考虑中国，没考虑国外，现在国外出现一些情况，疫情首先出现在中国，不一定是发源在中国。,03/27
我在看：【钟南山：6月份结束疫情是可以期待的】#跟新浪看热点#O钟南山：6月份结束疫情是可以期待的,03/27
孙新兰意象对话关注#新冠痊愈#者融入社会的心理干预20200327爱行天使时讯播报预测|钟南山：我估计国内疫情不会出现第二波高峰O钟南山：估计国内疫情不会出现第二波高峰药物|新冠特效药还有多远？将来人人都要打疫苗吗？中科院专家这样回答O网页链接防护|现在口罩还要戴吗？入境来沪为何要隔离14天？你想知道的在这里！O网页链接科技|抗疫技术出海！腾讯在国内已提供60亿次服务的疫情模块向海外开源O抗疫技术出海！腾讯在国内已提供60亿次服务的疫情模块向海外开源心理|新冠肺炎痊愈者融入社会少不了精准心理干预O新冠肺炎痊愈者融入社会少不了精准心理干预爱，点光明心灯,03/27
【直播！#钟南山连线美国专家团队#】今天上午，在广州医科大学附属第一医院，钟南山院士与美国方面的专家进行视频连线，就新冠肺炎疫情的抗疫经验和诊疗情况进行合作研讨。关注！L央视新闻的微博视频.,03/27
#钟南山回应国内是否会二次暴发疫情#可以别再来了，我想上学,03/27
我在看：【双重警钟敲响！钟南山和张文宏齐发声】#跟新浪看热点#O双重警钟敲响！钟南山和张文宏齐发声,03/28
#感谢有你#这里有抗疫英雄的感人故事。伊利集团再捐1.8亿，感谢全国所有援鄂医疗队员；感谢钟南山、李兰娟、程京等科研团队并支持他们继续科研攻坚；感谢一线医护人员；感谢支持抗疫的各界人士！@活力伊利联合@新华网发起#感谢有你#活动O网页链接，和伊利一起说出你的感谢！,03/28
【专家连线】钟南山建议保持现有防控，张文宏强调防控措施要紧，为什么？O【专家连线】钟南山建议保持现有防控，张文宏强调防控措施要紧，为什么？,03/28
国之重器钟南山，一脸医学之严谨，院士之威严，我很佩服，却是我不想成为的英雄,03/28
今天也没有听钟南山爷爷的话出门了,03/28
#感谢有你#这里有抗疫英雄的感人故事。伊利集团再捐1.8亿，感谢全国所有援鄂医疗队员；感谢钟南山、李兰娟、程京等科研团队并支持他们继续科研攻坚；感谢一线医护人员；感谢支持抗疫的各界人士！@活力伊利联合@新华网发起#感谢有你#活动O网页链接，和伊利一起说出你的感谢！,03/28
#感谢有你#这里有抗疫英雄的感人故事。伊利集团再捐1.8亿，感谢全国所有援鄂医疗队员；感谢钟南山、李兰娟、程京等科研团队并支持他们继续科研攻坚；感谢一线医护人员；感谢支持抗疫的各界人士！@活力伊利联合@新华网发起#感谢有你#活动O网页链接，和伊利一起说出你的感谢！,03/28
《钟南山晒一日三餐食谱，看完终于明白：为啥钟老84岁还这么精神》2002年非典爆发，67岁的钟南山院士站在抗击疫情的第一线，如今新冠肺炎蔓延至全国，钟老再次挂帅出征，舍己为人当称国士无双。O网页链接,03/28
#除中国外已有8国确诊病例破万#钟南山：如果遵从防护的原则，欧洲确诊病例未来一周就会达到高峰，然后应该是往下走，但在美国就很难说。如各国积极防控预计4月疫情控制见效L长沙共青团的微博视频,03/28
钟南山最新公布健康三要素，看似简单，很多人却一条也没做到O钟南山最新公布健康三要素，看似简单，很多人却一条也没做到,03/28
天天刷新冠的新闻，最靠谱的俩发言人一个钟南山，一个张文宏.俩大神都说，国内结束疫情可能等不到疫苗研发成功，而国外的新冠想要结束就得等疫苗的研发成功.那意思就是现阶段没有任何特效药，最有效的方法是阻止新冠病毒的传播也就是说要自我隔离.连特不靠谱的医疗顾问都说了没有特效药，还争什么中药在这次抗疫中有用没用，无聊！,03/28
#感谢有你#这里有抗疫英雄的感人故事。伊利集团再捐1.8亿，感谢全国所有援鄂医疗队员；感谢钟南山、李兰娟、程京等科研团队并支持他们继续科研攻坚；感谢一线医护人员；感谢支持抗疫的各界人士！@活力伊利联合@新华网发起#感谢有你#活动O网页链接，和伊利一起说出你的感谢！,03/28
美国专家团队连线钟南山，钟老交流了中国经验，为钟老点赞！#比尔盖茨警告全美必须停摆##花样宅家挑战#L搞笑图片笑死人不偿命高清图的微博视频,03/28
美国专家团队连线钟南山，钟老交流了中国经验，为钟老点赞！#比尔盖茨警告全美必须停摆##花样宅家挑战#L搞笑毓的微博视频,03/28
【#钟南山回应国内是否会二次暴发疫情#】国内是否会出现疫情的二次暴发？钟南山院士表示：“我估计国内疫情不会出现第二波高峰。在中国群防群控的基础上，新增病例可能就局限在很小的人群中。我不相信在我们这么强有力的措施下，会出现大的暴发。”扩散提醒：严防严控，不要放松！via.央视新闻L央视新闻的微博视频,03/28
#黄秋生公然诋毁钟南山院士##黄秋生#黄秋生钟南山先生，八十多岁了，为这次疫情付出了太多，没有功劳也有苦劳，请别再诋毁钟南山，他是这次抗疫疫情的领头人，带领着科学团队，日夜奋战在抗疫肺炎的第一线，你黄秋生有能耐怎么不去武汉参加抗疫的呢，你黄秋生本身就是中国人，难道去了英国认祖归宗了，就忘记自己是一位中国人了吗？@乡村教师代言人-马云@秦岚@成龙@梁小龍David@徐冬梅1983@昆仑决姜华@甄子丹@李连杰@吳京@吴绮莉Elaine@成龙@秦岚@乡村教师代言人-马云@李振辉@李连杰@秦岚@秦岚工作室@刘承羽Natasha@劉嘉玲@秦岚@王鸥Angel@江疏影@王丽坤@成龙@陈乔恩@蓝心ZoeZhang@彩霞满天时的风铃草@王中磊@周星驰影迷会@館長杨能@Super巾淇@范晓萱@郭采洁@劉嘉玲@舒淇@周润发@艺术梦想之路@成龙@乡村教师代言人-马云@秦岚@飞龙FeiLong卍@赵文卓@范晓萱@樊少皇@陈国坤@罗家英@Nora苗可秀@秦岚@SicongZhang@沃星影业@秦岚工作室@成龙影视传媒@朱墨@乡村教师代言人-马云@成龙@郭晨冬@冬哥全国后援会@MMA冬的武林@陈凯歌@张艺谋作品影@冯小刚@王安迪v吧@熊欣欣@王思聪@小弟王晶@王家卫@王李丹妮Daniella@王思聪@董明珠自媒体@张棠是个小仙女@孙文婷angelina@我是贺丹丹@彭静@冬的江湖@乡村教师代言人-马云@秦岚@景甜@郭晨冬@朱墨@乡村教师代言人-马云@向太Tiffany陳嵐@我是娜扎@郭采洁@王巍Jeff@鄂靖文Vin@龙五先生向華強@王冠逸Lawrence@Michelle杨紫琼@郭碧婷@向太Tiffany陳嵐@崔永元@封神冬@歌手王林汐@冯弯弯-@Dear-迪丽热巴@向佐JackyHeung@乡村教师代言人-马云@封神冬@岳松SongYue@江疏影工作室@张丰毅影迷会@刘烨@黄秋生字小草号遠志又名黄老邪@黎明@吕良伟Ray@歐陽娜娜Nana@极真宜兴@乡村教师代言人-马云#李小龙#@刘亦菲@刘亦菲@刘亦菲@刘亦菲@刘亦菲@刘亦菲@靓女的妈妈_@靓女的妈妈_@靓女的妈妈_@靓女的妈妈_@靓女的妈妈_@靓女的妈妈_@郭采洁@郭采洁@郭采洁@郭采洁@郭采洁@郭采洁@秦岚@秦岚@秦岚@秦岚@秦岚@秦岚@秦岚@江疏影@江疏影@江疏影@江疏影@江疏影@江疏影@江疏影工作室@江疏影工作室@江疏影工作室@江疏影工作室@江疏影工作室@江疏影工作室@宋茜@宋茜@宋茜@宋茜@宋茜@宋茜@我是娜扎@我是娜扎@我是娜扎@我是娜扎@我是娜扎@我是娜扎@Dear-迪丽热巴@Dear-迪丽热巴@Dear-迪丽热巴@Dear-迪丽热巴@Dear-迪丽热巴@Dear-迪丽热巴@拳击时空@杨华评论@所有人,03/29
#钟南山连线美国专家团队#【直播！#钟南山连线美国专家团队#】今天上午，在广州医科大学附属第一医院，钟南山院士与美国方面的专家进行视频连线，就新冠肺炎疫情的抗疫经验和诊疗情况进行合作研讨。关注！L央视新闻的微博视频.,03/29
#横冲直撞20岁##钟南山估计全球疫情至少延续到6月份#虽然近期大部分城市都复工了，生产，生活走上了正常，但防护不能轻心。下面给广大仁士介绍一款防新冠肺炎的中药防治方：制附子10克，干姜15克，炙甘草20克，金银花10克，皂角刺10克，熬汁服用。,03/29
#钟南山说推断中国没有大量无症状感染者#如果你想成为优秀的人，就要向有结果的人靠近,03/29
#钟南山说推断中国没有大量无症状感染者#钟南山说推断中国没有大量无症状感染者。我对钟老还是很信任的，会更好的！致敬我们的山[米奇比心],03/29
#钟南山说推断中国没有大量无症状感染者#还是要做好防护,03/29
#钟南山说推断中国没有大量无症状感染者#希望疫情早日结束,03/29
#钟南山说推断中国没有大量无症状感染者#甘肃卫健委28日晚间通报显示，3月27日20时至3月28日20时，甘肃新增疑似病例1例，该病例于1月14日由兰州去湖北咸宁老家，3月22日自驾车从咸宁返回兰州，目前在省级定点医院医学隔离观察，正在做核酸检测，进一步确诊。广东佛山早在24日就通报了1例湖北输入病例。1月15日，该患者与朋友自驾车从佛山回湖北咸宁老家；1月16日~3月16日，患者在咸宁居住；3月17日自驾到广东，先回惠州再到佛山，19日在佛山住所的村口测量体温正常，次日发现发热后送医就诊并隔离，23日确诊。值得注意的是，佛山这1病例与甘肃的疑似病例都来自湖北咸宁输入。而咸宁自2月下旬起已无新增确诊病例。咸宁市新冠肺炎防控指挥部此前通报称，截至3月17日24时，全市确诊病例和疑似病例已全部清零。既然如此，广东佛山和甘肃出现的这两例湖北输入性病例是从哪里感染的？,03/29
#张文宏落选#看完名单感觉这个入选名单特意回避了“领导”，而张文宏的确算是一个领导。但名单里有一个局长，不过已经牺牲在岗位上了，能入选也算是合情合理。张文宏好几年前就已经被评过先进个人，而且李兰娟钟南山这几位也没入选，反正人家已经很多荣誉加身，没有入选他们好像也并无不妥,03/29
钟南山、张文宏敲响双重警钟！O钟南山、张文宏敲响双重警钟！,03/29
#钟南山说推断中国没有大量无症状感染者#这样是极好的，但是大家还是不要放松警惕，做好自身防护,03/29
#钟南山说推断中国没有大量无症状感染者#还是统一防线，保持防护，坚持日常防护戴口罩。严防境外输入,03/29
#钟南山说推断中国没有大量无症状感染者#严防境外输入！！！！,03/29
#钟南山说推断中国没有大量无症状感染者#带好口罩保护好自己,03/29
#钟南山说推断中国没有大量无症状感染者#北京和河南这两个例子都没传给自己的老婆孩子，都超长潜伏期。说明无症状感染者传染性弱，直到遇到一个身体抵抗力差的人才显示出症状，所以不能推断没有大量存在,03/29
#中国战疫录#全程回顾抗击新冠疫情，钟南山院士一锤定音可以人传人，武汉封城L剧墨人的微博视频,03/30
“无症状感染者”所带来的严峻问题！！因为不知，问题才严重钟南山、高福陆续回应同一问题后，中央下了新任务O本文来自腾讯新闻客户端自媒体，不代表腾讯新闻的观点和立场,03/30
看漫画#共同战疫#共同战“疫”小明太极在行动向钟南山院士李兰娟院士致敬,03/30
我在看：【钟南山：6月份结束疫情是可以期待的】#跟新浪看热点#O钟南山：6月份结束疫情是可以期待的,03/30
3月30日战“疫”日报：钟南山推断中国没有大量无症状感染者O网页链接,03/30
#腾讯新闻#钟南山、高福陆续回应同一问题后，中央下了新任务O网页链接来自@腾讯新闻,03/30
我在看：【美国二次邀请钟南山院士，钟南山：不去！中国网友：我们不同意！】#跟新浪看热点#O美国二次邀请钟南山院士，钟南山：不去！中国网友：我们不同意！,03/30
所有美国人都知道他了，钟南山教授。L今日聊城头条的微博视频,03/30
【伊恩双语】崔娃采访美国钟南山Fauci博士，解读美国疫情现状L伊恩ian哥哥的微博视频,03/30
继钟南山之后罗翔成为了新时代鲁迅他的每句话都会在我的首页被反复转发,03/30
#腾讯新闻#钟南山、高福陆续回应同一问题后，中央下了新任务O网页链接来自@腾讯新闻,03/30
防“疫”1.武汉本来就是一座很英雄的城市，中国本来就是一个很英雄的国家。——钟南山2.时代的一粒灰，落在个人头上，可能就是一座山。——作者方方3.我们之所以赞颂勇气是因为人类总是在明知危险的时候仍然选择做我们该做的事。——回形针4.原来国泰民安就是车水马龙，人声鼎沸。——《重庆宣传片》5.有一分热，发一分光，就像萤火一般。也可以在黑暗里发一点光不必等待火炬。——鲁迅《热风》6.没有一个冬天不会过去，没有一个春天不会到来。——人民日报微博7.枪响之后，没有赢家。——董卿8.起初，没有人在意这一场灾难，这不过是一场山火、一次旱灾、一个物种的灭绝、一座城市的消失，直到这场灾难，和每个人息息相关。——《流浪地球》9.人间的事，只要生机不灭，即使重遭天灾人祸，暂被压抑，终有抬头的日子。——丰子恺10.山川异域，风月同天，愿山河无恙，人间皆安。11.同气连枝共盼春。,03/30
钟南山：疫苗不管哪个国家先做出疫苗，都不能供应全世界，需要全球合作#记录世界记录你#L中国网直播的快手视频,03/30
临摩，悲天悯人钟南山,03/30
#全球多国禁止粮食出口#手中有粮心不慌，多国打算禁止粮食出口，意味着他们慌了。而我们不仅有能干倒病毒的钟南山、李兰娟，还有宇内无敌的袁隆平。不管是病灾还是粮荒，必有国士保华夏，这大概就是生在中国的骄傲吧。中国的玉米、小麦、大米及其他农业大宗商品的国家储备已攀升至极高水平。据估计，仅玉米库存就高达2.5亿吨，几乎是国内一年玉米产量的1倍还要多。粮食不是问题，与其囤粮不如囤钱。主粮不担心，但一些农产品可能会有人趁机抬价。（转）,03/30
#钟南山李兰娟等10个院士团队齐聚湖北##李兰娟院士医疗队凯旋##李兰娟院士医疗队告别武汉##李兰娟院士返杭丈夫郑树森院士接机#2020.01.23--我们(武汉)封城2020.02.01--您带团队驰援武汉2020.03.31--您带团队凯旋杭州就是差不多我们封城多久您就持续奋战一线多久感谢您也辛苦您2020.03.31封城第69天极致脆弱极致顽强傻傻分不清楚2020.04.01封城第70天🙏🙏🙏,03/31
#钟南山说推断中国没有大量无症状感染者##小贴士#钟南山院士近日接受采访表示：中国近期新冠肺炎新确诊病例数不仅没有上升，反而在不断下降，这可以说明：中国还没有大量的“无症状感染者”。,03/31
#钟南山说推断中国没有大量无症状感染者##小贴士#钟南山院士近日接受采访表示：中国近期新冠肺炎新确诊病例数不仅没有上升，反而在不断下降，这可以说明：中国还没有大量的“无症状感染者”。,03/31
#李兰娟院士返杭丈夫郑树森院士接机#院士夫妻👫神仙眷侣，钟南山院士和夫人的爱情亦是羡煞我等凡夫俗子。磕这种科研界泰斗CP真的是酣畅淋漓，微博热搜应该多一些这样的话题,03/31
#钟南山说推断中国没有大量无症状感染者##小贴士#钟南山院士近日接受采访表示：中国近期新冠肺炎新确诊病例数不仅没有上升，反而在不断下降，这可以说明：中国还没有大量的“无症状感染者”。,03/31
钟南山应该算是钦点的疫情“吹风人”。20号披露人传人，之后全国防控等级立马上了一个台阶。他说轻症患者居家隔离有风险，后面立马就建方舱医院。前两天他又说无症状感染者的危险性，卫健委这就立马宣布要通报无症状者的情况。很显然这都是有受权的，所以一定要留意钟南山的所有采访报道。,03/31
我在看：【视频|钟南山院士分析邓丽君的死因每一条都说到了点上】#跟新浪看热点#L钟南山院士分析邓丽君的死因每一条都说到了点上,03/31
分享网易视频《钟南山对中美疫情最新判断，这话估计特朗普可能不喜欢听！》O网页链接来自@网易新闻客户端#网易新闻#,03/31
你是无症状感染者吗在家这样自(无锡#钟南山说推断中国没有大量无症状感染者##张文宏预测10月后或有疫情高峰#L娱乐姣的微博视频,03/31
美国“病毒猎手”确诊后，钟南山为其在线诊断L喵喵喵大風浪的微博视频,03/31
德国是一个怎么的国家，为什么经济高度发达#钟南山说推断中国没有大量无症状感染者##张文宏预测10月后或有疫情高峰#L搞笑绮的微博视频,03/31
我在看：【钟南山：6月份结束疫情是可以期待的】#跟新浪看热点#O钟南山：6月份结束疫情是可以期待的,03/31
我在看：【钟南山：6月份结束疫情是可以期待的】#跟新浪看热点#O钟南山：6月份结束疫情是可以期待的,03/31
专家解答无症状感染者如何排查#钟南山说推断中国没有大量无症状感染者##张文宏预测10月后或有疫情高峰#L搞笑愿的微博视频,03/31
专家解答无症状感染者如何排查#钟南山说推断中国没有大量无症状感染者##张文宏预测10月后或有疫情高峰#L搞笑尝的微博视频,03/31
