【#袁隆平钟南山致敬劳动者#】这个春天，平凡的劳动者给了我们太多感动。此刻，转发这条微博，一起向各行各业的劳动者致敬！@春晚L春晚的微博视频,05/01
钟南山院士与尼泊尔分享中国抗疫经验：“四早”措施延缓病毒传播O钟南山院士与尼泊尔分享中国抗疫经验：“四早”措施延缓病毒传播,05/01
钟南山战疫60天全记录O钟南山战疫60天全记录,05/01
【#钟南山送五四青年节祝福#】五四青年节将至，钟南山院士肯定广大青年在战疫中起到主力军的作用，手书“这世界属于青年，就让青年改变世界“”。勉励广大青年在全面建成小康社会中也发挥主力军的作用，祝福广大青年五四青年节快乐！@中国青年报L人民网的微博视频,05/01
#袁隆平钟南山致敬劳动者#劳动最光荣！！！你们都辛苦啦！！,05/01
【纪录片：呼吸病学专家钟南山】1936年，钟南山出生在江苏南京的一个医生家庭。为什么出现疫情大家就会想到他？这部纪录片将给你答案，真正的“医者仁心”L超话社区的微博视频,05/01
#钟南山院士点赞广大青年#简历上又多一条“曾被钟南山院士点赞夸奖”,05/01
【#钟南山院士送五四青年节祝福#】五四青年节将至，钟南山院士肯定广大青年在战疫中起到主力军的作用。#钟南山手书这世界属于青年#，就让青年改变世界，勉励广大青年在全面建成小康社会中也发挥主力军的作用，祝福广大青年五四青年节快乐！#五四致敬战疫青年#O网页链接,05/01
我发布了：辛苦啦，能够拍摄到钟南山院士#钟南山#正能量#辛苦了#工作打卡#支持快手传播正能量#记录世界记录你#L策划人-朱朱的快手视频,05/01
【#钟南山院士送五四青年节祝福#】五四青年节将至，钟南山院士肯定广大青年在战疫中起到主力军的作用。#钟南山手书这世界属于青年#，就让青年改变世界，勉励广大青年在全面建成小康社会中也发挥主力军的作用，祝福广大青年五四青年节快乐！#五四致敬战疫青年#@中国青年报O网页链接,05/01
#袁隆平钟南山致敬劳动者#致敬勤劳、平凡而伟大的劳动者这个春天，平凡的劳动者给了我们太多感动。,05/01
【#袁隆平钟南山致敬劳动者#】这个春天，平凡的劳动者给了我们太多感动。此刻，转发这条微博，一起向各行各业的劳动者致敬！L春晚的微博视频,05/01
#袁隆平钟南山致敬劳动者#每次看到钟南山就想起国士无双这个词，但用在这里或许有些不合适，袁隆平钟南山两人都为我国做出了杰出的贡献，他们是广大劳动者里的一员，向他们致敬，同时也向无数伟大的劳动人民致敬！！！劳动人民最光荣！！！,05/01
这张照片的名字叫做：《医食无忧》，谢谢你们。也谢谢所有的劳动者们，大家五一劳动节快乐！#袁隆平钟南山致敬劳动者##五一劳动节#,05/01
【#袁隆平钟南山致敬劳动者#】这个春天，平凡的劳动者给了我们太多感动。此刻，转发这条微博，一起向各行各业的劳动者致敬！L春晚的微博视频,05/01
吃饭不忘袁隆平健康不忘钟南山致敬钟南山感谢袁隆平#袁隆平养猫了##那些治愈的笑话#L娱乐姣的微博视频,05/02
#五四致敬战疫青年#【#钟南山院士送五四青年节祝福#钟南山点赞广大青年在新冠肺炎战斗中起到了主力军作用】五四青年节到来之际，钟南山院士手书寄语青年：“这世界属于青年，就让青年改变世界！”他点赞广大青年在抗击新冠肺炎战斗中起到了主力军作用，相信在我国全面建成小康社会的任务中，广大青年也能够起到主力军的作用。最后，钟南山院士还“祝大家五四青年节快乐！”（记者林洁）#青年万岁##谢谢你保护了我们#L中国青年报的微博视频O网页链接,05/02
【#袁隆平钟南山致敬劳动者#】这个春天，平凡的劳动者给了我们太多感动。此刻，转发这条微博，一起向各行各业的劳动者致敬！#劳动最光荣#L央视一套的秒拍视频,05/02
钟南山袁隆平罕见同台网友我们的医食无忧组合#袁隆平养猫了##那些治愈的笑话#L娱乐耿的微博视频,05/02
我在看：【疫情出现新情况，钟南山院士发出警告！】#跟新浪看热点#O疫情出现新情况，钟南山院士发出警告！,05/02
#袁隆平养猫了#哈哈哈钟南山院士我记得也养猫“医食无忧”天团都是“铲屎同行”噗哈哈哈哈，谁能拒绝猫猫呢,05/02
【#钟南山手书致青年#，#青春就是奋斗#】五四青年节到来之际，钟南山院士手书寄语：“这世界属于青年，就让青年改变世界！”他点赞广大青年在抗疫战斗中起到的主力军作用，并向他们送去节日祝福：“祝大家五四青年节快乐！”网友：听钟爷爷的话，我们都加油！@青蜂侠BeeL青蜂侠Bee的秒拍视频,05/02
#五四致敬战疫青年#【#钟南山院士送五四青年节祝福#钟南山点赞广大青年在新冠肺炎战斗中起到了主力军作用】五四青年节到来之际，钟南山院士手书寄语青年：“这世界属于青年，就让青年改变世界！”他点赞广大青年在抗击新冠肺炎战斗中起到了主力军作用，相信在我国全面建成小康社会的任务中，广大青年也能够起到主力军的作用。最后，钟南山院士还“祝大家五四青年节快乐！”（记者林洁）#青年万岁##谢谢你保护了我们#L中国青年报的微博视频O网页链接,05/02
去年香港暴乱和之前新冠刚开始时，部分人在骂政府，把罪名安在国家头上。如今，新冠在中国得到了较好的控制，黑子又出来到处攻击诋毁。连袁隆平和钟南山这样的科学家也有人黑，无语了都！希望微博早日实名制，对不当言论及时进行处理！！,05/02
钟南山寄语全国中小学生：心中要有个“大我”。#记录世界记录你#L民生周刊的快手视频,05/02
这种事情想都不敢想，不会发生在我身上的，嘿嘿嘿(º﹃º )我只想好好粉我的爱豆，男神♪～(´ε｀　)钟南山O如果有一天，你变得比你的idol更有名，你还会粉ta吗?,05/02
钟南山：6月份结束疫情可期待；未发现复阳病人有传染性O网页链接,05/02
#五四致敬战疫青年#我是河北工院经贸系学子我在北京为战役青年加油在新型冠状病毒面前，是他们冲到了一线，是他们，不畏艰难。他们，就是来自各个省市的白衣天使，是抗病毒路上的逆行者。　　八十三岁的钟南山爷爷，本来可以避开病毒的危险，安度晚年，但是他在人民最需要他的时候，站了出来，就跟十七年前，SARS病毒爆发的时候一样。十七年前，他曾坚定的说：“把病人都送到我这里来!”这斩钉截铁的话语，带给全世界无比的震撼。十七年来，这颗为人民服务的心，始终未改，为人民的安全逆行的志，始终不变。　　还有许多医生与护士，在大年三十，当我们吃着团圆饭，阖家欢乐的时候，他们却义无反顾地离开家人，踏上去武汉的战场。这些逆行者在医院战地中，为人民安全而战。　　致敬逆行者，敬畏自然，守护生命。是他们用执着和坚守诠释着“爱的奉献”，诠释着“大医精诚”。我们由衷的向他们致敬。让我们众志成城一起战胜这场没有硝烟的战争，期待着他们早日归来阖家团圆，一起走上街头，繁花与共!@中国青年报,05/02
钟南山袁隆平罕见同台#钟南#袁隆#热门#袁隆平养猫了##那些治愈的笑话#L搞笑音的微博视频,05/02
【#钟南山手书致青年#】五四青年节到来之际，钟南山院士手书寄语：“这世界属于青年，就让青年改变世界！”他点赞广大青年在抗疫战斗中起到的主力军作用，并向他们送去节日祝福：“祝大家五四青年节快乐！”网友：听钟爷爷的话，我们都加油！#青春就是奋斗#@青蜂侠BeeL检察日报的微博视频,05/02
#青春万岁#【#五四致敬战疫青年#点赞最美青春】由@湖南卫视、@中国青年报联合主办的首档青春励志城市接力唱演秀——#青春万岁#五四接力直播秀，今晚正式开场，发布的先导片展示了在战疫过程的一个个青春脸庞，他们在困难来临时义无反顾，证明了新生代的无限力量，钟南山、李兰娟、欧阳自远等院士和航天英雄杨利伟在线点赞最美青春！（中青报·中青网记者沈杰群）L中国青年报的微博视频,05/03
#致敬最美青春##湖南卫视五四晚会#在困难来临时义无反顾，每一个在抗疫中奉献的人，都有最青春的灵魂！钟南山、李兰娟、杨利伟在线点赞青春#向青年抗疫先锋致敬#L湖南卫视的微博视频,05/03
至今没看到我国媒体正面报道以下几件事，1、武汉第一例医护人员确诊病例是哪天？（同济医院急诊科医生陆俊，确诊时间1月7日，媒体措辞为“应是医生中第一例重症确诊病例”，这个“应”字说明这个第一例应该是自己估计的）2、从医护人员确诊到钟南山出来说话之前，是谁在阻挠“人传人”的信息发出，或是谁对此作出了误判？（1月7日-1月20日）3、从确定医护人员感染起，是什么原因导致了封城在1月23日才进行，让病毒享受了一波春运红利？（1月7日-1月23日）……天天怼美国媒体美国总统怼的那么来劲，时间线梳理的那叫一个清晰，谁哪天说过什么记录的那叫一个精确……我们自己的呢？？？,05/03
《钟南山健身房曝光，妻子李少芬是教练，这才是科学健康运动》钟南山健身房曝光，妻子李少芬是教练，这才是科学健康运动O网页链接👍👍👍,05/03
钟南山：群体免疫是一百多年前的做法。LYumen1028的微博视频,05/03
2020注定是不平凡的一年，庚子闫年，时代元年，我的本命年，早该提笔记录下这多灾多难，一波三折的新冠疫情，但意想不到的事情纷至沓来，从春节等到五一，口罩还未摘掉，禁令还未解除，神兽还未出笼，这近五个月的疫情改变了人类对大自然乃至生命的态度，保护地球，热爱生命已经被列为头等大事。尽管战争，疾病，天灾，人祸还在继续，但有良知的人类已经在努力和地球和解，中国因为这场疫情饱受折磨和非议，也因为这场疫情变得众志成城令世界瓜目相看，相信这场疫情考验得不只是人类对地球的敬畏之心，更是大爱无疆和世界共存的灵魂拷问，所有谎言和诽谤在生命面前都是不堪一击的，只有全世界团结一致，共渡难关，才是正确也是唯一能拯救人类的途径！所有经济政治等上层建筑都是建立在生命体的物质基础之上的，当我们放慢高速运转的脚步，静下心宅在家里也是为祖国作贡献的时候，医生成了战士，公务员成了门卫，老师成了主播，全民成了厨子，钟南山成了定海神针，雷神山火神山成了中国传奇！一方有难八方支援全国人民捐款捐物全国医生驰援武汉，有担当的中国企业火速转型口罩防护服呼吸机等医疗物质，并源源不断发往全中国乃至全世界！一个又一个奇迹在中国出现，一次又一次援助面向全世界，佛系的中国不计前嫌，本着尊重生命的仁爱之心，拯救着全世界，世界各国都在学中国，抄作业。中国战胜疫情的决心和壮举震惊了全世界，国外疫情大爆发海外的游子回来了，二次疫情又卷土重来，从攻坚战到阻击战再到迟久战，中华民族从未被困难压倒过，只能越战越勇，大浪淘沙谁主沉浮，在全世界都在抗击疫情的同时，中国责无旁贷身先士卒忍辱负重，天地轮迴相信人间自有公道！待到云开日出，山河无恙，归去来兮，田园将至！,05/03
电影《最美逆行》五月开拍钟南山亲笔题写片名O电影《最美逆行》五月开拍钟南山亲笔题写片名,05/03
疫情后开学的孩子们！这条街最靓的学仔，开心练武术，练练手脚，在家憋坏了！！！他爹也松了一口气，熊孩子终于有去处了！！！#撤回是你爸爸最后的温柔##开学季##开学##开学时间##钟南山积极支持学校复课#L水煮长江的微博视频,05/03
钟南山等专家这样说】随着气温上升，长期戴口罩确实不方便，很多人都想问：可以摘了吗？钟南山近日在接受人民日报采访时明确表示：现在还不是摘口罩的时候！不过，在疫情不严重的地区，人少的地方或空旷场所，倒不见得必须戴。四川省卫健委应对新冠肺炎疫情领导小组疫情防控组副组长栾荣生表示，符合以下3个特性，一定要佩戴口罩：①密闭空间内，如地铁、火车等地必须佩戴；②人群密集区，医院、学校等地均需佩戴；③密切接触，需要长时间与人密切接触者，需要佩戴口罩。,05/03
电影《最美逆行》五月开拍钟南山亲笔题写片名O电影《最美逆行》五月开拍钟南山亲笔题写片名,05/03
开心😊五月三钟南山寨峡谷运动公园,05/03
五四青年节即将到来之际，钟南山院士手书寄语：“这世界属于青年，就让青年改变世界！”他点赞广大青年在抗疫战斗中起到的主力军作用，并向他们送去节日祝福：“祝大家五四青年节快乐！”L青蜂侠Bee的秒拍视频,05/03
#五四青年节#钟南山手书送五四青年节寄语五四青年节到来之际，钟南山院士手书寄语：“这世界属于青年，就让青年改变世界！”他点赞广大青年在抗疫战斗中起到的主力军作用，并向他们送去节日祝福。#钟南山##五四青年节#,05/03
这段时间，钟南山院士收到了来自全国各地中小学生的信，有的字迹工整，有的笔触稚嫩，有肖像画，也O钟南山院士给中小学生的一封信，励志又暖心！老师家长给孩子看看吧！,05/03
果雪儿，学国学，家庭里，幸福多。我是家庭国学小记者耿卓妍，明天是五四青年节，注定是一个特别的五四。五四青年节前夕，钟南山寄语青年：“这世界属于青年，就让青年改变世界！”在抗击新冠肺炎战斗中起到了主力军作用！，2020年5月3日，打卡第117天,05/03
#钟南山说连花清瘟治疗新冠证实有效#我有,05/04
#钟南山说连花清瘟治疗新冠证实有效#是治疗！不是预防！一定要先搞清楚千万不要一窝蜂去买,05/04
#钟南山说连花清瘟治疗新冠证实有效#哇！这场博弈还充满着变数，幸好我们有药，相信科学的力量。相信钟老先生！！但是大家一定要遵循医嘱再购买哦！不要购买过度！愿一切恢复，期待热闹的街市,05/04
#钟南山说连花清瘟治疗新冠证实有效#辛苦了！！！,05/04
#钟南山说连花清瘟治疗新冠证实有效#秉持着严谨的态度，我想知道这个结论是怎么得出来的，做了随机双盲对照试验吗，样本数多大，能详细说说吗？（此微博不表示我不喜欢钟南山，不表示我否认他的贡献，我也没有无脑黑中医。）前几个月的晚上，央视新闻也说双黄连有效，第二天就打脸了，那这次呢？L寻找冯英杰的微博视频,05/04
#凤凰新闻#分享凤凰新闻：钟南山特别提到，有充足证据证明连花清瘟有效O钟南山特别提到，有充足证据证明连花清瘟有效来自@凤凰新闻客户端,05/04
#钟南山说连花清瘟治疗新冠证实有效#看清楚是治疗，治疗，不是预防,05/04
#钟南山说连花清瘟治疗新冠证实有效#有一说一，不要涨价断货才是,05/04
#钟南山说连花清瘟治疗新冠证实有效#年前中了病毒性感冒，第一次感受到感冒能让人全身肌肉疼痛、泪流满面！还是疫情档口，把自己吓个半死！在治疗过程中也使用了莲花清瘟，还是很棒的！中医请快速席卷全球哈哈哈哈！❤️,05/04
#钟南山为留学生直播防疫知识#钟老辛苦啦留学生也要照顾好自己#张文宏评价这届年轻人更加无畏#少年强则国强承担起青年人该承担的责任,05/04
【#钟南山说连花清瘟治疗新冠证实有效#】对于新冠肺炎的治疗，钟南山介绍：连花清瘟第一能够使症状改善，比如全身不适，改善比对照组早两天。CT片子上看恢复也显著比对照组快。使用连花清瘟后发热时间缩短。连花清瘟胶囊比较适合一般普通的新冠肺炎。L央视新闻的微博视频,05/04
#钟南山说连花清瘟治疗新冠证实有效#是治疗！不是预防！一定要先搞清楚千万不要一窝蜂去买不要像上次一样，如果你没得，那你买了没用呀，不如留给那些真正需要的人切拜！,05/04
五四青年节钟南山院士向海外学子问好O网页链接,05/04
#钟南山说连花清瘟治疗新冠证实有效#新闻还是还是严谨点的好，终老说了只是适用于普通新冠肺炎,05/04
#钟南山说连花清瘟治疗新冠证实有效#希望疫情早日结束,05/04
连花清瘟这下真要火了，这也证明了中药是具有一定疗效的，我们需要用科学理性的眼光去看待和承认。对于新冠肺炎的治疗，钟南山介绍：连花清瘟第一能够使症状改善，比如全身不适，改善比对照组早两天。CT片子上看恢复也显著比对照组快。使用连花清瘟后发热时间缩短。连花清瘟胶囊比较适合一般普通的新冠肺炎。#钟南山说连花清瘟真的有效##钟南山说连花清瘟治疗新冠证实有效#http://t.cn/A6A69bBM@小兵报道,05/05
【热到想摘口罩？这三种情况还是必须戴！】#广东出现今年首个高温日#，天气这么热，口罩可以摘了吗？钟南山近日接受采访时明确表示：现在还不是摘口罩的时候！四川大学华西公共卫生学院流行病教授、省卫生健康委应对新型冠状病毒肺炎疫情领导小组疫情防控组副组长栾荣生表示：1⃣️密闭空间内，如地铁、火车等地；2⃣️人群密集区，医院、学校等地；3⃣️密切接触，需要长时间与人密切接触者，这三种情况一定要佩戴口罩。,05/05
2019年12月8号，华南海鲜市场的一位摊主出现了发烧咳嗽的症状，赴和谐医院看病，后分离出了新型冠状病毒，从此中国打破了往日的平静。2020年1月20日，春运快要结束之际，很多人才首次从钟南山院士口中听说新型冠状病毒可以人传人。随着时间的推移，我国感染新型冠状病毒地区图越来越扩大，直至全中国变“红”，中国的疫情已经引起了人们的恐慌。2019年末的疫情之所以这么严重，主要的原因在于春运，人流量比平时大好多倍，全国的务工人员开始回家过年，全国大中小的学生都放假回家了，人员的扩散基本上达到了最大化。2020年2月初，我们镇上的乡镇府、卫生院都开始了各种防疫工作。听从组织的领导，在进村路口设立的疫情监测（劝返）点，对过往车辆进行询问、告知疫情，进行登记和检查，对外来人员和车辆及时进行劝返；根据组织的安排，并协调好自己的时间，在预检分诊台工作，主要工作内容有帮助值班医生或护士测量来访患者的体温；登记预检分诊患者身份信息；做好预检分诊部的室内消毒工作；水银体温计的消毒与保存；打扫室内卫生等工作。全民防疫，这是全中国人的事情，不出门，戴口罩，勤洗手。作为一名志愿者，更应该时时刻刻都听从组织的指挥，发挥自己的最大潜力！,05/05
钟南山谈美国疫情现状：病死率超过6%，现在感染还是如此普遍。#建盏之家#L建盏之家的微博视频,05/05
钟南山连线留学生，给出9个最新判断！O腾讯医典对话钟南山，新冠肺炎的十问十答,05/05
【娱虫美子】此次疫情来势凶猛，由于在疫情爆发初期，我国相关部门就采取了有效措施，所以到今天为止，我国疫截止至5月5日17时35分，疫情出现新情况，钟南山院士发出提醒O网页链接,05/05
感恩有你！希望年轻一代追求像钟南山这样的明星科学家！#B站献给年轻一代的演讲刷屏##那些治愈的笑话#L搞笑瑕的微博视频,05/05
【国家卫生健康委与外交部联合邀请钟南山院士为留学生答“疫”解惑】面对新冠肺炎疫情在全球范围内迅速扩散、传播的严峻形势，我国有140多万留学生在海外求学，他们的人身安全与身体健康时刻牵动着全国人民的心。O国家卫生健康委与外交部联合邀请钟南山院士为留学生答“疫”解惑,05/05
#新浪看点#北京国居养老携手“钟南山创新公益基金会”疫情期间全面升级O北京国居养老携手“钟南山创新公益基金会”疫情期间全面升级,05/05
新型冠状病毒肺炎确诊病例均在亚洲，钟南山春节间不会增加很多#那些治愈的笑话##青春的逆行#????L娱乐万的微博视频,05/05
如果在疫情爆发以后，有心媒体人马上做个《日记钟南山》，受欢迎程度和曝光率一定会超过任何人的《日记》！一定会让地球人都受益。,05/05
O今年的蚊子特别猖狂，蚊子叮咬会传染新冠病毒吗？点击文章来看看钟南山院士是怎么说的？,05/05
发布了头条文章：《蚊子会传播新冠病毒吗？新冠肺炎是否有后遗症？钟南山最新回应→》O蚊子会传播新冠病毒吗？新冠肺炎是否有后遗症？钟南山最新回应→,05/05
国士无双！纪录片《钟南山》用珍贵影像揭秘真实的钟南山O国士无双！纪录片《钟南山》用珍贵影像揭秘真实的钟南山,05/05
这届青年人的新偶像90后、00后常被认为是垮掉的一代，但是事实真的是这样吗？百度搜索大数据真实展现了疫情下中国青年的样子:在抗疫战斗中，不少一线工作者为青年群体;“钟南山”、“李兰娟”等英雄人物在00后群体中的搜索热度，也一度赶超了娱乐明星，成为青年人的新偶像。这世O网页链接,05/05
#新浪看点#生活中的钟南山什么样？听听他女儿钟帷月说的这段话就知道了O生活中的钟南山什么样？听听他女儿钟帷月说的这段话就知道了,05/06
一个钟南山，一个袁隆平，这两人真正的功德无量！！,05/06
#腾讯新闻#新京报:【天太热，想摘口罩？钟南山：现在还不是时候】最近，一张“全国31省份摘口罩时间表”在网上广泛流传。表上列出了全国各地摘口罩的时间，如上海、贵州、湖南、四川、江西等地显示“已摘”，而北京、广西、湖北等地则为“暂不确定”。随后，重庆市公安局对此说法进行了辟谣。经查证，广东、上海等地亦没有“可以摘下口罩”的说法。某种程度上，“全国31省份摘口罩时间表”这一不实信息的流传，也反映出广大市民对O腾讯新闻·热推来自@腾讯新闻,05/06
图片摘自方方的《武汉日记》片段对那些依然支持芳芳的人。支出方方日记中一下。不实的地方首先钟南山院士一开始说的是，没有明确的证据能证明可以在人与人之间传播。而非日记中所说的肺炎并不能在人与人之间传播。芳芳在他的武汉日记。中后期总是拿出极左这一词，在现实生活中也是子虚乌有的。现在国家正在极力地推进改革开放进程，虽然在改革道路上出现一些问题。如：官员贪污等资本的官僚的的风气开始兴起。但国家依然在一步步的完善改革开放进程。把好改革开放的方向。使改革开放之中不会被党内曾存在过的极少数极左分子破坏。也不让烈士用鲜血而换来的美好的事物被某些西方国家打碎。并踩在脚底下践踏方方为什么只敢批评。而不敢听别人的批评，而且在日记中提到的武汉市官员就代表了全中国官员的水平。请问你有什么证据？在方方的日记中可能会有更多的这些的言论。难道不就是赤裸裸的污蔑自己的国家吗？,05/06
#同心抗疫情永远跟党走#用心灵点燃生命的灯，用坚强编织美丽彩虹，伸出温暖的手，有爱才会永恒，无穷的力量都在逆行中！但行好事，莫问前程。　国土苍苍，四海升平时欢笑的人们，在阴霾压抑的日子里，也能挺身而出，眼角斑驳的是毅然决然的斗志;不曾忘，钟南山院士耄耋之年临危受命，奋战于疫情一线，是胸怀天下的国土无双……共度难关，中国加油。(教育学院第五小组)@文理先锋,05/06
钟南山院士分析邓丽君的死因！|❤️142次赞📷郭瑞麟说篮球的优酷视频L郭瑞麟说汽车的优酷视频@优酷🙏🙏🙏,05/06
“佩戴口罩”的規定應科學落實河南省周口市一名15歲男生在體育課上戴口罩跑步時猝死，這齣誰也想不到更不願看到的悲劇，引起社會的極大關注。根據專家的意見與建議，復工復學後仍然需要佩戴口罩，因為新冠肺炎疫情尚未結束，還存在著反復的危險。做好必要的防護措施，顯然是非常有必要的，畢竟確保公民的健康與安全是首要大事。然而，在不同環境中如何佩戴口罩，應該是有相對應的科學的考量，如果無視具體情況的差異而一概而論，極有可能出現無法估量的問題。15歲中學生上體育課跑步時猝死，雖然當時他的確是佩戴著口罩，但是猝死的原因是否為佩戴口罩，目前尚無明確的結論，所以不能將矛頭指向佩戴口罩的措施。問題在於學校在上體育課時，佩戴口罩的措施是否應該根據情況進行必要的調整。體育課是進行運動的時間，跑步之類的則為大運動量的活動，在這種狀況下還得佩戴口罩，是否合適呢？其實所有國人都應該有關於佩戴口罩的體驗，都清楚帶不帶口罩在呼吸時感覺不同，即便是在不做任何劇烈運動的時候，很多人都會感到呼吸不暢，甚至感到十分彆氣。學校在安排學生上體育課時，尤其是進行跑步這樣劇烈運動時，有無考慮更加科學合理的計劃，諸如暫時取掉口罩，或者降低運動強度等。一般人佩戴口罩都會產生不適感，15歲中學生正在身體成長期，身體各項機能尚未健全，很可能在適應方面出現問題。如果有關部門與人士僅僅停留在執行“疫情期間的規定”上，至少有考慮不周之嫌吧。其實“公共場所必須佩戴口罩”的規定，相關專家是給出了明確的解釋說明的。鍾南山院士就明確提出在何種環境中可以不戴口罩。因為戴口罩預防的主要是飛沫傳染，如果在公共場所能夠確保人與人之間的社交距離的話，飛沫傳染的風險足以降低到可以忽略不計的程度，摘下口罩有何不可呢。假如學校真的做足了功課，學生發生危險的狀況就會減少，甚至杜絕。畢竟學生的健康乃至生命都是一等一的大事要事，多做並做好科學的計劃、落實合理的措施是理所當然的。從實際狀況來看，只要用心總是能夠做好的。但願這樣的悲劇不再發生！,05/06
#抗击疫情山西在行动##山西迎战疫情#山西昨日新增出院3例！钟南山连线留学生，给出9个最新判断！O山西昨日新增出院3例！钟南山连线留学生，给出9个最新判断！,05/06
#五四致敬战疫青年##谢谢你保护了我们#【桑岭医生：年轻人竭尽所能，一定可以无所不能！】桑岭是广州医科大学附属第一医院重症医学科副主任医师，这次战“疫”中，作为广东省首位支援湖北战“疫”医生，他几乎打满全场。1月25日就独自一人辗转到了武汉，在武汉金银潭医院的ICU奋战76天，曾带领团队闯过武汉前期医务人员不足、医疗物资缺乏等至暗时刻。今年，他获得了第24届“中国青年五四奖章”。桑岭称很忐忑，说自己只是一名普通医生，只不过在这场战“疫”中，被大家认识。一个社会既需要像钟南山、李兰娟、袁隆平院士这样的脊梁，也需要螺丝钉，才能运转顺畅。年轻人就要从螺丝钉做起，或许起步做的事情不是那么惊天动地，但也要认认真真把事情做好，为国家和社会做出努力。O网页链接@中国青年报L中国青年报的微博视频,05/06
我发表了头条文章:《海外中国留学生现在该如何做好自我防护？钟南山这样说》O海外中国留学生现在该如何做好自我防护？钟南山这样说,05/06
爱锦州【王德佳到市人大常委会机关调研：认真履职主动作为不断开创我市人大工作新局面】５月６日，市委书记王德佳到市人大常委会机关进行调研，与市人大常委会机关的同志和各级人大代表进行座谈，面对面征求大家的意见建议，共同研究提出高质量的议案建议，为参加全国两会做好准备。市人大常委会主任张晓光汇报了年初以来市人大常委会总体工作情况和下步工作打算。座谈中，支艳茹、庞辉、刘佳音、陈志、孙宏治、张树群、张继红、程国东、翟明、邹艳十位全国、省、市、县、乡五级人大代表结合各自实际，就如何发挥代表作用、更好履职尽责作了发言，并就推动我市经济社会持续健康发展和解决好人民群众关心的热点难点问题提出了很好的意见建议。王德佳认真听取大家的发言，并就代表关心的问题与大家进行交流。王德佳指出，近年来，市人大常委会党组认真学习贯彻习近平新时代中国特色社会主义思想，紧紧围绕全市经济社会发展大局，坚持党的领导、人民当家作主、依法治国有机统一，认真行使宪法法律赋予的各项职权，推动人大工作与时代同步伐、与改革同频率、与实践同发展，有效发挥了地方国家权力机关的职能作用，为推进锦州振兴发展做了大量卓有成效的工作。特别是面对突如其来的疫情，全市各级人大机关以及人大代表认真落实市委工作要求，积极参与到全市疫情防控和经济发展第一线，为打好两场仗、夺取双胜利发挥了重要作用。王德佳指出，当前保持疫情防控成果、防止疫情反弹、全面恢复经济社会秩序的任务还很繁重，需要包括全市各级人大机关及人大代表在内的全市上下团结一致、坚定信心、鼓足干劲、共克时艰，全力做好各项工作。希望全市各级人大机关及人大代表切实把思想和行动统一到市委决策部署上来，以更加强烈的责任感、勇于担当的使命感，认真履职，主动作为，在统筹推进全市疫情防控和经济社会发展过程中发挥更大作用，不断开创我市人大工作新局面。一要加强党的领导，在把牢方向上彰显更高站位，确保人大工作始终沿着正确的方向前进。二要主动服务大局，在助推发展上体现更大作为。聚焦助推“8+3”产业发展、招商引资和项目建设，深入推进“三城联创、三河共治、三山共建以及两环一带建设”，实施双凌协同、两港联动、松太南越、北义闾山会师、古太凌黑与高铁同行“五大工程”等重点工作，在推动落实、破解难题、凝聚力量上下功夫，推动市委部署要求落到实处、取得实效。三要恪守为民情怀，在保障人民权益增进民生福祉上倾注更多心力，积极助力脱贫攻坚，助推补齐民生短板，努力使人大工作更好体现人民利益、反映人民意愿、不断增进人民福祉。四要突出真抓实干，在履职尽责上展现更强担当。要准确把握人大工作规律，强化“作为”意识，强化科学立法，强化监督实效，强化依法任免，不断增强人大工作的整体实效。五要加强监督管理，在推动人大代表依法履职能力上有更大提升。各级人大机关要积极为人大代表履职搭建平台，各级人大代表要倍加珍惜荣誉、牢记重托，真正做到为人民用权、为人民履职、为人民服务。六要注重从严从实，在自身建设上坚持更高标准。市人大常委会党组要切实履行管党治党责任，落实好全面从严治党各项要求，努力使人大工作更好体现时代性、把握规律性、富有创造性。王德佳特别指出，十三届全国人大三次会议召开在即，我市的全国人大代表要认真履行好代表职责，围绕群众关心关注的乡村振兴、产业发展、环境保护、民计民生等热点问题，积极撰写议案、建议，更好地把人民的呼声带到大会现场，切实担负起宪法和法律赋予的神圣职责。#笑果文化声明##唐艺昕产女##杨幂短发##Adele瘦了##虎门大桥发生异常抖动##美国新冠感染病例超过118万##长征五号B运载火箭首飞##美国疫情##美市长称去年感染过新冠病毒并检出抗体##新型冠状病毒科普知识##胖五##蔡徐坤和训练生合唱##周深多种语言唱千千阙歌##李易峰觉得虞书欣很可爱##希望妈妈切的西瓜没有蒜味##台版101模仿黑人抬棺##朴树狗头帽子##潜逃24年杀人犯因没有绿码自首##14分钟花4万吃鸡小学生获退70%费用##美国知名服装品牌申请破产##广东出现今年首个高温日##新冠病毒被指去年12月底已在法国传播##女子投诉男同事骚扰双方被解除合同##杨紫为张一山庆生的文案##外卖小哥送铁骑小姐姐竹蜻蜓##钟南山说连花清瘟治疗新冠证实有效##孔刘李栋旭为金高银应援##全国统一的止痒方法##美国遭杀人蜂入侵##21款app涉违法超范围采集个人隐私#（全媒体编辑：李怡芳实习生颜美玲来源：锦州发布）,05/06
逆行者加油！钟南山院士加油！向所有的最美逆行者致敬，特别现在仍然走在最前线的白衣天使们请你们加油武汉加油。学生要列好时间清单，对应各自的学习科目，列出学习计划，同时预先找好各类网络学习的资源，一旦发现校内老师的线上教学难理解或难适应，对应同步学习科目或章节，自行学习一些高质量的网络课程。@依卫阳光,05/06
#何平华医#说：网上种种报道显示，新冠状病毒炒作可能是阴谋，是别有用心的人在和美国政客勾结，在打击中国经济。美国媒体炒作李文亮事件。有人炒作蝙蝠咬人让武汉人感染病毒。钟南山说：新冠状病毒宿主找到了是蝙蝠。特朗普说：病毒来源于武汉实验室。何平始终坚持病毒广泛存在，没有源头也没有终点，人也是其宿主之一。今天美国自己也找到了证据，新光状病毒在去年的十月份就已经在美国人中传播。并且出现死亡病例了。何平和武汉人进行了交流。武汉人说：听到有非典肺炎出现后，武汉人少有不舒服，就去医院检查，天寒地冻在排队。按中医的观点是受寒了，受寒后首先伤呼吸系统，这就是外感病。是谁让武汉受寒的，李文亮的言行，美国的炒作。不是吗？冬天我都没有见过蝙蝠，哪里来的蝙蝠咬人。当钟南山说：无特效药治疗的时候，全国也陷入恐慌了。美国说：无特效药治疗是正常，本来感冒他们也不会治疗。中医有伤寒论，他们没有。别人如果说无特效药治疗，何平不会生气。唯独钟南山不能说。因为他领导了非典防疫，知道中医治疗非典是零死亡。知道中医治疗非典是特效。蝙蝠是治疗肺病的药，面对肺炎时候他说是宿主，让何平怎么想？感觉就是一个阴谋。他怎么不说：宿主是美国人。去年十月份，美国就有新冠状病毒肺炎死亡病例了，这已经被找到证据。帕劳人全民吃蝙蝠，无一人感染非典和新冠状病毒肺炎。美国议员带头不戴口罩。巴西总统带头游行抗议居家令。一系列的报道联系起来思考说明什么？大家知道什么是非典吗？外国怎么定义的新冠状病毒的，何平不懂英语，大家自己看吧。大家学学哲学吧，别被别有用心的人绕进去了。,05/06
#武汉身边事#【#武汉高三复课首日#：教辅人员清晨到岗测温课堂要求戴口罩】5月6日，湖北省武汉市高三年级统一开学。武汉中学教辅人员以及高三老师早晨6点半已在校门口等待学生，并为学生准备了由钟南山院士推荐的《#新型冠状病毒#肺炎预防手册》以及百年校庆纪念品。武汉首批开学共121所学校，其中普通高中83所，中职38所。武汉市现有高中学校94所，中职（技工学校）46所，高三年级毕业班学生3.62万人，中职和技工学校毕业年级学生2.16万人，共计5.78万人。L新京报我们视频的秒拍视频,05/06
全市统考诶拜托整点阳间玩意儿吧钟南山院士都能写成终南山还让我们写什么不要追星的小论文呢,05/06
蚊虫叮咬是否会传播新冠病毒？钟南山最新回应来了！O蚊虫叮咬是否会传播新冠病毒？钟南山最新回应来了！,05/07
#众志成城，齐心协力#【#大学教授创作国画长卷致敬抗疫英雄#】疫情期间，中国人民大学艺术学院教授黄华三用50天创作了16幅人物肖像，将抗疫关键时刻挺身而出的院士以及各年龄段的普通医务工作者共16人入画，钟南山院士、李兰娟院士、张伯礼院士……一个又一个英雄人物形象跃然纸上，戳↓↓谢谢你们！O大学教授创作国画长卷《不负苍生》，致敬国家栋梁,05/07
你们diss特朗普有用吗？？？美国有官员因为疫情受处罚了吗？？哦对，福奇被炒掉了。要是中国炒掉钟南山，你们这些货色早就喊着中国要亡国了吧！有时间去看看中国有多少官员因为疫情被处罚了吧！！憨逼！@吴向宏_投资无国界,05/07
我上传了一个视频健康、年轻的秘诀❤就是和钟南山院士一起喝牛奶从小到大的饮食好习惯✔现在每天都喝两杯今晚0⃣点，来粉象，32.9元抢蒙牛低脂高钙牛奶😏O网页链接,05/07
神兽们要出笼了我失眠了是因为要见到他们激动的睡不着还是因为满课愁的睡不着呢都有吧满脑子都是开学第一课我要讲什么讲什么呢“857、EGM”“淡黄的长裙”“吃鸡、王者”不对第一课应该是充满正能量的那就讲讲“钟南山院士”“最美逆行者”果真没有一个冬天不能逾越没有一个春天不会到来🌸要打起十二分的精神了和熊孩子们一起决战春考做最后的冲刺想想还怪紧张的,05/07
#今日视点##名画欣赏#【#大学教授创作国画长卷致敬抗疫英雄#】疫情期间，中国人民大学艺术学院教授黄华三用50天创作了16幅人物肖像，将抗疫关键时刻挺身而出的院士以及各年龄段的普通医务工作者共16人入画，钟南山院士、李兰娟院士、张伯礼院士……一个又一个英雄人物形象跃然纸上，戳↓↓谢谢你们！O大学教授创作国画长卷《不负苍生》，致敬国家栋梁找粉进群➡️O网页链接⬅️见粉必回#V影响力峰会##红人的诞生##高能##正能量#,05/07
平凡而不平庸的意思是承认自己能力有限，即便是一个小人物，也要努力积极。毕竟，不是每个人都可以成为钟南山，李兰娟甚至爱因斯坦，牛顿……,05/07
新冠病毒的克星是中药？一实验将公布，钟南山底气十足：世界首次O网页链接,05/07
钟南山#钟南山#,05/07
天了噜！我在钟南山超话又双叒叕升级了！当前等级LV.8，获得忠实粉丝头衔，小伙伴们速来围观~超话传送门→钟南山,05/07
#致敬英雄#【#大学教授创作国画长卷致敬抗疫英雄#】疫情期间，中国人民大学艺术学院教授黄华三用50天创作了16幅人物肖像，将抗疫关键时刻挺身而出的院士以及各年龄段的普通医务工作者共16人入画，钟南山院士、李兰娟院士、张伯礼院士……一个又一个英雄人物形象跃然纸上，戳↓↓谢谢你们！O大学教授创作国画长卷《不负苍生》，致敬国家栋梁,05/07
发布了头条文章：《这几天很关键！钟南山提示：有个地方最危险，但你天天去！》O这几天很关键！钟南山提示：有个地方最危险，但你天天去！,05/07
【#大学教授创作国画长卷致敬抗疫英雄#】疫情期间，中国人民大学艺术学院教授黄华三用50天创作了16幅人物肖像，将抗疫关键时刻挺身而出的院士以及各年龄段的普通医务工作者共16人入画，钟南山院士、李兰娟院士、张伯礼院士……一个又一个英雄人物形象跃然纸上，戳↓↓谢谢你们！O大学教授创作国画长卷《不负苍生》，致敬国家栋梁,05/07
【#大学教授创作国画长卷致敬抗疫英雄#】疫情期间，中国人民大学艺术学院教授黄华三用50天创作了16幅人物肖像，将抗疫关键时刻挺身而出的院士以及各年龄段的普通医务工作者共16人入画，钟南山院士、李兰娟院士、张伯礼院士……一个又一个英雄人物形象跃然纸上，戳↓↓谢谢你们！O大学教授创作国画长卷《不负苍生》，致敬国家栋梁,05/07
【#大学教授创作国画长卷致敬抗疫英雄#】疫情期间，中国人民大学艺术学院教授黄华三用50天创作了16幅人物肖像，将抗疫关键时刻挺身而出的院士以及各年龄段的普通医务工作者共16人入画，钟南山院士、李兰娟院士、张伯礼院士……一个又一个英雄人物形象跃然纸上，谢谢你们！O大学教授创作国画长卷《不负苍生》，致敬国家栋梁#致敬抗疫英雄#图片来源@人民日报,05/07
#姚明感谢钟南山帮助CBA防疫#！！超棒的,05/08
【#姚明感谢钟南山帮助CBA防疫#】8日晚，中国篮协主席在接受央视采访时表示，“非常有幸得到钟南山院士推荐专家的帮助，他的夫人原来是我们老一代中国女篮的队员，也是我们老前辈了。非常有幸得到他的帮助，推荐了专家参与到我们整个竞赛的保障计划中，给我们提出很多专业意见，这是我们联赛非常需要的。”,05/08
【#姚明感谢钟南山帮助CBA防疫#】姚明：非常有幸得到钟南山院士推荐专家的帮助，他的夫人原来是我们老一代中国女篮的队员，也是我们老前辈了。非常有幸得到他的帮助，推荐了专家参与到我们整个竞赛的保障计划中，给我们提出很多专业意见，这是我们联赛非常非常需要的。转！战疫加油！#白岩松对话姚明##微博篮球感恩季#L央视新闻的微博视频,05/08
【#姚明感谢钟南山帮助CBA防疫#】#白岩松对话姚明#姚明：非常有幸得到了钟南山院士推荐的专家的帮助，大家可能这段时间也了解了钟院士他的夫人原来是我们老一代中国女篮的队员，也是我们老前辈了，非常有幸得到他的帮助，推荐了专家参与到我们整个竞赛保障计划中来，给我们提出很多专业的意见，这也是我们联赛非常非常需要的一方面。我想有他的加入，极大的加强了我们的信心。像您所说的，我们比赛是在室内，跟足球的户外相比确实有一些风险会更大，所以我们需要对人数有所控制，除了必须的比如球队的参赛人员、教练组人员、记录台人员和转播人员之外，尽可能把场地的人员缩小到最小的编制，降低风险。@新闻一加一L新闻一加一的微博视频,05/08
【#姚明感谢钟南山帮助CBA防疫#】姚明：非常有幸得到钟南山院士推荐专家的帮助，他的夫人原来是我们老一代中国女篮的队员，也是我们老前辈了。非常有幸得到他的帮助，推荐了专家参与到我们整个竞赛的保障计划中，给我们提出很多专业意见，这是我们联赛非常非常需要的。转！战疫加油！#白岩松对话姚明#@央视新闻L央视新闻的微博视频,05/08
钟南山#科普#常识，无意中说出当年邓丽君死亡真相，听完后瞬间流泪！L道叔bot的微博视频,05/08
【#姚明感谢钟南山帮助CBA防疫#】姚明：非常有幸得到钟南山院士推荐专家的帮助，他的夫人原来是我们老一代中国女篮的队员，也是我们老前辈了。非常有幸得到他的帮助，推荐了专家参与到我们整个竞赛的保障计划中，给我们提出很多专业意见，这是我们联赛非常非常需要的。转！战疫加油！#白岩松对话姚明#L央视新闻的微博视频,05/08
#腾讯新闻#姚明致谢钟南山：“给我们提出很多专业意见，这是联赛非常需要的”O姚明致谢钟南山：“给我们提出很多专业意见，这是联赛非常需要的”来自@腾讯新闻,05/08
#姚明感谢钟南山帮助cba防疫#姚明说“”非常有幸得到他的帮助，推荐了专家参与到我们整个竞赛的保障计划中，给我们提出很多专业意见，这是我们联赛非常需要的。”国家有了钟老，胜似得了魁宝永远致敬钟老李红亮,05/08
【#姚明感谢钟南山帮助CBA防疫#】8日晚，中国篮协主席在接受央视采访时表示，“非常有幸得到钟南山院士推荐专家的帮助，他的夫人原来是我们老一代中国女篮的队员，也是我们老前辈了。非常有幸得到他的帮助，推荐了专家参与到我们整个竞赛的保障计划中，给我们提出很多专业意见，这是我们联赛非常需要的。”L央视新闻的微博视频,05/08
#姚明感谢钟南山帮助CBA防疫#致敬钟南山等专家，致敬医护工作者，另外祝男篮未来奥运会打出更好成绩#实况心语消息正能量#,05/08
#姚明感谢钟南山帮助CBA防疫#如何确保重启后的篮球比赛安全？姚明：有幸得到钟南山院士夫妇的帮助推荐了防疫专家参与保障计划L新剧预告的微博视频,05/08
#姚明感谢钟南山帮助CBA防疫#：非常有幸得到钟南山院士推荐专家的帮助，他的夫人原来是我们老一代中国女篮的队员，也是我们老前辈了。非常有幸得到他的帮助，推荐了专家参与到我们整个竞赛的保障计划中，给我们提出很多专业意见，这是我们联赛非常非常需要的。L央视新闻的微博视频,05/08
【#姚明感谢钟南山帮助CBA防疫#】姚明：非常有幸得到钟南山院士推荐专家的帮助，他的夫人原来是我们老一代中国女篮的队员，也是我们老前辈了。非常有幸得到他的帮助，推荐了专家参与到我们整个竞赛的保障计划中，给我们提出很多专业意见，这是我们联赛非常非常需要的。转！战疫加油！#白岩松对话姚明#L央视新闻的微博视频,05/08
【#姚明感谢钟南山帮助CBA防疫#】姚明：非常有幸得到钟南山院士推荐专家的帮助，他的夫人原来是我们老一代中国女篮的队员，也是我们老前辈了。非常有幸得到他的帮助，推荐了专家参与到我们整个竞赛的保障计划中，给我们提出很多专业意见，这是我们联赛非常非常需要的。转！战疫加油！#白岩松对话姚明#L央视新闻的微博视频,05/08
【钟南山寄语高三学子：心中有小我，也有大我】随着湖北全省高三学生复课，钟南山用视频寄语高考学子：我们每个人心中除了有一个“小我”，还要有一个“大我”，只有大家做出奉献，我们自己才能保得平安。做好自我防护，祝大家好好学习，天天向上。加油L人民日报的微博视频,05/09
【上海战疫】钟南山院士要买2000只N95口罩，上海口罩厂：不卖，捐！O【上海战疫】钟南山院士要买2000只N95口罩，上海口罩厂：不卖，捐！,05/09
【#姚明感谢钟南山帮助CBA防疫#】篮协主席姚明：非常有幸得到钟南山院士推荐专家的帮助，他的夫人原来是我们老一代中国女篮的队员，也是我们老前辈了。非常有幸得到他的帮助，推荐了专家参与到我们整个竞赛的保障计划中，给我们提出很多专业意见，这是我们联赛非常非常需要的。转！战疫加油！#白岩松对话姚明#L央视新闻的微博视频,05/09
【钟南山寄语高三学子：心中有小我，也有大我】随着湖北全省高三学生复课，钟南山用视频寄语高考学子：我们每个人心中除了有一个“小我”，还要有一个“大我”，只有大家做出奉献，我们自己才能保得平安。做好自我防护，祝大家好好学习，天天向上。加油L人民日报的微博视频L人民日报的微博视频,05/09
#新浪看点#CBA这次真要复赛了？姚明现身解惑，感谢钟南山的指导意见！OCBA这次真要复赛了？姚明现身解惑，感谢钟南山的指导意见！,05/09
【上海战疫】钟南山院士要买2000只N95口罩，上海口罩厂：不卖，捐！O【上海战疫】钟南山院士要买2000只N95口罩，上海口罩厂：不卖，捐！,05/09
最近感觉都在瞎忙活感觉觉都不够睡每天一忙完工作，就开始准备一日两餐日复一日，有点机械钟南山院士伯伯什么时候通知疫情结束都过立夏了，夏天戴口罩，真的会热shi……好想旅游,05/09
【上海战疫】钟南山院士要买2000只N95口罩，上海口罩厂：不卖，捐！O【上海战疫】钟南山院士要买2000只N95口罩，上海口罩厂：不卖，捐！,05/09
【冠狀病毒肺炎】【中醫藥】2003年，鍾南山院士是傑出人士。2020年初春，鍾南山院士是傑出人士。2020年暮春，鍾南山院士是為了錢財昧了良心的傑出人士。O网页链接,05/09
#钟南山寄语高三学子#【#钟南山希望高考生心中有小我也有大我#】随着湖北全省高三学生复课，钟南山用视频寄语高考学子：我们每个人心中除了有一个“小我”，还要有一个“大我”，只有大家做出奉献，我们自己才能保得平安。做好自我防护，祝大家好好学习，天天向上。@人民日报L人民日报的微博视频,05/09
#肖战竹石#有些人千磨万击还坚劲，如钟南山，有些人皮厚嘴尖腹中空,05/09
#钟南山寄语高三学子#【#钟南山希望高考生心中有小我也有大我#】随着湖北全省高三学生复课，钟南山用视频寄语高考学子：我们每个人心中除了有一个“小我”，还要有一个“大我”，只有大家做出奉献，我们自己才能保得平安。做好自我防护，祝大家好好学习，天天向上。（来源:人民日报）L南铁南昌机务段的微博视频,05/09
流淌在血脉中的家国情怀、大医精诚——什么成就了钟南山O流淌在血脉中的家国情怀、大医精诚——什么成就了钟南山,05/09
今天上午联考考语文作文我写的是给钟南山院士的信太真情实感了只是感慨他看不到我的信难过信的最后我用了默读里的那句“草扎的精神从此万寿无疆”也愿他平安顺遂下午数学卒,05/09
【上海战疫】钟南山院士要买2000只N95口罩，上海口罩厂：不卖，捐！O【上海战疫】钟南山院士要买2000只N95口罩，上海口罩厂：不卖，捐！,05/09
钟南山院士与海外留学生视频连线讲授防疫抗疫知识O钟南山院士与海外留学生视频连线讲授防疫抗疫知识,05/10
#钟南山院士公布研究最新成果#,05/10
#肖战我不需要应援#对对对，不需要应援。肖战牛逼，是和袁隆平钟南山比肩的人物，霞姐南波王,05/10
#新闻中心#【干得漂亮!#钟南山院士订购口罩# 口罩厂：不卖！我捐！】最近上海一家口罩厂迎来一张特殊订单，买家正是钟南山院士。近日一家加拿大机构希望购买2000只N95口罩以满足抗疫需求，钟南山院士表示愿意以个人名义向该机构捐赠这批口罩，并联系到这家口罩厂购买。口罩厂的负责人表示：这批口罩不卖，要捐！@央视网快看L央视网快看的微博视频,05/10
定会有很多的市民被吓得不敢睡觉。　　“你们都是从天南市来燕京的苍龙帮成员，天南市的反对苍龙帮的势力早已经被肃清，你们怕#昊东念波##姚明感谢钟南山帮助CBA防疫#,05/10
最讨厌教师为了追星夹带私货好歹也是考过教师资格证的人还有明星也能和钟南山袁隆平相提并论？,05/10
【干得漂亮!#钟南山院士订购口罩#口罩厂：不卖！我捐！】最近上海一家口罩厂迎来一张特殊订单，买家正是钟南山院士。近日一家加拿大机构希望购买2000只N95口罩以满足抗疫需求，钟南山院士表示愿意以个人名义向该机构捐赠这批口罩，并联系到这家口罩厂购买。口罩厂的负责人表示：这批口罩不卖，要捐！L央视网快看的微博视频,05/10
钱学森、袁隆平、钟南山……这些大咖青年照，被帅到了！O钱学森、袁隆平、钟南山…这些大咖青年照，被帅到了！,05/10
『张艺谋将现身央视512晚会钟南山参加合唱_手机新浪网』O张艺谋钟南山将现身512晚会,05/10
【上海战疫】钟南山院士要买2000只N95口罩，上海口罩厂：不卖，捐！O【上海战疫】钟南山院士要买2000只N95口罩，上海口罩厂：不卖，捐！,05/10
“”美国钟南山”福奇把自己隔离。福奇：老子终于找到理由不去和川普见面了！川普：福奇挺识相。科学家是讲科学的躲开特朗普的最好办法。不能说实话，也不能说谎话。不能甩锅，也不能背锅。科学沾染政治，才是灭绝人类的病毒。不愿于特朗普同流合污老油条！,05/10
发布了头条文章：《瑞典只检测成分即下结论中药抗新冠无效，钟南山果断给出疗效数据》O瑞典只检测成分即下结论中药抗新冠无效，钟南山果断给出疗效数据,05/10
#美国疾控中心17页建议遭政府漠视#对比没有伤害，当初以钟南山为组长的中国疾控中心专家组达到武汉没几天，中国就及时果断措施，因为中国懂得早发现，早隔离，早治疗。L一手video的秒拍视频,05/10
4月21日午间消息，美国《财富》杂志发布了年度全球最伟大的25名抗疫领袖，李文亮排名第一，我国还有马云。看完发现，居然没有钟南山，李文娟！这个所谓抗疫领袖评选的依据是什么？,05/10
#何平华医#对弟子说：很多科学家，我们连名字都不知道，他们在默默的工作，因为他们心静，所以才有成就。钟南山创办肺炎研究所几十年了，到目前仅仅是获得了一身华丽的光环。人需要各司其职，不能靠炒作达到自己的目的。假的真不了，真的假不了，真相永远是真相，糊弄只能糊弄一时。成功还是需要有真本事，低谷仅仅是暂时的，只有百折不挠的人，最终才可能获得成功。在危难的时候可以喊救命，平时就需要少说话。本文转自大医从简微博,05/10
有人已经摘下口罩，疫情何时能彻底结束？钟南山的话值得一看LjmePG的微博视频,05/11
#青年眼中的传承##传承的力量大#【疫情一开始时，最初想到的是武汉的人们，承受着病毒肆意危害的精神压力和物资短缺的生活压力，紧接着却听闻84岁高龄的钟南山院士毅然奔赴武汉，再战防疫最前线！92岁高龄的敖忠芳作为“白衣战士”为武汉防护力战疫场！各省专业医疗队，千余医务人员不惧生命逆行前往武汉……等等惊人心弦的消息。生命是无价的，可医务人员的奉献精神亦是无价！是他们在举国安定之时为民疗生！是他们在病毒肆虐是毅然逆行！在此，我诚挚的向所有奋战一线及离世的医护人员，致以最崇高的敬意！尽管疫情肆虐，尽管病毒无情，但这人间，却有爱有情，同时也希望全国所有的医护者都能好好保护自己】@中国青年报@中青校媒@湖南工学院团委-学生会,05/11
张云龙#张云龙唱真心英雄致敬钟南山#我突然想起来我上学的时候学校举办歌唱比赛我们班定的歌就是这首哎真心英雄每天晚自习都在教室练这首歌当时唱的都要吐了一开口就唱出来歌词hahah现在再听有点怀念那个时候了@张云龙mmc叔叔一起加油⛽️🦆,05/11
钟南山院士详细介绍邓丽君当年死因L金丝狸猫京剧乐园的微博视频,05/11
#张云龙唱真心英雄致敬钟南山#感谢正能量演员张云龙分享平凡英雄们的故事，张云龙未来可期，无名英雄会被世人永记@张云龙mmc,05/11
双创晚班车20200511聚焦疫情：1、吉林舒兰全面进入战时状态，钟南山：往前走还有很重的任务2、格力董明珠快手直播带货首秀，3小时成交破3亿3、快兔物流更名为“快运兔”4、街电：五一期间街电订单量较2月增长812%5、泰康在线与好大夫在线达成合作，深化“保险+服务”健康生态圈战略布局6、宁德时代董事长：特斯拉电池技术路线对公司不会有冲击7、58同城成立58同城大学，聚焦职业教育发展8、“贝壳智联”完成数千万元A轮融资9、顺丰回应送外卖：内部推行，没有对外10、医疗器械B2B平台“贝登医疗”获上亿元B轮融资11、超10万家外贸企业开拓国内市场创业点滴分享：不管你愿不愿意，人生只能向前看,05/11
张云龙/#张云龙唱真心英雄致敬钟南山#终于看到销量上涨了！！！销量上涨归功于每一个参与过的mmc第一次混饭圈大家都有不懂的但我看到了毛虫们的温暖大家都为了龙哥奉献自己的力量也看到了改变一切都会更好希望大家记住：张云龙值得！！！（过了十二点大家就不要再活跃啦，就当给自己放松一天了！但不要忘记签到打榜）,05/11
#组织学生应援肖战老师被停职#为人师表，就该给孩子们带好头。孩老师的职业是传道授业解惑，不应教孩子追星教师让孩子追的星应该是钟南山，袁隆平，屠呦呦……这些国之抵住成年人应该为自己的行为负责，在自己的工作岗位上就应该遵守职业规范。,05/11
钟南山买口罩遭“拒”。#钟南山#L啵啵可爱哟的微博视频,05/11
图书馆里的图书会不会成为传播病毒🦠的媒介呢❓@钟南山襄阳市图书馆东津新馆前现私家车长龙阵O网页链接,05/11
钟南山院士说：选择学医可能是偶然，但你一旦选择了，必须用一生的忠诚和热诚对待它#512护士节#,05/11
⊙∀⊙！【吉林舒兰全面进入战时状态，钟南山：往前走还有很重的任务】（来自@一点资讯）O吉林舒兰全面进入战时状态，钟南山：往前走还有很重的任务,05/11
【仰望——#青年演员致敬平凡英雄#张云龙：使命感和责任感铸就英雄】#张云龙唱真心英雄致敬钟南山#本期《仰望》，青年演员@张云龙mmc分享自己对平凡英雄的理解，透露自己成长路上的楷模是钟南山院士，并清唱《真心英雄》向平凡英雄致敬，他也希望未来有机会出演运动员，诠释为国争光的英雄。L中国电影报道的微博视频,05/11
《本土疫情反弹，钟南山一句话上热搜！》今日，4个省份通报昨日新增10例本土病例。吉林舒兰新冠肺炎疫情传染链继续延长，武汉本土疫情出现反弹，辽宁、黑龙江也出现本土确诊病例。O网页链接,05/11
𝗞𝗢𝗠𝗜𝗕𝗥𝗢𝗪𝗡藤井•𝟭𝟰.𝟮𝗺𝗺#鲍毓明再度回应性侵养女事件##钟南山指出复工复产后有个别感染不奇怪##留学生发健康包引外国人围观##鲍毓明养女律师回应#,05/11
天呐…又开始借搞中成药搞钟南山院士了…莲花清瘟没有用是因为各位没救了。别吃。中药有毒。别吃。没人逼你。给你你就跑。不会白送。白送的也扔了。八十多岁老人敢站出来说真话敢下决心建议封城他战的不只是病毒08年战完sars高铁餐车坐着跑武汉你现在各种质疑人背后利益的大v当时怎么说的？泪目国士无双？是吧？你现在给我来句怎么没有喝白水的对照组？真的微博上的一些人越来越恶心了。常常被刷新下限。谢谢微博。让我开眼看世界。,05/12
#钟南山唱坚信爱会赢#翩翩白衣，孜孜战疫，临危受命，保国安民。#天使礼赞#节目现场，@任鲁豫连线钟南山院士及其团队代表，分享战疫和从医心得。钟院士说，医生不仅是看病，而且要看病人，调动病人的积极性是从医的重要准则，爱是我们战胜困难的动力。钟院士和团队还现场唱响歌曲《坚信爱会赢》，这歌声充满了力量和感动！#我想对你说谢谢#L央视综艺的微博视频,05/12
【#陕西##18岁小伙因钟南山照片去湖北抗疫#】18岁陕西小伙朱如归，名字是他身为军人的爷爷起的，寓意像战士一样视死如归。因为看到钟南山院士在高铁休息的一张照片，他深受触动，写下志愿书，瞒着母亲去湖北抗疫，在孝感一家医院奋战。从“视死如归”到“如期归来”，他决定要入伍成为一名真正的战士！（央视军事）L央视军事的微博视频,05/12
【编辑/海峡军情栏目凌峰】夏季已经到来，全国很多地区都已经经历着高温的考验。不少地区的高温都已经超过了30摄氏度，带着口罩必然非常难受。很多人甚至认为疫情已经得到了初步控制，催生了不戴口罩的侥幸心理。很多人都发出了疑问，究竟什么时候可以取下口罩。对此，钟南山院士已经及时地做出了提示，希望大家不要轻易地放松防护措施。毕竟现在国内疫情控制很稳定，但是仍然存在着输入性的病例，所以任何一个环节都不能麻痹...O网页链接,05/12
【#援伊拉克专家平安归来#钟南山拥抱迎接】广医一院两位援助伊拉克防治新冠肺炎医疗专家近日结束在伊拉克为期50天工作，圆满完成任务回国。5月11日，隔离期结束后，广医一院举行简单而隆重的仪式，迎接两位抗疫英雄回家。广医一院ICU副主任医师徐永昊、放射科主任医师陈淮下车后，钟南山院士上前拥抱他们。钟南山表示：年轻人就需要出去锻炼锻炼，你知道怎么对待疾病，那么更重要的是知道怎么样对待不同的病人以及如何对待各个方面的关系，如何使得你们的正确想法让他们能够接受。（中新视频；CK）L中新视频的秒拍视频,05/12
【#援伊拉克专家平安归来#钟南山拥抱迎接】广医一院两位援助伊拉克防治新冠肺炎医疗专家近日结束在伊拉克为期50天工作，圆满完成任务回国。5月11日，隔离期结束后，广医一院举行简单而隆重的仪式，迎接两位抗疫英雄回家。广医一院ICU副主任医师徐永昊、放射科主任医师陈淮下车后，钟南山院士上前拥抱他们。钟南山表示：年轻人就需要出去锻炼锻炼，你知道怎么对待疾病，那么更重要的是知道怎么样对待不同的病人以及如何对待各个方面的关系，如何使得你们的正确想法让他们能够接受。（中新视频；CK）L中新视频的秒拍视频,05/12
【钟南山要买2千只口罩上海松江口罩厂：不卖！再多捐1万个】据看看新闻Knews：#上海战役#近期，上海松江区的一家口罩厂，迎来了一个特别的单子，“买家”正是中国工程院院士钟南山！最近钟南山团队要出国，帮助全球抗击疫情，急需口罩2000个。大胜口罩厂总经理张振维听说钟老执意自掏腰包购买，直接拒绝了钱款，只做捐赠。不仅2000只N95口罩在5月1日正式发往广州，厂里还加班加点赶出了一万余只口罩捐赠给钟南山团队。而钟南山院士的这份订单，不仅是对口罩厂的认可，更是对“上海牌”防疫物资的肯定。#体育课不允许戴N95口罩#L看看新闻Knews的秒拍视频,05/12
【工厂接2000只N95口罩大单，看到买家后当即表示“不要钱”】近日上海一家口罩厂因“拒绝卖给钟南山院士口罩”引发关注4月29日上海大胜口罩厂突然接到一个“2000只N95口罩”的大批订单经过了解，口罩厂负责人吴胜荣得知这批口罩的背后买家不是别人正是钟南山院士“自己怎么想都想不到觉得他应该不会关注到我们”@人民日报O工厂接2000只N95口罩大单，看到买家后当即表示“不要钱”,05/12
A股大盘解读，市场分析、缠论动力学原理、应用及案例：1、僵尸行情。指数进入前期的最密集成交区域，套牢盘最多，压力最大，所以市场踌躇不前，成交继续缩量，做多热情不高，盘面谨慎，个股分化明显，热点轮动快。2、行业板块方面，食品饮料、日用化工、半导体、工程机械等涨幅居前；题材概念方面：多晶硅、基因概念、生物疫苗等较为强势，但分化明显。3、个股方面5月6号分享的sz600359&新农开发&连续涨停，五连板，有望带动食品饮料、农林牧渔再次表现；钟南山院士表示莲花清瘟胶囊对治疗新冠肺炎有效，2月2日分享的sz002581&未名医药&，2月3日分享的sz3000151&昌红科技&涨停及sz300463&迈克生物&再次涨停；5月6日分享的sz002603&以岭药业&再次大涨；4月28日分享的sz002049&紫光国微&涨停；4月22号的sh603696&安记食品&涨停......4、缠中说禅108课教学视频及缠中说禅动力学分享，详情在视频。L至善缠中说缠的微博视频,05/12
【最大生命科学预印本网站开始拒稿新冠论文：低质量研究如何成为谣言和阴谋论的“温床”】新冠疫情让预印本发布从学术高塔中走了出来。疫情之下，从业内科学家到普通民众，都渴望得到新冠病毒更多的信息，传统的同行评议期刊论文发布已不能满足时效性需求，研究者纷纷将目光投向了更快捷发布的预印本平台，其中不乏钟南山这样的著名专家。截至5月11日，作为主要的新冠研究预发布平台，medRxiv和bioRxiv收录相关预印本论文3174篇，其中有2546篇收录在medRxiv，628篇收录在bioRxiv。《柳叶刀-全球健康》（柳叶刀子刊）发表评论称，因为能够及时传播最新信息，预印本在公共卫生紧急情况下可以发挥强大作用，科学家们已经迅速填补了新冠病毒流行病学、病毒学和临床知识的空白，且“预印本可能正在推动此次新冠疫情中的相关讨论”。O最大生命科学预印本网站开始拒稿新冠论文：低质量研究如何成为谣言和阴谋论的“温床”,05/12
#2020年全国高考报名人数1071万#【钟南山寄语高三学子】#2020年艺考报名人数117万#钟南山：我们每个人心中除了有一个“小我”，还要有一个“大我”，只有大家做出奉献，我们自己才能保得平安。做好自我防护，祝大家好好学习，天天向上。#吴尊友表示国内疫情不会再现小高峰#L人民日报的微博视频,05/12
#896快讯#【#吴尊友表示国内疫情不会再现小高峰#】这两天国内连续出现聚集性疫情，会不会再次出现疫情小高峰？天热能摘口罩吗？对此，中国疾控中心流行病学首席专家吴尊友表示：我认为疫情不会再现小高峰。我们现在有了经验，只要发现病例，及时排查和追踪，很快就能扑灭疫情。另外，#目前没有迹象表明天热后病毒不再传播#，不能完全摘掉口罩。（央视）#钟南山判断国内不会有第二波疫情暴发#L央视新闻的微博视频,05/12
#组织学生应援肖战老师被停职#作为老师，为这个新闻事件感到汗颜！！我曾经对学生说过：科学家是最伟大的！他们推动了全世界全人类的进步！解放军是最帅的，中国最帅的男子都在军队！疫情期间，我说我们最应该铭记的是钟南山，李兰娟等等冲在一线的伟大医护！他们是为了别人，不是为了自己！这才是伟大！,05/12
饥饿来了，想到了袁隆平，瘟疫来了，想到了钟南山，安眠来了，想到了小鲜肉和大明星，没事的时候，动不动搞医闹，排队的时候，反对军人优先，要求人人平等，现在灾难来临的时候，个个都窝在家里过着安宁的日子，是我们的军人和警察，是我们的医护人员，在战斗的前线，与敌人，与病魔，作斗争，用自己的青春和热血谱写着一首首生命的赞歌，这才是我们应该尊重的人，不能好了伤疤忘了痛，这才是我们心中崇拜的大英雄，大明星！向敬畏自然守护生命的逆行者们致敬。,05/12
【#18岁小伙因钟南山照片去湖北抗疫#】18岁陕西小伙朱如归，名字是他身为军人的爷爷起的，寓意像战士一样视死如归。因为看到钟南山院士在高铁休息的一张照片，他深受触动，写下志愿书，瞒着母亲去湖北抗疫，在孝感一家医院奋战。从“视死如归”到“如期归来”，他决定要入伍成为一名真正的战士！（记者王新宇王小龙谭海梅甘志庆马荣达王睿哲）L央视军事的微博视频,05/12
感觉钟南山、张伯礼这种人似乎没什么科学常识。也可能为了挣钱不要逼脸了,05/13
线上线下，两个世界。东西湖+5，武汉似乎进入了第二波防疫，各小区开始组织登记做核酸检测，口罩不知道还要戴多久，有点郁。封城让人记住了2个名字：官方的钟南山和民间的方方，和谐社会，不评论。复工复产是大趋势，听闻市外的武汉人还是受歧视，一声叹息，只能学会淡定了。上网只是放空一下，好羡慕那些写唯美文字的文青，而我~还是喜欢吐槽多一点…杨小壮《两个世界》K两个世界@QQ音乐,05/13
『热点|钟南山买口罩被拒！接下来一幕没想到...』O热点|钟南山买口罩被拒！接下来一幕没想到...,05/13
钟南山院士要买2000只口罩，竟然被厂家直接拒绝了？！无情L军人之家的微博视频,05/13
落幕秋风钟南山院士要买2000只口罩，厂家：不卖！只送！L落幕秋风的微博视频,05/13
"#钟南山唱了一首歌#钟南山院士参加中央广播电视总台慰问医护工作者特别节目时通过云互动与团队为医务工作者合唱歌曲《坚信爱会赢》,充满力量的歌声感动无数网友！五月份了，中国抗疫已经进入了尾声，但是钟老仍然没有退居二线，年事已高的他为了能在国家有难的时候冲在前，常年坚持锻炼身体，和年轻人一起驰骋球场，疫情当前，这位最伟大的院士毅然选择做我们的指明灯，像03年的非典一样，疫情不结束，他就不下线。钟老的歌声多么振奋人心，给患者力量，给人民勇气，一起面对2020的不美好。虽然2020这个数字是美好的，虽然疫情的到来给祖国萌上的一层乌云，但是无数医护人员和工作人员冲上防疫前线，这是一群无畏勇敢的人们，也是一群不辞辛劳的人们。他们不顾安危，奔赴在抗疫一线。我们不能忘记他们的付出和贡献，2020，向最美逆行人致敬！",05/13
"『昨夜惊魂，美股尾盘狂泻！美版""钟南山""：美国实际死亡数肯定高于官方统计！特朗普：美联储应当实施负利率！顶尖投行警告』O昨夜惊魂，美股尾盘狂泻！美版""钟南山""：美国实际死亡数肯定高于官方统计！特朗普：美联储应当实施负利率！顶尖投行警告",05/13
钟南山说口罩还得戴，亲们再坚持坚持！每次快憋疯的时候，对自己大吼一声——坚持就是胜利！近日，一张“31省市摘口罩时间表”在网上广泛流传，表上列出了全国各地摘口罩的时间，如上海、贵州、湖南、四川、江西等地显示“已摘”；北京、广西、湖北等地则是“暂不确定”。经查证，广东、上海、等相关部门及媒体都没有“可以摘下口罩”的说法。重庆公安局则是对此说法进行了辟谣。虽然大家都盼望着早日摘掉口罩，但是当前疫情未被完全控制，各地相关政策必然会根据实际情况不断调整。疫情期间，市民们都应该以权威发布的信息为准。到底何时可以摘下口罩出门呢？钟南山近日在接受接受人民日报采访时明确表示：现在还不是摘口罩的时候！！！钟南山明确指出，现在国内外情况不一样，由于中国采取了及时有效的措施，现在疫情已经进入第二阶段。而其他国家还处在大爆发的第一阶段，感染人员还在增加，这意味着人传人的几率特别高，确诊病例增加非常快。戴口罩依然是非常重要的自我防护手段，现在不戴为时过早。不过，在疫情不严重的地区，人少的地方或空旷场所，倒不见得必须戴。随着气温的升高和疫情的缓和，许多人觉得胜利就在眼前，内心盼望着能够早日摘掉口罩，感受大自然的新鲜空气和清爽的夏日。虽然摘掉口罩是一件众望所归的事情，但至于什么时候才能摘口罩，亲们还得乖乖听钟老发话,05/13
北大校庆日钟南山院士的演讲：新冠肺炎后的健康世界O北大校庆日钟南山院士的演讲：新冠肺炎后的健康世界,05/13
钟南山、张伯礼，都是我国著名医学专家，西医和中医的名医。在抗击疫情中，做出重要贡献，难道不是国家与民族要感谢的人吗？不是历史要记住的人吗？岂能容忍汉奸走狗和臭鱼烂虾肆意污蔑？！所有汉奸走狗都不配给人家提鞋！垃圾汉奸走狗！！更没有必要挑起西医和中医的矛盾，博采众长，治病救人！,05/13
这期不煮东西我们来玩玩科普知识钟南山哥哥之前发表讲话，对喝牛奶做了种草！我也被种草了但是如何选择一个好牛奶？来来来。跟着我选，避免渣奶！LDinner金兰的微博视频,05/13
钟南山院士又宣布抗疫好消息了。一、中国疫苗已迎来突破性进展，原本预计在明年3月份临床使用，现在整整提前半年，在9月中旬，疫苗就有望研发成功，就是说，中国离实现确诊病例“清零”的日子不远了，这无疑是个重大突破，值得庆祝。二、现在可以确定，疫情不会在中国引起二轮爆发。抗疫措施、预防境外传播措施，都做的密不透风，就算小范围内爆发疫情，也能在短时间内及时扑灭，像上万人感染的状况，在中国根本不会出现。反观全球疫情蔓延的危机时刻，中国已经能置之事外，埋头发展经济，填补疫情造成的经济损失。等到疫苗研发成功，中国更是稳如泰山了。随着全球疫情的不断恶化，全球100多个国家都在受疫情摧残。西方国家医疗、经济都比较发达，虽不会出现“吃不饱、没有药”等情况，但也不堪疫情和经济双向重负。而中东、非洲等地区，更是疫情肆虐，“要么病死，要么饿死。”已经成为许多国家的致命选题。现在全球因为疫情导致的失业人口已超18000万人，各国都面临严重疫情、经济的双向压力和抉择。美国终完成了“美国第一”的目标，140多万人确诊感染，遥遥领先于全球所有国家。但140万的数字还不是疫情峰值，更让人恐慌和不安的是社会积压的矛盾和动荡。相比之下，中国疫情已经完全明朗。经历2个月时间的封锁煎熬，不仅完全控制住疫情，更是已经有条不紊的复产复工。这是中国人民团结一心，严格谨守的成果，特别是抗疫时所采取的措施，欧美国家根本无法复制。他们口中的“民主”和“自由”，成为病毒蔓延肆虐的帮凶。国内疫情终将要彻底根除，中国人的努力终将得来回报，相信大家心里也都不比高兴。在此还要再次再次致敬抗疫历程中，那些逆风而行的专家学者，那些可歌可泣的烈士英雄，那些无私奉献的医护人员。让我们再次诚挚的表示敬意和感谢！你们辛苦了！人民永远不会忘记你们！！！话题讨论：疫情给你带来什么不同感受？对你产生了什么颠覆影响？最让你难忘的又是什么呢？欢迎点赞！留言讨论！,05/13
请问钟南山先生，别为了利益硬推莲花清瘟胶囊，莲花清瘟做过什么临床？双盲？拿出证据！体外试验别说话！表征别说话！,05/13
钟南山院士寄语学子：心怀“大我”做对社会有贡献的人O钟南山院士寄语学子：心怀“大我”做对社会有贡献的人,05/13
钟南山84岁依然每周保持3~4次运动，每次45分钟左右O年轻人每天应该保证有多少运动量？,05/13
美国到底死了多少人？“美国钟南山”终于承认了，总统却反咬一口L勤奋伟群的微博视频,05/14
全球疫情仍未“刹车”，我国是否会“死灰复燃”？钟南山一语定心@QQ浏览器O与我相关,05/14
其实让我今年能从一月底持续锻炼到现在的榜样不是超模，不是明星，而是钟南山今年疫情时我看他的采访，我以为他最多60岁，没想到他已经84了，我真的震惊了。我爸70岁看着比他老的多，是那种老人的体态。所以我坚持锻炼，我不想要老人的体态，所以现在我不执着于为了减肥而锻炼，而是想长期的为了自己有一个年轻的体态而锻炼，长期的目标，不断地坚持✊,05/14
钟南山都说连花清瘟有效瑞典人为什么敢说不O钟南山都说连花清瘟有效瑞典人为什么敢说不,05/14
女排姑娘惠若琪：用钟南山院士的经历激励自己O女排姑娘惠若琪：用钟南山院士的经历激励自己,05/14
"我分享了【那个发文诋毁钟南山惹众怒的黄秋生，60多天过去怎么样了】,快来看吧！|O那个发文诋毁钟南山惹众怒的黄秋生，60多天过去怎么样了",05/14
#每天一段话#什么是幸福？我认为健康就是幸福！有了健康并不等于有了一切，没有健康就等于没有了一切。健康就是一个空心玻璃球，掉下去以后就碎了。而我们的工作是一个皮球，掉下去以后还可以弹起来。健康是单行线，每个人都应该认真对待。—钟南山,05/14
如何看待钟南山院士说连花清瘟治疗新冠证实有效？👉O网页链接来源:@知乎,05/14
大胆一点，把“有望”去掉。//分享网易新闻《钟南山：新冠肺炎疫情有望在6月结束》O钟南山：新冠肺炎疫情有望在6月结束来自@网易新闻客户端#网易新闻#,05/14
《钟南山：本土疫情反弹，还有很重的任务》今日，4个省份通报10日新增10例本土病例。吉林舒兰新冠肺炎疫情传染链继续延长，武汉本土疫情出现反弹，辽宁、黑龙江也出现本土确诊病例。O网页链接,05/14
《钟南山要买2000个口罩，厂家一口“回绝”：不卖！》钟南山院士要买口罩，却被商家拒绝了……最近几天，上海松江区的一家口罩厂，加班加点生产着，而这一切都源于一个特别的单子。O网页链接,05/14
钟南山都说连花清瘟有效瑞典人为什么敢说不O钟南山都说连花清瘟有效瑞典人为什么敢说不原来瑞典人说的是“mestaktiva（mostactive）”，说最有效的成分是“薄荷醇”，不是“只有薄荷醇”。,05/14
钟南山任董事长、5年孵化26家项目公司,05/14
#马布里把微博背景换成钟南山#你们咋才发现呐？他在中国疫情最严重的时候，就一直特别关心，还转发有关方舱医院的内容。头像背景早就是钟南山了。他是真的爱🇨🇳，可在某些喷子口中他只是那个无恶不作的“马上腿”,05/14
哥哥昨天放学回来，跟我说：妈妈，我们要谢谢钟南山爷爷和杜鹃花奶奶～是李兰娟奶奶嘞哈哈哈，是的，是李兰娟奶奶,05/14
Day.3早晨给老爸打电话，老人家在吃早餐，我问吃什么，他说很丰盛，小米粥和面条🍜，这两样一起吃，自我找乐😊的老爸把我给逗乐了。他说我买的花昨天送到了，从云南运来的，运费得多贵（心选商城免运费），50多支都放到花瓶里了，今天有开的[呲牙]。本来以为花到我还在老爸家，然后把房间布置好给老人家们惊喜，没想到突然返吉，插花的机会留给老爸完成，老爸虽抱怨买这些有什么用一定也乐此不彼。到底封没封城，对于根本不需要出远门的吉林人来说无关紧要。总得出门去买口粮，看外面杨柳嫩绿丁香开放梨花落意，错过一年好时节真的可惜。快到中午，我穿好戴好几件事出门一齐办理，预计绕小区走一圈才能完成。进入电梯，看到细心的邻居用薄膜把电梯的按钮包裹上心里一热，这样应该卫生一些，明天我去换一下，环境大家爱护。昨天有人说不要形式主义，不过我觉得对于全民素质参差不齐的情况下，对于不能自律没有自我约束能力的人，用形式主义强迫一下也会受益，国情民风迫于形式。走下楼，忍不住在景观带的梨树下看了一会儿花瓣雨，感叹美好都是瞬间的一束光，不体会不珍惜不知不觉就失去了。一对夫妻路过，男士说钟南山来吉林了，我知道已经辟谣，不过我没有纠正，让钟爷爷给吉林人一点期望吧！银行大门紧闭，我觉得门打开通风才会更安全。进去登记量体温，马上就可以到窗口办理，人少。我坐在窗口，大堂经理就在我左右喷洒消毒液，我心里有一丝不悦，也许我矫情吧。冠状病毒真是要命，看不见摸不着可是让人与人之间距离越近却越远。在机器上办理业务工作人员用一支类似教鞭的东西点点敲敲，不敢靠近我，反正不舒服😔，我的嗓子痒痒的，我真的想咳嗽几声又忍住，告诉自己别矫情理解万岁，手机银行疫情期间真需要用上。西门封了以后，我觉得西门三家超市可是有点损失，而且送菜也不可以随便出入。我没在家让水果超市给家里送的菜，所以知恩图报就去水果超市买菜，不错人很少，塞满一小车菜回走。路过北门超市，看见老板娘在门口吆喝打折，觉得她可怜又买了水果和鸡蛋，继续回走到东门，我满头大汗一定不会发烧。进门测体温36.2℃，检查小区门卡扣，最后扫吉祥码，必须配合这些志愿者。冠状病毒你在哪里？走过喷泉长廊，实在太累休息一会儿。看见对面有老人坐在长椅上晒太阳☀️，觉得他们可真牛，也有资本藐视病毒。远远望见坐在100年姊妹树下的一对老人，我突然想起在希腊圣托里尼的伊亚小镇，一个老的不能再老的老太太戴着小洋帽穿着漂亮的裙子👗涂着口红💄和指甲坐在椅子不动声色地卖呆，夕阳下一丝惊艳还有不惧怕死亡的感动。假如我有幸可以活的那么老，我一定和希腊的老太太一样，漂漂亮亮地老，涂着口红，不戴口罩。,05/15
#周深教烈儿唱歌#@卡布叻_周深和@烈儿宝贝真的太可爱了，周深还教烈儿唱好运来，我要被那段笑死了，哈哈哈哈哈！钟南山、关晓彤等人也来过，烈儿宝贝真是越来越火了@卡布叻_周深@烈儿宝贝,05/15
感谢白衣天使！感谢钟南山💪💪👍👍L包子小海wuhailong的微博视频,05/15
md现在居然还有人跟我争论莲花清瘟对新冠是否有用，还说钟南山院士没说过莲花对新冠有用，神tm没说过，居然在为瑞德西韦打广告的同时说莲花清瘟副作用大，先问问你美国粑粑为啥死亡率这么高再说嘛还说什么体质问题，中国人用莲花有用，白人用瑞德西韦有用，不是体质问题是脑子问题知道吗？,05/15
#周深教烈儿唱歌#周深和烈儿两个是什么宝藏啊，@卡布叻_周深直播间教@烈儿宝贝唱好运来！！怎么这么搞笑啊钟南山、关晓彤等人也来过，烈儿宝贝真是越来越火了@卡布叻_周深@烈儿宝贝,05/15
钟南山院士年轻时获得过全运会400米栏冠军还破了纪录......破了纪录还嫌自己不够强，弃体从医......（看看人家，再看看你）,05/15
#周深教烈儿唱歌#周深教烈儿唱得好运来真的太搞笑了，当时我就笑疼肚子，钟南山、关晓彤等人也来过，烈儿宝贝真是越来越火了！@卡布叻_周深@烈儿宝贝,05/15
#周深教烈儿唱歌# @卡布叻_周深  @烈儿宝贝第一次知道烈儿还是因为烈儿邀请钟南山钟爷爷去直播间，没想到这次又看到深深去了！烈儿666呀，和深深学唱歌也唱得吼吼听！,05/15
#周深教烈儿唱歌#烈儿问周深说希望粉丝叫自己什么，周深说希望就叫自己周深周深太搞笑了吧，钟南山、关晓彤等人也来过，烈儿宝贝真是越来越火了！哈哈哈哈哈@卡布叻_周深@烈儿宝贝@卡布叻_周深@烈儿宝贝,05/15
#周深教烈儿唱歌##周深教烈儿唱歌#我天哪！周深@卡布叻_周深在直播间连烈儿@烈儿宝贝唱好运来，不过这歌确实挺洗脑的，我现在还没忘掉！钟南山、关晓彤等人也来过，烈儿宝贝真是越来越火了！@卡布叻_周深@烈儿宝贝,05/15
钟南山唱了一首歌，听哭网友！O钟南山唱了一首歌，听哭网友！,05/15
#周深教烈儿唱歌#@卡布叻_周深和@烈儿宝贝真的太可爱了，周深还教烈儿唱好运来，我要被那段笑死了，哈哈哈哈哈！钟南山、关晓彤等人也来过，烈儿宝贝真是越来越火了！@卡布叻_周深@烈儿宝贝,05/15
#周深教烈儿唱歌# 我发现 @烈儿宝贝 好厉害啊，昨天请到@卡布叻_周深 小哥哥来做氛围超好，我记得我之前看还请到过钟南山院士，也是厉害了啊,05/15
少年强则国强，祖国的花朵们，好好学习天天向上！老师可以追星，可以喜欢肖战，可以喜欢更多的爱豆！但孩子们有自己独立的意识，他们可以选择自己的爱豆！国家的未来需要你们来创造，更多的向钟南山袁隆平钱学森等国之栋梁去学习！#教育局回应中学老师网课宣传肖战#,05/15
#本溪提前两天通知开学#不是疫情人传人就算了。怎么提前开学不打招呼也人传人?本溪你跟丹东连体的啊。丹东局长你爹啊，人家开学你就开学。怎么这玩意还带传染的啊。钟南山你赶紧来辽宁看看。辽宁有新增一种传染病。名字叫提前开学不打招呼。人传人啊。确诊病历，丹东，本溪，鞍山，盘锦。其余城市全部疑似病历。@辽宁省教育厅官方微博@教育局本溪@钟南山@人民日报@辽宁卫视,05/15
#钟南山院士公布研究最新成果#,05/16
《独家｜钟南山院士否认商业代言：我怎么会做那些东西》近日，网传知名人士反映中国工程院院士钟南山为安慕希、连花清瘟等企业产品打商业广告等行为。O网页链接,05/16
#腾讯新闻#钟南山院士否认商业代言：我怎么会做那些东西O钟南山院士否认商业代言：我怎么会做那些东西来自@腾讯新闻,05/16
独家｜钟南山院士否认商业代言：我怎么会做那些东西O网页链接,05/16
钟南山团队建立新冠肺炎危重症预测模型准确性达到88%O钟南山团队建立新冠肺炎危重症预测模型准确性达到88%,05/16
为什么有人把袁隆平和钟南山相提并论呢？这两人除了年龄接近、完全的一个在天一个在地好不！袁隆平是毫无争议的杂交水稻之父、创造了一个时代的人。钟某人呢？作出什么实际成绩了吗？还国士？我呸,05/16
钟南山团队建立新冠肺炎危重症预测模型准确性达到88%O钟南山团队建立新冠肺炎危重症预测模型准确性达到88%,05/16
还是许老板会蹭热点希望许诺的资金能够真正落地吧#恒大联手钟南山和哈佛建攻关专家组#,05/16
【#钟南山哈佛新冠科研合作获新进展#】5月15日，由哈佛大学、广州呼吸健康研究院、恒大集团共同成立的“中美新冠病毒肺炎科研攻关专家组”首次披露三方合作抗疫的最新进展。哈佛医学院院长GeorgeDaley表示，“美方和中国团队频繁沟通，了解新冠病毒的情况，在病毒开始全球蔓延后从中国团队获取了宝贵的救治经验。”L梨视频的秒拍视频,05/16
【#钟南山哈佛新冠科研合作获新进展#】5月15日，由哈佛大学、广州呼吸健康研究院、恒大集团共同成立的“中美新冠病毒肺炎科研攻关专家组”首次披露三方合作抗疫的最新进展。哈佛医学院院长GeorgeDaley表示，“美方和中国团队频繁沟通，了解新冠病毒的情况，在病毒开始全球蔓延后从中国团队获取了宝贵的救治经验。”L梨视频的秒拍视频,05/16
钟南山唱了一首歌，听哭网友！O钟南山唱了一首歌，听哭网友！,05/16
抗疫题材剧《在一起》要开拍了。传得最广的一条消息是：陈道明有可能出演钟南山院士。虽然出品方后来澄清，网传名单不实，选角尚未开始，但仍有众多网友表示，期待陈道明的演出。很多人说，陈道明在灯红酒绿的娱乐圈名利场中，是一个特别的存在。他的独特气质来自何处？陈道明曾在60岁生日时写了一篇文章，标题叫《做点儿无用之事儿》，这篇文章也让我们看到了他演员之外的生活：“我从小弹得一手好钢琴，喜欢到钟爱。中年后，我迷上了画画。现在最喜欢抄写《道德经》之类的古籍。我也会做点手工，糖人、面人、木工、裁缝，这几项手工活我都还算拿手。闲暇时光，我更乐意为妻子缝制各种皮包。有时，我们夫妻俩同坐窗下，她绣她的花草，我裁我的皮包，窗外落叶无声，屋内时光静好。”,05/16
【那年，他们曾风华正茂！16位大咖的青年照】袁隆平、钟南山、屠呦呦、钱学森…那些年，这些灿若星辰的名字，也曾风华正茂。转发，致敬国士无双！（人民日报）L人民日报的微博视频#五四青年节#,05/16
我坚持认为我党是正确的，八大党媒下场，作为一个从小被教育相信党的遵纪守法公民，我信我的党，我爱我的国，我信党媒。请不要某些人不要再说些党媒失格，党煤跟风等言论！粉就请粉救国救民钟南山院士，中国杂交水稻之父袁隆平爷爷，中国导弹之父钱学森爷爷，中国铁路之父詹天佑……等等。都是正能量满满！,05/16
钟南山团队建立新冠肺炎危重症预测模型准确性达到88%O钟南山团队建立新冠肺炎危重症预测模型准确性达到88%,05/16
#大学生用落樱拼出钟南山肖像#科学家才是我们最值得表白的榜样👍,05/17
#大学生用落樱拼出钟南山肖像#太有才了,05/17
#大学生用落樱拼出钟南山肖像#厉害了,05/17
钟南山：中国仍然面临新冠第二波疫情的挑战O钟南山：中国尚未建立起新冠免疫警惕第二波疫情,05/17
院士能不能当网红？有人觉得不好，我觉得OK。为什么呢？我的理由很简单，科学的普及，本身就面临影响力不足难以传播，以及外行人士以次充好的现象。多的不消说，我就问一句，你是愿意看到更多的大象公会、回形针，还是更多的张文宏、钟南山？反正我更愿意选择后者。,05/17
【#钟南山称中国尚未建立起新冠免疫#要警惕第二波疫情】5月16日，钟南山院士接受CNN专访谈论新冠疫情相关话题。采访中他表示，中国仍然面临着风险，要警惕第二波疫情的暴发。他还认为，新冠疫苗真正出现可能需要“数年”时间，现阶段要保持健康的生活方式，增强免疫力。@青蜂侠BeeL钟南山称需警惕第二波疫情暴发,05/17
我在看：【钟南山:警惕第二波疫情中国不应该骄傲自满】#跟新浪看热点#O钟南山:警惕第二波疫情中国不应该骄傲自满,05/17
【中国加油！大连#大学生用落樱拼出钟南山肖像#，致敬伟大医护】5月17日，辽宁大连两个大学生用樱花拼出钟南山的肖像画。此前一晚，因为大连挂起大风，大连的樱花掉落一地。得知两位小伙的目的后途径群众纷纷帮他们捡起落樱。看了视频后，不少网友表示，科学家才是年轻人的榜样！L中国加油！大连大学生用落樱拼出钟南山肖像，致敬伟大医护#感动中国#,05/17
新闻突发#全球新冠肺炎疫情速报#【中国加油！大连#大学生用落樱拼出钟南山肖像#，致敬伟大医护】5月17日，辽宁大连两个大学生用樱花拼出钟南山的肖像画。此前一晚，因为大连挂起大风，大连的樱花掉落一地。得知两位小伙的目的后途径群众纷纷帮他们捡起落樱。看了视频后，不少网友表示，科学家才是年轻人的榜样！L青蜂侠Bee的秒拍视频,05/17
【中国加油！大连#大学生用落樱拼出钟南山肖像#，致敬伟大医护】5月17日，辽宁大连两个大学生用樱花拼出钟南山的肖像画。此前一晚，因为大连挂起大风，大连的樱花掉落一地。得知两位小伙的目的后途径群众纷纷帮他们捡起落樱。看了视频后，不少网友表示，科学家才是年轻人的榜样！L中国加油！大连大学生用落樱拼出钟南山肖像，致敬伟大医护#感动中国#,05/17
#钟南山称需警惕第二波疫情暴发#疫情没彻底战胜，我们绝不能放松！外防输入、内防反弹，自觉做好个人防护，别急着扎堆各种聚，现在还不是松劲的时候！,05/17
#晚间分享#四小时街头粉笔画钟南山，这是他近几年最满意的一幅。被市民赞传神！L吐槽区的微博视频#大学生用落樱拼出钟南山肖像#,05/17
发布了头条文章：《大学生用落樱拼出钟南山肖像》O大学生用落樱拼出钟南山肖像,05/17
【中国加油！大连#大学生用落樱拼出钟南山肖像#，致敬伟大医护】5月17日，辽宁大连两个大学生用樱花拼出钟南山的肖像画。此前一晚，因为大连挂起大风，大连的樱花掉落一地。得知两位小伙的目的后途径群众纷纷帮他们捡起落樱。看了视频后，不少网友表示，科学家才是年轻人的榜样！@青蜂侠BeeL中国加油！大连大学生用落樱拼出钟南山肖像，致敬伟大医护,05/17
钟南山团队建立新冠肺炎危重症预测模型准确性达到88%O钟南山团队建立新冠肺炎危重症预测模型准确性达到88%,05/17
最近很多人都在骂钟南山院士他疑似代言了牛奶🥛我真的😄了，你们这些人要点脸吧！钟南山他每天累死累活的为我们的疫情安全着想为我们的安全作出贡献🚅你们有什么脸骂他？你们不感谢老钟就算了，还因为一个疑似代言而骂他不务正业，那些网红歌手🎤代言某些lj产品你们怎么不去骂他不务正业，不去写歌词在这里代言产品呢？？？总结出来就是某些人真的不要脸！假如老钟真的代言了一个对你们有好处的产品🥛你们一个个视而不见听而不闻反而骂他不务正业，但是某些网红明星代言了一个对你们没好处且又lj又贵💸的产品，反而你们都认为是好东西的话，hh请你们自己去精神病院接受治疗吧🤫🙃🙃🙃（标注一下：抖音app里的nc真的很多，名字我也不念了怕你们被网暴🤫希望抖音可以好好惩处一下那帮人，还有一个跟抖音app说的话，每次我举报那些骂钟南山院士的你们都没回复的你们难道也觉得老钟无所谓可以随便辱骂吗？……🙃希望官方可以回复我）,05/18
【专访钟南山：#疫情不会超过人类的控制能力#】钟南山近日接受生命时报专访时表示，“在传染指数上升的同时，人类对冠状病毒的防治能力也在升高，疫情不会超过人类的控制能力之外”。目前，中国疫情得到大范围控制，生活逐步回归正常，一些人放松了警惕。对此，钟南山提醒：“大部分中国人仍然是新冠病毒的易感人群，没有获得足够的免疫。近几周中国包括武汉和东北在内的一些地区，出现了局部的聚集性疫情，中国仍然面临新冠第二波疫情的挑战。”他对美国的感染和死亡病例数表示感到震惊，西方政府在疫情出现后没有严肃对待。钟南山强调，所有政府都应该真实地披露疫情数据。“一些国家把新冠病毒和流感病毒相提并论，这是错误的。”针对如何增强机体免疫，钟南山建议，保持健康的生活方式，是增强免疫力的有效方法，他称自己一直积极参加体育运动，并希望大家也都注意锻炼身体。（生命时报记者王帅）,05/18
【厉害了！大连#两大学生用落樱拼出钟南山肖像#：致敬伟大医护人员】5月17日，辽宁大连。大连一夜大风过后，地上落满了樱花瓣。两个大学生照着手机上找到的图片，用樱花拼出钟南山的肖像画。不少路人拍照留念，有大人带着孩子来帮忙捡花瓣。两位同学表示，钟南山是自己的偶像和榜样，这个作品没有考虑太多东西，就希望能致敬医护人员，为中国加油。#谢谢你，医生#@青蕉视频L青蕉视频的微博视频#晚安，江门#,05/18
【#大连#俩大学生拼出“樱花版”钟南山头像创作初衷：用唯美樱花致敬“无双国士”】缤纷的落樱，遍地粉红，一阵风吹过，发出清幽的淡香；遥望，又顿觉庄重、慈祥，两个年轻人用花瓣，拼出了钟南山院士的头像。5月17日上午，在金石滩植物园，“樱花版钟南山”引发路人驻足、拍摄，现场好评如潮。两名年轻人是大连艺术学院的在校大学生，创作初衷是想用唯美的樱花向“无双国士”致敬。L39度视频的秒拍视频,05/18
如果说每个世纪都有一次大萧条。那么21世纪最大的萧条或许就在2020年。今年是未来10年不堪回首的，或者是未来10年心心念念的。下九路Baleno班尼路基地倒闭是整条步行街人气日渐消瘦的缩影；富力海珠城金逸影城今日还未复工营业印证了新冠疫情对经济活动的打击是深远持久的。大病初愈的中国正在调理身体，假如再来第二波疫情那将是毁灭性的灾难。#钟南山称需警惕第二波疫情暴发##全球经济危机#,05/18
【辽宁#大学生用落樱拼出钟南山肖像#：群众帮忙捡花瓣收集，致敬医护】5月17日，辽宁大连。两名大学生收集落樱，照着手机上的图片，用花瓣拼出钟南山的肖像画。此前一晚，因为大连挂起大风，大连的樱花掉落一地。得知两位小伙的目的后，群众纷纷帮他们捡起落樱。一名学生称钟南山是自己的偶像和榜样，希望通过这个作品致敬医护，为中国加油。O大学生用落樱拼出钟南山肖像：致敬医护@澎湃视频L七环视频的微博视频,05/18
1111111钟南山又被骂上热搜！疫情刚好转，有些人就开始批斗抗疫英雄了全国有良知的企业，以后都请钟南山一样的科学家们做广告代言！气死猪狗们！现在猪狗都吃粮食了！！！！你们离不开屎臭味吗？？不是钟南山，还不知耽误多少天，一定中国疫情是现在的美国，有过而无不及也！！只许一文不值的明星做广告代言，还是虚假假言！！骗得你狗屁不放一个！！这时行规吗？？国法哪条规定的？？就不许居功至伟对人类做出不可磨灭贡献的科学家做广告，代言！！就让他们的贡献永远是奉献，得不到丰厚回报吗？？？猪狗们！！你们是吃屎的货吗？？改不了了吗？？现在猪狗都吃粮食了！！！！你们离不开屎臭味吗？？全国有良知的企业，以后都请钟南山一样的科学家们做广告代言！气死吃屎的猪狗们！,05/18
渭南师范学院#抗击疫情希望同行#今天，我收看了全国大学生同上一堂疫情防控思政大课令我受益匪浅，刻骨铭心。让我对新型冠状病毒有了更进一步的了解和认识，以及学习并掌握了预防措施。相信这次加长版的寒假给大家带来了别样的感受，很多人从未像现在这样真切地感受到我们不仅仅是以个人的身份生活，而是与所处的时代同呼吸，共命运。　　透过新闻，我们看到一张张布满勒痕的脸、一把把为避免交叉感染而剪了的发辫，一双双被消毒液侵蚀开裂的手、一个个蜷缩在地上暂得休息的身影，年轻医护人员他们心无旁骛，凝视自己的战场;我们看到84岁的钟南山临危受命逆行而上，武汉金银潭医院院长张定宇身患渐冻症仍冲在前线与时间赛跑挽救生命，70多岁的李兰娟院士每天只睡3小时，带领团队为研制特效药品而耿耿不寐;我们看到坚守阵地做着深入报道，不断披露疫情最新进展的新闻人;我们看到了为建医院、为制口罩日夜赶工的工人;那些奋笔写下“请战书”的医护工作者;开间武汉或审核三亿元的施工人员;用爱搭建桥梁，日夜驰援运送物资的驾驶员……他们用行动向我们诠释了什么是大爱无疆。一个个白衣天使坚守岗位，用血肉之躯尽一份绵薄之力，用小小的身躯与疫情赛跑。无数的“追光者”们在国家和人民最需要的时候，做出无怨无悔的选择。他们把对人民的爱，对祖国的爱放在心底，用一个个鲜红而又坚定的手印，表达着火热的担当与承诺;他们用最美的身影，诠释了生命的意义!这些逆行的背影，他们挺身而出不是为了当什么英雄。他们扶危渡厄，是守土尽责。目前，这场疫情防控阻击战形势仍然严峻，此刻，我们呆得有点烦闷焦躁的家，是很多前线人员想回而不能回的家。在这个牵动着所有国人心的春天里，我们每一个人都无法置身事外。我们，也应尽自己的绵薄之力，不为医生，社会增添负担，按照这堂课中所说的，不随便出门，戴口罩，不信谣，不传谣，勤洗手，讲卫生，为这个社会，贡献出自己的力量!同时，这场疫情，也是对我们每个人的教育。唯有正视这样的经历，在困境中汲取教训成长，才不辜负这样一场代价沉痛的历练。【财管191温粉粉】@渭南师范学院西岳校区,05/18
【专访钟南山：#疫情不会超过人类的控制能力#】钟南山近日接受生命时报专访时表示，“在传染指数上升的同时，人类对冠状病毒的防治能力也在升高，疫情不会超过人类的控制能力之外”。目前，中国疫情得到大范围控制，生活逐步回归正常，一些人放松了警惕。对此，钟南山提醒：“大部分中国人仍然是新冠病毒的易感人群，没有获得足够的免疫。近几周中国包括武汉和东北在内的一些地区，出现了局部的聚集性疫情，中国仍然面临新冠第二波疫情的挑战。”他对美国的感染和死亡病例数表示感到震惊，西方政府在疫情出现后没有严肃对待。钟南山强调，所有政府都应该真实地披露疫情数据。“一些国家把新冠病毒和流感病毒相提并论，这是错误的。”针对如何增强机体免疫，钟南山建议，保持健康的生活方式，是增强免疫力的有效方法，他称自己一直积极参加体育运动，并希望大家也都注意锻炼身体。（生命时报特约记者王帅）,05/18
【厉害了！大连#两大学生用落樱拼出钟南山肖像#：致敬伟大医护人员】5月17日，辽宁大连。一夜大风过后，地上落满了樱花瓣。两个大学生参考手机上找到的图片，用樱花拼出钟南山的肖像画。不少路人拍照留念，还有大人带着孩子来帮忙捡花瓣。致敬医护人员，为中国加油。#谢谢你，医生##加油2020年#via青蕉视频L青蕉视频的微博视频,05/18
#这就是大连#【厉害了！大连#两大学生用落樱拼出钟南山肖像#：致敬伟大医护人员】5月17日，辽宁大连。大连一夜大风过后，地上落满了樱花瓣。两个大学生照着手机上找到的图片，用樱花拼出钟南山的肖像画。不少路人拍照留念，有大人带着孩子来帮忙捡花瓣。两位同学表示，钟南山是自己的偶像和榜样，这个作品没有考虑太多东西，就希望能致敬医护人员，为中国加油。L青蕉视频的微博视频O现场超帅！大连樱花“绽放”钟南山！,05/18
家是妈妈哼唱的歌谣家是夕阳下的炊烟袅袅家是温馨的港湾停靠家是儿孙满堂幸福的围绕家是一抹温馨的月照家是雁声掠过的树梢家的味道家的味道无论走多远都忘不掉家的味道家的味道日夜温暖着我的心跳家的味道家的味道无论走多远都忘不掉家的味道家的味道日夜温暖着我的心跳家是爸爸含泪的眼角家是天涯间的那彩虹桥家是梦里熟悉的街道家是心中永不消逝的微笑家是一挂除夕的鞭炮家是思念久违的拥抱家的味道家的味道无论走多远都忘不掉家的味道家的味道日夜温暖着我的心跳日夜温暖着我的心跳心跳L老杨教做美食的优酷视频,05/18
#山东高校开学#盼星星盼月亮，终于盼来了高校开学了！那些担心复学会有疫情风险的亲们，不妨看看钟南山爷爷怎么说！在4月20日教育部召开的学校疫情防控专家报告视频会上，钟爷爷说了，我赞成现在复课！他说，一般国家的传染率，是1个人传5个6个7个之多，但是我们国家已经控制在0.2、0.3非常低的水平了。而要想做到0传播，完完全全一个都没发生，目前是做不到的。所以，各个学校还是要想办法去开学。目前，咱们山东所有县市区都属于低风险区，山东教育部门也是把疫情防控作为天大的事情来做，联合多部门为复学做足了功课，不可能拍着屁股做决定。看看武汉那些网上答辩，拍不成毕业照，没有毕业典礼的毕业生们，我们已经很幸运了。看看国外那些疫情很严重的国家，我们更应该感谢这个时代，感谢日益强大的祖国！让我们在国际疫情还有很大不确定的前提下，还能坐在教室里，汲取知识的养分。蛰伏寒冬，我们磨砺宝剑利刀，赢得了寒梅暗香，伏案三九，我们守得乌云开散，等到了明月当空！复学之际，请把过往藏在心中，给今天以勇气，給明天以信心！,05/18
"让居家健身成为一种生活方式2020年注定不平凡这场疫情也让很多人知道了健身的重要性，钟南山老前辈坚持健身的视频,不仅呼吁大家重视健身运动，更是提高自身免疫力，今天和小伙伴们一起开启居家健身的生活方式；在家没有设备怎么办？现在徒手也是可以达到健身目的的，在家练练俯卧撑、平板支撑、做深蹲，也能很好地锻炼提升肌肉力量，改善身体状态，也可在家做做原地慢跑这些有氧运动，提升心肺功能。当然也有小伙伴习惯用哑铃健身，这款ativafit可调节哑铃（12.5kg）很适用居家健身，在可以保证健身效果的同时不占空间，从2.5kg到12.5kg一共5档调节；如果没有ativafit可调节哑铃（12.5kg），你可能需要一次买5个哑铃，拜访在家里还比较占用空间。训练强度适中即可每天的锻炼强度不宜过大，如果不是有目的地训练，我们的首要目的是强健体魄，保证自己的免疫系统处于一个不错的状态。",05/18
@蒲城检察【中国加油！大连#大学生用落樱拼出钟南山肖像#，致敬伟大医护】#把2020一点一点拼回来#5月17日，辽宁大连两个大学生用樱花拼出钟南山的肖像画。此前一晚，因为大连刮起大风，大连的樱花掉落一地。得知两位小伙的目的后，路过的群众纷纷帮他们捡起落樱。看了视频后，不少网友表示，科学家才是年轻人的榜样L青蜂侠Bee的秒拍视频,05/18
我们终将有一天会面临没有钟南山的冠状病毒事件，到那时，又会是谁来拯救我们呢？唯愿青年有所作为，心中有火、有光,05/19
Day5 人生在于奉献 爱因斯坦曾经说：“一个人的价值应该看他奉献了什么，而不应当看他取得了什么。” 是的，我认为一个人最应该具有奉献精神。 被誉为中国“导弹之父”的科学家钱学森，当年留学美国时期，取得了相当大的成就，赢得了科学界人士的高度关注，美国政府以优厚的待遇想方设法要留住这位后起之秀，但人各有志，别人期待着金钱、地位、荣誉，而钱学森则期待着回到中国，贡献自己的知识，正是这种无可憾动的信念，最终他义无反顾地做出回国的决定，他说：“我回到中国，不是我爱美国少一点，而是我爱中国多一点。”最终他冲破了重重阻挠，终于重返故土。 这个春天，新冠状病毒肆掠整个中国，恐怖的气氛笼罩着整个中国，当我们每天24小时宅在家里不敢出门的时候，不断有疑似病例或者病例出现，弄得人心惶惶。就在这时，白衣战士们不顾自己的安危，主动请缨，走上硝烟的战场。在武汉的每个医院，白衣天使们数月未能跟家人联系，自己每天在工作时间不能吃不能喝，套着重重的防护服，戴着厚重的护目镜，有时候护目镜下还会有眼镜，眼镜上每天都雾蒙蒙的，穿着不透气的纸尿裤，连续工作6个小时，在这里，他们把对家的思念深深的埋在心底，把对病人的爱放在第一位，他们总是这么专心致志，不敢有丝疏忽大意，尽管自己很累，但他们的心里都有一个相同的信念：“让更多的病人早日离开医院，早日回家团圆。” 伟大的钟南山是2003年抗击非典的英雄人物，也是这次抗击肺炎的领军人物，84岁高龄，不惧生命危险，始终奋战在抗疫的第一线，是我们学习的好榜样。最先发现新型冠状肺炎的李文亮，是武汉市中心医院的眼科医生，被大家称为“吹哨人”，在接触病人的时候不幸感染了肺炎，最终被可怕的病毒夺取了年轻的生命，但是他在病房时，还不忘工作职责，带着呼吸机，斩钉截铁地说：“等我治好了，我还要回到一线！” 都说中国人民共和国是一个团结一致的国度，我认为说得没错，对于疫情的突我爆发，使得中国人民措手不及，但是我们没有因此而动摇、放弃，各个专家医生都主动前往一线救援，专家们废寝忘食的研制解决方案，医生不顾自己的安危，不放弃任何一个生命，只要有一丝希望，宁可付出自己，也要治好一个病人。 钱学森、白衣天使们，他们是一缕阳光，燃烧自己，奉献他人。    @王潇_潇洒姐,05/19
追星小号想随便看看爱豆新闻：粉丝不是空瓶就是吵架上日常号想看看抗疫新闻：发现连钟南山都有人在黑在骂就真的感觉中文社区平台真的让人越看越绝望（地图炮就地图炮吧，真的是我这三个月以来的直观感受......,05/19
#大学生用落樱拼出钟南山肖像#【“樱花版”钟南山肖像画惊艳全国网友】5月17日，辽宁大连两个大学生用樱花拼出钟南山的肖像画。此前一晚，因为大连刮起大风，大连的樱花被掉落了一地。得知两位小伙的目的后途径群众纷纷帮他们捡起落樱。看了视频后，不少网友表示，科学家才是年轻人的榜样！L新北方官方微博的微博视频,05/19
遇到个抬杠的脑瘫，趁这个机会查了一下感动中国从02年来所有获奖者。我最喜欢的还是团体奖项，有鲜明的时代特征。个人奖很难体现出时代特征，除了03年钟南山这样的获奖者。,05/19
#米粒儿#一天，妈妈给你找出了一件黑白条纹的吊带裙，问你好不好看，你想了想，指着裙子说:“妈妈，我觉得裙子有点简单❤️”回广州后，由于疫情，不能天天带你下去玩，一天，你为了说服妈妈带你下去玩，你说:“妈妈，钟南山爷爷说了，戴口罩可以下去坐摇摇车”❤️你现在越来越乖啦，每天坚持学英语，天天睡午觉，习惯比以前好多啦❤️记录一下你在姥姥家调皮可爱的样子。第一次穿背带裤，第一次扎马尾辫出门，你的样子是最美的！,05/19
【芒果都市】昨晚#张伯礼称一年内口罩还是摘不掉#上了微博热搜在昨晚复播的《开讲啦》中央疫情防控指导组专口罩还要戴一年？钟南山、张伯礼、张文宏密集发声！O网页链接,05/19
【问答：今年的疫情大概什么时候结束？】这类问题原本应该让钟南山、张文宏那样的专家来回复的，不过，既然问到了，那我就借用各国医学专家达成的共识来回应一下吧：未来几个月到一年多，人群中COVID-19感染率将最终达到40-70%，而大部分将是无症状有传染力的感染者。“群体免疫”，不是策略，而是现实。传播无可避免，目前所有措施都是为了压平曲线，延缓疫情高峰期到来并减少峰值确诊人数，以舒缓短期暴涨所导致的医疗压力。老年人及免疫力低下的人群在未来很长一段时间（几个月到一年，甚至更久）尽量避免出门，与人，甚至与社交活跃的家认保持距离，等待柳暗花明，疫情真正过去，安全的疫苗出来，再出门。国内的亲友们，网友们，虽然现在大多数地方新增确诊为0，但无症状感染者并没有纳入确诊人数（在国内现在是单独统计的），身边的危险依然存在，虽然是小概率，疫情还有可能卷土重来的，千万小心，点到为止吧。（提示：本文仅代表该作者观点，投资有风险，入市须谨慎，不构成任何具体投资建议）,05/19
5.19考试：一大早起来背钟南山李兰娟看那些抗疫素材看得都哭了....结果考脱贫。？？,05/19
#晚安#【大连#大学生用落樱拼出钟南山肖像#，致敬伟大医护】#把2020一点一点拼回来#5月17日，辽宁大连两个大学生用樱花拼出钟南山的肖像画。此前一晚，因为大连刮起大风，大连的樱花掉落一地，得知两位小伙的目的后，路过的群众纷纷帮他们捡起落樱。（via:青蜂侠Bee）L青蜂侠Bee的秒拍视频真的好棒啊,05/19
【热门视频】精彩视频，尽在QQ浏览器O网页链接钟南山给出疫情见意，字字千金！,05/19
你了解钟南山院士吗？O你了解钟南山院士吗？,05/19
大家都爱钟南山,05/19
【中国加油！大连#大学生用落樱拼出钟南山肖像#，致敬伟大医护】#把2020一点一点拼回来#5月17日，辽宁大连两个大学生用樱花拼出钟南山的肖像画。此前一晚，因为大连刮起大风，大连的樱花掉落一地。得知两位小伙的目的后，路过的群众纷纷帮他们捡起落樱。看了视频后，不少网友表示，科学家才是年轻人的榜样L青蜂侠Bee的秒拍视频,05/19
#2020小郭老司阅读#一定要看看这本书！《钟南山：苍生在上》：以文学的力量记录真实的钟南山O《钟南山：苍生在上》：以文学的力量记录真实的钟南山,05/19
我在看：【别大意！钟南山发话：大部分中国人仍是新冠病毒的易感人群！】#跟新浪看热点#O别大意！钟南山发话：大部分中国人仍是新冠病毒的易感人群！,05/20
我在看：【小视频|“美国钟南山”福奇公开打脸“实验室泄漏”论……】#跟新浪看热点#L“美国钟南山”福奇公开打脸“实验室泄漏”论……,05/20
我在看：【钟南山发出警告：警惕第二波疫情！口罩还要戴一年？权威回应来了】#跟新浪看热点#O钟南山发出警告：警惕第二波疫情！口罩还要戴一年？权威回应来了,05/20
#钟南山院士公布研究最新成果#,05/20
方方又转发朋友的造谣内容，这次是黑钟南山！-网友杂谈-红歌会网O网页链接,05/20
《中国第二波疫情将要到来？钟南山作出最新回应：时刻保持警惕》O网页链接,05/20
2020.5.20妈妈，这是我画的钟南山爷爷（学校应该进行了感恩教育），我说：这最多是钟南山叔叔。👧：妈妈，你太聪明了。我就是画的他年轻的时候。抗疫那么辛苦，我可以让钟爷爷年轻一点儿么？👩：迩，那好吧……👧：妈妈，SARS是什么？👩：也是一种病毒🦠………………不要再问我了，真的………………,05/20
这位在演讲的同学叫做敖润琪，她来自宜昌市外国语学校，这短短的3-5分钟，让我们震撼，她用自己的一言一行表达了对钟南山院士敬佩(原疫情早日结束，武汉加油，中国加油）L苏芯嘉怡的微博视频,05/20
钟南山：人不应单纯生活在现实中，还应生活在理想中O钟南山：人不应单纯生活在现实中，还应生活在理想中,05/20
力挺方方老师竟然还有院士里通外国！这是扭曲的价值观吗？刚才反复听了钟南山院士的cnn专访，钟院士亲口确提到地方政府早期隐瞒疫情信息了？怎么办，这可是赤果果的给敌对势力递刀子啊！是不是要把钟院士连同方方女士一起以里通外国的罪名打倒啊！看来方方有伴了。真是好捉急啊！各位说说！,05/20
钟南山：人不应单纯生活在现实中，还应生活在理想中。人如果没有理想，会将身边的事看得很大，耿耿于怀；但如果有理想，身边即使有不愉快的事，与自己的抱负相比也会变得很小。O钟南山：人不应单纯生活在现实中，还应生活在理想中,05/20
一个钟南山，一个袁隆平，这才是我们要追的星！#微博喜剧现场#,05/20
我爱国，爱家，也爱篮球。我关心疫情也缅怀青春。尊重钟南山院士也为科比伤心。这都不冲突！仁义之士，博爱天下。寡德之人，歧视众生！心中有爱才不会偏执,05/20
肺炎#新冠肺炎##抗疫之神#@凤凰网视频#钟南山称中国疫情或再暴发#【CNN专访钟南山：中国疫情或再暴发#武汉研究所没能力造病毒#】钟南山近日接受美国媒体采访时表示，中国新冠肺炎疫情仍然面对巨大挑战，疫情有可能会再次暴发。#钟南山#同时说道，“我相信石正丽，武汉病毒所没有能力制造新冠病毒。”OCNN专访钟南山：中国疫情或再爆发武汉研究所没能力造病毒L凤凰网视频的微博视频,05/20
【钟院士这句话需要格外注意。钟南山说道：“我认为...】（来自@一点资讯）O网页链接,05/20
钟南山23：59,05/21
《钟南山：人不应单纯生活在现实中，还应生活在理想中》钟南山提出不同的治疗方案。这件事以后，英国同行们对钟南山开始给予了正常的信任与合作。钟南山他决心亲自尝试修复这台仪器。O钟南山：人不应单纯生活在现实中，还应生活在理想中,05/21
"『钟南山院士说禁毒：生命只有一次，少年更应珍惜，别让""我以为""变成""我后悔""!』O钟南山院士说禁毒：生命只有一次，少年更应珍惜，别让""我以为""变成""我后悔""!",05/21
《实拍钟南山院士女儿，儿子，妻子是如何评价钟南山的？》此视频已有25万次播放，快来一起看看！O网页链接,05/21
百变神医钟南山。,05/21
#钟南山否认商业代言传闻#我觉得国家应该整治下新浪那些喷子了，国家大事不管，明星鲜肉整容女随便上热搜千万别让国家英雄寒了心@紫光阁@央视新闻,05/21
流淌在血脉中的家国情怀、大医精诚——什么成就了钟南山O流淌在血脉中的家国情怀、大医精诚——什么成就了钟南山,05/21
请教@钟南山院士，我们北海已经30℃了，什么时候才能摘掉口罩迎接笑脸,05/21
#看CBA上咪咕#作为国内最顶级的职业篮球联赛，CBA因疫情停赛所承受的经济损失远非目前这些措施所能弥补，而要减少损失的最佳方法只有一个，即重启联赛。这也是现在联盟上下所努力的终极目标。据CEO王大为透露董事长姚明甚至邀请了钟南山院士的团队为复赛的防控方案出谋划策。LCBA复赛最新细节出炉邀请钟南山团队制定防疫措施,05/21
你是什么样的人，就会和什么样的人在一起。林徽因最后选择了梁思成，是才子与才女之间的惺惺相惜；钟南山和太太李少芬，也是优秀灵魂的彼此吸引；郭晶晶嫁给霍启刚，则是冠军与豪门的势均力敌；想和优秀的人在一起，首先你要好好修炼自己。想起某位博主说过的一段话：我相信，就在此时此刻，未来注定和你在一起的那个人，正在努力制造着准备讲给你的回忆和故事。所以，现在的你一定要更加努力，要用最优秀的自己和未来的那个TA相遇。,05/21
网友自制钟南山爷爷，你们会支持手艺人吗？L媒体人燕姐的微博视频,05/21
最帅钟南山！L海处深深的微博视频,05/21
钟南山、吴以岭院士成立“南山-以岭肺络联合研究中心”智汇百川2019-07-277月26日，南山-以岭肺络联合研究中心启动仪式暨肺络病中医药循证研究大会在广州医科大学越秀校区隆重举行。中国工程院院士钟南山、吴以岭，广州医科大学校长王新华，广州医科大学附属第一医院院长黄锦坤等专家和领导出席大会。。。。,05/21
我上传了一个视频钟南山院士说医学追求的目标不再是抢救病人为主，更多要是预防保健康复早期的健康生活[愉快]O网页链接,05/21
心中的明星钟南山爷爷,05/21
【#钟南山团队中药治疗新冠研究在主流医学杂志发表#】#钟南山团队中药治疗新冠研究发表#为找寻和验证哪些中药对此次新冠疫情防控有效，钟南山院士团队对四十余种中成药和中药方剂进行筛选，这些研究（包括病毒抑制试验）为临床试验研究的开展奠定了重要理论基础。在药物筛选过程中，研究者证实了连花清瘟胶囊等中药对2019-nCoV感染引起的细胞病变具有良好的抑制作用，具有抑制新型冠状病毒活性，减少病毒含量的作用，并能显著抑制炎症因子过度表达。此研究发表在药理学界主流杂志Pharmacologicalresearch上。基于这一发现，钟南山院士联合张伯礼院士、李兰娟院士等中西医临床专家，启动了连花清瘟治疗新型冠状病毒肺炎的前瞻性、随机、对照、全国多中心临床试验。该研究在全国定点收治新冠肺炎的20余家医院展开，考虑到疫情防控的紧迫性，无法进行双盲；专家组讨论后决定采用在有限条件下的最客观随机平行对照试验设计。按照研究方案，入选患者随机分为治疗组和对照组（常规治疗组），参照《新型冠状病毒肺炎诊疗方案（试行第四版）》，共收集了符合研究方案的284例病例。试验数据经过专业第三方统计分析，结果显示：经过连花清瘟治疗组治疗14天后，主要临床症状（发热、乏力、咳嗽）治愈率较对照组显著提高，在治疗第7天达57.7%，治疗第10天达80.3%，治疗第14天更是达到了91.5%。发热、乏力、咳嗽单项症状持续的时间也明显缩短，连花清瘟治疗还能够明显提高肺部CT影像学异常的改善率，提高总体临床治愈率。从降低转重型患者的比例方面分析，连花清瘟胶囊治疗组与对照组明显更低（连花清瘟治疗组：2.1%，对照组：4.2%）。然而在本临床试验中，连花清瘟胶囊在提高新冠肺炎核酸转阴率和缩短转阴时间方面与对照组（常规治疗组）对比虽然显示出一定的优势，但差异尚未达到统计学意义。上述系列发现表明，在常规治疗基础上联合应用连花清瘟胶囊口服14天可显著提高新冠肺炎发热、乏力、咳嗽等临床症状的改善率，明显改善肺部影像学病变，缩短症状的持续时间，提高临床治愈率，遏制新冠病情恶化，而且安全性较高。这项研究结果被植物医学界的一区（2020年中科院SCI期刊分区）杂志Phytomedicine收录发表，是目前首个被国际期刊杂志报道的中药治疗新冠病毒感染的前瞻性、随机、对照、多中心临床研究。钟南山院士的团队高度重视中医中药的发展，在疫情初期就积极响应国家号召，牵头全国多个医疗机构开展了严格设计的中医药物筛选研究和临床应用探讨，并组织启动了以连花清瘟胶囊为代表的随机对照临床试验。国际植物医学领域影响因子较高的杂志《植物医学》（Phytomedicine）发表连花清瘟胶囊治疗新冠肺炎临床研究成果也是国际对中国中药防控新冠的认可和肯定，对中医药国际化具有十分重要的促进意义。（央视新闻客户端）,05/22
钟南山的人设崩塌了,05/22
《钟南山团队中药治疗新冠研究在主流医学杂志发表》为找寻和验证哪些中药对此次新冠疫情防控有效，钟南山院士团队对四十余种中成药和中药方剂进行筛选，这些研究为临床试验研究的开展奠定了重要理论基础。O网页链接,05/22
充分调动每个小可爱的积极性是这一周做的最好的事情今天课上讲到用“我多么……”和“妈妈告诉我……”造句，小郭造：“我多么想去看看支援武汉的钟南山爷爷”，小丁造：“我多么想去看看抗击病毒的白衣天使”，小刘造：“妈妈告诉我知识改变命运”，小赵造：“妈妈告诉我生命在于运动”。一个个金句的冒出，让人惊讶又感动舒服的夏天，舒服的周末。啊，周五真好，觉得一周都没有白费。,05/22
#钟南山呼吁公众无偿献血#此次献血活动得到#海南省三亚技师学院#广大师生的积极响应，最终共有43名师生成功献血，献血量达12100ml。大家纷纷表示，参加无偿献血，不仅是爱心的汇聚，更是以实际行动参与抗疫的重要方式，要坚持以“五四”精神为激励，自觉把人生奋斗汇入时代洪流，努力做到青春无悔，不负韶华。@客家刘大哥@三亚日报O青春五四，热血抗疫——海南省三亚技师学院开展无偿献血活动,05/22
#中国库存口粮可供全国人民吃一年#食有袁隆平，医有钟南山！大中国国泰民安,05/22
#钟南山院士公布研究最新成果#,05/22
【钟南山、雷军、姚明、张文宏、雷佳、郎朗首次跨界“云”问答】全民战疫，十分不易、成之惟艰。特殊时期，人们对特别的两会有更多期许：如何实现未来目标？如何重塑更好的生活？如何成为更好的我？5月22日起，新华社全媒编辑中心联合知乎，邀请代表委员、行业嘉宾共同发起“两会云问答”。我们一起聊聊吧！L新华视点的秒拍视频,05/22
【钟南山、雷军、姚明、张文宏、雷佳、郎朗首次跨界“云”问答】全民战疫，十分不易、成之惟艰。特殊时期，人们对特别的两会有更多期许：如何实现未来目标？如何重塑更好的生活？如何成为更好的我？5月22日起，新华社全媒编辑中心联合知乎，邀请代表委员、行业嘉宾共同发起“两会云问答”。我们一起聊聊吧！L新华视点的秒拍视频,05/22
#腾讯新闻#钟南山：与新冠病毒长期共处，“疫苗”是获取群体免疫最佳路径O钟南山：与新冠病毒长期共处，“疫苗”是获取群体免疫最佳路径来自@腾讯新闻,05/22
#柳叶刀发布陈薇团队新冠疫苗试验结果#太棒了，这真的是个好消息，医有钟南山院士，粮有袁隆平院士，疫苗研发有陈薇院士，你们都是国宝啊,05/22
【钟南山、雷军、姚明、张文宏、雷佳、郎朗首次跨界“云”问答】全民战疫，十分不易、成之惟艰。特殊时期，人们对特别的两会有更多期许：如何实现未来目标？如何重塑更好的生活？如何成为更好的我？5月22日起，新华社全媒编辑中心联合知乎，邀请代表委员、行业嘉宾共同发起“两会云问答”。我们一起聊聊吧！L新华视点的秒拍视频,05/22
【钟南山、雷军、姚明、张文宏、雷佳、郎朗首次跨界“云”问答】全民战疫，十分不易、成之惟艰。特殊时期，人们对特别的两会有更多期许：如何实现未来目标？如何重塑更好的生活？如何成为更好的我？5月22日起，新华社全媒编辑中心联合知乎，邀请代表委员、行业嘉宾共同发起“两会云问答”。我们一起聊聊吧！L新华视点的秒拍视频,05/22
女排姑娘惠若琪：用钟南山院士的经历激励自己O女排姑娘惠若琪：用钟南山院士的经历激励自己,05/22
【钟南山、雷军、姚明、张文宏、雷佳、郎朗首次跨界“云”问答】全民战疫，十分不易、成之惟艰。特殊时期，人们对特别的两会有更多期许：如何实现未来目标？如何重塑更好的生活？如何成为更好的我？5月22日起，新华社全媒编辑中心联合知乎，邀请代表委员、行业嘉宾共同发起“两会云问答”。我们一起聊聊吧！L新华视点的秒拍视频,05/22
"【新京报】从1月20日晚，钟南山院士在《新闻1+1》节目中向国人宣布“新冠病毒肯定有人传人”开始，白白岩松:兼职中国红会副会长,没有级别、没有一分钱工资O网页链接",05/23
我最近看到张文宏的一些评论下面总会有几条说:这时候就只听钟南山的，别人都不听，他是谁啊是权威么这样的话。那我想问，李兰娟院士张文宏院士他们提出的意见就是假的就唯独钟南山一个人真的？杠精也不带这么玩的。而且不只是一个人这样评论。新冠爆发以来，诸多院士贡献力量，奋战在抗疫路上。这样的精神理应当全中国人民敬重！而反过来喷他们，不好意思。这样的场合你不配！,05/23
钟南山院士和这本书O钟南山院士和这本书,05/23
钟南山等专家首次提出应关注新冠肺炎患者肺功能，查看详情>>#百度地图#O网页链接,05/23
#建议将一生饮奶纳入国家战略##两会##全国两会#钟南山院士都在推荐大家喝奶，他说饿了的时候随手就会喝一杯奶充饥。我信钟南山院士，80多岁了精神那么好。喝奶能提高免疫力，预防骨质疏松，补充能量，还能提高视力，有专家把牛奶直接称为“白色血液”，可见这个东西有多重要。,05/23
//分享网易新闻:《儿子眼中的钟南山:注重运动十年没有为亲人加过号》O钟南山之子眼中的父亲：注重运动，十年没有为亲人加过号,05/23
#张文宏称全球疫情可能要连续一到两年#钟南山说动就动，张文宏说行就行...👍,05/23
#建议将一生饮奶纳入国家战略##两会##全国两会#钟南山院士都在推荐大家喝奶，他说饿了的时候随手就会喝一杯奶充饥。我信钟南山院士，80多岁了精神那么好。喝奶能提高免疫力，预防骨质疏松，补充能量，还能提高视力，有专家把牛奶直接称为“白色血液”，可见这个东西有多重要。,05/23
看到网上称袁隆平院士和钟南山院士为“医食无忧”组合，觉得这个称呼还是蛮新颖的。所谓的“功成名就”，要先功成，名才可就。所以，加油，各自都努力的去宇宙尽头看一看吧～,05/23
#钟南山院士公布研究最新成果#,05/23
最近，网络出现有组织的攻击钟南山院士的现象，很意外，但个中原因，这种攻击也在情理之中。非典和新冠肺炎两次抗疫，奠定了钟院士的泰斗地位，自然会遭国内外某些势力的嫉恨。攻击他的理由很牵强，说他为连花清瘟胶囊带货。他是不是带货还不一定，即使带货，有问题吗？大大在山西和陕西不也两次带货？,05/23
钟南山南山精神——奉献、开拓、钻研、合群。,05/23
这段时间，很少能看到钟南山院士对疫情的看法？,05/23
#腾讯新闻#新闻焦点君:张伯礼院士落泪！中国有三大“抗疫英雄”院士：72岁的张伯礼、72岁的李兰娟、83岁的钟南山。国家和国人如今的岁月静好，全因有你们无畏无惧的负重前行。愿您三老平安喜乐、健康长寿！O腾讯新闻·热推来自@腾讯新闻,05/23
钟南山儿子：父亲在推荐药品前会经过严格的科学判断，很多人问我，钟院士有什么不为人知的一面？我想可以从四个方面总结，在广州市第111场疫情防控复工复产新闻发布会现场，钟南山之子、广州市第一人民医院教授、主任医师钟惟德讲述了自己眼中的父亲形象，一是最科学的态度严格，二是对病人关心的情怀，三是对自己生活没什么要求，四是注重运动。 “钟院士对自己专业很严格，对科学的态度严格。每个东西都要力求证据，但是他也不轻易否定某件事物。尊重事情的规律和背后真相，才能有底气地阐述自己的观点。不论是观点阐述、还是药品推荐，都是经过严格的科学判断他才会向公众表达。”发布会上，钟惟德始终尊称父亲为钟院士。 钟惟德认为，父亲既是一位普通的科学家，也是一个严格、立体的科学家，他们的家庭既是普通的家庭，也是繁荣的家庭。对病人有很亲切的态度，是医生最基本的技能，这也是钟院士对儿子影响最深的地方。“他的付出让病人、群众对他有更高的信任，这也是我们非常荣幸的。” 钟惟德透露，有很多人找到他想要加钟南山的专家号，认为作为钟老的儿子，在操作上应该没问题。但是，出于对病人的关心情怀，至今钟老没有通过任何一位的请求。 在日常生活上，钟南山则没什么要求，每顿一饭一菜一汤即可。与一般家庭的不同则在于，钟老十分注重运动，他在家腾出了一间健身室，放着跑步机、划船器和自制的引体向上单杠等器材。“运动是他的一种信条，每天无论多忙，都要争取至少20分钟运动。,05/23
【#钟南山之子谈父亲#：运动是人生的信条近十年没为亲人看病加过号】#还是钟南山新书首发#5月23日，《还是钟南山》新书首发式与广州市疫情防控新闻发布会举行。现场，钟南山之子钟惟德讲述了他眼中的父亲。他表示，父亲是一名严谨的科学家，对科学态度严谨，对病人一视同仁。家庭生活则十分简单，注重运动。L钟南山之子谈父亲：运动是人生的信条近十年没为亲人看病加过号L钟南山之子谈父亲：运动是人生的信条近十年没为亲人看病加过号,05/24
#校园曝光台##青岛爆料##青岛远洋职业学院开学##青岛远洋船员职业学院#青岛远洋船员职业学院强制自愿开学在校早中晚吃饭，全校师生两三千人，共用一个小二层食堂，人群不可能不聚集，钟南山院士说疫情还没有过去，随时可能出现反弹，东北地区已经出现反弹现象学校，我们学生是真得怕啊现在每班人数都在三十人左右，强制自愿开学后根本没有多余的教室实行分班教学，在学校如何上课啊学校宿舍都是八人间没有多余的宿舍可供使用的，根本没法安排住宿达到六人一间而且学院是否有充足物资提供疫情期间防疫口罩消毒水等必要用品都不确定的条件，就要求我们返校是不是学校太儿戏了点学院开学通知自愿开学，后给的通知确是有“条件”的自愿，只要我们学生不去就是相当于休学而且目前只进行了一周的身体体温健康检查就下达了开学通知根本不具备开学的条件学院只是发出开学了通知，都没提及到具体上课生活的措施综上所述，真的希望大家帮帮我们弱势群体，我们没有能力和学校谈条件，只想在浪潮中发出微弱的声音,05/24
中国新闻【#钟南山之子谈父亲#：运动是人生的信条近十年没为亲人看病加过号】#还是钟南山新书首发#5月23日，《还是钟南山》新书首发式与广州市疫情防控新闻发布会举行。现场，钟南山之子钟惟德讲述了他眼中的父亲。他表示，父亲是一名严谨的科学家，对科学态度严谨，对病人一视同仁。家庭生活则十分简单，注重运动。L钟南山之子谈父亲：运动是人生的信条近十年没为亲人看病加过号,05/24
【#钟南山之子谈父亲#：运动是人生的信条近十年没为亲人看病加过号】#还是钟南山新书首发#5月23日，《还是钟南山》新书首发式与广州市疫情防控新闻发布会举行。现场，钟南山之子钟惟德讲述了他眼中的父亲。他表示，父亲是一名严谨的科学家，对科学态度严谨，对病人一视同仁。家庭生活则十分简单，注重运动。@头条新闻L钟南山之子谈父亲：运动是人生的信条近十年没为亲人看病加过号,05/24
【#钟南山之子谈父亲#：运动是人生的信条近十年没为亲人看病加过号】#还是钟南山新书首发#5月23日，《还是钟南山》新书首发式与广州市疫情防控新闻发布会举行。现场，钟南山之子钟惟德讲述了他眼中的父亲。他表示，父亲是一名严谨的科学家，对科学态度严谨，对病人一视同仁。家庭生活则十分简单，注重运动。L钟南山之子谈父亲：运动是人生的信条近十年没为亲人看病加过号,05/24
#钟南山##贵州##刺梨#【贵州特产刺梨】大家可能不知道，钟南山院士其实是贵州人，我们贵州老乡，4月28日，2020年贵州刺梨产业发展云论坛在广州举行，钟南山院士出席该论坛活动，论坛结束后，钟南山还亮相为贵州刺梨“带货”的直播间，与网友交流。1938年9月，南京中央医院辗转迁到贵阳，名为贵阳中央医院。钟南山院士的父亲钟世藩任贵阳中央医院院长。满2岁的钟南山，被父母带到了贵州，他的童年也将在贵州开启，钟南山在贵州整整生活了10年，10年的童年时光，也让钟南山始终心系贵州。钟南山向媒体表示，贵州是他的第二故乡，他称自己是贵州人。贵州特产：刺梨，是贵州一种非常独特的水果，全身长刺，全果金黄，吃起来不仅很香，而且还很甜，加工成饮料后，那味道更加鲜美，喝起来更加香甜可口！请问你们吃过贵州刺梨吗？@新张利@来去之间@罗永浩刺力王饮料贵州特产24,05/24
【#大连#市民用百余块木头制成“热泪版”钟南山肖像】在精雕细琢之下，100多块木头被制成了钟南山的肖像！作品中，钟老神情坚毅、眼含热泪，他那胸怀国家、勇于担当的精神被淋漓尽致地展现出来。切割、打磨、上色、拼装……33岁的金海洋耗时三天，完成了这幅作品，他想以此种方式表达普通市民对钟南山院士的敬意。L39度视频的秒拍视频,05/24
美国“钟南山”“李兰娟”摧眉折腰事权贵：改口了？美国白宫冠状病毒应对组重要成员福奇22日接受采访称，因新冠疫情实施过长时间的封锁可能会造成“不可挽回的损失”。12日曾警告，新冠疫情当前，美国各州如若过快推动经济重启并允许公众集会，可能会“引发一场可能无法控制的疫情”。曾多次误导妥协改口。所谓美国“李兰娟”则以吹捧为能事，竟说韩国抗疫成功系特朗普所指导#关注新冠肺炎##我看抗疫#O改口了？福奇：我们不能相当长一段时间处于封...O改口了？福奇：我们不能相当长一段时间处于封锁状态,05/24
今天大家共修的功德供养十方三世一切佛🙏回向给所有的大德出家师父们法体安康、长久住世、弘法利生事业广大圆满🙏让我们的功德融入上师三宝的功德海中🙏直至菩提永不干涸🙏回向自他众生获得普贤王如来的果位🙏回向更多众生与大德师父结缘，获得佛法的加持利益，走上解脱之路🙏回向世界和平、风调雨顺、国泰民安、灾劫不起🙏经济健康发展🙏回向各位师兄及家人顺缘具足身心健康、事业圆满、财富增长、衣食无忧、家庭幸福，修行圆满，早证菩提！师兄们及家人的祖先和冤亲债主离苦得乐、往生西方极乐世界🙏回向：被人类伤害的非人众生放下嗔恨，升起慈悲心，获得解脱利益！投生善道往生西方极乐世界🙏回向：人类能善待野生动物和一切动物🙏和平共处，爱护地球人类的家园🙏回向：愿人类彻底觉醒，远离恐惧，至诚忏悔，回归本性安乐🙏慈悲不杀！迅速全面制止新型冠状病毒蔓延，疫情解除🙏祈愿刹那虹肺炎和虹隐病毒如同彩虹一样消融于法界🙏让已感染的病患转危为安，尽快找到有效医疗方案，彻底治愈🙏回向：祈祷大慈大悲观世音菩萨慈悲加持救灾一线奋斗的医护人员身体健康🙏吉祥如意🙏🙏🙏回向给战斗在疫情一线壮烈牺牲的李文亮菩萨🙏🙏🙏愿他放下万缘🙏🙏🙏一心念佛🙏🙏🙏往生西方净土中🙏🙏🙏南无阿弥陀佛🙏🙏🙏阿弥陀佛🙏🙏🙏阿弥陀佛🙏🙏🙏南无大慈大悲救苦救难广大灵感有求必应观世音菩萨🙏🙏🙏南无大慈大悲救苦救难广大灵感有求必应观世音菩萨🙏🙏🙏南无大慈大悲救苦救难广大灵感有求必应观世音菩萨🙏🙏🙏#钟南山称李文亮为英雄##武汉解封##jz随笔##哀悼抗击新冠疫情牺牲烈士和逝世同胞#,05/24
总结一下网络上反对海外国人回国的意见，大概是这样:国外的中国人，你们出国是自觉自愿的，是有钱有闲的，没人逼你们出去。如今赶上这样的事情，不要回来破坏我们的大好局面，你们看看美国俄罗斯印度等等，他们不就是因为不限制自己人回国才造成如今爆发的局面吗？国家爱你们，你们也要爱国家。所以，在外面自求多福吧，我们家人多，不缺你们这些人，反正你们这些人里面也出不来钱学森钟南山之类的人物。,05/24
#腾讯新闻#南方都市报:【钟南山之子眼中的父亲：注重运动，十年没有为亲人加过号】5月23日，《还是钟南山》新书首发式与广州市第111场疫情防控复工复产新闻发布会在广州购书中心举行。活动现场，在钟南山之子、广州市第一人民医院教授、主任医师钟惟德讲述了他眼中的父亲钟南山。“他既是普通的人，也是严格律己的科学家。我们是普通的医学家庭。他的付出使得他对我们的病人、群众有更高的信任，这是我们作为家人值得骄傲的。”钟惟德O腾讯新闻·热推来自@腾讯新闻,05/24
#财经#【多才多艺！跑步破纪录、打篮球、唱歌跳舞，这是你没见过的钟南山】钟南山年轻时喜欢跑步、打球，后来开始健身。即使在新冠肺炎疫情期间，钟老也坚持在室内健身跑步。除了运动，钟院士还会唱歌、跳舞，“文艺范儿”十足。戳视频，一起来看钟南山“才艺秀”（via@央视频）L央视频的微博视频,05/24
《致钟南山院士的赞歌》什么叫偶像什么叫明星什么英雄当国家遭受疫情，百姓生命遭受病魔威胁之时他能用自己所学，以耄耋之龄挺身而出就算疲惫不堪也愿星夜驰往疫情前线为了国家的安宁为了人民的健康与病魔作斗争和时间来赛跑这个人就是钟南山院士这才是我们心中的偶像时代的明星人民的英雄,05/24
#周末分享##摘口罩#【气温越来越高，路上摘口罩的人越来越多，钟南山发出提醒⏰】随着气温越来越高，很多人都不想戴口罩了。而且出门戴口罩确实也不太方便，喝水、吃饭时还要把口罩摘下来，而且为了避免被口罩上的细菌感染，摘口罩也非常麻烦。现在有很多人自作主张的把口罩摘掉了，因为他们认为现在中国的疫情已经得到控制，根本没有戴口罩的必要了。所以我们现在上街的时候就会看到有很多人没有戴口罩，而且有很多密集的人群，其实这些行为都是非常危险的。气温越来越高，路上摘口罩的人越来越多，钟南山发出提醒，现在还不到摘口罩的时侯，尤其是人多的地方，大家更应该警惕。,05/24
中国赞【大连大学生用落樱拼出钟南山肖像，致敬伟大医护】5月17日，辽宁大连两个大学生用樱花拼出钟南山的肖像画。此前一晚，因为大连挂起大风，大连的樱花掉落一地。得知两位小伙的目的后途径群众纷纷帮他们捡起落樱。看了视频后，不少网友表示，科学家才是年轻人的榜样！#校园#L中国加油！大连大学生用落樱拼出钟南山肖像，致敬伟大医护,05/24
#钟山称聪明的外商不会放弃中国市场#我看成钟南山院士了，我说钟老怎么还管上经济界的事了,05/25
蛋神在此辛有志辛巴官方辛有志扶贫助学专项基金成立！#辛有志慈善##辛巴公益##辛巴和钟南山#广东省钟南山医学基金会•辛有志扶贫助学专项基金成立仪式！辛巴辛有志捐赠600万元！钟南山与辛有志均为抗击疫情不懈努力！辛有志自建口罩厂无偿捐赠给各个地区！除前期捐赠1.5外，还在不断的持续捐赠，累计捐赠超2亿！为钟南山点赞👍为90后小伙辛巴辛有志点赞👍,05/25
#钟山称聪明的外商不会放弃中国市场#有没有和我一样把标题看成钟南山的现在可以说中国最安全况且中国的市场很大，都想来吃口饭,05/25
我把评论里说钟南山的都赞了一遍，为了表达我眼花的愧疚#钟山称聪明的外商不会放弃中国市场#,05/25
又出来一则寻人消息。虽然我们希望这样的消息越来越少，可它却总是在我们已经放松警惕的时候，冷不丁又跑出来闹闹，刺激一下我们的神经和大脑。诚如钟南山院士所讲，目前正是抗击疫情最困难的时期，既要复工复产，又要使疫情不出现反弹。钟院士的顾虑来自于科学分析，由于人员流动性增大，导致了感染的风险大增，与此同时，防控的难度也就由此增强。当然，无论有着再大的困难，关于疫情防控这个事还得做好，绝对松懈不得、马虎不得。当前仍处于疫情防控的重要关头，该注意的问题要注意，该做的防护也要做好。戴口罩、保持安全距离、不握手、不聚集，这样的日常，相信你也能做到。,05/25
#钟南山辛有志##钟南山辛有志成立助学基金#广东省钟南山医学基金会辛有志扶贫助学专项基金成立仪式今日在广州举行。中国工程院院士钟南山、辛选创始人辛有志@辛有志xyz与初瑞雪@初家小雪以及众多专家学者出席了活动。现场辛有志递交了第一期捐赠款600万元人民币，此后将每年投入拨款，助力贫困学子顺利完成学业辛选将在辛有志的带领下不忘初辛，反哺社会，为扶贫公益事业倾尽所能辛有志辛巴官方@辛有志工作室辛有志辛巴官方是我们的骄傲,05/25
#建议禁止单身女性冷冻卵子#为什么要禁止呢？尊重选择不好吗，女性自己的东西，为什么要别人来管呢#钟山称聪明的外商不会放弃中国市场#扫了一眼看成了钟南山不看评论区应该不会反应过来了,05/25
#钟山称聪明的外商不会放弃中国市场#抱歉以为是钟南山赶紧进来读读,05/25
#钟山称聪明的外商不会放弃中国市场#眼瓢了，看成钟南山，想着钟老怎么还操心经济上的事,05/25
#钟山称聪明的外商不会放弃中国市场#看成了钟南山中国市场很强大！！,05/25
#建议禁止单身女性冷冻卵子#为什么要禁止呢？尊重选择不好吗，女性自己的东西，为什么要别人来管呢#钟山称聪明的外商不会放弃中国市场#扫了一眼看成了钟南山不看评论区应该不会反应过来了,05/25
#钟山称聪明的外商不会放弃中国市场#看成了钟南山中国市场很强大！！,05/25
#钟山称聪明的外商不会放弃中国市场#看成钟南山了，对不起,05/25
#钟山称聪明的外商不会放弃中国市场#不好意思但是看成钟南山院士了原来是钟山啊，中国市场这么大谁舍得放弃呀#宿舍柜子孵出4只小鸟#啊？？？哈哈哈哈哈哈这孵出小鸟可还行啊，幸好小鸟还挺可爱哒,05/25
#钟山称聪明的外商不会放弃中国市场#emmm看成钟南山了中国市场很强大啊！,05/25
有人问我为什么那么痛恨鸡粪！我相信只要是个正常人，有血性的人！有良知的人，有正义感的人！谁都会对鸡粪这个垃圾群体充满极端仇视！事实上哪个鸡粪不是丧尽天良的？疫情期间有目共睹鸡粪们攻击李文亮医生、集体造谣污蔑韩红大善人，甚至恶毒辱骂钟南山院士！丧心病狂的长期P图诽谤C老师、煽动水军集体围攻成功人士，作家方方！鸡粪们表面上假借爱国之名，对正义善良之士进行围攻！恶毒造谣！因为它们仇视成功人士！实际上鸡粪们以及头目都是靠打赏、接广告为生，对真正需要帮助的弱势同胞都是采取视而不见的态度，只要谁给它们钱打赏才转发帖子！各位网友们！鸡粪们个个自称为国为民，为正义？它们真的是支持正义？支持公道吗？它们发的哪个帖子是为正义？为社会的？别傻了！都是网络骗子！骗钱的！表面上爱国口号，脑子里全是生意！谈什么正义，装大尾巴狼没意思…只能忽悠一些傻子而已了…我是谁的粉丝并不重要，重要我支持正义，支持一切爱国为民之士！鄙视以爱国为口号撕逼，造谣生事的垃圾！,05/26
不是坠落，而是着陆我有时候也会在学医这条道路上迷茫为什么要学医是因为父母也是医护工作者？还是因为一开始就听从父母的安排？我能得到什么我以后会一直走下去吗？我每次会从你们的歌声里面寻找到自己所需要的答案你们和我的人生轨迹真的很遥远我在追寻你们的过程中也在追寻自己花样年华我们遇见随着时间都会过去就像我也不知道我会在什么时候穿上白大褂什么时候脱掉它我渐渐明白在特定位置做着让自己满意让自己开心的事就好钟南山说：可能你选择医学是偶然，但是你一但选择了就必须用自己的忠诚和热情去对待它。所以，因为热爱，我坚持因为我们foreveryoung,05/26
#钟南山辛有志#小到家庭，大到公司，城市甚至国家关键时刻，都需要主心骨。主心骨不仅需有胆识魄力，还需要支持其行为的顶尖专业知识。前有医学泰斗钟南山，后有热血青年辛有志，跨界联手，开启“扶贫助学专项基金”，帮助更多广医的学子能够早日成长为祖国医疗事业的栋梁之才，服务于我们祖国的发展，服务于我们的人民，造福我们的人民。,05/26
正能量“网红”辛巴，疫情捐款1.5亿，如今再捐钟南山600万O网页链接,05/26
爆：这就是辛有志！#辛有志慈善##辛巴公益#25日钟南山与辛有志成立辛有志扶贫助学专项基金！很多人了解钟南山，可能了解辛有志的并不太多，可是就是这个辛有志，默默无闻的为抗疫捐赠将近3亿！同时还自建口罩厂，还在持续无偿捐赠给各个需要的地区！#钟南山辛有志#@辛有志xyz@初家小雪@辛有志工作室@辛选官方微博@中国公益慈善网@人民日报@澎湃新闻@中国新闻周刊L娱乐新闻大爆料的微博视频,05/26
#钟南山辛有志#支持正能量,05/26
#钟南山辛有志#支持钟老，辛有志，大爱无疆,05/26
#辽宁现有确诊病例清零##辽宁#新冠病毒确诊病例终于清零了。从正月开始被单位抽调到各个防疫检查站支援（一开始就带个袖标，拎个小音响，站在大雪地里；后来穿上了马甲，换了个袖标，有了遮风避雪🌨️的活动板房）到后来党支部组织为武汉捐款再到响应钟南山先生的号召献血而今，终于，辽宁，清零了开心[米奇比心],05/26
【中国新闻周刊积极表扬辛巴辛有志】原文：#钟南山辛有志#5月25日，辛有志与广东省钟南山医学基金会携手成立“扶贫助学专项基金”，辛有志首期捐赠600万元，未来将持续捐赠，优先资助医学专业的贫困家庭大学生，助力贫困学子顺利完成学业。钟南山院士亲自出席了活动，他期待辛有志继续勇于创新，把直播带货工作做好。同时，对辛有志坚持抗疫扶贫，回馈社会的行动给予充分肯定并表示感谢。@辛有志xyz@辛选官方微博@中国新闻周刊@辛有志工作室,05/26
#钟南山辛有志#他来了，他们来了。辛巴辛有志和钟南山一起做慈善扶贫，帮助更多需要被帮助的人，我向你们敬礼#辛巴#钟南山L消防事的微博视频,05/26
爆：黑龙江卫视报道辛巴辛有志为抗击疫情捐1.5亿！#辛有志慈善##辛巴公益#90后小伙辛巴辛有志，确实大爱，值得称赞👍，25日辛有志与钟南山成立辛有志扶贫助学专项基金！辛有志捐赠600万！@辛有志xyz@初家小雪@辛有志工作室@辛选官方微博@中国公益慈善网@人民日报@澎湃新闻@中国新闻周刊L娱乐新闻大爆料的微博视频#钟南山辛有志#,05/26
#钟南山辛有志#钟南山院士疫情英雄，辛有志有爱心，都是大爱支持你们,05/26
【中国新闻周刊积极表扬辛巴辛有志】原文：#钟南山辛有志#5月25日，辛有志与广东省钟南山医学基金会携手成立“扶贫助学专项基金”，辛有志首期捐赠600万元，未来将持续捐赠，优先资助医学专业的贫困家庭大学生，助力贫困学子顺利完成学业。钟南山院士亲自出席了活动，他期待辛有志继续勇于创新，把直播带货工作做好。同时，对辛有志坚持抗疫扶贫，回馈社会的行动给予充分肯定并表示感谢。@辛有志xyz@辛选官方微博@中国新闻周刊@辛有志工作室,05/26
钟南山企业支持医学发展势在必行，在德高望重的泰斗的带领下，共同奔赴祖国繁荣昌盛。只有先进的医学作保障，人民才有信心努力生活，企业才有空间发展经济。,05/26
发布了头条文章：《辛巴捐款600万，被钟南山点名表扬，合影时的站姿暴露真实素质》O辛巴捐款600万，被钟南山点名表扬，合影时的站姿暴露真实素质,05/26
【钟南山：特朗普曾说死亡人数低于10万就是胜利，现在看来很难说】近日钟南山院士接受专访，对美国新冠肺炎的病死率感到震惊，他称，美国的反应与17年前应对SARS形成了鲜明的对比。#美国新冠死亡病例月底预计将超10万#L海客新闻的秒拍视频,05/27
我在看：【视频|美国果然欺骗了全世界，该国媒体放出重磅消息，钟南山真的说中了】#跟新浪看热点#L美国果然欺骗了全世界，该国媒体放出重磅消息，钟南山真的说中了,05/27
今天，钟南山、李兰娟、王辰等医生，有重要的话要对你说！O今天，钟南山、李兰娟、王辰等医生，有重要的话要对你说！,05/27
今天，钟南山、李兰娟、王辰等医生，有重要的话要对你说！O今天，钟南山、李兰娟、王辰等医生，有重要的话要对你说！,05/27
我在看：【钟南山等11位医生郑重发声！】#跟新浪看热点#O钟南山等11位医生郑重发声！,05/27
再过几天就是“世界无烟日”了，钟南山表示：“如同应对疫情，控烟也需要举国之力，还O钟南山等11位医生呼吁不要二手烟：控烟要举国之力,05/27
南山不到，钟定人安钟南山L不知疲倦楊的微博视频,05/27
钟南山李兰娟张伯礼最新论文：披露连花清瘟临床试验数据O钟南山李兰娟张伯礼最新论文：披露连花清瘟临床试验数据,05/27
钟南山李兰娟张伯礼最新论文：披露连花清瘟临床试验数据O钟南山李兰娟张伯礼最新论文：披露连花清瘟临床试验数据,05/27
【#钟南山等11位医生呼吁不要二手烟#】再过几天就是“世界无烟日”了，钟南山表示：“如同应对疫情，#控烟也需要举国之力#，还要更加坚决”。李兰娟、王辰等医生也呼吁倡导听医生的话，不吸烟、不要二手烟。转发呼吁！（人民日报）,05/27
钟南山：广州市新冠肺炎危重症患者“清零”。（南方都市报）,05/27
辛有志团队陈小硕发文：来到这里才真正知道什么样的人是值得我尊敬的人！巴哥的成功绝非偶然，满满的正能量！他的一举一动，一言一行都会时刻影响我，影响大家，对我们每一个徒弟艺人都亲自指导，从前天晚上一直到现在巴哥都没睡几个小时，一只在忙碌，记得一定照顾好自己得身体，别让喜欢你的人，和你的家人牵挂❤️，等你归！也祝愿我们的英雄钟南山钟老，身体健康，好人有好报！#钟南山辛有志#@辛有志xyz@初家小雪@辛选官方微博@辛有志工作室,05/27
【#钟南山等11位医生呼吁不要二手烟#】再过几天就是“世界无烟日”了，钟南山表示：“如同应对疫情，#控烟也需要举国之力#，还要更加坚决”。李兰娟、王辰等医生也呼吁倡导听医生的话，不吸烟、不要二手烟。转发呼吁！,05/27
钟南山：广州市新冠肺炎危重症患者“清零”。,05/27
辛有志辛巴官方爆：辛有志团队陈小硕发文：来到这里才真正知道什么样的人是值得我尊敬的人！巴哥的成功绝非偶然，满满的正能量！他的一举一动，一言一行都会时刻影响我，影响大家，对我们每一个徒弟艺人都亲自指导，从前天晚上一直到现在巴哥都没睡几个小时，一只在忙碌，记得一定照顾好自己得身体，别让喜欢你的人，和你的家人牵挂❤️，等你归！也祝愿我们的英雄钟南山钟老，身体健康，好人有好报！#钟南山辛有志##辛有志#,05/27
我在看：【钟南山宣布了一个重大好消息!】#跟新浪看热点#O钟南山宣布了一个重大好消息!,05/28
#辛巴和钟南山#支持辛巴正能量[米奇比心][米奇比心][米奇比心][米奇比心],05/28
分享网易新闻《牛奶是钟南山院士眼中的长寿食物，可什么时间喝最健康？别喝错了》O牛奶是钟南山院士眼中的长寿食物，可什么时间喝最健康？别喝错了来自@网易新闻客户端#网易新闻#,05/28
#你学的专业出过哪些名人#钟南山,05/28
#你学的专业出过哪些名人#钟南山院士~,05/28
高考早已开启倒计时，各位高三学子一定要做好时间安排，调整好心态，把身体放在第一位。经历疫情后，高考对你们来说是又一次重要的人生经历，希望同学们珍惜当下的时代，不负韶华，做人生的主人，成就最好的自己！#钟南山希望高考生心中有小我也有大我##清华校长寄语高三学子#L人民日报的微博视频,05/28
#你学的专业出过哪些名人#我就想替学医的同学说钟南山，李兰娟,05/28
#钟南山宣布广州新冠危重症患者清零#还是不能掉以轻心，要有防控常态化仪式。,05/28
#你学的专业出过哪些名人#钟南山院士,05/28
【#钟南山谈美国新冠疫情#：美国的病死率令人震惊】#美国新冠肺炎死亡病例超10万#据美国约翰斯·霍普金斯大学发布的数据，截至美东时间5月27日17时32分（北京时间5月28日5时32分），美国累计新冠肺炎确诊病例超过169万例，达1695776例，累计死亡逾10万例，达100047例。日前，钟南山在接受采访时表示，他对美国在新冠疫情中的病亡数据“感到震惊”。“你可以说美国对病毒核酸的检测范围很广，或者说其检测数量高于其他国家，但我对他们的病亡数感到震惊。”钟南山表示，美国此次新冠疫情的病死率接近6%，这很不可思议，因为美国整体医疗水平“很强”。美国此次在疫情中的表现与17年前应对“非典”时的情况相比，钟南山用了四个字来形容——“差距甚远”。钟南山表示，2003年“非典”暴发时自己也曾与美国专家联系，告诉他们要提高警惕，彼时美国方面对此疫情处于“高度警惕”状态，“而由于采取了强有力的预防措施，当时美国只有27例病例，这和现在的情况天差地别。”,05/28
自制钟南山爷爷。你们会支持手艺人吗？L美术印象馆的微博视频,05/28
我在看：【刚刚冲上热搜！钟南山宣布，又有好消息！】#跟新浪看热点#O刚刚冲上热搜！钟南山宣布，又有好消息！,05/28
"钟南山新書已經面世,（我已經拿到手了）其實鐘南山院士也有可愛的一面.我相信看完這本書之後.你們一定會更加了解鐘院士的.願愛,一直都在",05/28
#你学的专业出过哪些名人#疾控。怎么说呢。钟南山。,05/28
每日一星|钟南山：医者仁心守护苍生O每日一星|钟南山：医者仁心守护苍生,05/28
#钟南山宣布广州新冠危重症患者清零#致敬所有为这场“战役”付出的人们，辛苦了,05/29
从鬼门关回来的约翰逊，认为病毒落下后遗症，钟南山早已表态听钟南山讲新冠后遗症。也没那么可怕。O网页链接,05/29
喜从天降!钟南山再次带来好消息，给老百姓送上“定心丸”为钟南山点个大大的赞吧！🤗O喜从天降!钟南山再次带来好消息，给老百姓送上“定心丸”,05/29
#你见过最有寓意的名字#钟南山听起来就很有安全感。也不知道是名字的原因，还是因为本人的付出和贡献。耿爽耿直爽快人如其名。……………他们的人格魅力让我对名字有滤镜。——————————————静怡：好文静的感觉沛录：老师的名字，当时他解释了我忘了是取哪句典故了——————————小说里名字江停许晚河还有谐音梗的小说名！,05/29
#语文老师这一天天的#今天讲作文，准备了两句网络段子完全不响，心想，这节课就这样平平无奇地过去了吧。后来，我跟他们说作文的例子不要写容易写的，像钟南山这个例子，是时事热点，很多人知道，也很多人会写。要写，就写难一点的，比较少人知道的。比如，我已经看了几十个钟南山了，这时候出来一个钟北山，那我一定是眼前一亮的。结果，全班大笑，两个班都是。我真想说，这个点有那么好笑吗？嗯？,05/29
#你见过最有寓意的名字#钟南山,05/29
钟南山领衔新研究：氯喹对新冠患者有效O氯喹争议？钟南山领衔新研究：氯喹对新冠患者有效，安全性仍不确定在无特效药可用的目前环境下，也不失为可作选用药物之一？,05/29
女排姑娘惠若琪：用钟南山院士的经历激励自己O女排姑娘惠若琪：用钟南山院士的经历激励自己,05/29
钟南山领衔新研究：氯喹对新冠患者有效O氯喹争议？钟南山领衔新研究：氯喹对新冠患者有效，安全性仍不确定,05/29
一个钟南山，一个袁隆平，一个李兰娟  老天真的对中国人很好！【医食父母】        #微博喜剧现场#,05/29
【#新华微评#：攻克核心技术，勇攀科技高峰】第四个“全国科技工作者日”到来之际，习近平总书记给袁隆平、钟南山、叶培建等25位科技工作者代表回信，勉励科技工作者攻克关键核心技术，勇于攀登科技高峰。创新是引领发展的第一动力，科技是战胜困难的有力武器。当前，我国基础科学研究短板依然突出，关键核心技术受制于人的局面没有得到根本性改变。世上无难事，只要肯登攀。坚定创新自信，甘坐冷板凳，多下苦功夫，促进产学研深度融合，我国科技工作者必将跨越重重险阻，在创新之路上不断抵达新高度。,05/29
钟南山说螃蟹爬的传染性极强,05/29
【让红领巾更加鲜艳】2020年5月31日，共青团中央、全国少工委将开展“让红领巾更加鲜艳”网上主题队日活动。我们将邀请袁隆平、钟南山、李兰娟、包为民、撒贝宁、凯叔、蒙曼、吴静钰、张昊、中国女足等大朋友，与小朋友们一起，参加不一样的“云”队日活动！@全体少先队员，O5月31日15：00，我们不见不散~戳下图↓↓↓扫描二维码订阅直播吧～,05/29
我感觉七八十岁的钟南山比十几岁的我脑子灵活多了,05/29
#你见过最有寓意的名字#钟南山！！！,05/29
#“青春无限，爱在行动”公益活动#第三天打卡给战疫英雄们的一封信：当我们看着国外疫情人数如坐着火箭般飞涨而我国逐步开始复工复产时，我们真的感到庆幸，庆幸我们国家有着如此优越的社会主义制度，庆幸我们有着形如钟南山，李兰娟一样的抗疫英雄，庆幸我们生在中国，所有人都生来平凡，却总有人用平凡铸就伟大！2020，你们就是代言词！,05/30
"他们，才是这个时代的顶流，是最该追的""星""】“杂交水稻之父”袁隆平毕生致力于水稻研究，不断刷新亩产记录；钟南山冲锋战疫一线，用实际行动诠释“国士无双”；叶培建克服深空探测的种种困难，带领团队实现国人“苍穹逐梦”的期待……还有很多个他们，用青灯黄卷创造出无数造福苍生的“硬核”成果，他们既是梦想家，又是实干家。他们才是这个时代当之无愧、最该被追的“星”！",05/30
【#连花清瘟临床数据披露#：促治愈但转阴作用不大】钟南山、李兰娟、张伯礼院士等领衔的最新论文聚焦连花清瘟用于临床治疗新型冠状肺炎（COVID-19）疗效。根据论文披露的临床数据，连花清瘟能够有效提高临床治愈率，对于发热、乏力、咳嗽等症状的治疗作用明显，且安全性较高。但论文表示，连花?,05/30
#内蒙古快报#【钟南山：#中国5款疫苗进入二期临床试验#】钟南山表示，我国在疫苗的研发方面走在全世界第一方阵中，目前已有5款疫苗进入了二期临床试验。他说：“不管是RNA疫苗还是全病毒灭活疫苗，现在我们有5款已经走到了二期临床试验，我们的速度一点都不慢。当然，疫苗的研发还是需要相当长的时间，一个非常高效的疫苗要通过比较选择，因此时间会比较长。但我觉得，按照目前的进程，到今年年底，对一些应急的（情况）应该是完全可以解决的。”（来源：央广网）,05/30
【钟南山：#中国5款疫苗进入二期临床试验#】钟南山表示，经过科技工作者的不懈努力，我国在疫苗的研发方面走在全世界第一方阵中，目前已有5款疫苗进入了二期临床试验。他说：“不管是RNA疫苗还是全病毒灭活疫苗，现在我们有5款已经走到了二期临床试验，我们的速度一点都不慢。当然，疫苗的研发还是需要相当长的时间，一个非常高效的疫苗要通过比较选择，因此时间会比较长。但我觉得，按照目前的进程，到今年年底，对一些应急的（情况）应该是完全可以解决的。”（via央广网）O网页链接,05/30
【20句话回顾习近平对科技工作者的殷切期望】在第四个“全国科技工作者日”到来之际，中共中央总书记、国家主席、中央军委主席习近平5月29日给袁隆平、钟南山、叶培建等25位科技工作者代表回信，向他们并向全国科技工作者致以诚挚的问候。“硬实力、软实力，归根到底要靠人才实力”“广大科技工作者要把论文写在祖国的大地上”，党的十八大以来，习近平总书记在多个重要场合深刻阐明科技人才的重要作用，为科技人才成长、科技队伍建设指明了前进方向。人民网·中国共产党新闻网为您梳理回顾习近平总书记对科技工作者的殷切期望。（来源：中国共产党网）详见链接：O20句话回顾习近平对科技工作者的殷切期望,05/30
【#习近平回信勉励全国广大科技工作者#着力攻克关键核心技术勇于攀登科技高峰为把我国建设成为世界科技强国作出新的更大的贡献】在第四个#全国科技工作者日#到来之际，中共中央总书记、国家主席、中央军委主席习近平5月29日给袁隆平、钟南山、叶培建等25位科技工作者代表回信，向他们并向全国科技工作者致以诚挚的问候。O网页链接,05/30
【收到总书记回信！钟南山说，这是未来最重要的两件事】今天是第四个“全国科技工作者日”。昨天，中共中央总书记、国家主席、中央军委主席习近平在给袁隆平、钟南山、叶培建等25位科技工作者代表的回信中指出，创新是引领发展的第一动力，科技是战胜困难的有力武器。习近平在信中勉励全国广大科技工作者，着力攻克关键核心技术勇于攀登科技高峰，把我国建设成为世界科技强国作出新的更大的贡献。昨晚，中国工程院院士钟南山在接受总台央广记者独家专访时表示，收到习近平总书记的回信，深受鼓舞。O收到总书记回信！钟南山说，这是未来最重要的两件事→,05/30
【钟南山：我国目前已有5款疫苗进入二期临床试验】中国工程院院士钟南山在接受央广记者专访时表示，“疫苗不管是RNA疫苗还是全病毒灭活疫苗，现在我们有5款疫苗已经是走到二期临床试验了，我们的速度一点都不慢。当然，疫苗还是需要相当长的时间。一个非常高效的疫苗还要通过比较选择，所以时间会比较长。但是按现在这么下去的话，今年底应该对一些应急的是完全可以解决。”O钟南山：我国目前已有5款疫苗进入了二期临床试验,05/30
【@全国科技工作者，这是一份来自总书记的诚挚问候】四年前的5月30日，在全国科技创新大会、两院院士大会、中国科协第九次全国代表大会上，习近平总书记发出了向世界科技强国进军的号召。2016年11月，国务院批准同意将每年5月30日定为“#全国科技工作者日#”。在第四个“全国科技工作者日”到来之际，习近平总书记给袁隆平、钟南山、叶培建等25位科技工作者代表回信，向他们并向全国科技工作者致以诚挚的问候。（央视新闻客户端）,05/30
#get一下#【钟南山说“一点都不慢”！#我国已有5款疫苗进入二期临床试验#，灭活疫苗最快今年底或明年初上市】“一点都不慢”！我国目前已有5款疫苗进入了二期临床试验！据央广，29日晚，广州医科大学附属第一医院国家呼吸系统疾病临床医学研究中心主任、中国工程院院士钟南山在接受采访时表示，经过科技工作者的不懈努力，我国在疫苗的研发方面走在全世界第一方阵中，目前已有5款疫苗进入了二期临床试验。他说：“不管是RNA疫苗还是全病毒灭活疫苗，现在我们有5款已经走到了二期临床试验，我们的速度一点都不慢。当然，疫苗的研发还是需要相当长的时间，一个非常高效的疫苗要通过比较选择，因此时间会比较长。但我觉得，按照目前的进程，到今年年底，对一些应急的（情况）应该是完全可以解决的。”5月30日凌晨，国务院国资委官方微博发布消息称，截至目前，国药集团中国生物武汉生物制品研究所和北京生物制品研究所新冠灭活疫苗均已完成I期II期入组，共2000余人接受了疫苗注射。临床数据显示，疫苗安全性、有效性得到充分验证，不良反应发生率和程度均远低于已上市各类疫苗。据悉，临床试验分为三期，完成I-III期临床直至上市，预计最快需要到今年底或明年初。（LX）O钟南山说“一点都不慢”！我国已有5款新冠疫苗进入二期临床试验，灭活疫苗最快今年底或明年初上市,05/30
【钟南山说“一点都不慢”！#我国已有5款疫苗进入二期临床试验#，灭活疫苗最快今年底或明年初上市】“一点都不慢”！我国目前已有5款疫苗进入了二期临床试验！据央广，29日晚，广州医科大学附属第一医院国家呼吸系统疾病临床医学研究中心主任、中国工程院院士钟南山在接受采访时表示，经过科技工作者的不懈努力，我国在疫苗的研发方面走在全世界第一方阵中，目前已有5款疫苗进入了二期临床试验。他说：“不管是RNA疫苗还是全病毒灭活疫苗，现在我们有5款已经走到了二期临床试验，我们的速度一点都不慢。当然，疫苗的研发还是需要相当长的时间，一个非常高效的疫苗要通过比较选择，因此时间会比较长。但我觉得，按照目前的进程，到今年年底，对一些应急的（情况）应该是完全可以解决的。”5月30日凌晨，国务院国资委官方微博发布消息称，截至目前，国药集团中国生物武汉生物制品研究所和北京生物制品研究所新冠灭活疫苗均已完成I期II期入组，共2000余人接受了疫苗注射。临床数据显示，疫苗安全性、有效性得到充分验证，不良反应发生率和程度均远低于已上市各类疫苗。据悉，临床试验分为三期，完成I-III期临床直至上市，预计最快需要到今年底或明年初。（LX）O钟南山说“一点都不慢”！我国已有5款新冠疫苗进入二期临床试验，灭活疫苗最快今年底或明年初上市,05/30
【@全国科技工作者，这是一份来自总书记的诚挚问候】四年前的5月30日，在全国科技创新大会、两院院士大会、中国科协第九次全国代表大会上，习近平总书记发出了向世界科技强国进军的号召。2016年11月，国务院批准同意将每年5月30日定为“全国科技工作者日”。在第四个“全国科技工作者日”到来之际，习近平总书记给袁隆平、钟南山、叶培建等25位科技工作者代表回信，向他们并向全国科技工作者致以诚挚的问候。（来源：中央广播电视总台央视新闻）O@全国科技工作者，这是一份来自总书记的诚挚问候,05/30
#“青春无限，爱在行动”公益活动#第三天打卡给战疫英雄们的一封信：当我们看着国外疫情人数如坐着火箭般飞涨而我国逐步开始复工复产时，我们真的感到庆幸，庆幸我们国家有着如此优越的社会主义制度，庆幸我们有着形如钟南山，李兰娟一样的抗疫英雄，庆幸我们生在中国，所有人都生来平凡，却总有人用平凡铸就伟大！2020，你们就是代言词！,05/30
"他们，才是这个时代的顶流，是最该追的""星""】“杂交水稻之父”袁隆平毕生致力于水稻研究，不断刷新亩产记录；钟南山冲锋战疫一线，用实际行动诠释“国士无双”；叶培建克服深空探测的种种困难，带领团队实现国人“苍穹逐梦”的期待……还有很多个他们，用青灯黄卷创造出无数造福苍生的“硬核”成果，他们既是梦想家，又是实干家。他们才是这个时代当之无愧、最该被追的“星”！",05/30
#钟南山回应国内是否会二次暴发疫情##钟南山称疫情震中可能转移至美国#到天热戴不住为止……O钟南山称国内不会二次暴发疫情，我们的口罩预计还会戴多久？,05/31
【钟南山：我国新冠肺炎患病率全世界最低】钟南山：新冠肺炎完全是新的，抗击它非常需要科技工作者发挥创新能力。在抗疫中，他们贡献了很大力量。面对急性突发性传染病，早期阶段预防非常重要，我国采取了在震中集中围堵、在震外联防联控的正确战略，到目前为止，我国患病率、病死率都是全世界最低的。（央视新闻）L央视新闻的微博视频,05/31
【世界无烟日：#钟南山李兰娟等呼吁远离烟草#】今天是世界无烟日，钟南山、李兰娟、王辰等多位专家共同发出强烈呼吁：不要吸烟，不要二手烟。希望来之不易的健康能被好好珍惜！#听医生的话#，请一起转发呼吁！#世界无烟日#@世界卫生组织L人民日报的微博视频,05/31
【明天，看#央视六一#特别节目一起过节！】明天#六一儿童节#，中央广播电视总台的“六一”特别节目邀请大朋友、小朋友陪你过节！袁隆平、钟南山、张富清、郎平、王亚平、李幼斌、@郎朗@TFBOYS-王源@蔡国庆@庆庆cai@佟丽娅@大张伟@高圆圆@韩雪@李光洁@阿云嘎Musical@关晓彤@平安anson@郁可唯@邓男子@鞠婧祎@李昕融的一家……你最期待谁？L央视新闻的微博视频,05/31
【人民直播！#保护青少年远离烟草和电子烟#主题直播】今晚，第33个世界无烟日主题活动，中国工程院院士钟南山将携手医学界专家、演艺界明星，线上聊聊控烟那些事儿。青春正好，烟草勿扰，一起看#钟南山谈控烟#↓↓@人民日报正在直播！关注！L人民日报的微博视频.,05/31
【习近平总书记关切事｜最有力的支撑，最坚决的攀登】今年5月30日是第四个“全国科技工作者日”。习近平总书记在5月29日给袁隆平、钟南山、叶培建等25位科技工作者代表的回信中指出，创新是引领发展的第一动力，科技是战胜困难的有力武器。在各地迎战新冠肺炎疫情、加快复工复产的特殊时期，科技工作者发挥显著作用，他们争分夺秒攻关助力疫情防控，不断创新支持各行业复工复产，克服困难确保重大科研项目如期进行……详情请看：O网页链接L鄂尔多斯发布的微博视频,05/31
【钟南山：我国目前已有5款疫苗进入了二期临床试验】钟南山表示，我国在疫苗的研发方面走在全世界第一方阵中，目前已有5款疫苗进入了二期临床试验。他说：“不管是RNA疫苗还是全病毒灭活疫苗，现在我们有5款已经走到了二期临床试验，我们的速度一点都不慢。当然，疫苗的研发还是需要相当长的时间，一个非常高效的疫苗要通过比较选择，因此时间会比较长。但我觉得，按照目前的进程，到今年年底，对一些应急的（情况）应该是完全可以解决的。”（央广）——利好疫苗主力高跑出货吗,05/31
钟南山说这两件事是目前抗疫最重要的O钟南山说这两件事是目前抗疫最重要的,05/31
钟南山：我国新冠肺炎患病率、病死率全世界最低O网页链接,05/31
【钟南山：中国5款疫苗进入二期临床试验】钟南山表示，我国在疫苗的研发方面走在全世界第一方阵中，目前已有5款疫苗进入了二期临床试验。他说：“不管是RNA疫苗还是全病毒灭活疫苗，现在我们有5款已经走到了二期临床试验，我们的速度一点都不慢。当然，疫苗的研发还是需要相当长的时间，一个非常高效的疫苗要通过比较选择，因此时间会比较长。但我觉得，按照目前的进程，到今年年底，对一些应急的（情况）应该是完全可以解决的。”L江西日报的微博视频,05/31
5月30日，钟南山院士在谈到习近平总书记给25位科技工作者代表的回信时说，这给科技工作者很大的鼓舞。同时，钟南山院士表示，正因为中国采取了正确的防疫策略，中国的患病率、病死率都是全世界最低的。O【关注】新冠疫苗的研究进度如何？钟南山最新回应,05/31
【独家视频丨钟南山说这两件事是目前抗疫最重要的】5月30日，钟南山院士在谈到习近平总书记给25位科技工作者代表的回信时说，这带给科技工作者很大的鼓舞。在抗击新冠肺炎疫情的过程中，科技工作者贡献了很大力量，病毒溯源、快速检测、中药防治、疫苗研发，都体现了科技工作者敢于思考、勇于创新的精神。同时，钟南山院士表示，目前有两点非常重要，一个是创新，一个是科技和经济、数字经济和实体经济结合的产学研，在这次疫情中科技工作者们也做到了这一点，对研究进行了总结并且在世界顶级杂志上发表。（央视新闻客户端）O独家视频丨钟南山说这两件事是目前抗疫最重要的,05/31
【今天是世界无烟日🚬】钟南山院士特别呼吁大家远离烟草、拒绝二手烟，为社会创造一个无烟的健康环境。L改变未来00966的微博视频,05/31
【习近平总书记关切事｜最有力的支撑，最坚决的攀登】今年5月30日是第四个“全国科技工作者日”。习近平总书记在5月29日给袁隆平、钟南山、叶培建等25位科技工作者代表的回信中指出，创新是引领发展的第一动力，科技是战胜困难的有力武器。O网页链接,05/31
【#钟南山说中国疫苗研究进度在世界第一梯队#】中国工程院院士钟南山指出：目前，#中国已有5款疫苗进行二期临床试验#，我们不会比其他国家落后。一般来说，疫苗是解决群体免疫的主要方法。网友：为默默付出的科技工作者们点赞！（央视新闻）L央视新闻的微博视频,05/31
