方老视点#武汉你好吗#抓住分分秒秒时间，直播采访钟南山。O网页链接,02/01
#深圳确诊患者粪便中检测出病毒RNA阳性#钟南山也提到主传播还是依靠飞沫和粪便，所以建议大伙勤洗手，在公共厕所得特别注意，尤其是公厕环境特别恶心的地方，哪怕公司我们最好也带好消毒产品，尽量别接触，,02/01
2020.2.1初八，这一年的过年长假因新冠性肺炎爆发被延长了一个礼拜，变成了14天，全国停工，世卫定为国际性事件，起源于wh，让全国人民认识了hb一带的官僚作风，更可敬那些在艰苦条件下抗肺炎的医生和护士们，也让我们记住了国士无双钟南山院士和李兰娟院士，加油！武汉的同胞们！！！致敬所有工作在一线的医生和护士们！,02/01
【最新发现！#深圳确诊患者粪便中检出病毒RNA阳性#】2月1日，深圳市第三人民医院透露，该院肝病研究所发现，在某些新型冠状病毒感染的肺炎确诊患者的粪便中检测出2019-nCoV（新型冠状病毒）核酸阳性，很有可能提示粪便中有活病毒存在。目前研究人员正在做进一步分离病毒的研究。此前，钟南山接受媒体采访时也曾提醒要注意粪便传染的可能性。@一手VideoL一手video的秒拍视频,02/01
#勇战疫情中国要强#女主持不戴口罩近身采访钟南山，一路谜之微笑，你怎么看？O网页链接,02/01
挂帅出征，国士无双，我辈楷模啊！L中医考研小翟老师的微博视频,02/01
钟南山，李兰娟都是中国的骄傲，那么为什么就没有年轻一点的钟南山，李兰娟呢？只知天下太平，歌舞升平，不知居安思危，谁之错？,02/01
钟南山院长说了这一个星期左右是疫情高峰期，只要家里有一口粮就不要出门了，一人感染，全家无一幸免，不要抱有侥幸心理，真的希望每个人都听进去！！！接力,02/01
提问如果钟南山发话说俺们可以出门了你们第一个准备出去吃啥！！！！给我参考一下！！,02/01
出征为民为民请命巍巍钟南山,02/01
我在看：【钟南山：要注意可能存在粪便传染】#跟新浪看热点#O钟南山：要注意可能存在粪便传染,02/01
@所有人：听话！钟南山给你9条防护建议O打开腾讯视频,02/01
火神山雷神山钟南山抵不过一个赵海山。，赵海山牛皮,02/01
过了两天劳动节已经完全忘记出门这事了，厨房干净的像刚装修接下来卧室客厅卫生间的慢慢安排，腰酸背痛手指尖更痛╯﹏╰，扣了一天墙缝，想想那张护士手的照片，密密麻麻的小口子，想想穿尿不湿的医生，想想钟南山院士流泪的脸，放心放心我不出门,02/01
【最新发现！#深圳确诊患者粪便中检出病毒RNA阳性#】2月1日，深圳市第三人民医院透露，该院肝病研究所发现，在某些新型冠状病毒感染的肺炎确诊患者的粪便中检测出2019-nCoV（新型冠状病毒）核酸阳性，很有可能提示粪便中有活病毒存在。目前研究人员正在做进一步分离病毒的研究。此前，钟南山接受媒体采访时也曾提醒要注意粪便传染的可能性。@一手VideoL一手video的秒拍视频,02/01
#钟南山称疑似病例自行隔离非常危险#疑似的跟确诊的不能混在一起，否则是真的非常危险，如果人数多，白衣天使辛苦了！#新疆话唠哥##冒泡大锦鲤##武汉加油#,02/02
【钟南山：疑似和确诊患者因病房不够回家自行隔离非常危险】钟南山院士表示，目前有疑似和已经确诊的患者因病房不够回家自行隔离，这种行为非常危险，火神山医院能够集中容纳疑似病例，可够缓解大医院救治重症病人的压力。L中国之声的微博视频#钟南山称疑似病例自行隔离非常危险##目前已初步筛选出三种治疗药物#,02/02
#钟南山称疑似病例自行隔离非常危险#【钟南山：疑似和确诊患者因病房不够回家自行隔离非常危险】目前有疑似和已经确诊的患者因病房不够回家自行隔离，这种行为非常危险，火神山医院能够集中容纳疑似病例，可够缓解大医院救治重症病人的压力。L中国之声的微博视频#钟南山谈疫情防控最新情况#,02/02
#钟南山称疑似病例自行隔离非常危险#我的下半生一定要致力推广和传播以及阻止身边的人吃野味，我不想下一个17年又被一群吃野味的蠢货给坑了,02/02
#钟南山称疑似病例自行隔离非常危险#要听医院的安排呀好多自己隔离的人传人,02/02
假如钟南山院士说可以出门了，你最想见的那个人是谁🤭L萌主Sophie的微博视频,02/02
#钟南山称疑似病例自行隔离非常危险#这是现实，有些人死了，只是一堆数字；有些人到死，数字都排不上。有些人肩负责任，挽救上万条生命，眼含泪水；有些人背负人命，忙着甩锅说sorry，毫无诚意；我们热爱的，相信的，不会改变；我们厌恶的，谴责的，不会遗忘。武汉加油，湖北加油，中国加油。,02/02
#钟南山称疑似病例自行隔离非常危险#现在床位不够，医疗资源跟不上，不然谁会愿意自行隔离？火神山今天交付部队使用，希望能缓解现在这种情况。另外再次呼吁大家：少出门、戴口罩、勤洗手。,02/02
#钟南山称疑似病例自行隔离非常危险#,02/02
《武汉肺炎确认，看抗击非典第一人钟南山怎么说？》hooli纽约O网页链接,02/02
其实二流报纸并不是只会干带货这种缺德事。很久以前它也说过一些正确但zz不正确的肺腑之言，现在还能看得到，但无法评论了。#钟南山称疑似病例自行隔离非常危险#,02/02
【钟南山最新判断：疫情未来10天至两周或现高峰】2月2日，中国工程院院士、新型冠状病毒感染的肺炎疫情联防联控工作机制科研攻关专家组组长钟南山，再次就疫情防控形势接受新华社、央视等媒体采访。钟南山表示：“目前全国的疫情仍处于上升期，但我们判断疫情应不会产生全国性爆发，而可能只为局部爆发。”钟南山说，面对此次2019-nCoV肺炎疫情，最原始最有效的方法仍是“早发现、早隔离”。“我们政府和相关部门采取了多项全国性的举措：延长假期、交通管制、公共场所体温检测排查、积极宣讲少聚集、个人防护知识等，而国民公共安全意识的提高也保证了相关举措的顺利实施。”钟南山说：“这些举措有效阻断传染源，大大减少二代、三代传染，我们判断此次疫情有望在未来10天至两周左右出现高峰，我们仍需加强防控，不可放松警惕。”,02/02
#钟南山称疑似病例自行隔离非常危险#我相信这次没隐瞒，因为我这无名小村庄也上报确诊了，村里的消息是最没有隐蔽性的。连患者去过村里那里都交代了，外网也传得很凶，把我们的祖国骂得很难听，什么火葬场24小时营业，其实真的不是刻意隐瞒，是真的关键资源都紧缺，确诊难，床位难，患者还没等到确诊那一刻就离开了,02/02
2020.02.02，特殊的日子，特殊的春节，特殊的这些天（自我隔离），愿疫情早日结束，逆行者平安归来。上联：火神山雷神山钟南山，三山镇毒，下联：医者心仁者心中国心，万心抗疫。横批：武汉加油,02/02
#钟南山称疑似病例自行隔离非常危险#您也要注意身体啊火神山建好了情况一定会变好的,02/02
#钟南山释疑疫情防控#加油武汉希望一切快点好起来医护人员们太辛苦了,02/03
钟南山告诉提前返岗者，有个地方...O网页链接,02/03
#最新疫情地图#饥饿来了，想到了袁隆平；瘟疫来了，想起了钟南山；战争来了想到了解放军；被抢劫了想到警察；安逸来了，想到的是小鲜肉和大明星。没事的时候，动不动搞医闹；排队的时候，反对军人优先，要求人人平等。现在，灾难来临的时候，个个都窝在家里过着安逸的日子。是我们的军人和警察，是我们的医护人员，义无反顾，舍小家顾大家逆行冲锋在战斗的最前沿，与敌人、与病魔、与灾难作殊死的抗争，用自己的青春和热血谱写着一首首生命的赞歌！这才是我们平常应该尊重和敬佩的人！不能好了伤疤忘了痛，他们才是我们心目中崇拜的英雄！向敬畏自然，守护生命的逆行者们致敬！愿平安归来#李兰娟回应疫苗进展#,02/03
#钟南山写的字#满满的正能量啊，向钟老致敬！！！,02/03
【钟南山、李兰娟等专家为下一步临床救治工作提建议】#要闻#2月2日下午，在广东省卫生健康委员会，钟南山院士与国家卫健委相关部门负责人、专家以及在湖北的专家进行了电视电话会议，各位专家根据近期的疫情救治工作和病毒研究成果，对新型冠状病毒的流行病学特点、临床表现、诊断标准和治疗方案进行了讨论、优化和修正，为新型冠状病毒感染肺炎的临床救治工作提供指导。一、不排除存在消化道的传播，对疫情防控具有重要意义专家表示，病毒传播途径主要为飞沫经呼吸道及黏膜接触传播，不排除存在消化道的传播。同时，专家正在尝试对患者粪便进行实验，以确定粪便中是否能分离出活病毒，“如果能分离出活病毒，”钟南山院士表示，“就说明在粪便里头有生存的冠状病毒。”这将对疫情防控工作产生重大影响。二、对于轻症患者也应该集中收治、隔离治疗专家提出，应根据病情严重程度确定治疗场所，尤其是对于新型冠状病毒感染的轻症患者也应该进行集中收治，避免社区聚集性病例的出现。但鉴于定点医院的治疗压力，轻症患者应该另选择场所进行隔离治疗。三、危重症、重症患者的治疗方案初步建立，多种辅助治疗取得效果对于危重症、重症患者的治疗方案，专家讨论认为，应在对症治疗的基础上，积极防治并发症，治疗基础疾病、进行器官功能支持的同时，预防继发感染。到现在为止，对于新型冠状病毒已经建立一些有效的治疗方案，对重症、危重症患者采取多种生命支持手段，高通量氧辅助、无创面罩通气、小潮气量肺保护性通气、体外膜肺氧合（ECMO）等辅助治疗都已经取得较好的效果。,02/03
最近每天都被愤怒的情绪包围着，一面是为了病患累得瘫倒在一线的医务人员，看着钟南山院士眼里的泪水真是心如刀割，另一面是为了自己升官而拼命做面子工作的领导，拍照片，拉条幅，挂绶带，跟小品里演得一模一样，一样不少，扪心自问，你们天天的搞这些形式主义是为了什么，你敢说是为了群众的利益?或许你们不会感到羞愧，因为你们根本就不知什么是羞耻!,02/03
钟南山已鞠躬尽瘁O网页链接（使用@美篇App创作）,02/03
【今日热点：白岩松对话李兰娟钟南山释疑疫情防控】今天网友热议的网络热点是白岩松对话李兰娟、钟南山释疑疫情防控……趋势君整理报道如下：...详情点这→→O网页链接,02/03
假如现在钟南山院士说可以出门了，大家…………会不会这样过于真实了L欲有是最好的微博视频,02/03
#胡侃##钟南山再谈疫情#米国说支援了中国抗肺炎技术，几乎在求中国找它来帮忙。中国说没收到。这次中国很硬板，就不上米国当，米国现在在想，我放出诱饵，你找我要呵，再来敲诈你。好在中国没上当，中国千万不要上当。米国流氓成性，不是没看透，太透了。从西医讲无论疫苗还是药物，都是精准杀毒，而病毒变异快，苗药进步都跟不上变异速度，根本无法一劳永逸。中医药治病原理不一样，从中医药中找到一些广谱抗病毒或激活人体免疫力的药物会更有效地解决病毒病的预防和治疗问题。这是完全有可能的。这就是说，在解决问题遇上困难时必须要更正思路和方向及路线的问题。相信中医药！相信中国人！,02/03
[推荐]疫情何时到高峰？钟南山：春节返程不是大问题，1周或...。查看👉👉👉O网页链接疫情何时到高峰？钟南山：春节返程不是大问题，1周或10天到达O网页链接,02/03
这不时出现的疫情，带给人们恐慌，但也锻炼了人。与上一次非典时隔17年，将近一代人的时间。上一次参与战斗的人们还在岗位，还能传授经验，小汤山医院设计者，钟南山院士，小汤山医院的医务工作者。。。而且时隔十多年，中国的各方面发展已非2003年，在很多方面有了跨越式发展。所以，会有几天建成新医院交付使用，会有医保承担费用，会有封城、延后假期之举，这需要多少财力物力支撑？！疫情袭来，我看到国家强大，也看到平时打打闹闹的纠缠里人民依然团结，也看到虽然还有不懂事的混蛋（几颗老鼠屎）但远远改变不了绝大多数人爱家、为家的热诚和付出！这就是中华民族的脊梁~中国精神！,02/03
#北京发现41起聚集性病例#钟南山都说了，勤洗手，多通风，少聚集，会人传人，每天霸屏的热搜消息新闻，不入眼，不入心,02/03
#最新疫情地图#【钟南山院士：出去打篮球，人也没多少，不用戴口罩】近日，钟南山院士接受采访时表示：如果是人多的地方，存在集会，带口罩是很必要的。如果只是自己在家，或者出去打打球，人也没多少，是不需要带口罩的。#疫情下室内锻炼保持心理健康#L咪咕体育的微博视频,02/03
钟老的团队捐赠100台制氧机，由京东以最快的速度送达武汉致敬！#钟南山##钟南山谈疫情#,02/03
【白佛社会论】距离武汉封城，疫情扩散到全民抗疫已经过了13天了，截至2月4号，全国确诊新型病毒的人数已经确诊2万例，病毒在添变化，钟南山院士紧急公布应对法宝O网页链接,02/04
【转存这组#钟南山表情包#，就按钟老说的办！】#听钟南山的话#↓↓送你一组表情包，抗击疫情，一起加油！,02/04
美国阴谋论，瓷器国阴谋论，实验室没有管理好造成病毒泄漏，为什么不让人说呢？钟南山院士是现在在国人心中最值得信任的人，让他出来说一句话辟谣就可以了，非要选择封号，禁言，删除这种极端方法。dang怕人民乱说话，人民怕dang说自己乱说话，这难道是建国后多次反左，反右，文革历史经验的最好总结？,02/04
《钟南山给提前返岗者的建议：有个地方最危险（附:不同风险人群防护指南）》近日，中国工程院院士、国家呼吸系统疾病临床医学研究中心主任、高级别专家组组长钟南山表示，疫情应该在一周或十天左右达到高峰。O钟南山给提前返岗者的建议：有个地方最危险（附:不同风险人群防护指南）,02/04
【中国绿色作家周大文】钟南山的导师母舅在龙岩图证找到啦O网页链接（使用@美篇App创作）,02/04
我在看：【疫情之下，比马云捐款1亿更给力？刘强东这一行动获钟南山点赞】#跟新浪看热点#O疫情之下，比马云捐款1亿更给力？刘强东这一行动获钟南山点赞,02/04
《不要浪费口罩！钟南山：这几类情况下口罩应该节约》不要浪费口罩！钟南山：这几类情况下口罩应该节约O网页链接,02/04
火神山、雷神山、钟南山，三山携手克难关；国内捐、海外捐、李兰娟，众捐纷来保武汉；男护士、女护士、前线战士勇士爱国抗疫情；医者心、仁者心、中国心，万众一心战死神！,02/04
#抗疫行动##手写加油接力#火神山、雷神山、钟南山，三座大山将力压病毒肺炎众志成城抗疫情指日消患待春风加油武汉！加油中国！@陳宏逹请接力,02/04
广东省委、省政府、省卫建委，你们就放心，我是带过暨大的95级医学学生、而且带过很多质量控制。况且我们广东中山大学医学院及其它医学院校都是经得起考验的扎实专业，陆总、南医都是有后备人才的，这些小事不可能玩死我们，但是防止钟南山先生作妖！广东就是站在科技第一线、为了人民的健康，我们就做出应有的贡献。我们只玩阳谋，不玩阴谋！,02/04
钟南山院士呼吁大家：“尽量减少走亲访友，尽量少去人员密集的场所，出门戴口罩，在室内注意通风，勤洗手，多运动，少熬夜。健康年才是幸福年。”L我是温庭的微博视频,02/04
#火神山雷神山钟南山#雷神山医院总体进度完成90%，雷神山医院将于明天交付使用，可容纳1600张病床、2000多名医护人员！,02/04
【巾帼聚力共抗疫情】【钟南山深情地说：谢谢你，我的家！】这是一个令人感佩的家庭，英雄背后，有着伟大而平凡的家风。O钟南山深情地说：谢谢你，我的家！,02/04
国士无双-钟南山、李兰娟、张文宏，让人敬佩，他们才是这个时代真正的英雄，感谢🙏🙏,02/04
上联:火神山，雷神山，钟南山，三山齐聚克难关。下联:国内捐，海外捐，李兰娟，众捐纷来达通途。横批:中国必胜。,02/04
火神山、雷神山、钟南山、三山镇毒医者心、仁者心、中国心、万心抗疫万众一心中国加油,02/05
无聊在B站刷到钟南山院士的家族简介真医学世家名门望族超优秀再次吐槽up博噱头的取名，和生硬的旁白O网页链接,02/05
"我分享了【感谢钟南山！让中医从一开始就介入。治愈率极大提升_腾讯网】,快来看吧！|O感谢钟南山！让中医从一开始就介入。治愈率极大提升",02/05
转发，深表同感……当下真实的武汉现在回头看钟南山院士的“武汉是座英雄的城市”，背后的深意不仅是鼓舞，更是悲悯。整个武汉，现在在持续沉沦。新闻都是正面消息，全国捐助物资，军医驰援，医护日夜奋进，火神雷神相继建成……只有武汉自己知道伤口有多大，它们来自于楼下的救护车或者殡葬车，身边亲友的求助朋友圈微博，小区群的隔离通报，以及打不进的求助热线，排不上得医院床位。武汉在自我沉默，自我消化，漩涡之外的人们只能看到一个不准确数字，看不到背后的悲欢离合，毕竟还有好多生命直至消失都上不了那个数字。也不能说官方刻意隐瞒，现有机制已经在超负荷运转，疮痍之下，应该留存希望。方舱医院的出现，已经能够看出官方态度从保存量转变为保增量——已经感染的，是治不好了，生或者死都是上帝在翻牌子，碰上谁是谁，最紧要的是保证留存的健康群体不受感染，最好的结果就是等再熬过一个隔离周期，峰值出现回落，疫情才得以控制。武汉现在就是一个巨大的笼子，封城是对外面的人负责，里面的人则开启命运的随机模式。有再多的床位也不够，因为没有特效药，治愈的人都是依靠自身免疫力。然而有更多的人，甚至都做不到体面的离开。我无法想象平日里与我擦肩而过的人们，突然间失去了父母和亲人，即使等到春暖花开，还得多少年才能抚平这场群体性的创伤。所以说武汉是座英雄的城市，在二十一世纪的二十年代，承受着战争年代才有的生离死别。武汉不活该，因为不作为的官僚全世界都有，不是武汉最多，武汉只是很倒霉，既然上帝选择了武汉，那武汉只能选择做一个英雄的城市……,02/05
#宁波地铁明日起暂停运营#我连去市里坐火车都没交通工具，把7号回宁波的火车票退了还是老老实实在家待着，钟南山院士说动再动,02/05
彩铅彩铅_国士无双，钟南山院士via@右岸丶年华,02/05
火神山，雷神山，钟南山，三山齐聚克难关；国内捐，海外捐，李兰娟，众捐纷来达通途；男护士，女护士，前线人，中国勇士齐抗疫；医者心，仁者心，中国心，万众一心不畏难。武汉加油！中国加油!,02/05
现在回头看钟南山院士的“武汉是一座英雄的城市”，背后的深意不仅是鼓舞，更是悲悯！整个武汉现在在持续沉沦，新闻报道都是正面消息！只有武汉自己知道伤口有多大，它们来自于楼下的救护车或者殡葬车，打不进的求助热线，排不上的医院床位！武汉在自我沉默，自我消化，漩涡之外的人们只能看到一个不准确的数字，看不到背后的悲观离合，毕竟还有好多生命直至消失也都上不了那个数字！也不能说官方刻意隐瞒，现有机制已经在超负荷运转，满目疮痍之下，还是要留存希望！现在的武汉就是一个巨大的笼子，封城是对外面的人负责人，里面的人则开启命运的随机模式，是生是死，全看天注定！所以说武汉是一座英雄的城市，在二十一世纪二十年代，承受着战争年代才有的生离死别！武汉不活该，因为不作为的官僚全世界都有，不是武汉最多，武汉只是很倒霉，既然上帝选择了武汉，那么武汉只能选择做一个英雄的城市！抗争到底！🙏🙏,02/05
封城，远不止是一个艰难的决策。这是一个残忍，甚至残酷，但又不得不做的决策。此刻我们才能更深刻的理解钟南山教授在建议封城后，流泪说出的：“武汉是一座英雄的城市。”武汉人民是用自己的牺牲，换来了全国乃至世界的相对可控和安全。我们都欠英雄的武汉人民一句谢谢,02/05
【#钟南山院士曾踢前锋#】现奋战在疫情防控工作一线的钟南山院士，除以54.4秒的成绩创造当时的男子400米栏全国纪录外，还在采访中表示热爱足球，因为跑得快曾踢前锋，同时鼓励年轻人多参加竞技运动！#足金联赛#如今钟老再次奋勇争先，冲锋抗疫，期待早日战胜疫情！武汉加油，中国加油！L微博足球的微博视频,02/05
作为中华民族的儿女，我只能默默的祈祷武汉一定赢，中国一定赢，钟南山爷爷也多注意身体，一线的工作人员工作重要，身体更重要，你们的身体休息好，就会多挽救回一条生命。,02/05
一个人自始至终坚持讲真话，并不是一件容易的事情。特别是在官僚体系里，坚持讲真话的人，更可能活不过第二集。张老@张五常有一段回忆，让我印象深刻：“说起来，我和内地的干部朋友的交往是来得更早的了。一九七九年的秋天，我到广州一行，就认识梁尚立。该年十月我发表了《千规律，万规律，经济规律仅一条》，是回应孙冶方先生的。当时我不懂得用中文书写，由我口述，杨怀康与侯运辉执笔。一九八二年，我回港作港大的经济讲座教授，在香港新华社工作的一位姓叶的女士找我——因为她是我在佛山华英念小学时的高中师姊——希望我能多为国家分析经济发展的路向。我对叶师姊说我没有用过中文动笔，要学一下。跟她约法三章：我可以不说，我可能说错，但我不能说我不相信的。从那时到今天，北京上头从来没干预过我说什么，只是下面自作聪明的人无数。”张老这一段娓娓道来的陈年旧事，让我肃然起敬！寥寥数语，道出了张老作为一个学者的风骨。张五常教授约法三章强调讲真话、钟南山院士敢于直面问题坚持讲真话，是因为他们是张老，是钟老！如果他们不是张老，不是钟老，结局会怎样？让人可以放心大胆讲真话的环境太重要了！等到这次疫情结束之后，我们最应该做的，恐怕就是进行深刻反思，然后从根源上、从结构上、从底层逻辑上进行改革，创造一个让人敢于讲真话的大环境，更要在制度上激励那些坚持讲真话的人。亡羊补牢，犹未迟也！,02/05
火神山雷神山钟南山，三山救民灭瘟疫。国人捐华人捐李兰娟，三捐合力众成城。横批:中国加油💪💪💪,02/05
最近，湖北疫情牵动无数人的心，每每看到逆行的医护人员总是被感动，八十多岁的钟南山，七十多岁的李兰娟，五十多岁的陈薇，许多许多的九零后志愿者，看到听到无数的一桩桩，一件件感人之事，泪流满面，复杂的心情无以言表，2020年2月6日凌晨，突然想起一段话可以表达许久的心情“”为什么我的眼里常含泪水，因为我对这土地，爱的深沉”！！愿国家无恙，国民安康，武汉加油，中国🇨🇳加油没有一个冬天不会过去，没有一个春天不会到来，期待春暖花开，祖国更加强大，期待人民平安幸福🙏🙏🙏🙏,02/05
#封城日记#鼠年的春天总算来了。因为疫情的蔓延，1月21日，钟南山去了武汉，1月23日，武汉封城。我的老家湖北天门，距离武汉两百多公里。那几天，回不回家，我也陷入了两难。有领导、同事、朋友也劝我，不要回去了。我也给父母打电话，说可能回不去了。但从父母的言语中，他们一致的反应是“很轻松”，希望我能回家。因为那时除了武汉封闭，湖北其他地方都是通行的，生活一切正常，都没有意识到疫情的严重。家的观念和我的理智battle，这个过程最痛苦。纠结了很久，还是决定回家，不经过武汉，从昆明坐高铁到重庆，从重庆转乘普铁到宜昌东，从宜昌转动车回到天门。回家的路上，一路畅通，还是有很多人没有戴口罩，除了从宜昌东站出站测了体温，其他地方都没有测体温。那时候，我以为，除了武汉，其他地方的疫情还不算严重，事情还算可控。我还在高中同学群发了一段到家视频，他们说我像在拍釜山行。却不曾想，刚到家就发现回不去昆明了。1月24日下午5点左右，正吃年夜饭的时候，收到消息，天门各类交通全部停运，村子的路封了，高速路封了，最后发现，整个湖北省都封了。家里人这才意识到疫情严重了。除夕夜当晚，春节的氛围一下子暗淡了，微博、朋友圈全是疫情的消息，我好像有点被信息“控制”了，干什么都没什么心情。心里很焦虑，要封多久？要怎么回昆明？……我妈这时候也开始自责，不该让我回来。我发了一条朋友圈，朋友都安慰我，刚好可以在家好好陪陪家人。到后来我平静了理智，然后安抚父母的情绪。历经苦难的是我的家，我的家人，这个时候，我和他们在一起。接下来，疫情变化很快，确诊病例、疑似病例人数不断上升，每天都增加得很快。我能做的就是呆在家里不出门，保护好自己，监督父母做好防护。家里人平安，才是最重要的。在家的日子，不断收到领导、朋友、同事的关心，内心真的很暖。现在，每天想得最多的还是疫情能早点结束，一切都好起来，能够早点回去上班。前几天，和朋友聊天，我说，“回去之后，求不嫌弃。”朋友说，“等你回来。”,02/05
钟南山没让动，就只能在家老老实实带着!武汉加油!中国加油!,02/06
加油💪#钟南山谈抗病毒特效药#,02/06
那些拿现在还用科比蹭热度的人，抱歉，说实话我并没有看出来你有多喜欢我们的小飞侠，#科比#你蹭热度，开心吗？看着我们这些科比的粉丝把你的评论把你的作品点上去，你开心吗？说实话，你们那些谩骂我们“就死了一个科比给你们伤心成这样，钟南山他们都还在武汉也没见你们怎么样，你们怕不是傻×吧。”看到这个评论的时候，我不知道别人是怎么想的，但我心里是不平静的，我们为什么这么平静？武汉人民都那么平静就你操心？抱歉，你的心怕是操成渣渣了吧！我们所有人都相信这次的疫情能挺过去，怎么，那位先生，你不相信吗？我不是杠精，我也没心思杠，我只想说，某些娱乐刷视频的软件上，你们就算装能不能也要装真诚点，下次搜搜百度，把人家的姓氏写对了！别蹭个热度就把自己智障的本质暴露出来！！#热度#,02/06
疫情结束以后你第一个想去的地方是哪里？📷‘’冰川国家公园🇺🇸蒙大拿州#湖北副省长回应武汉市民网络求助##钟南山谈抗病毒特效药#,02/06
#钟南山谈抗病毒特效药#我们一步步的来，希望病情能有算好转，哪怕时间再久，我们也一定会胜利。,02/06
今天是2月6日。钟南山院士说：1月23日封城开始到2月6日（正月十三）是第一个14天。从2月7日（正月十四）开始再过14天，到2月20日（正月二十七）是第二个14天。如果没新增上升趋势，疫情才算是控制了。我们已经挺过第一个14天，再奋战第二个14天，做好第二个14天的防护，很重要，很重要，很重要！,02/06
#钟南山谈抗病毒特效药#不出门就是特效药，我还是不出门,02/06
#李文亮医生去世#刚看到一句话如果不是钟南山李兰娟院士的身份摆在那里换成他们也会被批判成造谣吧我不信人心凉薄人心不善怎奈何世间苍茫世间苦难,02/06
#钟南山谈抗病毒特效药#自由呼吸屋外的空气，沐浴春日和煦的阳光，跟小朋友们一起在花园慢跑，跟邻里街坊亲切问候，热烈拥抱父母爱人，与同事探讨工作，和闺蜜畅聊八卦……以往生活稀松平常的点点滴滴，此刻却是那么的不容易……美好的明天快来吧,02/06
#钟南山谈抗病毒特效药#一步步来，这个东西急不来,02/06
#钟南山谈抗病毒特效药#感觉越来越严重了！希望快好起来吧,02/06
英雄就是这样一个人，他在决定性关头做了为人类社会的利益所需要的事。——伏契克　　　　#用生命预警的英雄##钟南山谈抗病毒特效药#,02/06
一看到钟南山和李兰娟上热搜我就焦虑，人日和央视天天捧。医生的知识也是在实践中不断认知的，我就怕哪天他们前期认知被后期事实刷新，造成舆论对他们两个名誉的反噬。这叫捧杀,02/06
#钟南山谈抗病毒特效药#【转存这组钟南山表情包，就按钟老说的办！】听钟南山的话↓↓送你一组表情包，抗击疫情，一起加油！#如何区分感冒流感和新型肺炎#,02/06
【#钟南山谈抗病毒特效药#】针对最近热议的抗病毒“特效药”，钟南山昨天表示，临床试验可以加快绿色通道，但必须走程序。“很多实验室找到一个苗头，就希望马上完全进入临床，这个要小心，伦理审查一定要通过。临床医生还是要按临床的规矩来做。”@央视新闻L央视新闻的微博视频,02/06
这还是我认识的深圳吗黑灯瞎火静悄悄的感谢奋斗在一线的所有人加油中国加油武汉#钟南山称疫情拐点还要几天#,02/07
#钟南山称疫情拐点还要几天#好的👌我们再坚持一下,02/07
湖北潜江的书记棒棒的这位书记，最早于1月17日就把疫情作为最大的潜在风险，那时钟南山还没有到武汉呢。请大家注意，与其他地方新闻报道不同，除了领导，医护人员也戴了N95口罩。潜江市医院的防...（分享自@雪球客户端）O湖北潜江的书记棒棒的,02/07
钟南山说：“选择医学可能是偶然，但你一旦选择了，就必须用一生的忠诚和热诚对它”。,02/07
比尔盖茨：未来能杀死上千万人的不是核战争，而是高度传染的病毒。L潇洒哥哥Lucky的微博视频#钟南山称疫情拐点还要几天#,02/07
#疫情结束后的我#健身女神的腹肌训练日常！！#钟南山称疫情拐点还要几天#L健身王老汉的微博视频,02/07
武汉时间：从专家组抵达到封城的谜之20天_手机搜狐网2020年1月20日，钟南山公开宣布新冠病毒肺炎“确定人传人”，对于武汉来说，这是关键的20天。回溯整个信息链，禁不住要问：在决定武汉命运和整个疫情走向的关键时点上，我们曾经有机会挽回这一切么？,02/07
【老人不肯戴口罩怎么劝】#北京要求疫情高发区人员暂不返京#听说最近劝老人戴口罩比劝年轻人穿秋裤还难，请看紫薇花式劝说皇阿玛，在“戴”or“不戴”的battle中怎么取胜。亲爱的老人家，请您出门还是把口罩戴上吧，一人健康，全家平安。#钟南山称疫情拐点还要几天##北京首次公布疑似病例数量#L上海市青年联合会的微博视频,02/07
【老人不肯戴口罩怎么劝】#北京要求疫情高发区人员暂不返京#听说最近劝老人戴口罩比劝年轻人穿秋裤还难，请看紫薇花式劝说皇阿玛，在“戴”or“不戴”的battle中怎么取胜。亲爱的老人家，请您出门还是把口罩戴上吧，一人健康，全家平安。#钟南山称疫情拐点还要几天##北京首次公布疑似病例数量#L上海市青年联合会的微博视频,02/07
【老人不肯戴口罩怎么劝】#北京要求疫情高发区人员暂不返京#听说最近劝老人戴口罩比劝年轻人穿秋裤还难，请看紫薇花式劝说皇阿玛，在“戴”or“不戴”的battle中怎么取胜。亲爱的老人家，请您出门还是把口罩戴上吧，一人健康，全家平安。#钟南山称疫情拐点还要几天##北京首次公布疑似病例数量#L上海市青年联合会的微博视频,02/07
【老人不肯戴口罩怎么劝】#北京要求疫情高发区人员暂不返京#听说最近劝老人戴口罩比劝年轻人穿秋裤还难，请看紫薇花式劝说皇阿玛，在“戴”or“不戴”的battle中怎么取胜。亲爱的老人家，请您出门还是把口罩戴上吧，一人健康，全家平安。#钟南山称疫情拐点还要几天##北京首次公布疑似病例数量#L上海市青年联合会的微博视频,02/07
【老人不肯戴口罩怎么劝】#北京要求疫情高发区人员暂不返京#听说最近劝老人戴口罩比劝年轻人穿秋裤还难，请看紫薇花式劝说皇阿玛，在“戴”or“不戴”的battle中怎么取胜。亲爱的老人家，请您出门还是把口罩戴上吧，一人健康，全家平安。#钟南山称疫情拐点还要几天##北京首次公布疑似病例数量#L上海市青年联合会的微博视频,02/07
【老人不肯戴口罩怎么劝】#北京要求疫情高发区人员暂不返京#听说最近劝老人戴口罩比劝年轻人穿秋裤还难，请看紫薇花式劝说皇阿玛，在“戴”or“不戴”的battle中怎么取胜。亲爱的老人家，请您出门还是把口罩戴上吧，一人健康，全家平安。#钟南山称疫情拐点还要几天##北京首次公布疑似病例数量#L上海市青年联合会的微博视频,02/07
#钟南山称疫情拐点还要几天#那就再等等，大家都先别出去,02/07
#钟南山称疫情拐点还要几天#【送给腿粗的姑娘们！大腿内侧赘肉睡前速减法！】只要大家每天花10多分钟，做好这几个动作，坚持两周你就会发现大腿腿围都会改变！收藏做起来！#健身小课堂#L全球健身中心的微博视频,02/07
2020.1.15的元宵节晚会:荧屏上活跃的是奋斗在一线的医生战士，舞台上演奏的是饱含深情的心灵“呐喊”，无双国士”钟南山、“邻家奶奶”李兰娟、“铁人院长”张定宇、“硬核男神”张文宏……尽管观众席空无一人，但这是我有生以来感受到的最特别最温暖的一场元宵晚会！致敬“硬核”白衣天使们！病毒在肆虐、疫情在凶猛、我自岿然不动！武汉，加油！中国，加油！武汉，必胜！中国，必胜！,02/08
钟南山谈特效药：这个要小心，伦理审查一定要通过#你为什么感动又为什么彻夜难眠##钟南山谈抗病毒特效药##高能#O绿洲L秦岭二月的微博视频,02/08
我在看：【公布！钟南山团队，开出新冠肺炎预防处方！】#跟新浪看热点#O公布！钟南山团队，开出新冠肺炎预防处方！,02/08
钟南山院士：中国行！今日元宵，让我们共护家园！#最新疫情地图##延迟复工工资发放新政策#L红星竹雨的微博视频,02/08
钟南山院士说，武汉是英雄的城市，而英雄从来都不是从天而降的。『夜里，武汉的人们吹响哨子』O夜里，武汉的人们吹响哨子,02/08
若干年后，望后人提起：己亥年末，庚子年春，大疫，万人染疾，众人惶恐，足不出户，举国防疫，数月方休。恰逢灯节，百感交集。九州一心，青丝，白发，皆身先士卒。布衣，商客，皆争先解囊。钟南山谪守江夏郡，政医兵者扛鼎逆行为之勇战矣，能者皆竭力之。月余，疫尽去，众生安，万国赞。武汉加油！中国加油！『“我不敢看武汉人的朋友圈”』O“我不敢看武汉人的朋友圈”,02/08
后人记载:己亥末，庚子初，大疫万人染疾，众惶恐。医甲钟南山率数十万白衣镇守武汉城，举国之力挽。家家闭户佳节元宵，街无舟车，巷无人烟。期大疫得治，华灯初上，人声鼎沸，国泰民安！,02/08
疯城十七天今天维信群里传来的都是不太好的消息，高中群里有同学因为新冠离世，党派群培训班的同学丈夫新冠去世，还有母校正值盛年的红教授新冠离世，这些壮年意外让我们之前的新冠病毒对65岁以上人群高风险高危险度要重新认识了。最新发布的重症新冠肺炎诊疗指南，将“丙种球蛋白”放在不做推荐的诊疗，激素的治疗剂量也更趋保守，应该是借鉴了非典的经验。疑似患者的隔离和定点医院收治还是有很多问题需要解决，因为重症患者是优先考虑的，而重症患者床位又特别紧张，隔离患者仍需要等待。新药瑞德西韦已经开始临床试验了，双盲设计，征集试验者，这本来是新冠肺炎患者的一线曙光，不知怎的，就有人用“新药副作用多，中药无副作用来说事”。钟南山院士都明明白白说了中药是一个什么样的地位，不知为什么没人听。今天是元宵节，祝愿各位同胞安康！戴口罩勤洗手少出门,02/08
后世记载，庚子鼠年，楚地疫害为祸城内，所过之处嗷嚎四野。为国，封一城！城门下医甲钟南山，身领十万白袍医者携雷火二异兽，夜至入城驱敌！守城大将吹哨人李文亮御敌殉国！鼓响，矛起！众医者，死战不退！加油宣化！加油武汉！加油中国！,02/08
我在看：【钟南山呼吁：如出现可疑症状不要在家隔离】#跟新浪看热点#O钟南山呼吁：如出现可疑症状不要在家隔离,02/08
中国的口罩是去哪里了？武汉的人说缺少口罩，非武汉的湖南、广州等地，根本买不到口罩。钟南山叫全国民众带口罩，结果呢？偌大个中国，竟然无口罩可卖？,02/08
越来越明白为什么钟南山院士说武汉是个很英雄的城市了,02/08
看看钟南山接受央视采访说的在什么场合可以戴或不戴口罩，再看看公园里大街上开阔人少的地方，人人都戴着口罩，难道说疫情已使人人自危丧失理智到了以为雪中和雪后的清新空气也能传染“武汉肺炎”的地步？,02/08
武汉加油，中国加油💪💪💪#新型冠状病毒##钟南山肯定新型冠状病毒肺炎人传人##火神山医院完工##火神山雷神山钟南山#L育儿辅食妈妈帮的微博视频,02/08
至于11——20日，钟南山院士率领的第二批专家组到来之前的这段时间，究竟是第一批专家组、卫健委、武汉政府这三方共同瞒报，还是第一批专家组独自瞒报，目前还不得而知。『第一批赴武汉的8名专家，是否该彻查？』O第一批赴武汉的8名专家，是否该彻查？,02/08
#钟南山##钟南山称新冠病毒和SARS是两回事##新冠肺炎英文简称ncp##穿山甲为新型冠状病毒潜在中间宿主#钟南山：新型冠状病毒和SARS是两回事二者是同一类但不是同一种O钟南山：新型冠状病毒和SARS是两回事二者是同一类但不是同一种来自@腾讯新闻,02/09
#钟南山称新冠病毒和SARS为两回事#打脸不？现在谁说的话都不能信！就不是好嘚瑟的！呜呜渣渣的！,02/09
钟南山：#新型冠状病毒和SARS是两回事#,02/09
科学家钟南山院士100年的工资也没有一线娱乐明星一年的收入高吧？普通老百姓10000年的收入也不及娱乐明星一年的收入，这样的现实……,02/09
【#钟南山称新冠病毒和SARS是两回事#】#关注新冠肺炎#2月9日晚间，针对华中农业大学教授陈焕春认为新型冠状病毒属于SARS冠状病毒的观点，钟南山院士表示，SARS冠状病毒是一个专有名词，是专门指急性呼吸综合征的病毒，它（与新型冠状病毒）不是一回事，这两个（病毒）是两回事，“2019（的）新型冠状病毒是另外一种病毒，都是属于冠状病毒。”,02/09
等钟南山院士说可以出门了我大概就是这个样子#搞笑视频##今天有啥好笑的##搞笑幽默#L搞笑放映厅的微博视频,02/09
#延长假期##钟南山说动才动#有用吗？反正都是要倒闭！国家政策出来的“顺延”很多，“减免”很少。有多少企业能享受到资金支持？享受到的又是贷款，还要还！那还不如倒闭！社保就不能免3个月吗？别跟我说什么损失问题，现在损失最大的就是小微企业，本来就在夹缝中生存。O面对疫情，你希望单位延长假期吗?,02/09
钟南山：新冠病毒和SARS是两回事O钟南山：新冠病毒和SARS是两回事,02/09
#山东疫情#【#800吨消毒液只捐不卖#！济南80后小伙捐出价值千万消毒剂】2月8日早上7：00，在济南市章丘区绣惠街道北部的消毒液临时生产基地中，刘向千和朋友们正忙着生产消毒液，这样的状态，他们从正月初二开始，每天要忙到晚上10点左右。正月初二那天，刘向千看到一条关于武汉疫情新闻里，钟南山在接受记者采访时红了眼眶。那个瞬间，他的脑袋嗡的一声，仿佛有人吹响预警的哨声。接下来的一秒钟，他做出一个决定。把公司里储备的近2百吨固体次氯酸钠和二氯异氰尿酸钠稀释成消毒剂，全捐出去……L济南时报的秒拍视频,02/09
【钟南山：新型冠状病毒和SARS是两回事】据央视新闻消息，9日，湖北省召开第19场疫情防控工作新闻发布会，华中农业大学教授陈焕春介绍，“分析发现，新型冠状病毒属于SARS冠状病毒。”新京报记者刚刚向陈焕春核实到，该说法属于口误。“真的不好意思，完全属于口误，掉了两个字。”他表示，应为“新型冠状病毒属于SARS相关冠状病毒”。这意味着“新冠”病毒与SARS冠状病毒相似。该结论是基于中科院武汉病毒所石正丽研究员的工作得出的。2月9日晚间，针对华中农业大学教授陈焕春认为新型冠状病毒属于SARS冠状病毒的观点，钟南山院士接受第一财经电话采访时表示，新型冠状病毒是冠状病毒的一种，它跟SARS冠状病毒是平行的，二者是同一类（病毒），但不是同一种。钟南山表示，SARS冠状病毒是一个专有名词，是专门指急性呼吸综合征的病毒，它（与新型冠状病毒）不是一回事，这两个（病毒）是两回事，“2019（的）新型冠状病毒是另外一种冠状病毒，都是属于冠状病毒。”（第一财经、新京报）,02/09
钟南山院士表示，新型冠状病毒是冠状病毒的一种，它跟SARS冠状病毒是平行的，二者是同一类（病毒），但不是同一种。（第一财经）更多干货点击O网页链接,02/09
#钟南山称新冠病毒和SARS是两回事#钟南山院士钟老您辛苦了！百忙中还得挤出时间来帮科普！某些专家没事少出来给钟老“添乱”…,02/09
火神山、雷神山、钟南山，山山齐聚克难关；国内捐、海外捐、李兰娟，涓流汇聚救武汉；男医士、女护士、众勇士，士气高昂不言弃；医者心、仁者心、中国心，心如铁石定胜天！,02/09
前脚说气溶胶传播，没过1天说不传播了；这边专家说跟SARS同种病毒，后面钟南山说不是；21点多新闻纷纷报道说李文亮去世了，没过一会儿就职的医院说还在抢救！能说什么呢，就真的让子弹多飞会儿吧！,02/09
【#钟南山称疫情拐点还未到#】全国新增确诊病例下降，是否意味着疫情的拐点到来？2月7日下午，钟南山院士在参加广东省卫生健康委员召开的会议，并对疫情相关热点问题接受了记者采访。他表示，目前疫情并未到达拐点，关键仍要做好早发现、早隔离。（N视频）LN视频的微博视频,02/09
#钟南山新冠肺炎病死率远低于SARS##新冠肺炎病死率远低于SARS#传染力强，传播源头和途径还不准确O新冠肺炎病死率远低于SARS，你觉得新冠状病毒可怕的地方是什么？,02/10
钟南山：第一个潜伏期失败了，失败的原因就是有些不自觉的人到处乱跑，第二个14天开始了，疑似数量还居高不下，如果你还到处跑，不是去自杀，就是去杀人！只要有一个潜伏期感染者还在外面游荡，这个解禁日期将遥遥无期……希望没有第三个潜伏期，钟南山院士再﻿⁠次﻿﻿强⁠﻿调﻿：别﻿出门，元宵后，再看疫情﻿控制情况！﻿警告﻿：一旦染﻿﻿上，⁠就算治愈⁠了，后遗症也会拖⁠﻿﻿累﻿后半⁠生﻿﻿！这场﻿瘟⁠疫比17年⁠前的非典更严重，﻿用﻿的﻿药⁠副﻿作用更大。如﻿果出了﻿特﻿﻿效药⁠，﻿也⁠﻿只能保命，仅此⁠⁠而已﻿！出⁠⁠门前想﻿想你的家﻿人﻿，﻿别连累⁠家人，⁠⁠⁠能﻿⁠不﻿出门就不出⁠门，﻿大家一起﻿⁠转发﻿⁠吧﻿！这是﻿一场⁠战役⁠，不⁠是儿⁠戏，﻿⁠收⁠起⁠﻿⁠你盲⁠目的﻿自信⁠和侥幸⁠⁠心⁠⁠理⁠，⁠⁠也⁠收起你事不⁠关己高﻿高挂起的态度⁠，在这﻿场战役中没有⁠⁠局﻿外人！﻿在⁠家！⁠在家！在家！⁠不﻿要﻿点赞！⁠求﻿转发！⁠⁠﻿⁠﻿⁠—﻿—﻿钟﻿南﻿山,02/10
#上海发布被骂#做一回课代表：1.请shzf管理好上海的所有进出口。现在钟南山院士发的新论文提出了“病人潜伏期内并不一定会发热，不能一味只靠体温测试判断”。请学习其他省份的管理方式。2.落实你们对我们的承诺。之前所说一家人可以购买五只口罩，但是第二天登记后完全没有任何后续措施，到现在还有人没打进登记电话，请你们重视。3.严格管理所有返沪人员。钟南山院士团队论文指出“新冠病毒最长潜伏期可达24天”，就算不能集中隔离，在家隔离也要保证这些人员不出门，对他们负责，对我们负责。4.告知正确的得病人数和隔离情况。按现在的计数法，无异于掩耳盗铃，外地来沪人员他们占用的是上海的医疗资源，没道理不算在上海的得病人数中。并且有必要告知疑似或是确诊患者的家庭地址或小区名称，让周边居民心里有底，不要生活在惶恐中。最后想说，现在是非常时期，请shzf拿出担当。网友有任何补充请在评论区补充。@上海发布,02/10
大家有遇到过撒娇式办公的人吗？我身边有一例。情景1：电话里讨论事情，说完我着急挂电话，“怎么你就要挂了吗？这么久不联系，你不陪我说说话？”我一脸问号，拜托，大家不都忙到头裂吗。“你对我只有工作”。fine。情景2：说完事情，我准备挂电话，“你出来我们见一面呗？”“钟南山不是还没说可以出门吗？”“那我们可以不去公共场合啊。”“不行，等疫情过去。”“那过去之后，你打算怎么犒劳我？”“你不是要喝奶茶？”“那我们是去店里喝还是叫外卖？”“随便。”“那我们出去喝。”“好的。现在可以挂了吗？”就，嗲精是天生的！他们任何时刻都控制不住自己蠢蠢欲动的想要发嗲的心！我又气又好笑。,02/10
【多位专家证实#新冠病毒不属于SARS病毒#】复旦大学公共卫生学院教授傅华指出，从公共卫生的意义上来说，不管新冠病毒还是SARS病毒，所要采取的防控措施应该是一样的，同时疫苗研制的研究方向也不会受此影响。此外，多位专家都表示新冠病毒不属于SARS病毒。钟南山称，新冠病毒跟SARS病毒是平行的，两者是同一类病毒，但不是同一种。中国疾控中心病毒所所长许文波表示，新冠病毒是一个新的病毒，不是SARS病毒，具体情况要以官方宣布为准。（看看新闻KNEWS）L看看新闻Knews的秒拍视频,02/10
第一个潜伏期失败了，原因在于有些不自觉的人到处乱跑，隐瞒不积极配合及无知的人.第二个14天开启，疑似数量还居高不下.如果你还到处跑，不是去自杀，就是去杀人.只要有一个潜伏期感染者还在外面游荡……这个解禁日期将遥遥无期……希望没有第三个潜伏期，钟南山院士再强⁠﻿调﻿别﻿出门，元宵后，再看疫情﻿控制情况！﻿警告﻿：一旦染﻿﻿上，⁠就算治愈⁠了，后遗症也会拖⁠﻿﻿累﻿后半⁠生﻿﻿！这场﻿瘟⁠疫比17年⁠前的非典更严重，﻿用﻿的﻿药⁠副﻿作用更大！就算有特﻿﻿效药⁠，﻿也只能保命.出门前想﻿想你的家﻿人﻿，﻿别连累⁠家人.能﻿⁠不﻿出门就不出⁠门，这是﻿一场⁠战役⁠，而非儿⁠戏！请收⁠起⁠﻿⁠你盲⁠目的﻿自信⁠和侥幸⁠⁠心⁠⁠理⁠.也⁠收起你事不⁠关己高﻿高挂起的装拽的心态，在这﻿场战役中没有⁠⁠局﻿外人.在⁠家！⁠在家！在家！勿赞！⁠欢迎多转发.,02/10
乙亥末，庚子春，荆楚大疫，万人染疾，举国上下，街无车舟，万巷空寂，众惶恐，足不出户，冷眼避之，皆堵拒楚人，为一国封一城。医甲钟南山，年八十有四，携雷、火二神，率诸省白盔素甲三十万大军逆行而上，入疫区，守生死玄关，先锋大将李文亮，染疾，首呼传人，皆未果，彼衙训诫，薨于疾，以身殉国，英雄之举，不禁黯然泪下。武汉苦，最苦是白衣！毒又至，当如何，然外狼亦动，垂涎而候，华夏腹背芒刺。幸龙魂不死，风雨而立。九州一心，青丝、白发皆身先士卒。布衣、商客皆争先解囊。岂曰无衣，与子同袍。山川异域，风月同天，北协和，南湘雅，东齐鲁，西华西，四大护国铁骑援至武汉，死战不退。二十三省，五自治，四直辖，两行政，援兵至，起矛，华夏死战……战战兢兢月余，得上苍眷顾，大疫得治，山河无恙，特此，告诫后人：力行善事，万物皆有灵，天下太平，需众生爱惜。。。🙏借用一下🙏🙏,02/10
#钟南山新冠肺炎病死率远低于SARS##新冠肺炎病死率远低于SARS#传染性更强O新冠肺炎病死率远低于SARS，你觉得新冠状病毒可怕的地方是什么？,02/10
我在看：【84岁高龄的钟南山教授打篮球的样子让小伙们都羡慕】#跟新浪看热点#O84岁高龄的钟南山教授打篮球的样子让小伙们都羡慕,02/10
#感动中国#我在想，来年《感动中国》会不会再次创新，会不会让同一个人两次获得感动中国个人奖，因为钟南山院士确实又一次率先感动了中国！致敬所有为了防疫做出着努力的逆行者，等一个相逢的庚子春天！#感动中国未播出#LSXXSwyy的微博视频,02/10
钟南山院士说：从1月23日封城开始到2月6日（正月十三）为第一个14天。从2月7日（正月十四）开始再过14天，要到2月20日（正月二十七），如果没新增上升，疫情才算是控制了。一个14天不能解决问题，请大家配合，做好第2个14天的防护，很重要！很重要！（我们已经挺过第一个14天，再奋战第二个14天。）,02/10
在决定人的健康程度因素中，遗传因素和环境因素只占15%和17%，医疗条件占8%，而生活态度、生活方式占了60%。人体健康有五大基石，分别是合理膳食、适量运动、戒烟限酒、心理平衡、充足睡眠。心理平衡最为重要。养生第一要义就是心理平衡，这是最重要也最难做到的一点。人们往往被忧虑、惧怕、贪求、怯懦、嫉妒和憎恨等不良情绪困扰。科学研究显示，情绪低落时人体的抗癌功能会衰退20%以上。——钟南山,02/10
#钟南山新冠肺炎病死率远低于SARS##新冠肺炎病死率远低于SARS#把人宅在家里，啥啥的都干不了O新冠肺炎病死率远低于SARS，你觉得新冠状病毒可怕的地方是什么？,02/10
钟南山：第一个潜伏期失败了，失败的原因就是有些不自觉的人到处乱跑，第二个14天开始了，疑似数量还居高不下，如果你还到处跑，不是去自杀，就是去杀人！只要有一个潜伏期感染者还在外面游荡，这个解禁日期将遥遥无期……希望没有第三个潜伏期，钟南山院士再﻿⁠次﻿﻿强⁠﻿调﻿：别﻿出门，元宵后，再看疫情﻿控制情况！﻿警告﻿：一旦染﻿﻿上，⁠就算治愈⁠了，后遗症也会拖⁠﻿﻿累﻿后半⁠生﻿﻿！这场﻿瘟⁠疫比17年⁠前的非典更严重，﻿用﻿的﻿药⁠副﻿作用更大。如﻿果出了﻿特﻿﻿效药⁠，﻿也⁠﻿只能保命，仅此⁠⁠而已﻿！出⁠⁠门前想﻿想你的家﻿人﻿，﻿别连累⁠家人，⁠⁠⁠能﻿⁠不﻿出门就不出⁠门，﻿大家一起﻿⁠转发﻿⁠吧﻿！这是﻿一场⁠战役⁠，不⁠是儿⁠戏，﻿⁠收⁠起⁠﻿⁠你盲⁠目的﻿自信⁠和侥幸⁠⁠心⁠⁠理⁠，⁠⁠也⁠收起你事不⁠关己高﻿高挂起的态度⁠，在这﻿场战役中没有⁠⁠局﻿外人！﻿在⁠家！⁠在家！在家！⁠不﻿要﻿点赞！⁠求﻿转发！⁠⁠﻿⁠﻿⁠—﻿—﻿钟﻿南﻿山,02/10
#张定宇新冠肺炎是自限性疾病#说实话，只相信钟南山说的,02/10
实时播报：据央视新闻，新冠肺炎潜伏期最长24天？钟南山通过央视回应：1099例样本中仅1例为24天，以此为依据是不够科学的。,02/11
热搜整天都是吴昕哭了，郑爽哭了，钟南山哭了热搜去哪里了？,02/11
#我画你猜之无奖竞猜#上期人物：钟南山先生本期提示：耳朵恋食者,02/11
#腾讯新闻#钟南山：全国疫情拐点无法预测，但峰值应该在二月中下旬出现O钟南山：全国疫情拐点无法预测，但峰值应该在二月中下旬出现来自@腾讯新闻,02/11
#钟南山称峰值应在二月中下旬#钟老注意身体啊还有奋战在前线的所有人希望疫情赶快过去大家都平平安安的,02/11
#钟南山称峰值应在二月中下旬#天哪，加油，一定赶快过去！,02/11
防疫唱反调，顽固不配合，强制执行后，还那样抵赖，对这样的人家，大家说该怎么办？#钟南山称峰值应在二月中下旬##武汉疑似病人存量加速消化#L奇葩帖的微博视频,02/11
#钟南山称峰值应在二月中下旬#我就不明白了，既然如此为什么10号还要开工，开工就线上呗，有些公司线下，14天隔离还没到，就去上班，那之前呆在家里是为了啥？？？？？？？,02/11
我分享了O网页链接,02/11
庚子鼠年，为一城而封一国。那一日，钟南山一步入天象，两步入陆地神仙，携雷、火二神三十万白衣坚守武汉死战不退，致此春秋十三甲在添一甲，吾辈当叩谢将军为我等固守生死门。武汉苦、最苦是白衣！O网页链接,02/11
疫情期间，一小区封闭管理，值班大爷广播通知后忘记关喇叭，睡着打鼾，那晚，整个小区都笼罩在恐怖中😂😂😂#钟南山称峰值应在二月中下旬#L白誌的微博视频,02/11
#钟南山称峰值应在二月中下旬#感觉钟老苍老了很多。看着很心疼。特别想对钟老说声感谢。钟老，您也要多注意休息，注意身体。您是我们的主心骨,02/11
泪目。国士无双。钟南山院士接受路透社访问，称全中国的医生，包括李文亮医生和他自己都是英雄。期间一度哽咽流泪。十分感人O网页链接,02/11
#钟南山称峰值应在二月中下旬#【钟南山：全国疫情拐点无法预测，但峰值应该在二月中下旬出现】2月11日下午，广东省医疗队武汉前方ICU团队与后方广州医科大学附属第一医院举行远程视频会诊。钟南山院士也应邀参与此次会诊，会诊中途，钟南山院士还接受了媒体远程采访，在回答环球时报-环球网赴武汉特派记者关于疫情“拐点”的问题时，钟南山院士表示，现在没有任何人可以做一个严格的拐点预测。L环球网的微博视频#世界卫生组织命名新冠状病毒#,02/11
面对新冠肆虐，全国人民众志成城，共克时艰！🙏🙏🙏😷😷😷😷😷😷😷😷😷🙏🙏🙏O网页链接,02/11
钟南山院士关于“潜伏期24天”的解读O钟南山院士关于“潜伏期24天”的解读,02/12
钟南山弟子兼职做主播:希望帮更多网友减少恐慌#钟南山弟子兼职做主播##2021来了#L2021来了的微博视频,02/12
新冠肺炎疫情爆发以来，84岁的钟南山院士再次挂帅专家组组长。钟南山院士是我国呼吸道疾病领域的专家，在2003年抗击非典做出了重大的贡献。但疫情期间，也有很多人打着钟南山院士的名号传播谣言。今天丁香医生整理了钟南山院士近两日的公开言论和回应——一共11个关于疫情的判断。,02/12
钟南山院士关于“潜伏期24天”的解读O钟南山院士关于“潜伏期24天”的解读,02/12
“Soevenme。”溢於言表，願鍾南山醫生平安，好人平安，壞人不安。L寰亚SYHP的微博视频,02/12
钟南山院士说：选择学医可能是偶然，但你一旦选择了，必须用一生的忠诚和热诚对待它！没想过护士资格证如今成为了我们的通行证#最新疫情地图##中国加油##一线医护的真实工作状态#L阿荣熙Aiko的微博视频,02/12
新冠病毒潜伏期最长24天？钟南山回应O网页链接,02/12
北京明天部分地区要下暴雪『刚刚，钟南山紧急发声！最担心的时刻来了......』O刚刚，钟南山紧急发声！最担心的时刻来了......,02/12
#最新疫情地图#希望明天睁开双眼，我们能看到这样的图示：L前史之鉴的微博视频,02/12
有一种精神叫钟南山有一种精神，叫钟南山！向钟老致敬！再致敬！🙏🙏🙏O有一种精神叫钟南山,02/12
已亥末，庚子春，荆楚大地疫，染者数万计。钟南山火神山雷神山三山镇妖，医者心仁者心中国心万心抗疫。举国皆闭户，闲心造美食。,02/12
钟南山院士关于“潜伏期24天”的解读O钟南山院士关于“潜伏期24天”的解读,02/12
@武汉加油@武汉复工@钟南山@人民日报听说武汉14号复工，我的心揪了起来。一面是经济压力，一面是防疫压力。生存的档口，艰难。体现担当的时候又到了，难。我能做的也只有遥祝平安。,02/12
总会有一个人你想给她带来快乐给她带来温暖给她带来陪伴奋战在一线的你，加油#2020发现城市更多美##钟南山给一线医护人员加油#,02/12
钟南山院士：世上所有疾病都是假象，最好的医生是自己O网页链接,02/12
钟南山：新型冠状病毒肺炎可能在更早的时候就存在了O网页链接,02/13
警民寻人总动员大海6795骑马游览杭州湾跨海大桥来投稿发表文章：【#钟南山回应潜伏期最长可达24天#1099例样本中仅1例为24天】钟南山院士就媒体近日报道“钟南山的最新论文发现新冠肺炎潜伏期最长可达24天”的问题做出回应。钟南山表示：实际上真正叙述有24天的病人只有1例，也就是说1099例中只有1例。以这仅有的1例患者报道的时间作为疾病的最长潜伏期是不够科学，我们的研究显示所有患者潜伏期的中位数是4天。LBTV都市晚高峰的微博视频【大海题】,02/13
⭐️钟南山团队发布复工防护要点：①公共区域：每日清洁消毒，定时通风；②会议室：减少集中开会，传阅文件前后需洗手；③办公室：准备带盖的水杯，多喝水；④食堂：错峰就餐，忌吃生食；⑤电梯间：楼层不高走楼梯，触碰按钮需洗手。周知！,02/13
『重大发现！钟南山团队在患者粪便中检出新冠活病毒，国家卫健委回应来了！专家：做好这件事很重要！』O重大发现！钟南山团队在患者粪便中检出新冠活病毒，国家卫健委回应来了！专家：做好这件事很重要！,02/13
#乡宁抗疫在行动#正值疫情高爆发期，大家要像钟南山院士说的一样，一起抗击新型肺炎乡宁图片Via（耿岳敏张雯珂）,02/13
其实很多年前我就很崇拜钟南山院士，那时候社会上哈韩哈日舔美还很厉害，那时候我还很愤青，那时候……我觉得钟院士是真正的贵族，英语粤语都说得很好，舞也跳得很棒，他们一家都是贵族，很崇敬和羡慕这样的家庭，当然我最喜欢的是他那张肌肉照，老一辈学者很多都是好好学习，努力锻炼身体，将来报效祖国这么走过来的。现在又看到很多报道他的新闻和旧的采访视频，大家喜欢得有点晚啊，也别一边倒的踩低明星艺人什么的。现在的我改了一点，别去管别人怎么样，我们改变不了太多人，先做好自己再去想别的，或者做好自己就行了，好好做人，这是一门学问啊，当然这有点弱者思维，但很多时候在变强大的路上我们失去了自我忘了初心，最终变成了自己曾经讨厌的人。好像又有点好为人师了，权当自勉。可能有点累了，今天的体温变化有点异常，吓坏同事们了，睡前写两句以记之。大家加油😊,02/13
#武汉加油#火神山、雷神山、钟南山，三山镇毒！医者心、仁者心、中国心，万心抗疫！,02/13
【中国疾控中心从新冠肺炎病例粪便样本中分离出病毒】据中国疾控中心微信公众号，继钟南山、李兰娟院士团队分别宣布患者粪便样本成功分离病毒，2月13日中国CDC团队从两省的新冠肺炎确诊病例便标本中成功分离到了两株新型冠状病毒。新冠肺炎患者粪便是否排毒一直是疫情防控的重点，在前期粪便样本中检出核酸的基础上，证明粪便中确有活病毒的存在，这种现象的存在与粪-口传播的关系需进一步的研究。高福院士表示，进一步的调查研究工作对未来防控具有重要指导作用。,02/13
硬核劝阻：没有火神山，没有钟南山，只有抬上山#6毛进价口罩卖1元被罚将重启调查##金银潭医院恳请康复患者捐献血浆#,02/13
#凤凰新闻#分享凤凰新闻：钟南山：新型冠状病毒肺炎可能在更早的时候就存在了O网页链接来自@凤凰新闻客户端,02/13
浙江台州过来的一例在大同确诊…大同信息跟踪每次都卡在钟南山院士数据最边缘么？昨天刚报道说有个例最长潜伏期24天，大同这就出现个24天确诊的？出院的都是小朋友？？？看大同新闻好辛苦啊,02/13
#促进中医药深度介入诊疗#中医要早介入疫情早就结束了，轮不到钟南山这些废物败类在作威作福，邓铁涛在世的时侯给他展示了中医治愈非典的速度和疗效，他明知道中医治愈率，在这次新型肺炎期间还坚持西医方法，民族的罪人,02/13
#武汉加油#火神山、雷神山、钟南山，三山齐聚克难关；国内捐、海外捐、李兰娟，众捐纷来达通途；男护士、女护士、前线人士，中国勇士齐抗疫；医者心、仁者心、中国心，万众一心不畏难！武汉加油！湖北加油！！中国加油！！！@郑州大学青年集结号@姜Zhhhhhh,02/13
#钟南山团队在患者粪便检出新冠活病毒#公厕消毒要排上日程了吧？,02/13
#陕西防控新型肺炎#【钟南山、李兰娟团队在粪便中检出新冠病毒，国家卫健委回应…】人民网：近日，钟南山、李兰娟院士团队分别从新冠肺炎患者的粪便样本中分离出新型冠状病毒，这一发现证实了排出的粪便中的确存在活病毒，对于准确认识疾病的致病传播机理，帮助全社会有针对性地做好防控，切断疫情传播途径具有重要意义。国家卫健委新闻发言人今天表示，发热、乏力、干咳仍然是最主要的临床表现，粪便中分离到病毒并不意味着该病主要传播途径发生变化，仍为呼吸道和接触传播为主，消化道的传播（包括粪口传播），在全部传播中的作用和意义仍需进一步观察和研究。专家表示，是否存在粪口传播目前还需进一步研究，不要过度紧张或恐慌，但一定要勤洗手、勤消毒，食物煮熟再吃，注意个人和家庭卫生，注意下水道的通畅及必要的消毒。,02/13
《取一滴血15分钟内有望检出结果钟南山指导研制快速检测试剂盒》中国青年报客户端广州2月14日电仅需取一滴血就有望在15分钟内肉眼观察获得检测结果，且患者的血浆稀释500至1000倍后，仍能检测出阳性条带。O网页链接,02/14
钟南山和林语堂还是亲戚？,02/14
⭐️很多人否定中医，黑中医，以至于这次疫情中医一直得不到重视，但是2⃣0⃣0⃣3⃣年非典，钟南山院士的女儿也感染了非典，钟院士把女儿交给了国医邓铁涛进行治疗！！不到痊愈，没有任何后遗症！,02/14
方老视点钟南山的#情人节#礼物。#关注新冠肺炎#【#钟南山指导研制出快速检测试剂盒#提高阳性检出率】广州医科大学呼吸疾病国家重点实验室14日发布消息称，在中国工程院院士钟南山的指导下，该实验室联合中国科学院广州生物医药与健康研究院、广州再生医学与健康广东省实验室等，研发出新型冠状病毒IgM抗体快速检测试剂盒，并已在实验室和临床完成初步评价。,02/14
己亥末，庚子春，华夏大疫，染者数万计，众惶恐，举国防，皆闭户，街无车舟，万巷空寂。医甲钟南山，镇守江南都，南山率白衣郎中数万抗之，布衣，商客，皆争先解囊，且九州一心。月余，得上苍眷顾，疫尽散，国泰民安。华夏黄土必将永世山河无恙，人间满春！#武汉加油#,02/14
呼吸疾病国家重点实验室2月14日对外透露，近日，在钟南山院士的指导下，该实验室联合中国科学院广州生物医药与健康研究院、广州再生医学与健康广东省实验室等单位最新研发出新型冠状病毒IgM抗体快速检测试剂盒，并已在实验室和临床完成初步评价。据介绍，该试剂盒应用胶体金免疫层析技术，采用间接法检测人新型冠状病毒（SARS-COV2）IgM抗体，仅需采取一滴血就有望在15分钟内肉眼观察获得检测结果，且患者的血浆稀释500至1000倍后，仍能检测出阳性条带。该试剂盒与目前诊断所用的RT-PCR核酸检测相比，检测更加简单高效，灵敏度强和特异性高，能够有效突破现有检测技术对人员、场所的限制，缩短检测用时，实现疑似患者的快速诊断和密切接触人群的现场筛查，推动诊断筛查的前移下移。,02/14
市长疲惫的双眼让人动容、身居高位的市长都能“疫”流而上、我们为何不能多给市长暖暖心呢？——你TMD的还真是让我恶心！市长疲惫的双眼让人动容？——奋战在一线的医护人员和基层工作人员，他们加班加点熬夜苦守的黑眼圈，你看不见，你瞎了？市长身居高位“疫”流而上？——84岁的钟南山院士亲自挂帅上阵、74岁的李兰娟院士带队每天睡三个小时研究病毒、山东副sheng长副shu记亲自带队援助湖北，这些身居高位“疫”流而上的人，你看不见，你瞎了？,02/14
#钟南山指导研制快速检测试剂盒#靠谱吗？多久能推广？,02/14
有低谷，才会一直勇攀高峰啊『钟南山院士亲笔致谢刘强东，这点刘强东超过马云，送的是“温暖”_财经头条』O钟南山院士亲笔致谢刘强东，这点刘强东超过马云，送的是“温暖”,02/14
[热门]钟南山：目前不要出行，疫情1周或10天左右达到高峰。查看👉👉👉O网页链接钟南山：目前不要出行，疫情1周或10天左右达到高峰O网页链接,02/14
『重磅！科大少年班学者预测：仅武汉感染已达5万！钟南山：2月中下旬疫情或达高峰』O重磅！科大少年班学者预测：仅武汉感染已达5万！钟南山：2月中下旬疫情或达高峰,02/14
#钟南山指导研制出快速检测试剂盒#好消息#科学抗击疫情#,02/14
【钟南山指导研制出快速检测试剂盒提高阳性检出率】广州医科大学呼吸疾病国家重点实验室14日发布消息称，在中国工程院院士钟南山的指导下，该实验室联合中国科学院广州生物医药与健康研究院、广州再生医学与健康广东省实验室等，研发出新型冠状病毒IgM抗体快速检测试剂盒，并已在实验室和临床完成初步评价。（中国新闻网）(利好)相关股票：sz002045，sh600356，sh600733,02/14
有爱的大家庭，感恩你们所有的付出[抱拳]希望大家不要抱着无所谓侥幸心理随意外出外面雨水哗哗，卡点人员还在默默坚守岗位，为了自己，为了家人，好好在家享受！一旦你的随意被它宠幸，没有火神山雷神山更没有钟南山，只有送你上山,02/14
#小素夜话#【勤洗手】钟南山、李兰娟院士团队从新冠肺炎患者粪便中分离出病毒。大家一定要注意勤洗手勤洗手勤洗手，重要的事情说三遍！（惠善德）,02/14
加油【#钟南山院士指导研发快速检测试剂盒##采一滴血15分钟内可获检测结果#】昨天，呼吸疾病国家重点实验室对外透露，近日，在钟南山院士的指导下，实验室联合多家研究机构，最新研发出新型冠状病毒IgM抗体快速检测试剂盒，并已在实验室和临床完成初步评价。据介绍，仅需采取一滴血就可在15分钟内肉眼观察获得检测结果，且患者的血浆稀释500至1000倍后，仍能检测出阳性条带。呼吸疾病国家重点实验室表示，这一试剂盒在湖北某医院进行了应用试验。通过对部分临床已确诊为新型冠状病毒感染阳性（但PCR核酸检测阴性的）患者血样进行复检，该试剂盒能检出相当部分（IgM）阳性，提示可与核酸检测形成互补。目前该试剂盒（科研用）样品已大批送至湖北省武汉市、黄冈市、大冶市等地基层卫生机构等，与核酸检测等技术联合用于检测新型冠状病毒感染的测试评估。（总台央视记者陈旭婷）,02/15
#火神山医院icu不眠夜#浙江衢州。泥塑工艺大师徐远渭创作了一系列抗击疫情相关人物泥塑作品，钟南山、韩红、李兰娟等。致敬前线医护人员L澎湃新闻的微博视频,02/15
刚刚看崔大使的采访，虽然是他职位的基本要求，但流利的英文仍让人好生羡慕，让我联想到前段时间钟南山院士的英文采访，以及2年前在巴厘岛旅游时，团内的医生团员在医院用一口流利的英文与当地医生进行沟通。英文真的很重要，它至少是你看外面的世界最基本的桥梁。,02/15
今天不小心打开有个@中国作家刘信达，哇塞，中国直男一览。说郭敬明为什么比钟南山有钱，住那么好的房子。评论矮子凭什么住好房子。苍天，评论全都是这种，点进去仿佛一脚陷入粪堆。,02/15
钟南山院士指导研发快速检测试剂盒，采一滴血15分钟内可获检测结果！中国加油❤️>>O网页链接钟南山院士指导研发快速检测试剂盒，采一滴血15分钟内可获检测结果！中国加油❤️,02/15
【匈牙利-布达佩斯】多瑙河畔的布达佩斯，是世界上最安静的首都：从窗户挤进来的阳光稀稀落落打碎在脸上，这个初春的早上，所有过往的旅愁，一瞬间窸窣而过。我们同时被感动，不约而同地年轻起来。#钟南山指导研制出快速检测试剂盒##钟南山指导研制出快速检测试剂盒#,02/15
实属不易，家人分分也不多了。前方医护人员太不容易，大家彼此注意防护，听钟南山院士的话，就是对前线最大的支持！,02/15
#钟南山院士指导研发快速检测试剂盒#向钟老致敬！您辛苦了，每一次出现疫情您都在先锋指导工作,02/15
将近半年的托福学习，托福110，申到了英国爱丁堡，英国排名第五的学校。也是钟南山院士的母校。恭喜，我的娃们都太优秀！我们一起的努力没有白废愿我的学生今后的学业取得更大的进步。,02/15
恭请了师公后，连续两次摇到口罩[强][强]#武汉加油##钟南山谈疫情#,02/15
这就是我们勤劳勇敢善良的中国同胞！#湖北一半以上确诊病例都用中医药治疗##钟南山指导研制出快速检测试剂盒#L热门视频合集的微博视频,02/15
刚刚传来好消息，钟南山院士给出了疫情结束的时间，真令人激动啊！O网页链接,02/15
《钟南山重磅发声，给未感染民众吃下“定心丸”！》而对于目前已经患有此种病症的重症患者来说，现在最主要的治疗方式还是采用生命支持的保守措施。O网页链接,02/15
#咱们一定可以克服这场疫情#火神山、雷神山、钟南山，三山镇疫情！L蓝毛乌鸦的微博视频,02/15
不是兄弟不是人，只怪烧烤太迷人。钟南山院士说食欲不振是新冠的迹象，我觉得我很好,02/15
【新时代中国五大明星】他们是国之栋梁，在武汉最前沿，为我们遮风挡雨！请记住他们的名字吧中国工程院院士——钟南山中国工程院院士——李兰娟中国工程院院士——王辰中国工程院院士——张伯礼中国工程院院士——陈薇,02/16
-打卡“我们各自攀登然后山顶相见我祝你前程似锦也祝我前途无量”今天老师叫写的作文～（不知道哪来的勇气发的）然后还看到了钟南山院士的写作素材🐴住,02/16
三次捐款得良心企业家马云，实力圈粉率阿里捐助十亿后，个人名义向武汉捐款一亿，再为钟南山院士得团队捐款2000万用于研发，为马云大大点赞L汴禧集团私黛D女郎小凤的微博视频,02/16
钟南山院士团队教你复工后这样防护O钟南山院士团队教你复工后这样防护,02/16
️➭钟南山发声了疫情可能在六月份结束这半年你想怎么过❓#深圳##闲钱理财##兼职##投资理财##理财##币圈#,02/16
晚上好，今天是2020年2月16日，农历正月廿三，今天关于新冠疫情（COVID-19）的好消息有:1浙江无死亡病例，且已摸索出比较有效的组合治疗方案2湖南七旬老夫妻双双治愈3钟南山院士指导研发快速检测试剂盒，一滴血15分钟可获检测结果4阿里云AI诊断新技术应用，20秒即可识别病例，新冠CT影像识别准确率96%5黑龙江某传销团伙买菜太多，露出马脚你从疫情中学到了什么呢，晚安😊,02/16
我在钟南山超话等级达到LV.6，获得活跃粉丝头衔，小伙伴们快来加入超话一起聊聊吧！超话传送门→钟南山,02/16
方舱医院千人高喊：中国加油！武汉加油！钟南山说的那股劲上来了！L钱之乔Joe的微博视频,02/16
蓝忘机是什么意思？！对啊，那个钟南山就是个大蓝眼睛！！我又想起了“蓝色尸体”那个鬼故事！！！,02/16
钟南山团队重大发现，更可怕的风暴还在后面！O网页链接,02/16
后世记载，庚子鼠年，楚地大疫。为一国封一城。那一日，医甲钟南山，携雷火二神，率三十万白衣，入疫区，死守生死玄关，先锋大将李文亮战死，以身殉国。众白衣，死战不退，保我华夏。晚辈叩谢。,02/16
钟南山等人对1099例（截至1月29日）新冠肺炎确诊患者的临床特征进行了回顾性研究。O网页链接,02/16
粪便是否会传染，尚无定论，钟南山院士说了值得高度警惕，大家做好卫生就好。#搞笑视频坊##今天最秀#LYMM裙子爱猫咪5的微博视频,02/16
#钟南山##抗击新型肺炎我们在行动#德高望重的钟老您辛苦了，愿您身体健健康康！🙏#走心视频##抗疫行动##钟南山谈疫情##武汉加油##红人的诞生#→_→#寻找神右君#L张子钿的微博视频,02/16
特别赞同图中这几位的观点。多说几句，经济学中认为政府有两种时滞，即决策时滞和执行时滞，这两种时滞在这场疫情中表现的淋漓尽致。决策时滞在1月上旬，就是湖北省领导在疫情爆发初期的黄金时间，选择捂住不发，直到钟南山来了，捂不住了才全力准备去抗疫。执行时滞呢，在湖北以外的地方，临近2月，政策才开始层层加码。从每人带口罩到关餐厅再到封路封小区，到统一集中隔离，这个加码的过程，恰恰是和局面逐渐好转同步的。然而层层加码到现在，这个病毒也很清楚了，就是严重些的流感，湖北省外也已控制住了，这种执行却还要持续，甚至鲜有人敢说放松。因为放松了无事，天下太平；出了一个感染的，自己就要背大锅。我不认为说这两种时滞可以避免，任何一个政府都做不到。但从这一点衍生出去，一个小政府，可能无为而治，造成疫情，但不影响日常生活，等到传播几轮就自然消失。而一个家长式，包办一切的政府机构，能集中力量办大事。但在时滞时，准备收手时，过于紧张所导致的发力过猛，反而容易好心办坏事。就像施丹老师举的例子那样，经济危机发生时政府还在滞后，待到经济危机过去的时候滞后结束了，开始猛烈刺激经济。不仅市场失灵，政府也失灵了。,02/16
从大年三十开始就被封印在了家里，钟南山的一句话就像一条隐形的封印，封住了家家户户的门。,02/17
实时播报：【钟南山：明日发布近期中药用于治疗新冠肺炎的最新结果】据南方plus，钟南山说，目前重症救治确实存在一定困难，特别是危重症病人救治难度相较“非典”时期更大。“针对重症救治，目前我们正在寻找更多有效的药物、探索新的方法。”钟南山透露，将在2月18日广东省新闻发布会上发布近期中药用于治疗新冠肺炎的最新结果。,02/17
#清肺排毒汤疗效#到目前为止我还没看到一个想钟南山这类级别的专家站出来支持中药治疗新型冠状病毒的，都是这些中医圈子的人出来蹦哒，数据干脆抛开中西结合治疗方案，直接就引用其参与过的病例作为数据，试问这些病例都是纯粹中药治疗吗？公鸡打鸣太阳升起，难道太阳升起是和公鸡打鸣有关系？所有药物做双盲对比都要一定时间，现在就急不可待公布中药方子有效科学那吗？没有公开这病是自限性疾病没有几个敢说中药有效，公开是自限性疾病后就天天出来蹦哒。治疗费用全部是国家承担，中药可比医药便宜。,02/17
【钟南山：明日发布近期中药用于治疗新冠肺炎的最新结果】钟南山说，目前重症救治确实存在一定困难，特别是危重症病人救治难度相较“非典”时期更大。“针对重症救治，目前我们正在寻找更多有效的药物、探索新的方法。”钟南山透露，将在2月18日广东省新闻发布会上发布近期中药用于治疗新冠肺炎的最新结果。微博财经7X24小时频道,02/17
"钟南山院士关于武汉最新疫情分析：""现在遇到最大的问题是，武汉做了很多努力，但还是没有完全制止人传人，看起来还得有所增加。只有武汉的问题解决了，正常人和病人分开，解决了大量疑似病人的问号是什么，才将对全国有积极影响""",02/17
发布了头条文章：《疫情当前，农村防控力度如何？可以下地干农活吗？钟南山给出答案》O疫情当前，农村防控力度如何？可以下地干农活吗？钟南山给出答案,02/17
#腾讯新闻#钟南山：2月中下旬全国病例数将达到峰值武汉仍未完全制止人传人O钟南山：2月中下旬全国病例数将达到峰值武汉仍未完全制止人传人来自@腾讯新闻,02/17
钟南山：2月中下旬全国病例数将达到峰值武汉仍未完全制止人传人O钟南山：2月中下旬全国病例数将达到峰值武汉仍未完全制止人传人,02/17
钟南山谈新冠肺炎疫情峰值：南方地区在2月中下旬，全国在4月份。还是挺保守的,02/17
现在理解钟南山说“武汉是一座英雄的城市”的时候眼睛里为什么含着泪了，真的，没有人愿意成为英雄。不要妄谈胜利，宏大的叙事容易掩藏个体的牺牲，坚壁清野的最好结局不过是把病毒赶回深山老林。重拾敬畏，而非新增遗忘，时代面前已然成灰，就不能再像风吹过。,02/17
#南都直播#【宅家体育课第1课：学会深蹲、沙发蹲，蹲出翘臀】钟南山说过“锻炼就像吃饭一样，是生活的一部分”。南都“宅家体育课”邀请Crossfit教练Jason和Luna，教小伙伴们一系列就“家”取材、简单易学的健身动作。一起来锻炼，让宅家的日子多一分乐趣。L南方都市报的微博视频.,02/17
钟南山领衔专家组认为磷酸氯喹对新冠肺炎有疗效！目前血浆治疗对重症和危重症非常有效O钟南山领衔专家组认为磷酸氯喹对新冠肺炎有疗效！目前血浆治疗对重症和危重症非常有效,02/17
虽然校考被延期，很多事情都搁置了，但也不要放松自己，要持续的锻炼自己，不要忘记你的梦想啊，不要忘记初心啊，谁在这个时期坚持下来谁才有资格考入美术学院。---来自非典时期参加高考的人的忠告#钟南山新冠肺炎疫情有望4月前结束#,02/17
#腾讯新闻#钟南山：2月中下旬全国病例数将达到峰值武汉仍未完全制止人传人O钟南山：2月中下旬全国病例数将达到峰值武汉仍未完全制止人传人来自@腾讯新闻,02/17
"美国参议员竟称新冠病毒可能来自中国生物战计划，驻美大使崔天凯回应：疯狂至极！#中国加油！##钟南山##我和我的祖国##朱一龙我和我的祖国##抗击疫情##疫情全知道##不由自主哼起我和我的祖国##美国##我爱你中国##我爱你,中国##中国花游完美演绎我爱你中国##中国我爱你##疫情全知道##我爱你中国##我爱你中国##中国加油##为中国加油##加油中国加油武汉##武汉加油,中国加油##武汉加油中国加油##武汉你好吗##武汉日记##正能量##武汉市委书记回应歧视湖北人##天将降大任于中华##武汉加油##日本##直击##新型冠状病毒##鄠邑区##鄠邑乡党##鄠邑正能量##美丽鄠邑##关注扶贫助力攻坚##武汉加油##新型冠状病毒##抗击肺炎##新闻启示录##黑龙江##吉林新闻##哈尔滨新闻##新疆##塔里木##北京##天津生活##河北##燕京##贵州##云南##西藏##陕西身边事##西安##甘肃##青海##山西##河南##浙江##湖北##山东##四川##广西##福建##广东##两广两湖##广州##从化##齐齐哈尔##安徽##上海##浙江##江苏##安徽##江西##桂林##湖南##香港##内蒙古##宁夏##义乌##深圳##南京##南昌##辽宁#L太乙亘0956的微博视频",02/17
后世记载，庚子鼠年，楚地大疫。为一国封一城。彼时，医甲钟南山，携雷火二神，率三十万白衣，入疫区，死守生死玄关，先锋大将李文亮战死，以身殉国。众白衣，死战不退，保我华夏。晚辈叩谢。,02/18
#钟南山强调保持下水道通畅极为重要#快夸我！我没说错！！我平时镇有这习惯，拿84冲厨房和厕所下水。大家试试吧,02/18
#武汉记录##武汉加油##武汉所有住宅小区实行封闭管理##钟南山表示武汉还没有停止人传人#二月18日1、今天从楼下看到小区门口悍了一个很高的铁门，并且来了几名穿制服的警察，更加规范的管理小区，小区的居民也都乖乖待在家里，今天从阳台上面看到马路上的车辆比前几日少很多，就是不断有救护车经过，🙏然后就几乎很少有人出现在路上，看到这些觉得很安心，想着，我们会好的，一步一步来，不是吗？2、今天外婆身体好多了，感觉特别开心，外婆这两天身体有点不适，所以家里都特别的紧张，不是怕别的，主要是怕她不舒服现在去医院又特别危险，所以我们家里人从上到下，每天都小心翼翼的陪伴着，不断观察情况，幸好今天看着外婆吃饭吃的特别香，话也特别多，顿时家里氛围轻松了很多希望那些生病的人快快好起来，能够蹦跶🙏虽然现在每天的消息让人有时挺害怕的，但是我们生活不是也要继续吗？虽然我不能说和正在逆境的人感同身受，但是我一定虔诚为你们祈祷，🙏希望我同城的人们，能够好好的🙏3、虽然今天钟院士说了武汉的真实情况，明天也会知晓拉网排查结果，不管如何，生病的人都要调节自己心态，相信办法永远比困难多，只要活着就好！那些武汉身体健康的人，我们也要守住自己，不出门不添乱，不管是为了自己还是家人，请守住，我觉得情况好的话应该会到五月份过后能够有希望出门，在这期间，大家一定要好好的，好好吃饭、好好睡觉、适当运动，为了自己为了家人为了关心你的所有人我们夏天见望去世的人能够安息，望活着的人能够珍惜现在所拥有的一切,02/18
#钟南山称李文亮为英雄#当我看到如今还有人在说“都是吃蝙蝠的人的错”的时候，我以为，原来李文亮医生的死这么快已经变成过去式了。这便是我们生者对死者最大的嘲笑。,02/18
每天从新闻中看到前线医护人员还有80多岁的钟南山疲惫又拼尽全力地在疫情的战役中战斗，而再想到渺小的自己可以一边调侃着“无聊”闭关在家吃吃喝喝睡睡，一边可以任性撒娇作点小性子幻想着早日恢复那些大半个月未尝到的美食和娱乐的场子……这就是伟大与平凡最深动地写照，完美诠释能力越大责任越大。#抗击疫情希望同行#,02/18
#钟南山回应康复病人血浆治疗#那些去捐血浆的好心人是真正地去传递爱啊愿善良的你们一辈子平安康乐，盼时光能够将你们温柔以待。,02/18
《钟南山：目前最大的问题，武汉还没有停止人传人》钟南山：目前最大的问题，武汉还没有停止人传人O网页链接,02/18
【#钟南山表示武汉还没有停止人传人#要把新冠肺炎病人和其他人分开】2月18日下午，钟南山院士在广东省新闻发布会上表示，目前武汉依然是关键，八成病人在武汉，九成死亡病例在武汉，武汉现在看来还并没有停止人传人。现在需要密切解决两个问题，一是正常人和病人分开，二是新冠肺炎病人和流感病人分开。LN视频的微博视频,02/18
我们村的大喇叭天天念：“打赢这场战，年年过新年，你们到处窜，最后一个年”“我们这儿没有雷神山，没有火神山，没有钟南山，更没有人把你抬上山”“不要出去走，不要出去转，不要出去给社会添乱”#见过最接地气的抗疫标语#,02/18
#钟南山表示武汉还没有停止人传人#🌹平常心看世间，要用非常平常的心看这个世界、这个世间所有的东西都是平平常常的。我对什么都无所谓的，今天我有吃的，我谢谢，今天我没有吃，我也谢谢，什么都谢谢。真正聪明的人，一开口就是“谢谢”，“谢谢”成为一种语言，随时说出，成为一种意识当中的防护墙，这就是智慧，这叫平常心看世界——没有什么可以让我担心的，让我烦心的，世界上任何事情都是很平常的。 BHFF2.20,02/18
#一起家庭教育##每日亲子陪伴##汉堡学习#网上大热的语文认字app有这三个：洪恩识字，悟空识字，叫叫识字…我选择了洪恩识字app，发现孩子还是挺喜欢的。有些字的游戏环节设置挺好的，通过联想帮助记忆。还有让孩子跟着一笔一画写字✍️通过这十几天的学习，他也掌握了好几个字。看着电视📺上弹出的字幕，看见钟南山，说这是“山”，看见门诊，说这是“门”…孩子总是在不经意间给你惊喜。这大概就是收获吧。不期望只学一次就掌握，识字的过程本身就是反复。学习亦是如此。我们只管每天浇花，总有一天会开花结果相信坚持的力量。,02/18
【今日热点：近4万包卫生巾运抵武汉钟南山表示武汉还没有停止人传人】今天网友热议的网络热点是近4万包卫生巾运抵武汉、钟南山表示武汉还没有停止人传人……趋势君整理报道如下：...详情点这→→O网页链接,02/18
#钟南山#全中国最帅的人,02/18
李：这次疫情，如果假设没人有恶意的行为，那就暴露了一个事实：中国最悲观的学者，都没有预测到这个病毒的严重性。包括钟南山一开始都乐观了。这是一个重大的缺陷。人们不愿意往坏了想，认为那是散布谣言。相对来说，香港大学教授在23日提出的预测更接近事实。害怕散布XX，丧失了早期行动的机会。,02/18
温州旅欧华侨又拿血汗钱抢救援物资。#疫情出现三个首次##钟南山谈新冠肺炎疫情峰值#L热门视频合集的微博视频,02/18
#钟南山联手哈佛大学攻坚新冠病毒##关注新冠肺炎#【#钟南山联手哈佛大学攻坚新冠病毒#】2月19日上午10时，哈佛大学、广州呼吸健康研究院、恒大集团三方联合成立的新型冠状病毒肺炎科研攻坚小组召开第二次视频会议，各方进行了两个多小时的深入研讨。　　从现场参会名单来看，科研攻坚小组包括国家卫健委高级别专家组组长钟南山院士，哈佛大学医学院院长GeorgeDaley院士，哈佛大学医学院副院长DavidGolan、免疫系主任ArleneSharpe院士，哈佛大学雷根研究所主任BruceWalker院士，哈佛大学传染疾病动态中心主任MarcLipstich，丹娜法伯癌症研究院传染病系主任LindseyBaden，广州呼吸健康研究院院长何建行教授、呼吸疾病国家重点实验室副主任赵金存教授等国内外权威专家，这是一个世界顶级团队。　　哈佛校长LawrenceS.Bacow表示，哈佛大学非常感谢有机会参与攻克人类共同面临的难题，他对哈佛大学和钟南山率领的广州呼研院共同合作、发挥各自科研优势攻克新冠病毒肺炎充满信心。　　钟南山院士表示，相信通过三方共同努力，一定能尽快形成一批科研成果，一定能对疫情防控、患者救治起到积极作用，最终彻底消除新冠病毒对人类健康和生命安全的威胁。（人民日报）,02/19
#钟南山联手哈佛大学攻坚新冠病毒#,02/19
#新盟快报#【#钟南山回应新冠肺炎药物使用#只要发现它有效果，就应该可以用它】#钟南山#钟南山介绍：磷酸氯喹现在不是特效药，但是是一个有效药。你只要发现它有效果的话，就应该可以用它。在面对一个从来没有遇见过的病的时候，我们要做一些实践，摸着石头过河，只要是一种药用了以后没有害处，那就可以尝试。#钟南山联手哈佛大学攻坚新冠病毒#L央视新闻的微博视频,02/19
#钟南山回应新冠肺炎药物使用#注意休息,02/19
#钟南山联手哈佛大学攻坚新冠病毒#钟老辛苦了！我们等着您！战胜病毒没几天了！,02/19
不敢再看那个视频，太惨了！院长，请您一路走好。院长夫人，请您节哀！这样的生离死别，已经在武汉在湖北上演了太多太多次了。钟南山院士曾含泪说武汉是一座英雄的城市，我当时听得一知半解，现在有些懂了。,02/19
【#疫情播报#|2月19日21点至00点疫情消息】22:16：#日本政府回应教授控诉钻石公主号#22:14：#武汉要求各区负责人签责任状#22:09：#武汉实施城市下水道消毒#21:13：#抚州一线医务人员子女中考加20分#此前重要信息#钟南山联手哈佛大学攻坚新冠病毒##钟南山回应新冠肺炎药物使用##94岁母亲举报65岁女儿聚众打麻将##鄂州发布回应派出所分发物资#,02/19
#钟南山联手哈佛大学攻坚新冠病毒#钟老您辛苦了要多多注意休息,02/19
【#钟南山回应新冠肺炎药物使用#只要发现它有效果，就应该可以用它】钟南山介绍：磷酸氯喹现在不是特效药，但是是一个有效药。你只要发现它有效果的话，就应该可以用它。在面对一个从来没有遇见过的病的时候，我们要做一些实践，摸着石头过河，只要是一种药用了以后没有害处，那就可以尝试。（总台央视记者陈旭婷）L央视新闻的微博视频,02/19
#钟南山联手哈佛大学攻坚新冠病毒#辛苦了,02/19
【#钟南山回应新冠肺炎药物使用#只要发现它有效果，就应该可以用它】钟南山介绍：磷酸氯喹现在不是特效药，但是是一个有效药。你只要发现它有效果的话，就应该可以用它。在面对一个从来没有遇见过的病的时候，我们要做一些实践，摸着石头过河，只要是一种药用了以后没有害处，那就可以尝试。@央视新闻L央视新闻的微博视频,02/19
没有不停的雨，天总会晴！#今日雨水#加油！#钟南山联手哈佛大学攻坚新冠病毒#,02/19
#钟南山联手哈佛大学攻坚新冠病毒#阿里巴巴：协调口罩厂商，有口罩现货库存4612.2万，优先保障武汉等疫情一线！携手抗击疫情，赞！#阿里巴巴#L微视频天下的微博视频,02/19
#钟南山联手哈佛大学攻坚新冠病毒#相信钟老，中国的泰斗,02/19
#钟南山联手哈佛大学攻坚新冠病毒#钟老注意休息注意安全🙏,02/19
【疫情反思】明星救不了国，唯科技和实业可以！在太平盛世，明星是很多人追捧和崇拜的对象。而在国难面前，还得靠10天能建成一座医院的建设者，还得靠冒着生命危险冲锋陷阵的白衣天使，还得靠人民解放军，还得靠24小时不停生产医护用品的工厂，还得靠大量坚守岗位的执勤者，还得靠84岁的钟南山和73岁的李兰娟等这样忧国忧民的专家学者。明星救不了中国，真正的荣誉、光环、奖励都应该给予对国家有更大贡献的人，给予李文亮医生这样真实善良的平凡人。,02/20
我在看：【关于“拐点”，钟南山的最新判断来了】#跟新浪看热点#O关于“拐点”，钟南山的最新判断来了,02/20
疫情不出门，在家做茄汁豆腐美食!，做法简单又好吃!#疫情出现三个首次##钟南山谈新冠肺炎疫情峰值#L余生请多指教师的微博视频,02/20
疫情不出门，在家做茄汁豆腐美食!，做法简单又好吃!#疫情出现三个首次##钟南山谈新冠肺炎疫情峰值#L太带感了1992的微博视频,02/20
#李兰娟脸上的压痕#疫情期间，最帅最美的人，最美李兰娟院士、最帅钟南山院士！,02/20
我们不怕！深情MV致敬战疫者，钟南山：坚信这种力量！『我们不怕！深情MV致敬战疫者，钟南山：坚信这种力量！』O网页链接,02/20
再学习一下一个月前的1月20日钟南山院士宣布的新型冠状病毒“肯定人传人”。如果没有钟老的话，将不知道武汉什么时候封城，全国要多感染多少人……或将彻底不可收拾。LFx程者0_e的微博视频,02/20
【给医生妈妈的书画】天津市泰达医院的马国岭跟随医疗队到达武钢二院之后，女儿几乎每天都会为她画一副画。画中的内容不仅有奋战在前线“疲惫”的她，还有神情坚毅的钟南山院士，以及忙碌在各自岗位上的医护人员们。马国岭非常欣慰，调皮捣蛋的女儿长大了。#众志成城抗疫情#O网页链接,02/20
#南烛电台投稿##今年的计划#【Day7】@皮皮烛钟南山——民族的脊梁，我的偶像！2003年非典爆发的时候我还是个需要别人保护的小孩，今年二十二岁的我经历这一遭，也真的对生命有更大的理解了。我以后绝对不会怀念2020，但我会记住这一年的年初，我们经历了怎样的事情，更会记住，因为这场病，看到了多少我曾经毫不在意的英雄,02/20
#重庆辟谣#钟南山“预测”重庆3月25日前后解除限制？2月20日真相与谣言（来源：网信重庆）,02/20
"#武汉加油,中国加油#亲爱的孩子们，长大后要做钟南山爷爷那样的人江苏自媒体联盟L江苏道法自然的微博视频",02/20
疫情不出门，汉中小伙分享制作面包全过程，网友有福了#疫情出现三个首次##钟南山谈新冠肺炎疫情峰值#L搞笑亦的微博视频,02/20
我在看：【钟南山“预测”各地解除限制时间？】#跟新浪看热点#O钟南山“预测”各地解除限制时间？,02/20
致敬英雄#钟南山O网页链接,02/20
#李兰娟脸上的压痕#真的好感谢你们！李兰娟院士、钟南山院士、前线工作的所有医护人员们！虽然不能知道你们所有人的样子，但是我们的祝福会送到你们的身边，病毒终将被克服，而你们会回家！爱你们，爱你们那脸上的压痕，那是2020年最美的一道风景线[米奇比心],02/20
钟南山院士团队远程会诊云南重症患者充分肯定我省防控防治成效O钟南山院士团队远程会诊云南重症患者充分肯定我省防控防治成效,02/21
钟南山为云南新冠肺炎重症患者“开方”！充分肯定云南防控防治成效O网页链接,02/21
我在看：【钟南山谈疫情拐点：预估二月中下旬达峰值但不等于拐点已到】#跟新浪看热点#O钟南山谈疫情拐点：预估二月中下旬达峰值但不等于拐点已到,02/21
钟南山为云南新冠肺炎重症患者“开方”！充分肯定云南防控防治成效O网页链接,02/21
我围观了@王福重的回答，该问题价值200.00元，围观仅1元，快来一起围观~O微博问答,02/21
《发布会上，84岁钟南山终于笑了！久违的笑容背后代表了什么？》这一天，距离84岁的钟南山夜驰武汉刚刚一个月。O网页链接,02/21
我发表了头条文章:《钟南山再传消息，开学有望已确定？教育部发出重磅通知！》O钟南山再传消息，开学有望已确定？教育部发出重磅通知！,02/21
转//#看点快报#《钟南山预测各地解除限制时间？他真没这么说》O网页链接,02/21
钟南山院士都说了，负离子可以洗肺。那么我们如何实现不出门也可以享受到这种空气呢？森之初--负粒健，黑科技--智造好空气，私人订制高达10000以上的负离子空气[强]把你的家变成氧吧房，让你和你的家人沐浴在森林中[得意]L用户7358775545的微博视频,02/21
"“台独”逆势妄动，必将自取灭亡！#日本##新冠肺炎已开始在日本流行##日本挺住！##中国加油！##钟南山##我和我的祖国##朱一龙我和我的祖国##抗击疫情##疫情全知道##不由自主哼起我和我的祖国##我爱你中国##我爱你,中国##中国花游完美演绎我爱你中国##中国我爱你##疫情全知道##我爱你中国##我爱你中国##中国加油##为中国加油##加油中国加油武汉##武汉加油,中国加油##武汉加油中国加油##武汉你好吗##武汉日记##正能量##武汉市委书记回应歧视湖北人##天将降大任于中华##武汉加油##日本##直击##新型冠状病毒##鄠邑区##鄠邑乡党##鄠邑正能量##美丽鄠邑##关注扶贫助力攻坚##武汉加油##新型冠状病毒##抗击肺炎##新闻启示录##黑龙江##吉林新闻##哈尔滨新闻##新疆##塔里木##北京##天津生活##河北##燕京##贵州##云南##西藏##陕西身边事##西安##甘肃##青海##山西##河南##浙江##湖北##山东##四川##广西##福建##广东##两广两湖##广州##从化##齐齐哈尔##安徽##上海##浙江##江苏##安徽##江西##桂林##湖南##香港##内蒙古##宁夏##义乌##深圳##南京##南昌##辽宁#L太乙亘0956的微博视频",02/21
【防控新型冠状病毒】发布会上，钟南山为何不戴口罩？O【防控新型冠状病毒】发布会上，钟南山为何不戴口罩？,02/21
袁隆平与钟南山两位国之脊梁的握手，最珍贵时刻。,02/21
《钟南山最新预测？3月多数省份将解除限制？官方回应来了》来源：科普中国综合自新华网、央视、千龙网、东方今报、澎湃新闻、金山警务、捉谣记、天目新闻等。O网页链接,02/21
#全国疫情发展拐点尚未到来#不是早就说好了的吗？钟南山说动再动，都瞎溜达是想让钟南山爷爷没面子吗,02/21
发朋友圈还是很斟酌的，微博我就敞开了说啊！听这首歌的时候，有很多念头。1幸好是在客厅听，自己在卧室会哭崩。全程是情绪压住，鲠在喉间，说不出来话，很感动又很难过2歌词太契合了。在钟南山去武汉之前的几天，微博消息已经很广了，当时家里就我一个人关注这个事情，所以心情是并不轻松的。看了很多很多，一天天的心情非常非常起伏。歌词里的每一句，基本都能让我想起一件或者几件最近发生的人间悲剧。深深这首歌在之前听可能必须要有点影视故事背景或者听众的特殊人生经历啥的，才会觉得特别有共鸣。但是现在有这么一件令人牵挂的事，刚好有这么一首歌，能够唱出那种我作为一个非常幸运没有处于疫情最紧张的地方的人，对所有默默付出默默接受默默配合的一线工作人员以及疫区工作人员和人民的感谢和赞美。还有委屈，替他们委屈，明明可以做得更好。所以吟唱就特别能听进心里，特别能共情。这首歌用来献给一线，个人觉得真的特别特别合适。我们应该记住发生过的，被试图掩盖的，被数字化的每件事和每个人。3深深的歌讲真没有特别的契机我很少特别的去听（听了也不少，只是没全听）。是这么一回事，他的声音真的很棒很棒，技巧也特别好，能给我很多很多惊喜。但是吧我觉得一个特别特别惊喜的作品是需要天时地利人和的，我在听歌这种事上贪恋这东西，所以吧，现在已经没有哪个歌手是那种出了歌我就特想听的那种。还有一点原因是之前我总觉得他的歌有时候情感欠缺了一点（主要吧深歌太多，题材太广，么的办法）。所以一直觉得听歌差不多是这么个情况，一是会被歌手的声音技巧带动情绪（随便一个例子，大鱼），有时候被编曲或者和声打动（前者狼叔版马戏之王的neverenough，后者一部分阿卡贝拉以及童声）。这次听这首歌基本没有听出技巧的痕迹，声线过于契合，歌词非常合适，情感特别特别真实，所以我听完非常非常感动。小白灵-深深，基本上这个是没啥疑问的。今晚听的时候觉得深的发挥高于“小白灵”三个字几个数量级！还是我云圈太太用词大胆直爽——战地歌姬。没错，就是我的想法了。本来觉得华晨yu今晚好牛，后面加了很多独白还挺感动。直到深深，我的天，我只能说不愧是他！（其他歌手都很有排面，他自己一个虽然知道是因为被隔离但是讲真我心里不是很舒服公司干啥啥不行装死第一名能不能弄个好设备。算了算了我也不是很了解情况没立场说，好听就行了。）太好听了，好听是最重要的。,02/21
#钟南山团队回应尿液中分离病毒#放屁会不会传播病毒呢？？？天慢慢热了，需不需要禁止穿裙子？🙏🙏🙏,02/22
那一刻，钟南山摘下口罩，笑了！网友却哭了O那一刻，钟南山摘下口罩，笑了！网友却哭了,02/22
《粪便和尿液中找到活的新冠病毒，那放屁会传播吗？江苏疾控回应了》而在今天中午的广州市防控新冠肺炎科研攻关工作新闻发布会上，钟南山院士团队证实从新冠肺炎患者尿液中也分离出了新冠病毒。O网页链接,02/22
犹记得，春节期间很流行说，无论如何都不动，钟南山说动才动。可是现在钟南山还没说动啊？怎么就？,02/22
【#你好，明天#】钟南山、李兰娟、陈薇……奋战在疫情防控一线的院士“天团”，一次次刷屏。他们心忧民瘼而展现的科学精神，标注了专业深度；不辞辛苦、忘我投入，则抵达了精神高度。而贯穿其中的人格魅力，又折射出科学家应具有的家国情怀。他们是院士也是战士，更有国士的责任担当，向他们致敬！,02/22
我想的是这么年轻就有钟南山院士这样厉害的人带着，该有多优秀啊,02/22
【#你好，明天#】钟南山、李兰娟、陈薇……奋战在疫情防控一线的院士“天团”，一次次刷屏。他们心忧民瘼而展现的科学精神，标注了专业深度；不辞辛苦、忘我投入，则抵达了精神高度。而贯穿其中的人格魅力，又折射出科学家应具有的家国情怀。他们是院士也是战士，更有国士的责任担当，向他们致敬！,02/22
#武汉加油#火神山雷神山钟南山三山镇毒医者心仁者心中国心亿心抗疫武汉加油，中国加油！#武汉挺住#,02/22
解封是为了复工复产，为了经济，为了就业。不是让你们聚会，串亲戚，不戴口罩到处瞎逛，摘了口罩也没觉得你有多美。别把无知不要脸当做你炫耀的资本。天水没有钟南山更没有火神山只有火葬场。L早上要吃好的微博视频,02/22
【#钟南山给广东驰援湖北医务人员打气#】“你们的家事急难事，我们来解决。”要平安归来！L央视新闻的微博视频,02/22
【#钟南山给广东驰援湖北医务人员打气#】“你们的家事急难事，我们来解决。”要平安归来！L央视新闻的微博视频,02/22
大家还是睡早一点起早一点吧，不然哪天钟南山院士说不用戴口罩就可以出门了，下午起床才知道可能会气死，想到这么一天我们会不会在街上狂欢，奶茶炸鸡火锅咖啡螺蛳粉烧烤蛋糕超市电影院旅游景点游乐园电影院公园超市便利店发廊步行街肯定会很多人吧，想想就很感动,02/22
今天下午看了钟南山院士2003年感动中国的视频，真的只能说，国士无双袁隆平院士，钟南山院士，国士无双,02/22
【#你好，明天#】钟南山、李兰娟、陈薇……奋战在疫情防控一线的院士“天团”，一次次刷屏。他们心忧民瘼而展现的科学精神，标注了专业深度；不辞辛苦、忘我投入，则抵达了精神高度。而贯穿其中的人格魅力，又折射出科学家应具有的家国情怀。他们是院士也是战士，更有国士的责任担当，向他们致敬！,02/22
【#钟南山给广东驰援湖北医务人员打气#】“你们的家事急难事，我们来解决。”要平安归来！L央视新闻的微博视频,02/22
#钟南山说当务之急要鉴别流感和新冠肺炎#钟南山给广东驰援湖北的医务人员打气：“你们的家事急难事，我们来解决。”逆行者们辛苦了，要平安归来！L央视新闻的微博视频,02/23
#钟南山说当务之急要鉴别流感和新冠肺炎#还是要听话的,02/23
钟南山新冠病毒肺部表现和SARS不一样！#钻石公主号23名下船者未经病毒检测##钟南山团队从尿液中分离出新冠病毒#L十品搞笑的微博视频,02/23
#钟南山说当务之急要鉴别流感和新冠肺炎#在这个特殊时期，大家一定不要感冒呀😷,02/23
气愤！吸毒男子拒不佩戴口罩，还辱骂现场工作人员和民警！#钟南山说当务之急要鉴别流感和新冠肺炎##中国首款可重复使用口罩#复使用口罩#O网页链接,02/23
首次参加医疗物资运送任务新冠病毒不能透过皮肤侵入人体#钻石公主号23名下船者未经病毒检测##钟南山团队从尿液中分离出新冠病毒#L搞笑坤坤的微博视频,02/23
#钟南山说当务之急要鉴别流感和新冠肺炎#确实钟老说的是对的两种有相似之处所以分类很重要！一定要少出门不出门就不要出门！#新加坡女性同时感染登革热和新冠肺炎#太惨了...一个人患了两种病啊赶快好起来吧希望平安大家也要保护好自己！少出门少出门！！！！！,02/23
#钟南山#求你们不要再去打扰他了，他已经84岁高龄了，每天工作很累了。因为肺炎他的压力很大，让他多点休息时间保重身体要紧。媒体和访问不要再去打扰了，让他有精力集中在研究上。我们帮不上忙，就不要去添乱了。真的很心疼#钟南山为有体力工作坚持健身#,02/23
【隔空诊脉】首次！钟南山院士给荆州重症患者会诊！O【隔空诊脉】首次！钟南山院士给荆州重症患者会诊！,02/23
#钟南山说当务之急要鉴别流感和新冠肺炎#辛苦了加油,02/23
韩国军队多人感染新冠病毒，新增病例再破百，最小确诊患者4岁#钻石公主号23名下船者未经病毒检测##钟南山团队从尿液中分离出新冠病毒#L还不起床518的微博视频,02/23
钟南山院士团队：从新冠肺炎患者尿液中分离出病毒O钟南山院士团队：从新冠肺炎患者尿液中分离出病毒,02/23
这篇文章很有意思，而且大都第一次知道：1.贵阳，贵山之南，钟南山终究还是叫钟南山；2.第一个落脚点东山上，虽然在师大住了两年，不过附近的东山一次都没上去过，因为刚开始一直误认为旁边阳明祠后面的扶风山是东山，疫情结束之后补上；3.东山寺虽然不在了，不过医疗器械存放的王家烈公馆还在，离市中心喷水池不远，很破，还有人居住，省保；4.他爸和同事们开的医院，也就是现在我妈妈每天工作的地方；5.1939的二四轰炸，很值得纪念，和长沙文夕大火一样惨烈；6.贵阳城中土豪对文化事业也十分支持，大觉精舍在高中附近，去过多次，旁边的烤肉很好吃，文章里“贵阳群星闪耀时”的提法太有意思了，值得深挖；7.小破孩钟南山并没有那么乖，毕竟如果有钱，在贵阳吃食方面，是可以为所欲为的，《贵阳指南》记载很丰富，作者写文章是查了资料的；8.贵阳男孩钟南山，1938-1946，在贵阳生活了8年，也是整个中国最艰苦的时候，钟南山多次说，他是半个贵州人；9.钟南山是贵州医科大学的名誉校长，贵州的第一例新冠肺炎，就是贵医的附属医院收治的。,02/23
钟南山院士团队在尿液中发现新冠病毒！还会有其他可能吗#钻石公主号23名下船者未经病毒检测##钟南山团队从尿液中分离出新冠病毒#L洗手02的微博视频,02/23
钟南山院士团队在尿液中发现新冠病毒！还会有其他可能吗#钻石公主号23名下船者未经病毒检测##钟南山团队从尿液中分离出新冠病毒#L高圆圆圈头的微博视频,02/23
《84岁的钟南山“浑身肌肉很罕见”，耄耋之年的“男神”背后有啥健康秘诀》2月11日，中国工程院院士钟南山在广州接受了路透社专访。O网页链接钟老厉害！,02/24
【#为何有患者出院后复检核酸阳性#？】钟南山：现在，咽拭子检测阴性是出院标准。有些病人肛拭子或粪便还能测到病毒核酸片段，但并不是活病毒。有少数病人，出院后经复查，又出现核酸片段的阳性，这不奇怪。在隔离观察的两星期，还是值得警惕的。如果一定把出院指标改为肛拭子完全阴性，会导致病人积压，影响病房周转。我们现在还是要密切观察，对病人进行分级管理。（via央视新闻）L央视新闻的微博视频,02/24
分享链接：O新型冠状病毒会有可能和流感一样长期存在吗？钟南山：有可能，但不会像流感新型冠状病毒会有可能和流感一样长期存在吗？钟南山：有可能，但不会像流感(来自Share微博客户端),02/24
足不出户第33天，给九爷DIY下午茶点心。初次尝试西式糕点，九爷依旧很给面子的吃的很开心！老母亲深感欣慰～附上一张在窗台上透气的照骗，渴望出门玩耍而噘起的小嘴巴翘得可以挂油瓶了～王先森已上班一周了，天天加班，回家洗了澡倒头就睡～还是他没上班的日子享福些，否则晚上也不会我自己煮面宵夜了～#疫情得到有效控制前高校不开学##钟南山说防控意识要长期保持##武汉加油##封城日记##武汉封城##武汉封城后的市民生活##封城在家吃什么##武汉加油#,02/24
【复工如何防护？#钟南山提示要保证洗手间下水道通畅#】国家卫健委高级别专家组组长钟南山：①每个人复工时都要做检测；②要注意常规防护，如戴口罩、洗手等；③必须保证洗手间下水道的通畅；④每天要在工作期间做卫生环境检测；⑤分批上班，减少密集办公；⑥及时监测，一旦发现立刻处理。（via央视新闻）L央视新闻的微博视频,02/24
【复工如何防护？#钟南山提示要保证洗手间下水道通畅#】国家卫健委高级别专家组组长钟南山：①每个人复工时都要做检测；②要注意常规防护，如戴口罩、洗手等；③必须保证洗手间下水道的通畅；④每天要在工作期间做卫生环境检测；⑤分批上班，减少密集办公；⑥及时监测，一旦发现立刻处理。（央视新闻）L央视新闻的微博视频,02/24
#钟南山说防控意识要长期保持#今天跟同事讨论疫情的走势，我是认为要长期抗战了。虽然钟老说疫情会结束，但是我认为，病毒会长期存在，而且是阴魂不散。今后只能靠疫苗和特效药才能解决问题。现在是医护人员打先锋，后面是要靠科研人员做后盾。今天所承受的苦，是为了品尝明天的甜。坚持就是胜利！全体都有！,02/24
#凤凰新闻#分享凤凰新闻：钟南山：新冠病毒不会像流感经常性爆发O钟南山：新冠病毒不会像流感经常性爆发来自@凤凰新闻客户端,02/24
"难得一见的好文！『84岁钟南山率队与哈佛大学合作战疫,“蜀中无大将廖化作先锋”是悲剧!』O网页链接",02/24
#北京高三统考推迟1周改为在家考#特殊时期特殊安排，不过2020届考生是真难！模考也是为了保持考试状态以及对复习进行查缺补漏，加油吧！#钟南山表示出院重新感染可能性很小#小概率也不能掉以轻心，对自己负责，对别人负责。,02/24
#钟南山表示出院重新感染可能性很小#张学友为前线医护献上一曲《等风雨经过》（周杰伦作曲、方文山填词），并在MV末尾为医护送上真挚的祝福。#钟南山表示出院重新感染可能性很小#L军事博主的微博视频,02/24
诺贝尔今年能不能良心一把，把奖颁给中国医护人员，给钟南山、李兰娟代表下也可以～,02/24
#每日一善##阳光信用#段同新时内发歌的两人，都上登了音乐排的行榜top1。一个是榜飙一升第的名，一是新个榜榜歌的首。每年生的日零点整，雷打的不祝对动生日方快乐，是他们属的浪专漫，简单的“我家”俩就字足暖够心。如45岁今的张燊把放重悦在点了生活上，然担还而任QIPost视频顾问，拍摄QIPost《美太丽太说》，也很有是的自目己标方向了。祝她远永福幸乐快吧！最近郑爽到接视的央邀请，参一了加档视央出的推节目《一好堂课》，当时爽郑是作为生学的角度加参来个这节目，所在宣以传照中，她是也静安的在坐位座上，仿处佛身校一园般。看当到郑生学爽模的样，果不然就#校花##钟南山表示出院重新感染可能性很小#,02/24
#钟南山表示出院重新感染可能性很小#战“疫”中，那一抹最美“警”色O战“疫”中，那一抹最美“警”色,02/24
#钟南山表示出院重新感染可能性很小#【#钟南山会诊中透露两个重要信息#：出院患者重新感染只是小概率事件；氯奎的转阴周期稍短于阿比朵尔】2月24日下午，国家卫生健康委高级别专家组组长、中国工程院院士钟南山，再次在广州医科大学附属第一医院，与广东支援湖北医疗队进行远程会诊。此次连线的是广东支援湖北武汉防控疫情医疗队重症专家组，对4位重症患者进行会诊。在会诊中，钟南山透露了关于两大重要信息：1.出现出院患者重新感染只是小概率事件，不能代表什么；2.第六版新冠肺炎诊疗方案增的两款试用药物磷酸氯喹和阿比朵尔，目前发现氯奎的转阴周期稍短于阿比朵尔。“目前，氯喹平均转阴时间4.2天，阿比多尔平均6-7天，但是氯喹在使用上要注意一些调整，对于一些有心律紊乱、有传导障碍的患者在使用上要注意。”#钟南山表示出院重新感染可能性很小#,02/24
【#钟南山谈新冠肺炎长期存在#：要保持防控意识，变为流感一样常态化可能性较小】2月24日，钟南山表示，SARS在17年里有零星地出现，但没形成气候，新冠肺炎将来也可能会有一个常态、长期存在，但没有形成这么一个暴发的形势，关键就是要控制它到最少，流感每年都有，像流感的可能性应该较小，防控意识要长期保持，记住教训，对病毒要长期研究。L一手video的秒拍视频,02/25
我在看：【钟南山：新冠病毒不会像流感经常性爆发】#跟新浪看热点#O钟南山：新冠病毒不会像流感经常性爆发,02/25
"妙手仁心,国士无双，民族脊梁，我们的守护神……向生命卫士钟南山院士致敬！！",02/25
#凤凰新闻#分享凤凰新闻：新冠病毒会像流感长期存在吗？该下调应急响应级别了吗？钟南山回应O新冠病毒会像流感长期存在吗？该下调应急响应级别了吗？钟南山回应来自@凤凰新闻客户端,02/25
钟南山反复提醒的事，你家做到了吗？_手机新浪网O钟南山反复提醒的事，你家做到了吗？,02/25
后世记载，庚子鼠年，楚地大疫。为一国封一城。那一日，医甲钟南山，携雷火二神，率三十万白衣，入疫区，死守生死玄关，先锋大将李文亮战死，以身殉国。众白衣，死战不退，保我华夏。晚辈叩谢。,02/25
这几天到处看到景点人满为患，在这个快节奏的时代。什么都在提速，人们也变得健忘了。十七年前的非典人们忘记了。一个月前钟南山院士的话忘记了！甚至前一分钟打开手机看到提醒疫情并没结束少出门不聚集的忠告，下一分钟就出门。有些人就是作死还要理直气壮的要求别人就他一命！！！,02/25
问世间谁最坦荡，给@卡布叻_周深的K能解答一切的答案(歌手当打之年)打榜的我当仁不让！#亚洲新歌榜#心态也要保持好，莫听谣言胆就颤。国家全面布防控，卫健部门冲在前。权威专家钟南山，八十高龄在一线。,02/25
【每天阅读】一新增确诊123人！累计确诊556人！死亡4人！刚刚，韩国新冠肺炎最新情况对外公布，全世界“毒王”出现！钟南山最担心的事，还是发生了...O网页链接,02/25
南方都市报:【钟南山回应质疑：廉价老药氯喹治新冠肺炎，患者用量很低相对安全】2月19日，卫健委发布新冠肺炎第六版诊疗方案，增加磷酸氯喹和阿比多尔两个药物，廉价“老药”磷酸氯喹为新冠肺炎治疗带来新的希望。2月24日下午，国家卫健委高级别专家组组长、中国工程院院士钟南山和他的团队，在广州连线驰援武汉协和医院西院的广东医疗队，就新冠肺炎危重病例进行远程会诊。据悉，两地远程会诊常态化运作，每周一下午举行。O南方都市报：【钟南山回应质疑：廉价老药氯喹治新冠肺炎，患者用量很低相对安全】2月19日，卫健委发布新冠肺炎第六版诊疗方案，增加磷酸氯喹和阿比多尔两个药物，廉价“老药”磷酸氯喹为新冠肺炎治疗带来新的希望。2月24日下午，国家卫健委高级别专家组组长、中国工程院院士钟南山和他的团队，在广州连线驰援武汉协和医院西院的广东医疗队，就新冠肺炎危重病例进行远程会诊。据悉，两地远程会诊常态化运作，每周一下午举行。此次会诊后，钟南山回答媒体提问时提到磷酸氯喹。他表示，对比阿比多尔、克力芝、氯喹，使用氯喹的新冠肺炎病人核酸检测结果平均转阴的时间要比另外两个药短；但现在没有严格对照，不能说这些药绝对有效。针对有质疑氯喹用量的说法，钟南山回应，目前病人每天使用的剂量是很低的，是相对比较安全的。同时，他补充，但是对于一些有心律紊乱或心传导障碍的病人，要特别警惕来自@腾讯新闻,02/25
#腾讯新闻##钟南山回应廉价老药治新冠肺炎#O网页链接来自@腾讯新闻,02/25
我免费围观了@孔庆东的回答，问题价值388.00元，快来一起围观~O微博问答,02/25
《钟南山：新冠病毒可能会长期存在，但是不会像流感每年都有》O网页链接,02/25
我很庆幸我是一名中华人民共和国的公民，自豪我是中国人，甚至自豪中带有骄傲，这次疫情我们是多么的团结一致，14亿的人口大国，当钟南山院士说打败病毒的最佳办法就是隔离病毒，我们传统的中国年说不走亲访友就不走亲访友，说不聚餐不出门我们就不出门，大家都开玩笑的说在家睡觉就是为国家做贡献，武汉是此次疫情的病原地重灾区，全国驰援，医护，物质，一车一车的往武汉送，我是四川人，经历了2008年的汶川地震，当时全国人民都向我们伸出了援助之手，修建道路、医院、学校……以前我觉得我们一党专政还不错，现在我才知道我用错词语了，不是“专”而是“执”。团结一致必须是一党执政……。对，我是中国的普通公民我就是这么傲娇。疫情很快会被我们打败的……加油武汉，致敬白衣天使。在一线有我的亲人，我的朋友，我的同学……所有一线的工作人员你们辛苦了……,02/25
抗疫胜利就要到了，钟南山老人笑了，全国人民跟着笑了，快了，快了，疫情就快结束了[拥抱]L马禹辰c的微博视频,02/25
O网页链接从钟南山家良好家教说开去？,02/26
#张文宏最新耿直金句#通过这次疫情，张文宏医生真是好专家！第二个钟南山！这当医生有点屈才了！国家卫健委应该有你的位置！,02/26
视频|钟南山为何说现在是最艰难的时候L视频|钟南山为何说现在是最艰难的时候,02/26
我在看：【钟南山：新冠病毒不会像流感经常性爆发】#跟新浪看热点#O钟南山：新冠病毒不会像流感经常性爆发,02/26
#武汉最早新冠肺炎患者详情#这专家还是要多找找自己的原因，他接受这个采访的一些表态显得并不严谨，有诿过之嫌，把矛头指向武汉医院更是没有道理。他们1月6日到武汉，16日回京开会，就是这期间错过了一个重要的时间窗口，直至18日钟南山到武汉。他举出的医务感染的例子是10日因病毒性肺炎住院，17日重症转至金银潭。现在并没有信息表明是何时确诊。当时可不知道新冠传染性这么强，不能说有医生得肺炎就确信等于新冠吧。结合现在仍存在的测试需要一些时间出结果、以及有时候咽拭子测试不够准确的情况，他们在调查的时候还没有出结果、或者出了结果却没有人意识到要反馈给专家组，很有可能是这个情况。现在这名专家不考虑这些客观情况，也没有其他有说服力的证据，就给当时医院的人定性说他们是在说谎。这是事后诸葛亮的思维方式，是不科学的，也是不负责任的，让人怀疑如此表态的动机。他在北京轻巧地这么一说，而正是这些医务人员现在不是已经不幸被感染，就是正在一线争分夺秒抢救病患呢。这个专家说当时医务人员感染的情况应该一个一个地去核实，这一点说得很好，是他采访中说得最有价值的部分。这体现了制度漏洞，以后一定要在制度中补上。但他不能概括性地觉得当时基层医务人员没有实现这个本应该有制度保证的功能，就等于在故意说谎。这个专家的这些言论还有其他值得质疑的地方。他说正是钟南山掌握了病毒在广东的传播链，“所以他到了武汉，马上就有人跟他报告，有医务人员感染”。他这个逻辑如果没有人出来进一步说明白的话，实在是令人费解，莫非他认为跟钟南山报告的人同时还掌握广东的感染情况？即使他是专家，在这个采访上我也认为他的态度不够科学。正因为这种科学态度的差距，钟院士将会载入史册，而他们则会留下职业生涯的污点。追责方面，要区分能力问题与态度问题。故意瞒报当然是极端错误，但是也不要随便觉得别人要故意瞒报，早有SARS殷鉴在前，谁会有这个动力去瞒报呢？文中提到地方卫健委领导反问他们是不是怀疑地方瞒报，我看这多半不是这个专家暗示的做贼心虚，而是体现了这位领导的委屈。如果有证据报上来的话这些领导瞒报有什么好处呢，又不是他们生产的病毒。一些人只是在做出结论的条件还不具备的时候，夹杂着一些侥幸心理，不敢决断罢了，而事后证明是错误的。这是能力问题，不是态度问题。但是能力问题也是问题，领导责任也是责任。机制有漏洞要弥补，同时该负领导责任的人一定要负责，谁让他作为一把手没有构建好制度呢。O专访卫健委赴武汉第二批专家：为何没发现人传人？,02/26
为什么现在是最艰难的时候？钟南山表示，因为原来采用高水平的防控措施，才使病例减少。但防控措施一旦放松以后，就很可能出现传染病例。在这个时候如何抓好两者平衡点，很值得大家在实践中摸索。但是有一条很重要，那就是及时监测，一旦发现立刻处理，就不会引起大规模聚集性暴发。,02/26
《钟南山为何说现在是最艰难的时候？》近日，钟南山院士接受总台央视记者独家专访，就复工复产、景区开放相关热点问题进行解答。O网页链接,02/26
虽然当前情况有所好转，但我认为不能掉以轻心，这不是一般的疾病，不适合早早就做决定，我个人建议听从钟南山院士和党和国家的一切安排！感谢支持！！！O现在的情况下，应该继续隔离还是复产复学？,02/26
质疑钟南山的儿子居然用爱马仕裤带，也是够酸的…平时一个个义愤填膺戏子收入高、科学家贫穷，现在高技术人员用个爱马仕又被质疑，啧啧你品，你细品,02/26
转//#看点快报#《钟南山宣布暂无特效药，成龙允诺的100万感谢金，恐将成为空响炮》O钟南山宣布暂无特效药，成龙允诺的100万感谢金，恐将成为空响炮,02/26
我想知道，那些斥责着明星们拿天价片酬，但很多科研工作者、教师、医生却只拿到一点死工资的人，和今天骂钟南山院士的儿子用爱马仕腰带的人是不是同一批？人家小钟医生也是资深的医学专家，一不偷二不抢的，用个爱马仕腰带怎么了？不是你们说要提高这些人才的待遇的吗？他们真的享受了好的待遇的时候你们怎么又要骂啦？别是因为酸了吧？,02/26
再次失眠。胡广生陈建斌想为钟南山写首诗。,02/26
钟南山为何说现在是最艰难的时候？>>O网页链接钟南山为何说现在是最艰难的时候？,02/26
赴武汉的国家卫健委医疗专家组名单：第一批（2019.12.30）：徐建国，李兴旺，曹彬，其他未知。当地专家：杨波，赵建平，吴文娟。第二批（2020.01.08）：冯子健，杨维中，王广发，蒋荣猛，高占成，其他未知。第三批（2020.1.18）钟南山、李兰娟、高福、曾光、袁国勇。目前，大家都知道，在钟南山之前，先后有两批国家卫计委专家组分别在2019年12月31日、2020年1月8日赴武汉调查，但两批专家均未明确公开提及病毒会“人传人”2020年1月4日，国家卫健委第一批专家组成员公开表示，“从目前看，未发现明显的人传人证据”；1月10日，又有第二批专家组成员对媒体表示，按病人病情及扩散情况，整体疫情“可防可控”。从后来的疫情爆发来看，上述两批专家的调查结果和公开表态，可能成为疫情防控延误的因素之一。因此公众一直在以各种方式追问：为何前两批专家组未能在武汉调查时得出“人传人”的重要结论？这个锅实在太大了，这是一个有可能是民族罪人，遗臭万年的锅，已经超出了普通人能承受的范围。,02/26
还在发展，因为它国没有李兰娟，钟南山这样的领军人物。//【世卫组织:中国境外新增新冠肺炎病例超过中国境内】O世卫组织:中国境外新增新冠肺炎病例超过中国境内,02/26
朵色“钟”究是你，迎“南”而上，重于泰“山”2003年钟南山获“感动中国十大人物”17年后病毒卷土重来他亦重新披甲上阵，力挽狂澜👊🏻,02/27
#全国收缴39000多只野生动物#【钟南山：疫情首先出现在中国，#疫情不一定发源在中国#】27日，广州市政府新闻办在广州医科大学举办疫情防控专场新闻通气会，国家卫健委高级别专家组组长、国家呼吸系统疾病临床医学研究中心主任钟南山称：对疫情的预测，我们首先考虑中国，没考虑国外，现在国外出现一些L中新视频的秒拍视频,02/27
#钟南山补充回应疫情不一定发源在中国#我爸最开始的时候说这是美国带过来的，还给我分析了一堆原因，我说他阴谋论，让他别瞎说，现在…,02/27
【钟南山：有信心在四月底基本控制疫情】财联社2月27日讯，国家卫健委高级别专家组组长钟南山在疫情防控专场新闻通气会表示，根据我们团队在传统模型基础上加上影响因素，国家强力干预和春节后的回程高峰消除后，预测高峰应该在2月中接近2月底。到了2月15日，数字果然下来了。我们更接近国外权威的预测值。我们有信心，四月底基本控制。#钟南山预测4月底疫情基本控制#,02/27
我发表了头条文章:《【美女日记3】新型冠状病毒的祖先/卵子进化成精子/钟南山院士警告》O【美女日记3】新型冠状病毒的祖先/卵子进化成精子/钟南山院士警告,02/27
#钟南山疫情不一定发源在中国##钟南山疫情不一定发源在中国#前有公知@阿丘这种垃圾号召中国向世界道歉，今有慕洋🐶一看到矛头指向它们的美爹立刻调转枪口不加掩饰地痛斥网友们“阴谋论”“小粉红”。我就纳闷了，难不成靠踩生你养你的国家来取媚美国，人家就能接纳你们了？没有中国做后盾你们在美国人眼中和印第安人有区别？端起碗来吃饭放下碗骂娘说的就是你们吧？,02/27
庚子鼠年，为一国而封一城；那一日，钟南山一步入天象，两步入陆地神仙，携火神、雷神、三十万白衣坚守武汉死战不退。毒又至，当如何，二十三省，五自治，四直辖，两行政，援兵至，起矛，华夏，死战！@X玖少年团肖战DAYTOY#肖战三十三旁白#xz#三十三#L知乎官方的秒拍视频,02/27
#钟南山疫情不一定发源在中国#不管出现在哪都不能吃野味！,02/27
今天上午，广州市举办疫情防控专场新闻通气会全程录像。听听我们敢言的钟院士都说了什么！#预测4月底疫情基本控制##钟南山建议提高疾控中心地位#@人民日报L人民日报的微博视频.,02/27
我们院士钟南山表示，预测4月底疫情基本控制在传统模型基础上加上两个影响因素（国家强力干预和春节后的回程高峰消除）之后，我们自己的团队做出了预测模型，预测高峰应该是在二月中接近二月底,02/27
#预测4月底疫情基本控制#钟南山院士跟我预测的时间很吻合，大家别急着出门，不要掉以轻心。,02/27
#科宝快讯##新型肺炎冠状病毒#【钟南山：疾控中心特殊地位未获足够重视，疫情4月底可基本控制】钟南山：我们CDC（疾控中心）的地位太低了，只是一个技术部门。CDC的特殊地位没有得到足够的重视，要一级一级上报。我们专家组在新闻媒体上表示“人传人”是1月20号，CDC向地方政府上报后由地方政府决定如何处置。如果以后还是这样的话，以后可能还会出现这样严重的情况。突发性公共卫生事件不是一时一阵，投入肯定比产出要多。大家对传染病的重视不够，没有持续研究。我感觉大家对新冠肺炎治疗上束手无策，这需要长期的积累，表现在对防控问题的重视上。O网页链接,02/27
#钟南山身体里出现足够抗体不会再感染#这说明出院复阳的人根本就是没有治愈的只是病毒在他体内中场休息了,02/27
【钟南山：疫情不一定发源于中国，有信心四月底基本控制】27日，钟南山院士在广州医科大学疫情防控专场新闻通气会上表示，“根据我们团队在传统模型基础上加上影响因素，国家强力干预和春节后的回程高峰消除后，预测高峰应该在2月中接近2月底。到了2月15日，数字果然下来了。我们更接近国外权威的预测值。我们有信心，四月底基本控制。”钟南山表示，1月20日我们提出人传人，对控制疫情起到了很重要的作用。目前武汉的病情极为严重，外地传染非常快。目前我们首先是研判，我们强调，在中国，只有在武汉出现了大规模爆发，在广东等其他城市并不是大规模爆发。目前我们判断RO值是在2到3之间（即一人可传染2-3人）。目前重症病人传染性更高，轻症更低一些，但是传染非常快。我们希望武汉本身一定要控制，同时首先要解决全国。有外国专家预测，估计2月4号，中国病人应该到16万，我们的预测值是7万8。此外，疫情首先出现在中国，但不一定发源在中国。O钟南山：疫情不一定发源于中国，有信心四月底基本控制,02/27
【富士康如何复工？钟南山建议员工双重检测】国家卫健委高级别专家组组长钟南山于2月25日获聘为富士康集团新冠肺炎防疫及复工总顾问。2月27日上午，钟南山称，万人大厂要重视防疫工作，外地员工返回后须隔离一段时间才可进厂，其需事先接受核酸检测和IgM抗体快检O富士康如何复工？钟南山建议员工双重检测,02/27
钟南山老师的养生之道O网页链接（使用@美篇App创作）,02/28
全世界都在听中国话，钟南山的话越来越国际化～,02/28
【郭台铭急了，再不复工单子都没了，搬来钟南山，重奖新员工】（来自@一点资讯）O郭台铭急了，再不复工单子都没了，搬来钟南山，重奖新员工,02/28
钟南山：这是一个人类的疾病，不是一个国家的疾病O钟南山：这是一个人类的疾病，不是一个国家的疾病,02/28
#下周将是伊朗疫情爆发高峰期#说实在的，灾难面前最能检验一个国家的综合能力。米国再强，也没有火神山，也没有雷神山，更没有钟南山一旦感染了……,02/28
转：杰出代表！！国之脊：钟南山国之心：韩红国之眼：白岩松国之胆：张文宏（首倡“党员先上”）国之肝：李兰娟国之肺：仝小林（一线临床的中医国手）国之魄：全体白衣战士国之魂：中国军人还有很多默默的人！全体正能量才是最大的国之能量！,02/28
#库克认为中国开始控制住新冠病毒#美国人民是伟大的，正如钟南山院士说的新冠状肺炎是自闭型，也即多数人是可以自愈的。鉴于美国极少的病例检测出五种毒株，可以相见统计学后的患者数字。有些人挺过来了有些人则没有，然而这就是美国的现实啊！反过来说明中国人很认真即便刚开始时应对有些官僚主义,02/28
Day42距离考研296今日也是生理大佬哎，今天看了陶勇医生的微博，觉得世界上怎么会有这么温柔的人呢？以德报怨，何以报德，如果事情发生在我的身上，我完全无法想象自己会多么的怨恨，也许这就是我和他的差距吧不过想着在医学的道路上有陶勇老师，钟南山院士这样子的人在闪闪发光，千万医学生的路似乎都不会黑暗，就好像一个精神标志一样！不敢说我能达到那样子的高度，也希望自己在以后不要忘记做医生的准则#小伍同学的考研日记#,02/28
这次国难，钟南山吹响了战斗号角，李兰娟提出了封城建议，王辰提出来建设方舱。这三个人，从专家角度，是扛起了武汉战役的大梁。1962年出生的王辰相对年轻，他思路清晰，看问题全面，利弊把握准确到位，抓主要矛盾果断，这次表现十分突出，也成为了关键先生。钟南山之后，王辰是最有希望担当医疗系统国士的人。,02/28
耳聋家庭日常“钟南山都八十多岁了。”“谁？宋丹丹？”“钟南山，八十多岁了。”“啊，宋丹丹哪有八十呀。”,02/28
天了噜！我在钟南山超话又双叒叕升级了！当前等级LV.4，获得进阶粉丝头衔，小伙伴们速来围观~超话传送门→钟南山,02/28
2月28日战“疫”日报：钟南山：疫情不一定发源在中国，有信心在4月底控制住O网页链接,02/28
疫情不一定发源在中国？钟南山最新回应O网页链接,02/28
中国社会中鲁迅时批判的弊病“”瞒与骗”与我们当下反对的“四风”之弊真是有异曲同工之处。这次新冠病毒暴发后出现的种种，令人深思。若非有吹哨者警示，钟南山，李兰娟等专家的断然“人传人”一呼，若非党中央及时果断地决策，若非千万个医护人员冒死拼搏在一线，我们或会一无所知地沉浸在春节的歌舞中错过有效的隔离防控期，而陷入更大的疫情困境中。”万家宴”的教训太大了。,02/28
下面是钟南山院士在广州医学院的家。有人说这是简朴和低调，甚至有人说这是寒酸，但我觉得这是恋旧，是一种生活习惯！你们觉得了？,02/28
2020年一个载入史册的2月。钟南山像马云一般的人物,02/29
古有文天祥，今有钟南山。一定要见贤思齐，好好学习。,02/29
"担当。小家需要有担当，才能把日子过得蒸蒸日上。大家需要有担当，才能把风气与威望传扬。困难面前，要有人挺身而出，这就是有担当。84岁的钟南山院士，在这场疫情中成为了国人的信仰。在我心中，他完全是青年的模样！今天与🐷聊起，今天电视上一个逆行而上的护士----来自汶川女孩主动请缨的事震撼到我了，她说：""1、从全院护士来看，我年龄最小。如果不幸被感染了，恢复肯定会比年长的护士老师快。2、我没有谈恋爱，也没有结婚。3、身为汶川人，我得到过很多的社会帮助。如果我有机会能够去前线出自己的一点力，我一定义无反顾。""说着说着，眼眶竟然热了，鼻子竟然酸了……担当真的无关年龄。我常想：如果逆行的队伍中，有你的父母，有你的丈夫妻子，有你的儿子女儿，有你的亲戚朋友……你还会事不关己地聚会吗？逆行者的命不是命吗？担当，有关你我！中国，最强！",02/29
我在看：【钟南山：新冠病毒不会像流感经常性爆发】#跟新浪看热点#O钟南山：新冠病毒不会像流感经常性爆发,02/29
【中国疾控面临机构转型赋予其突发公共卫生事件决策权】专家表示，钟南山院士提到的CDC问题，涉及到机构改革扁平化的问题，从机构改革角度来讲，应该将其作为一个独立的行政部，赋予CDC突发公共卫生事件决策权，此外要向研究型转化，加强专业数据库的建设。LBTV晚间新闻报道的微博视频,02/29
中央指导组专家组成员、中国工程院院士、天津中医药大学校长张伯礼：我比钟南山更乐观。4月底除了湖北以外，全国其他省市就可以摘口罩恢复正常秩序了。估计到三月底，武汉形势才会明朗。若是乐观点来看，武汉甚至可以争取和全国同步（解封）。#3月起明令禁止网络暴力人肉搜索#,02/29
钟南山院士提到四月份基本控制O疫情拐点出现后，多久能恢复到原来的生活?,02/29
钟南山受雇于富士康，为其提供咨询。,02/29
刚刚，钟南山回答了这些重要问题！O网页链接,02/29
发布了头条文章：《万达为武汉捐款37亿！这企业一分没捐，却让钟南山感激不已！》O万达为武汉捐款37亿！这企业一分没捐，却让钟南山感激不已！,02/29
【非典吹哨人蒋彦永：勇于揭露SARS疫情真相，从而拯救了无数生命】提起17年前的“非典”，很多人会想到口罩、板蓝根、著名医学专家钟南山，以及七天七夜平地而起的小汤山医院，但没有几个人知道，当年如果没有他——蒋彦永用极大的勇气撕开被遮蔽的真相，如果不是他的决心，“50年来，经过历次政治运动，我深深体会到，讲假话、讲空话是最容易的，但我要做到绝不讲假话。”疫情极有可能演变成覆盖更多人的人间悲剧。301医院外科医生蒋彦永锲而不舍的一次次向上级反映SARS疫情蔓延情况始终得不到卫生部的重视，后来不惜背上处分向外媒反映，经外媒曝光后终于等到卫生部长、北京市长被免职，SARS疫情每日通报并逐步得到控制！因率先披露北京“非典”疫情，而受到媒体广泛关注的蒋老在2004年荣获菲律宾麦格塞塞公共服务奖。该奖被称为亚洲的诺贝尔奖。他获奖的理由将会被人们记住：“勇于揭露SARS疫症真相，从而拯救了无数生命。”蒋老今年已经88岁高龄，祝福他老人家长命百岁！,02/29
钟南山之子戴爱马仕腰带背后：义诊20多年研发便宜药物|❤️1535次赞📷火龙果传媒工作室的优酷视频L火龙果传媒工作室的优酷视频@优酷,02/29
【中国疾控面临机构转型赋予其突发公共卫生事件决策权】专家表示，钟南山院士提到的CDC问题，涉及到机构改革扁平化的问题，从机构改革角度来讲，应该将其作为一个独立的行政部，赋予CDC突发公共卫生事件决策权，此外要向研究型转化，加强专业数据库的建设。LBTV晚间新闻报道的微博视频,02/29
病毒源头到底是哪里？钟南山院士说，疫情首先发现在中国，发源地不一定在中国，结合中科院发表的论文、国外情况及世卫组织声明，增加一些关键点：1.武汉军运会时间是2019年10月18日到27日。2.美国流感爆发是在2019年10月份，已造成一万多人死亡。2.中科院：病毒人传人出现在11月中下旬，这说明11月上旬，甚至10月底就有人已经感染病毒。3.美国首例病患，到过武汉，但其携带的病毒H38单倍型，在武汉样本中，没有发现此病毒！4.美国的扩散病例来源最多，有五个，中国只有3个，日本只有2个！5.钟院士作为权威专家，既然公开说，相信肯定掌握了一些证据或依据。6.国外出现很多来源和感染路径不明病例，病毒来源并不是中国，日本、意大利、美国有些患者没有来过中国或接触过来过中国的人！7.有一种说法，美国的流感就是新冠状肺炎，这种可能性应该不大吧！但可以确定的是有些新冠肺炎患者被当成了流感患者！有一个日本人在夏威夷被诊断为流感，回日本被确诊为新冠肺炎！8.去年8月，美国最大的生化武器基地德特里克堡被紧急关闭，所有人员接受全方位的检查。9.美国科学家发现，病毒中有奇怪元素，是通过矢量技术人工加上去的，该元素只能存在实验室，不会存在任何野生动物身上！10.最近一周，美股持续大跌，与疫情蔓延美国有很大关系，越来越多证据指向美国！11.2月29日，世卫组织声明，新冠病毒源头不能确定！12.中国不能再背锅了，之前有网友说病毒发源中国，感觉对不起全世界的，可以歇歇了。13.持续更新关键点和事件，直至找到病毒源头！,02/29
【钟南山家早前画面：#钟南山家中的奖杯果篮#】近日，一段钟南山早些年家中画面引热议。视频中，钟南山家客厅摆放家人照片，奖杯被钟南山妻子李少芬当作水果篮。钟南山称，妻子给自己很大的支持。李少芬则说，自己在国家队时，管理较严不能结婚，钟南山等了她好些年。#聚焦新冠肺炎疫情#（新京报我们视频）L新京报我们视频的秒拍视频,02/29
