#美国至少15个州已启用国民警卫队#实际上，美国动用国民警卫队来控制骚乱的州数量已经升至21个。十多个州处于失控状态，二战以来，美国还没有出现过这么大规模的骚乱。今天拜登在跟抗议者交谈，特朗普蹲在地堡里发推，除了威胁动用“恶犬”，似乎没有给抗议者提供任何安慰。L第一亿颗星的微博视频,06/01
美国疫情下，特朗普打高尔夫L大灰羊一号的微博视频,06/01
【德媒刊发文章《特朗普之谬》：损害中国不会让就业回流美国】德国《商报》5月27日刊登文章中称，即使企业将生产线迁出中国也不会回到美国，而回到美国的企业创造的工作岗位也抵不上美国抗疫糟糕表现所毁掉的工作岗位。损害中国并不会令许多企业回到美国，而是更愿意在中国的亚洲邻国生产，那里的劳动力成本更低。详情↓↓,06/01
这个恶霸就是“浙江舟山的特朗普”!善恶到头终有报!不行多义必自毙!愿新一轮新冠在这个恶霸身上发生!,06/01
王缉思教授特朗普现象特朗普总是甩锅中国，是有原因的#Naomi##Anonymous##爱泼斯坦##明星名媛八卦爆料#L娱乐钊的微博视频,06/01
大言不惭。世上竟有如此厚颜无耻的自不量力者。//【特朗普公开发话：“如果我不能成功连任美国总统，世界就完了”】O特朗普公开发话：“如果我不能成功连任美国总统，世界就完了”,06/01
『惊天巨瓜！特朗普强奸13岁少女，多次性侵儿童，怕泄密杀人灭口，黑客正在爆料！』O惊天巨瓜！特朗普强奸13岁少女，多次性侵儿童，怕泄密杀人灭口，黑客正在爆料！,06/01
示威者白宫纵火违抗宵禁特朗普再次躲进白宫掩体——美国时间5月31日晚，大量示威者违抗华盛顿特区宵禁令，聚集在白宫外纵火、焚烧美国国旗，美国总统特朗普再次被带入白宫掩体。这是是华盛顿特区首个宵禁夜，也是示威者举行游行的第六个夜晚，白宫当晚罕见的关闭了标志性的灯光。警察在现场发射催泪弹试图驱散示威人群，双方爆发剧烈冲突。,06/01
020年PBS最新发布的长篇纪录片，重磅纪录片力作《美国鸿沟：从奥巴马到特朗普》，评分8.4！帮助深度了解当前美国社会，长达四小时展开深度探索，对美国日益痛苦的种族分裂和乌烟瘴气的政治生态进行调查，两党内斗导致社会撕裂对立，进而可能导致美国社会的衰退。下部L水山水山水山的微博视频考察特朗普的竞选团队如何利用国家的分歧，他的总统任期如何在分歧双方释放愤怒，以及美国的两极分化对国家未来意味着什么。上部L水山水山水山的微博视频追溯了随着种族、文化和政治分歧的加剧为唐纳德·特朗普的崛起奠定了基础，而巴拉克·奥巴马豪言壮语中的团结承诺又如何破灭。时间较长，可以先马后看！,06/01
你们俩都好“可爱”特朗普佩洛西骂战升级！特朗普怼：她精神错乱；佩洛西回击：他就像鞋子上沾着小狗便便的孩子…L种花家的菌事兔的微博视频,06/01
美国抗议示威民众围攻特朗普家的酒店，砸开门就冲…#华盛顿#L全球奇闻微爆光的微博视频,06/01
推特屏蔽了特朗普的推文：“你们开抢，我们开枪”,06/01
【#赵立坚回击美称中国无能致全世界受难#：#中美两国谁无能让数字说话#！】6月1日，外交部发言人赵立坚主持例行记者会。有记者提问，美国总统特朗普5月29日举行记者会时称，中国政府的无能导致全世界受苦受难。他说，为何中国不让武汉感染者到中国其他地区去，却容许他们自由地在包括欧美在内的世界各地旅行，中方对此有何回应？对此，赵立坚表示，这种说法完全不符合事实，是对中国人民为防控疫情付出的巨大努力和牺牲的极不尊重。事实是最好的回答，中方于1月23日关闭了离开武汉的通道，1月24日至4月8日武汉没有商业航班，也没有列车离汉，这既包括了从武汉到中国其他城市，当然也包括了从武汉到其他国家。美国三大航空公司于1月31日即宣布停飞中美之间直航航班，美国政府2月2日全面禁止中国公民和过去14天到访过中国的外国人入境，不知道何来让感染者自由旅行一说？中美两国谁无能，谁应对不力，还是让数字说话吧！美国目前确诊、死亡病例分别超过180万和10万，是中国的约22倍。据《纽约时报》网站5月20日报道，美国哥伦比亚大学研究显示，美国行动限制措施的延误导致至少3.6万人付出生命，如果美国政府提前一星期实施行动限制措施，能够多挽救3.6万人的生命。如果美国政府提前两星期就实施行动限制措施，美国83%死于新冠肺炎的患者将幸免于难。@人民日报O赵立坚回怼美方“指控”：中美两国谁无能，让数字说话！L奉新发布的微博视频,06/01
都闹成这样了，特朗普和议员们为什么不敢提高谴责声调？答案戳心！@QQ浏览器O都闹成这样了，特朗普和议员们为什么不敢提高谴责声调？答案戳心！,06/01
#美国至少15个州已启用国民警卫队#特朗普是不是谁派到美国做卧底的，就是为了毁掉美国。,06/01
特朗普连任不了#跟新浪看热点#O特朗普若连任不了美国总统，他的下场会怎么样？,06/02
特朗普呼吁州长更强硬应对抗议后，华盛顿州州长批：总统一再证明自己没有执政能力O特朗普呼吁州长更强硬应对抗议后，华盛顿州州长批：总统一再证明自己没有执政能力,06/02
【休斯顿警察局长喊话特朗普：如果没有建设性意见就闭嘴吧】6月1日，休斯顿警察局长在接受CNN记者采访时，回应了特朗普关于控制示威者的言论。他表示，如果没有建设性的意见，就闭嘴吧。警察局长还提到，这是现实生活，而不是在真人秀中，特朗普是时候该表现得像个总统一样。L微丢的微博视频,06/02
美国抗议者在华盛顿附近纵火，特朗普再次进入白宫掩体，这是911后美国总统再次遁入地堡，特朗普这是第二次进了。#环球见闻##美国暴乱#L爱国这件事的微博视频,06/02
CNN主播质问：特朗普在向美国人宣战吗？OCNN主播鼓动：我们正在独裁边缘，总统在向美国人宣战吗？,06/02
【外交部：#蓬佩奥惯于编造谎言为自己的错误行为找借口#】6月2日，外交部发言人赵立坚主持例行记者会。有记者提问，美国务卿蓬佩奥6月1日发表声明称，特朗普政府重视包括中国在内国际学生和研究人员的重要贡献，但不会容忍中国从美学术和研究机构非法获取美技术和知识产权，并用于本国军事目的，中方对此有何评论？赵立坚表示，和其他问题一样，蓬佩奥惯于编造谎言为自己的错误行为找借口。中国留学人员聪明勤奋，一向是中美科技交流和两国人民友谊的重要桥梁。L京视频的秒拍视频,06/02
特朗普和各州长的电话会议录音曝光：我们成了全世界的笑柄O特朗普和各州长的电话会议录音曝光：我们成了全世界的笑柄————————————————是特朗普成了全世界的笑柄,06/02
#致非洲裔男子死亡的前警察出庭日期推迟#居然推迟出庭，这不是进一步给了美国人民闹事的空间，司法部门是要把特朗普搞下去啊。。,06/02
《特朗普去教堂前用催泪弹开道主教未收到任何通知表示愤怒》特朗普去教堂前用催泪弹开道主教未收到任何通知表示愤怒O网页链接,06/02
#特朗普#特朗普发表强硬演说中美局势或传意外消息O网页链接,06/02
特朗普3票之差败下阵了#跟新浪看热点#O该来的终究还是来了，总统权力失效，特朗普3票之差败下阵来,06/02
【#特朗普称应该用武力回应暴力抗议者#】特朗普在全美各地多天的抗议活动后，在视频电话会议上向各州州长表示，要积极地将暴力示威者作为目标，用武力回应暴力抗议者。“这是场运动，你们如果不压制住就会越来越糟”，特朗普表示“他们唯一能成功的时候，就是你们孱弱的时候，而你们大多数人就是很弱。”他表示“全世界都在嘲笑明尼阿波利斯市警察局被烧毁”。O网页链接,06/02
【#特朗普和各州长电话会议录音曝光#：我们成了全世界笑柄各州长必须强硬】6月1日，特朗普和美国州长们举行电话会议的录音曝光。特朗普指责在应对抗议时，大多州长都过于软弱。他表示“在明尼苏达州发生的一切，让我们成了全世界的笑柄”。他要求各州长要“强硬”，必须要完全把控住局势。@世面L世面的秒拍视频,06/02
#希拉里批评特朗普滥用总统权力#对美国的政客的表现表示十分的无语，除了互相攻击还有别的新意吗？怼来怼去能解决什么问题呢？也许这本来就是美国人的权益和特长吧！真可以说是从上到下的甩锅班底，自己疫情没控制好，总统特朗普把抗疫不力的责任甩锅给中国和世卫组织，现在底下政客又把美国警察残忍致死黑人引起的暴乱甩锅给俄罗斯，这都是不挨着的事，美国政客竟然能神奇般的串联起来了，不得不佩服这些政客的甩锅本领。美国这次暴乱原因很明显，不仅仅是这种暴行产生的连锁反应，而是他们都是黑人，为什么一个黑人之死会造成如此重大事件，很明显这其中肯定涉及到了种族歧视的问题，当然也涉及到了黑人的生存问题，如果谁日子过得好，没有人愿意去犯罪，由于美国社会根深蒂固的种族歧视（包括教育歧视、就业歧视、社会保障方面的歧视等等），黑人在美国社会已经被严重地边缘化，就算饿不死也是过着极为憋屈的生活；,06/02
实在搞不懂特朗普，经济的发展靠的是全球化合作和人才培养，怎么反过来搞，这是后退呀！,06/02
记者拍下尴尬一幕！特朗普疑似让夫人在镜头前微笑，后者勉强抬起嘴角又迅速恢复冷漠L无心简影的微博视频,06/03
人类的文明，绝大多数是单打独斗出来的，我不知道特朗普女儿是如何被左翼洗的脑，左翼这么渴望右翼帮他们做事，不帮他们，他们根本一点信心都没有，不是很容易看出来吗？那他们为什么自己不右倾改变自己和改变别人就是恋爱与强奸难道女性内心深处都渴望被强奸？我成全你们,06/03
特朗普政府是这些年最反华的政府了吧。。,06/03
美专家：我们正在目睹#美国道德高地的崩塌#】美国白人警察暴力执法致黑人死亡，由此引发的骚乱蔓延全美，近日总统特朗普威胁动用军事力量平息骚乱。警察暴力执法为何引发如此剧烈的社会反应？美国混乱与失序背后的深层次原因是什么？华东师范大学政治学教授JosefMahoney指出，“美国的道德高地正在崩塌，而这个现象，不仅发生在美国国内，也体现在美国在国际舞台上的表现中。”（CGTN）LCGTN的微博视频,06/03
#特朗普#北美懂王怎么了？,06/03
德应老板实战分析特朗普笔迹签名，名人性格分析技巧L德应笔迹心灵易学的微博视频,06/03
#特朗普#敢不敢把大使馆撤回去？,06/03
#特朗普计划禁止中国载客航班飞美国##美国疫情#【特朗普政府计划禁止中国载客航班飞往美国】这是神马节奏？你品，你细品据路透社刚刚报道，特朗普政府计划从6月中旬开始禁止中国的载客航班飞往美国，这一决定或在当地时间周三宣布。俄罗斯卫星通讯社则称，美国交通部证实从6月16日开始对中国航班下“禁飞令”。,06/03
睡前看了部电影《弱点》，但对我来说翻译成《盲点》可能更贴切。迈克幸运的，有太多的黑人和他一样，在社会最底层，即使有着某方面的天赋，但难遇到人生转折点的贵人。影片中迈克的生母教给他闭上眼睛等一切坏事情过去之后在睁开眼世界依然值得去期待，所以出生在黑人贫民窟中的迈克，辗转于无数寄宿家庭中的迈克，依然温柔地对待这个世界。所以内心柔软却小心翼翼的迈克才能遇到同样善良的陶西夫人一家，才有了属于自己的床，自己的房间，才感受到家的温暖，才能发挥自己的特长，还上了大学，进了自己喜欢的橄榄球队。而最令人感动的是这一切都是真是事迹改编，陶西一家也是真正存在。最后想到了现在的美国局势，虽然我不喜欢特朗普，但我希望美国民众能够快快恢复到正常的生活，少些歧视，多点爱。,06/03
#特朗普#宁可真是顶流,06/03
#扫黑除恶举报平台#祖国反黑站中国#扫黑除恶#@深圳微博发布厅深圳市府委415两死一伤惨案发生在闹市你们不思过？公安消防失职渎职，给你们市府市委信访办访信不敢回，人民网新浪官微不敢回应，无视党纪国法，作为政府的代言办事机构，你们初心何在？特朗普的政府？@广东检察扫除深圳市府黑恶势力,06/03
德国坚决拒绝特朗普的建议，让俄罗斯共同参与七国峰会。默克尔总理发言人表示，要区分嘉宾和参与者。以往也有某些国家作为嘉宾参与过七国峰会。如果特朗普想扩展七国峰会成员，必须经过所有代表一致表决通过，不是特朗普一人说了算。俄罗斯代表前不久表示，要么作为平起平坐的代表参与，要么不来。同时，俄罗斯也想拉中国近来进来。#新华二代在德国##默克尔将不会赴美参加七国集团峰会##全球疫情#,06/03
#特朗普计划禁止中国载客航班飞美国#不知道空机飞过去许不许。,06/03
#特朗普#声音不像啊,06/03
#特朗普#年度热搜榜第一,06/03
特朗普病毒，美利坚之春！,06/04
#美国新冠病毒感染病例超过161万例##特朗普批评哥大可耻#美国哥伦比亚大学的一份报告指出，如果美国能够提前一周采取措施，就可能减少3.6万人死亡。在24日的一次采访中，特朗普回应此事称，发布这份报告的机构“可耻”，“哥大是一个自由派的、可耻的机构，才会写出这样的话。”特朗普又再次谈及1月对...展开全文c,06/04
【特朗普的账号又被“封”了，这次是SNAP！Facebook仍然含糊其辞】FacebookFB这是继推特之后，第二家对特朗普发布的内容进行限制的社交网站运营商。相比之下，Facebook（脸书）依旧按兵不动。图片来源：图虫创意当地时间6月3日，社交...O网页链接,06/04
【威力比歼20更强大，美军下令生产数百枚，俄军高官放出罕见言论】近日，特朗普终于说了句实话，他透露美军正在研发一款威力强大的高超音速无人机，据称这款名为利爪的无人机可以作为侦察机也可以当做导弹，起飞15分钟就能击毁对手的航母等目标，威力比歼20更强大。#水镜晓先生##武器装备##军事#L思远军事的微博视频,06/04
#安倍遭遇“G7尴尬”#上了头条热榜。特朗普想用新G10代替G20，日本却陷入尴尬境地】新G10是：美国、加拿大、巴西、英国、法国、意大利、日本、印度、韩国、澳大利亚。看一下名单，日本尴尬了，怎么韩国也进来了？亚洲不是我说了算么？有媒体嘲笑韩国和澳大利亚，认为G10经济、外交和政治规模很小，且在全球范围内影响也不大。日本媒体也认为，本国的地位并没有得到提高，反而降低了。日本政府对美国总统特朗普推迟召开七国集团（G7）峰会和扩大与会国的方针流露出不安。这是由于日方认为特朗普“讨厌国际会议”的态度就此表面化。峰会是能够彰显“世界舞台上的日本”的少数机会。日本有着很强的危机感，担心“以美国为中心的G7框架如果瓦解，日本将失去作为大国的存在感”。首相安倍晋三打算与G7其他成员国携手维持该框架，但说服特朗普是一项极难的工作。但实际上，感到困惑的声音越来越多。这是因为日方认为延期的背后，不仅有着应优先应对新冠和抗议示威的想法，而且还包含特朗普不愿举行需要开展国际协调的G7会议的“美国第一主义”判断。对于特朗普在表明延期的同时，严厉批评G7框架“非常落后于时代”的发言，日本政府消息人士称“，意思就是只在有利于自己的时候召开峰会，如果感觉没有好处的话，今后也不会举行”。其实，如果G7的功能陷入停摆状态，日本可参与“大国俱乐部”二十国集团（G20）峰会啊。但是，中俄也是成员的G20因各国分歧较大而难以达成共识，。“难以由日本主导讨论”是明显的事实。关于G7的意义，“作为致力于国际社会直面的课题并确认合作的场所，仍然十分重要”。虽然日本觉得G7很重要，但是自己不受待见，掌握不了话语权。日本真的纠结死了。#美国##日本##韩国##G7#,06/04
【外媒曝光美国白宫地堡绝密画面：隧道连接密室房间多处有秘门】据美国媒体报道，上周五晚美国华盛顿特区的抗议活动最激烈时，美国总统特朗普被带到白宫一个地堡中躲避。这使得白宫的地下掩体迅速成为各大媒体关注的焦点。L燃新闻的秒拍视频@燃新闻#国际军事##水镜晓先生#,06/04
特朗普带着夫人去探望奥巴马，并且送上礼物，企图平息黑人一族的怒火。没想到奥巴马接过礼物，一转身便将其甩了出去。这就是今天最疯传的视频。O网页链接,06/04
#美国示威者要求警察戴口罩#油管上超火的美国熊孩子模仿特朗普表演哈哈哈哈哈哈哈哈哈白眼圈是精髓啊，就是头发太浓密了些L猫眼看视频的微博视频,06/04
深圳祖国反黑站中国#扫黑除恶#@深圳微博发布厅深圳市府委415两死一伤惨案发生在闹市你们不思过？公安消防失职渎职，给你们市府市委信访办访信不敢回，人民网新浪官微不敢回应，无视党纪国法，作为政府的代言办事机构，你们初心何在？特朗普的政府？@广东检察扫除深圳市府黑恶势力,06/04
美国总统和防长开撕美国时间3日晚，美国《大西洋月刊》刊登爆炸性新闻——2018年12月辞去防长职务的海军上将詹姆斯·马蒂斯为“黑人之死”引发的骚乱向特朗普开重炮。CNN网站也插播“突发新闻”称，马蒂斯忍无可忍打破沉默，“用极不寻常的斥责猛攻特朗普”。“唐纳德·特朗普是我有生之年见到的第一位不试图团结美国人民的总统，甚至连假装尝试一下都不愿意，相反，他还要分裂我们”马蒂斯继续批评道，“我们正见证（他）3年来故意而为之所带来的后果。我们正目睹（他）3年来缺乏成熟领导力所带来的后果。我们完全可以撇开他团结起来，利用我们这个社会与生俱来的力量，正如过去几天所显现的那样。这并非易事，但这是我们对我们同胞的责任。””也许巴拉克·奥巴马和我唯一的共同点，就是我们都有幸解雇了吉姆·马蒂斯，（这个）世界上最被高估的将军”。美国时间3日晚，特朗普在推特上猛烈还击此前严厉斥责自己的前任防长马蒂斯。两人的措辞，都异常激烈。2018年12月，特朗普宣布，时任防长马蒂斯将在2019年2月底退休。马蒂斯随后宣布，自己因为和特朗普观点不一致而决定辞职。,06/04
#美多州州长拒绝特朗普想派军队决定#这些州长比特没谱心中有数。军队是什么用处，警察呢？,06/04
【#特朗普称病毒在中国没传开真奇怪#】近日，美国总统特朗普接受采访时称：“疫情在武汉暴发，传到了欧洲，传到了美国，传遍了世界，却无法传遍中国？这事可真奇怪。”在采访中，特朗普依然坚持指责中国，还把疫情对美国经济的冲击也归咎于此。截至目前，#美国新冠肺炎感染人数超185万#。O特朗普终于发现这个事实：病毒传遍世界，在中国却没传开,06/04
美国军队脱离政客约束，具有独立立场和干预政治的趋势再次抬头，美国存在被军工复合体独裁统治的重大风险。特朗普再选成功的可能性依然很大，他的政治根基依然较为稳固。#预判#,06/04
遭“跪杀”黑人的家属获众筹款近800万美元，金额仍在涨！特朗普：乔治已得新冠肺炎！低等生命失败者幸亏死了，省了诊疗费，赚了众筹款！没有人比我更知道他是死于心脏病了！不信，你们几个跪我试试，肯定跪不死，最多跪骨折！#美国暴乱##美国新冠肺炎超184万例##黑人男子遭警察跪压7分钟死亡##特朗普推文被推特标记为事实有误信息##美国示威者要求警察戴口罩##美国最大国旗被撕坏#,06/04
#扫黑除恶#祖国反黑站中国#扫黑除恶#@深圳微博发布厅深圳市府委415两死一伤惨案发生在闹市你们不思过？公安消防失职渎职，给你们市府市委信访办访信不敢回，人民网新浪官微不敢回应，无视党纪国法，作为政府的代言办事机构，你们初心何在？特朗普的政府？@广东检察扫除深圳市府黑恶势力,06/04
特朗普在白宫新闻发布会上说，美国在“疫苗上取得了难以置信的进展”,06/05
#华盛顿特区2名士兵遭雷击#呃……应该劈特朗普,06/05
最新消息：特朗普政府取消了停飞中国航空公司中美航线的计划。之前美方威胁说要在6月16日停飞，但是在中国民航局放宽国际航班的限制后，美国交通部可能会允许中国航空公司一周两次航班飞美国。,06/05
德国媒体报道，因应对疫情有力，中国在德国人心中形象大增，而因特朗普不负责任的言论和处理方式，美国形象大跌！#美国##美国暴乱#L何天衢的微博视频,06/05
【CNN主播吐槽：被问如何应对“警察对有色人种采取暴力”，特朗普又开吹！】#特朗普用吹嘘民调数据回避回答记者提问#据美国有线电视新闻网（CNN）5日报道，CNN“今夜”节目主播唐·莱蒙表示，当总统特朗普近日受访时被问及如何应对“警察对有色人种采取暴力”有关问题时，总统的回答内容全部是关于他自己的——吹嘘他的民意数据。全文：OCNN主播吐槽：被问如何应对“警察对有色人种采取暴力”，特朗普又开吹！L环视频的微博视频@环视频,06/05
#深圳爆料#祖国反黑站中国#扫黑除恶#@深圳微博发布厅深圳市府委415两死一伤惨案发生在闹市你们不思过？公安消防失职渎职，给你们市府市委信访办访信不敢回，人民网新浪官微不敢回应，无视党纪国法，作为政府的代言办事机构，你们初心何在？特朗普的政府？@广东检察扫除深圳市府黑恶势力,06/05
#中美经贸#特朗普刚白宫玫瑰园发表讲话，吹捧就业数据和经济表现，谈及中美。“我对贸易协议的看法与以往不同。这(中美第一阶段贸易协议)是一个很好的协议。我会说他们从我们这里购买了很多东西。与中国相处好将是一件好事。我不知道那会不会发生。我会让你们知道。我认为他们想与我们相处好。注（很多的不确定性（好的or坏的）都来自于特*朗*普，而且可能会在极短的时间内出现反转）,06/05
特朗普在采访中说：“我想问的是，为什么不是武汉？……疫情在武汉暴发，为什么它在中国没能传开，却传到了世界各地？它传到了欧洲，传到了美国，传遍了世界，却没有传到北京。”作弊都考不及格的大统领，面对全班第一，这是嫉妒呢？还是嫉妒呢？还是嫉妒呢？,06/05
特朗普是我党好同志，动摇了美国根基，为我们GDP总量超越美国创造了条件。,06/05
#美国四任前总统为弗洛伊德发声#发声有用吗？特朗普还不是我行我素？美国还不是乱象频生,06/05
26/1000#杰说英文#CSE9黑人枉死背后的美国裂痕个人觉得这边文章还是有难度的嘞！记了好多笔记呀！特朗普一直行事风格跟一般的政治家不大一样，有点像咱们之前打游击战那种风至于美国警察抓逃犯导致黑人枉死的事件，需要知道一个前提，美国警察的第一要务是保证自己的安全，如果有发现任何会威胁到自己生命安全的事情的话，开枪打死也不偿命的。至于种族歧视问题，一呢跟征信有关，二呢美国是一个移民国家，这么多不同种族的人，都歧视黑人？？可能会有，不过要看概率。,06/05
#美国白宫#特朗普正在白宫玫瑰园发表讲话，在谈到暴力抗议时说：如果一个城市或州拒绝采取必要行动保护其居民的生命和财产，那么我将部署美国军队，迅速为他们解决问题.......#美国突发夜间枪击事件7人死亡#O网页链接,06/05
【奥巴马再批特朗普政府：连假装负责都做不到】16日，奥巴马在给美国传统黑人大学毕业生毕业寄语时，再次批评现政府的抗疫不力。他表示，疫情给黑人社区带来了不成比例的影响，凸显了黑人社区长期存在的不平等问题，而这次疫情也让“政府官员知道自己在做什么”的幻想破灭了，“他们甚至连假装负责都做不到”。L事件排行榜的微博视频,06/05
特朗普这是上帝显灵神力加持了吗？#美国是如何失去人心的?#不信苍生信鬼神，难怪美国老百姓会这么惶恐不安！#美国突发夜间枪击事件7人死亡#L辣叶摧秋的微博视频,06/05
@凤凰王又又:#中美经贸#特朗普刚白宫玫瑰园发表讲话，吹捧就业数据和经济表现，谈及中美。“我对贸易协议的看法与以往不同。这(中美第一阶段贸易协议)是一个很好的协议。我会说他们从我们这里购买了很多东西。与中国相处好将是一件好事。我不知道那会不会发生。我会让你们知道。我认为他们想与我们相处好。图片原图赞[52]转发[15]评论[48]收藏5分钟前来自微博weibo.com,06/05
这个女市长不好惹，特朗普现在很生气很无奈！O这个女市长不好惹，特朗普现在很生气很无奈！,06/06
跟朋友聊天都开始聊特朗普和外星人了，这魔幻的世界,06/06
#凤凰新闻##新浪看点##美国#【重磅！特朗普等众高官都被起诉，诉状长达31页，被控参与非法阴谋】黑人男子弗洛伊德之死致全美暴乱和骚乱，该情况也蔓延到了华盛顿和白宫附近，然而特朗普为了政治宣传需要却用催泪弹、闪光弹等强行驱散了附近抗议者。对此，美国公民自由联...O重磅！特朗普等众高官都被起诉，诉状长达31页，被控参与非法阴谋,06/06
我在看：【特朗普威胁中国：立刻降低龙虾关税…】#跟新浪看热点#O特朗普威胁中国：立刻降低龙虾关税…,06/06
#腾讯新闻#特朗普放话：“如果我不能成功连任，世界就完了”O特朗普放话：“如果我不能成功连任，世界就完了”来自@腾讯新闻,06/06
明悟物语在美国，随着新冠疫情持续蔓延，“弗洛伊德之死”事件近日来仍在不断发酵以及居高不下的失业率和民主与共和两党的总统选举之争，《注定一战？中美能避免修昔底德陷阱吗？》一书的作者哈佛大学教授格雷厄姆·艾利森所谓的“中美注定一战”是否成为现实，面对不确定的美国现任总统特朗普，确实并非杞人忧天！（於北海）,06/06
特朗普先生，你有我们快乐吗,06/06
看来川普的魂被鬼附身了昨天上午，美国终于走火入魔，白宫正式给特朗普请来巫师，驱逐妖魔。巫师为教皇秘书，据说神力非凡。他呼鬼唤神，场面非常震撼。川普背后好几个美国议员紧抓着特朗普的肩膀难中求福，希望神魔不要把特朗普普带走，顺便保佑美国人民，只让病毒赶快消失……哈哈哈O网页链接,06/06
笑死我了，网友恶搞特朗普L民咕咕看了要报警的微博视频,06/06
加拿大总理特鲁多这一跪摆明不给特朗普面子！单膝跪地是北美示威活动中反对种族歧视的标志性动作，源于美国黑人男子弗洛伊德遭白人警察暴力致死。,06/06
前副总统乔·拜登（JoeBiden）正式获得民主党总统候选人提名，对唐纳德·特朗普（DonaldTrump）提出大选挑战…,06/06
笑死企鹅肉培根海马AJ肉特朗普肉墨狐皮,06/06
神奇的美国总统！！！特朗普：即使我站在纽约第五大道开枪杀了人，也不会失去选票L牛铃的微博视频,06/06
说再多也只是发表自己的看法，老特才是现任的当政者，难搞。#共同战疫#【美国四任前总统齐发声呼吁反思国家的“悲剧性失败”】近日，美国四任前总统奥巴马、小布什、克林顿、卡特均为“弗洛伊德事件”发声，表达对种族歧视的谴责和对受害者及家人的同情，并呼吁反思国家的“悲剧性失败”。有评论称，尽管发声的四位前总统来自不同政党，但是没有人为特朗普政府背书。L全球眼News的秒拍视频@美国驻华大使馆,06/06
再说两点中美两国口水仗观感吧。特朗普政府以上任以来，从最开始发动的光伏以及301调查以及后来的关税之争，其实标志着中美关系进入到了新的竞争阶段。我们是否做好了充分的战略调整显得非常关键。能否跨越所谓修昔底德陷阱是中国未来十至十五年的关键，也就是改革开放的下半场。成则一改二战以来美国建立的世界格局，败则和曾经挑战过美国的德日苏一样。,06/06
美国再怎么斗也是窝里斗，最后也是特朗普一个人背锅。美国再怎么和欧洲不和，也是同宗同祖。不应该过于乐观，甚至要更警惕暴乱之后的“团结”。,06/07
#多国民众示威游行高喊我不能呼吸#得道者多助，失道者寡助。寡助之至，亲戚畔之。多助之至，天下顺之。以天下之所顺，攻亲戚之所畔，故君子有不战，战必胜矣。——一向以人权自由民主标榜的美国，终将沦为国际社会的弃儿，尽管目前尚有一些国家仍旧跟随美国主子摇旗呐喊，有时立场左右摇摆，正如开启了中美建交序幕的美国前国务卿基辛格博士所说，相信疫情过后，国际社会秩序会重新调整。美国在历史上最烂的总统特朗普带领下成为国际社会笑柄，当然这也是美国民众选的总统，所以美国人民也要为自己不负责任的投票行为承担后果。,06/07
推特特别关注了特朗普，然后我推特的推送就被它霸占了O网页链接,06/07
#每经整点播#【每经23点丨#特朗普称已下令国民警卫队撤出华盛顿#】据环球时报，刚刚，美国总统特朗普在推特上宣布，已经下令美国国民警卫队开始从华盛顿特区撤出。特朗普说，我刚刚下令让国民警卫队开始从华盛顿特区撤出，现在一切都在完美的控制之中。他们将回家，但如果有需要的话，可以很快回来。昨晚出现的抗议者比预期的要少得多！更多整点内容：O每经23点丨特朗普：已下令让美国国民警卫队从华盛顿特区撤出一切都在完美的控制之中；国内首个新冠肺炎抗体药物开始临床实验（TY）O每经23点丨特朗普：已下令让美国国民警卫队从华盛顿特区撤出,06/07
#全球多国爆发反种族歧视示威活动#特朗普可能永远也不会想到他会在任期间遭遇美国历史上规模最大的一次流行疫情特朗普更不会想到他会在任职期间经历美国股市暴跌数次的壮举他最最最想不到的是因为美国警察的对待黑人的态度引来了全球性种族歧视的不满其实背后都是体制问题吧，只是你们提前遇到了一个”好”总统，感觉天都要变了,06/07
【#观察家#美国总统大选怎样打“中国牌”？】美国总统特朗普和他的民主党竞选对手乔·拜登之间的较量将会是一场激烈的斗争，他们相信，谁能更猛烈地抨击中国，谁就是赢家。LCGTN的微博视频,06/07
【#特朗普待过的白宫地下掩体什么样#？】据美媒报道，在美国民众聚集在白宫围栏外，抗议种族歧视和警察暴力执法时，特朗普曾两次被带入白宫内的地下掩体。美媒报道，这个神秘的“白宫地堡”共5层，储存的食物足够维持数月。看视频↓@央视军事L央视军事的微博视频,06/07
#特朗普怒怼鲍威尔#【特朗普“怒怼”鲍威尔：伊拉克没有大规模杀伤性武器，但我们去打了一仗】今天，特朗普发推“怒怼”美国前国务卿鲍威尔，特朗普称，鲍威尔是一个真正的顽固分子，他应该为我们卷入灾难性的中东战争而负责，鲍威尔今天宣布他将投票给另一个顽固、昏昏欲睡的民主党总统候选人乔·拜登。鲍威尔不是说伊拉克有“大规模杀伤性武器”吗？”，他们没有，但是我们去打了一仗！@环球网,06/07
特朗普：没有人比我更懂得握手🤝#搞笑视频##拯救不开心#L笑的拍大腿的微博视频,06/07
"特朗普被美媒称为“地堡男孩”，地堡主要功能“防团灭”？,特朗普被美媒称为“地堡男孩”，地堡主要功能“防团灭”？L特朗普被美媒称为“地堡男孩”，地堡主要功能“防团灭”？",06/07
【美国特朗普看了想打人：实拍美警察与抗议者斗舞现场】这个厉害了，动作酷炫不输专业舞者，观众尖叫不断！难道这就是传说中的美国街舞？突然想起来，要是乔治·弗洛伊德会跳街舞，结果会不会不一样？（视频来源：地平线）L人才76116的微博视频,06/07
不能关注国内傻叉那就看看美国雪崩，静等米果疫情数据再次爆发#德特里克堡病毒##特朗普就是美国病毒##支持美国人民捍卫生命权的正义斗争##川普已经自绝于美国人民#L微天下的微博视频,06/07
尹一鸿：摆摊吧，特朗普-乌有之乡O尹一鸿：摆摊吧，特朗普,06/07
"DreamingSunStudio特朗普炮轰鲍威尔支持拜登同时提到了一个重要事实美国出兵伊拉克时所谓的伊拉克拥有大规模杀伤性武器是个谎言！特朗普Twitter原文如下：ColinPowell,arealstiffwhowasveryresponsibleforgettingusintothedisastrousMiddleEastWars,justannouncedhewillbevotingforanotherstiff,SleepyJoeBiden.Didn’tPowellsaythatIraqhad“weaponsofmassdestruction?”Theydidn’t,butoffwewenttoWAR!",06/07
#6月16日起美暂停往返的中国民航航班#中国的疫情缓解后，我们按照计划对疫情严重的国家实行的是包机政策，别的国家都配合的不错，唯独到美国设置了种种障碍。到美国接留学生回国，可是美国却要求不能只接留学生，所有美国人都有权去中国，考虑到美国病毒的严重性，只能无奈取消包机航班。实际上就是美国在绑架中国留学生，中国付出巨大代价取的了抗疫胜利，绝不能让成果付之东流，不可能答应美国无理要求。进入6月，我们允许日本、韩国等八个国家包机入境，不包括美国，所以#特朗普计划禁止中国载客航班飞美国#，就美国现在的疫情和国内治安，禁飞很合理，建国同志真是为祖国操碎了心。来源：魏岳钦禹O美国暂停允许中国航空公司提供来往于美国的航班，你认为对留学生和其他华人的影响有多大？,06/07
特朗普一天发二百条推特儿，那我一天发十条微博数量还行😂,06/08
央视时代风向标栏目美国视频新闻2020.6.06：1.加州的亚马逊中心大火熊熊燃烧2.特朗普使用无任何标示的武装人员驻守白宫，佩洛西要求他解释3.示威在升级，武装力量出现4.今天早上一对没有编号的美国大兵进入白宫。至少6辆满载巴士在白宫附近下车。有个士兵和拍摄者说话，被训斥了一顿。#美民众发起装死抗议#唐戈的肥唐说#高雄市长韩国瑜被罢免#L茂哥日记的微博视频,06/08
6.18购物节，苹果5分钟销售过亿，销售额仍超华为。这个现象在特朗普再一次封杀华为，强制断供芯片，将众多中国企业和大学列入实体清单的情况下，苹果仍保持了强劲销售势头，说明国人对苹果的选择任未受上述因素影响。,06/08
共和党大佬纷纷倒戈，特朗普四面楚歌O共和党大佬纷纷倒戈，特朗普四面楚歌特朗普上台，反而是好事，加速美帝的衰败！让他再折腾4年，估计美帝成为第三世界的国家！,06/08
实时播报：特朗普称今年是美国有记录以来犯罪率最低的一年，而现在激进的左翼民主党人想要停止资助并抛弃警察。,06/08
#特朗普一天发200条推特#我觉得我还是不够努力,06/08
【特朗普：伊拉克没有大规模杀伤性武器，我们却卷入了战争】美国总统特朗普再次语出惊人！当地时间6月7日，美国前国务卿科林·鲍威尔接受采访时，公开批评总统特朗普，称其言行已经“背离宪法”。当天特朗普发文回击，#特朗普说伊拉克没有杀伤性武器#，美国却卷入了战争！他将鲍威尔称作是“让美国陷入灾难性中东战争的‘顽固分子’”。@人民日报L央视军事的微博视频,06/08
CNN民调显示拜登支持率超过一半，特朗普：民调跟报道一样假。据外媒6月8日报道，美国总统特朗普在周一驳斥了CNN最新的民调结果，称这一民调是绝对的假新闻。根据最新民调显示，民主党总统候选人乔·拜登获得了55%的登记选民的支持，而特朗普的支持率仅为41%，落后拜登整整14个百分点。但自信的特朗普绝不愿意承认这一事实，他在推特上说：“CNN的民调和他们的报道一样都是假的。民主党会毁掉美国的!”#美国##美国大选##民调#,06/08
#军事##新闻资讯##特朗普#现任防长拒绝出兵，前任防长也出面指责，特朗普行为引发公愤！L军事集结号的微博视频,06/08
【特朗普：伊拉克没有大规模杀伤性武器，我们却卷入了战争】美国总统特朗普再次语出惊人！当地时间6月7日，美国前国务卿科林·鲍威尔接受采访时，公开批评总统特朗普，称其言行已经“背离宪法”。当天特朗普发文回击，#特朗普说伊拉克没有杀伤性武器#，美国却卷入了战争！他将鲍威尔称作是“让美国陷入灾难性中东战争的‘顽固分子’”。L央视军事的微博视频,06/08
谈美国，本来美国对我国是慢慢渗透，温水煮青蛙，好多国人被蒙在鼓里，幻想西方的民主和自由，这次让我们彻底看清了美国的嘴脸，还是我们的制度好，特朗普，满嘴跑火车，醒醒吧，不要到处推销你的民主了，欺骗，撒谎，我们国内的那些所谓精英也应该清醒了吧,06/08
特无谱这个糟老头发神经啦【特朗普与前国务卿鲍威尔“互怼”共和党大佬集体发声与特朗普切割】美国总统特朗普再次语出惊人！当地时间6月7日上午，特朗普发推怒怼美前国务卿鲍威尔，“科林&middot;鲍威尔，这个真正的顽固分子，让美国陷入灾难性的中东战争。...O特朗普与前国务卿鲍威尔“互怼”共和党大佬集体发声与特朗普切割来自@凤凰新闻客户端,06/08
【美帝国入侵伊拉克谁来负责？】美国内斗升级，特朗普一不小心说出了17年前的一个惊天大秘密！特朗普7日在推特上炮轰鲍威尔，说当年入侵伊拉克时鲍威尔提供了假证据，展示的“大规模杀伤性武器”并不存在。最近，美国可谓是内忧外患，不仅有汹涌澎湃的疫情难以控制，而且，因警察跪死黑人弗洛伊德的游行示威和骚乱在美国也是如火如荼。已经把特朗普搞得焦头烂额，手足无措。这还不算，前总统卡特、克林顿、小布什和奥巴马也都纷纷站出来，指责特朗普。要知道，小布什跟特朗普可都是共和党的。不仅如此，就连同属共和党的鲍威尔（美国前国务卿）也开始指责特朗普。黑人鲍威尔周日表示，他在11月份的大选中会把票投给民主党的拜登，而不是特朗普，并斥责特朗普是个十足的骗子。鲍威尔这下可真的捅了特朗普的马蜂窝！对几位前总统留点脸面还说的过去，你一个小小的前国务卿也敢这样指责我。特朗普怒不可遏，直接在其无比擅长的推特上，发起了连篇累牍的反击。结果一不小心却爆出了一个惊天大雷！原来，2003年美国入侵伊拉克是无中生有。鲍威尔说的伊拉克有“大规模杀伤性武器”纯属子虚乌有！特朗普在推特上这样说的，“鲍威尔是一个顽固不化分子，美国卷入2003年的伊拉克战争是灾难性的，开战的所谓理由——伊拉克有大规模杀伤性武器，其实是没有的，鲍威尔该为伊拉克战争负责！”估计特朗普也是气急败坏到了顶点，气昏了头！这啥话都敢说。不过也难怪，国内的疫情和骚乱已经整的他精疲力尽，以奥巴马为首的前总统指责批评也就算了，赖好他们以前也都是当过总统的主，没想到一个小小的前国务卿，而且还是个黑人，也来指责批评他，敢说他特朗普是骗子。是可忍，孰不可忍！“”婶”更不能忍！他特朗普特别不能忍。必须反击，而且要来个惊天动地的大实锤！没想到的是特朗普这次反击等于是把前总统小布什也一起连锅端了！因为当时的总统就是小布什。这下可好，特朗普不经意的一番推特，相当于承认了当年美国是以莫须有的罪名发动了对伊拉克的战争。估计地下的萨达姆都想跳出来为特朗普叫好。等了这么多年，终于可以沉冤昭雪了。美国已经进入暗黑时刻，目前这种乱糟糟的局面，恐怕只有上帝能救了。,06/08
"事实是刚刚创新高，不像某人只会吹牛逼。特朗普：股市的重要日子。聪明的资金和全世界都知道，我们正在朝着正确的方向前进。就业岗位很快回来了。明年将是我们有史以来最伟大的一年！BigdayforStockMarket.Smartmoney,andtheWorld,knowthatweareheadingintherightdirection.JobscomingbackFAST.Nextyearwillbeourgreatestever!",06/08
#特朗普怒怼鲍威尔#大金毛子在地堡里推特治国！,06/08
#弗洛伊德葬礼#恐怕特朗普死了都没那么多人关注,06/09
一个帅普小号我都想好了：你才特朗普,06/09
#弗洛伊德葬礼#弗洛伊德的葬礼已经开始了。美国各类政客纷纷出场表态，关键是何时收场？如何收场？这是个大问题，不会一直拖到11份美国总统选举的时候吧？就看总统特朗普的处置方式吧！,06/09
#凤凰新闻#【特朗普做出重磅决定！默克尔当场翻脸：住嘴！怎能对中国做这种事】O网页链接来自@凤凰新闻客户端,06/09
2020年是美国大选之年，但是自年初以来美国国内动荡不断，新冠疫情、经济萧条和席卷全国的骚乱冲击着特朗普的民意基础。今天，美国国家经济研究局正式宣布美国经济在今年2月进入衰退期，结束了连续128个月的增长。“TrumpRecession”（特朗普衰退）结束了美国史上最长的经济扩张期。为了选票，特朗普不惜承认美国为发动伊拉克战争编造借口，以攻击鲍威尔和拜登,06/09
【#特朗普称99%的美国警察都是好人#】8日，美国国会提出一项立法草案，旨在全面遏制警察暴力执法，特别是针对非裔美国人和其他少数族裔过度使用暴力的行为。当日，特朗普称，不会裁撤警察部门或削减预算。99%的美国警察都是好人，他们确保了美国人的安全。L央视新闻的微博视频,06/09
【#特朗普怀疑被推倒的高龄抗议者可能是内奸#】#推特治国#开始了，此前，纽约布法罗市的一位75岁的美国抗议者被警察推倒后受伤。特朗普在推特上回应此事：被警察推倒的布法罗市抗议者可能是ANTIFA的内奸，75岁的马丁•古吉诺被推开，他好像在扫描警察通讯设备，目的是干扰设备。视频我看了，他摔得比被推得还重。目标是扫描仪。可能是圈套?据报道，推人事件发生后，当地警察局长下令进行调查，涉事两名警官被停职。这名抗议者在医院接受治疗。,06/09
特朗普哇我真的好恨你…本来现在我应该躺在床上快乐冲浪然而现在我却要肝国际法论文分析你说的那些不知道在说什么的反正我看不懂的屁话,06/09
【特朗普：#华盛顿是奴隶主要拆他雕像吗#？】特朗普对弗吉尼亚冲突最新表态：两方都有错啊。对于愈演愈烈的拆雕像风波，特朗普问媒体：华盛顿是奴隶主吧？杰斐逊也是奴隶主吧？接下去是不是要拆华盛顿和杰斐逊的雕像了？？#海航三亚飞北京航班风挡裂纹返航#L特朗普：华盛顿是奴隶主要拆他雕像吗？,06/09
他摔得比被推的时候还重。可能是圈套吧?”特朗普发推猜测。#丑国傻事##特朗普语录#,06/09
深圳祖国反黑站中国#扫黑除恶#@深圳微博发布厅深圳市府委415两死一伤惨案发生在闹市你们不思过？公安消防失职渎职，给你们市府市委信访办访信不敢回，人民网新浪官微不敢回应，无视党纪国法，作为政府的代言办事机构，你们初心何在？特朗普的政府？@广东检察扫除深圳市府黑恶势力,06/09
【时隔28年之后，特朗普或下令率先进行核试验，联合国反对也无效】近期，大洋彼岸放出危险信号，在时隔28年之后，特朗普或下令率先进行核试验，这项提议正在美国内部进行讨论，而且联合国反对也无效，这表明美国现在的单边主义策略已经越发严重了，看来冷战后首次核试验或出现。#军事##卧龙晓先生#L霹雳火军事的微博视频,06/09
绯红之王长的好像特朗普啊哈哈哈哈哈有时候的表情真的好像233#jojo#,06/09
提示999【#美股8日3次熔断#要来了吗？欧股扩大跌幅，欧洲Stoxx600指数跌幅达10%】#美股史上第四次熔断#吗？L老板联播的微博视频,06/09
【时隔28年之后，特朗普或下令率先进行核试验，联合国反对也无效】近期，大洋彼岸放出危险信号，在时隔28年之后，特朗普或下令率先进行核试验，这项提议正在美国内部进行讨论，而且联合国反对也无效，这表明美国现在的单边主义策略已经越发严重了，看来冷战后首次核试验或出现。#军事##东方晓师爷#L霹雳火军事的微博视频,06/09
#央视对话郭杰瑞#给你们听听特朗普的花边，精彩的飞起来L猫眼看视频的微博视频,06/10
【挨踢栋哥的动态】Trump为什么被翻译成“特朗普”而不是“川普”OTrump为什么被翻译成“特朗普”而不是“川普”来自@网易新闻客户端#网易新闻#,06/10
【英国首相还在为特朗普遮羞：美国就是自由和平堡垒】弗洛伊德之死引发的反种族歧视抗议已在美国持续近两周，英国也受到波及。当地时间6月10日，英国首相约翰逊在议会接受质询，被问及相关问题时，与上次避重就轻的表态不同，他选择正面回应，对美国政府和特朗普大加赞扬。他称：“作为美国的总统，特朗普是当今世界我们（英国）最重要的盟友。无论人们怎么说，无论左翼人士怎么说，在我人生大部分时间，美国都是和平与自由的堡垒。”L微丢的微博视频,06/10
特朗普如果知道他在中国的外号-懂王，会是啥反应？#为什么在美国十万人不如一人#,06/10
祖国反黑站中国#扫黑除恶#@深圳微博发布厅深圳市府委415两死一伤惨案发生在闹市你们不思过？公安消防失职渎职，给你们市府市委信访办访信不敢回，人民网新浪官微不敢回应，无视党纪国法，作为政府的代言办事机构，你们初心何在？特朗普的政府？@广东检察扫除深圳市府黑恶势力O网页链接,06/10
《特朗普得逞了！民众已忽略疫情，福奇：美国是病毒传播的完美装置》美国顶级传染病专家、抗疫大队长福奇表示，如此规模的抗议和警察的回应，组成了病毒传播的完美装置。O网页链接,06/10
焦点坊谈【特朗普：如果中国算发展中国家，那美国也是发展中国家】近日，美国总统特朗普在接受美媒采访时表示，“中国被（世贸组织）认定为发展中国家，怎么可能？中国是非常强大的发达国家！”特朗普还表示，如果中国是发展中国家，那美国也是发展中国家#美国暴乱##美国#LAmor蓝色妖姬的微博视频,06/10
又开炮！华盛顿非裔女市长“叫板”特朗普：别忘了你在谁的地盘上#360浏览器#O网页链接,06/10
我发现自霉霉怼了特朗普后我的日推里都会有一到俩首霉霉的歌。哈哈哈,06/10
《被问如何看待特朗普“阴谋论”推文，白宫办公厅主任笑答：很久以前我就学会了不评论他的推文》据“ABC7”新闻报道，当天被问及如何看待特朗普的这条推文时，白宫办公厅主任马克梅多斯称，自己很久以前就学会了不评论推文，还说“今天不会打破这个原则”。O网页链接,06/10
深圳祖国反黑站中国#扫黑除恶#@深圳微博发布厅深圳市府委415两死一伤惨案发生在闹市你们不思过？公安消防失职渎职，给你们市府市委信访办访信不敢回，人民网新浪官微不敢回应，无视党纪国法，作为政府的代言办事机构，你们初心何在？特朗普的政府？@广东检察扫除深圳市府黑恶势力,06/10
揭一张对比图：奥巴马的白宫实习生团队VS特朗普的白宫实习生团队……,06/10
西方败类们造谣中国人吃什么蝙蝠。中国大多数人才不吃那些鬼东西。事实上，西方败类最喜欢猎杀各种野生动物，也最爱吃。这不美国总统特朗普的孽种长子小唐纳德·川普被曝光，于去年八月前往蒙古，猎杀并吃了一种稀有的濒危物种盘羊为此还花费了美国纳税人约75000美元的特勤局安保费用。廉洁呢？法制呢？为什么西方,06/10
《美媒：特朗普帮了中国》显然，特朗普政府缺乏一个基于深思熟虑的、全面的和长期的战略来应对不断崛起的中国。O网页链接,06/10
【特朗普：如果中国算发展中国家，那美国也是发展中国家】近日，美国总统特朗普在接受美媒采访时表示，“中国被（世贸组织）认定为发展中国家，怎么可能？中国是非常强大的发达国家！”特朗普还表示，如果中国是发展中国家，那美国也是发展中国家，因为美国“也在developing”。随后继续老调重弹，指责中国“钻世贸规则的空子”。按总量，中国块头是不小；但更需要指出的是，“中国目前有6亿人月平均收入还不到1000元”；世界银行最新（2018年）人均GDP排名中，中国更是在不少非洲国家之后。#对话太平洋#L北京周报的微博视频,06/10
特朗普真的有点好笑,06/11
……在学肯尼迪就职演说我jiao着吧，我学不学是其次，顶多学学单词特朗普是真应该看看hhhhhhh肯尼迪说的事话，就是为了让川普反着来的hhhhhhhhhhhhhhh演讲整的好像就为了疯狂嘲讽川普似的,06/11
特朗普的丧钟敲响现在只有一招能救他了L别BB官微的微博视频,06/11
美国的下任总统估计是有史以来最惨的了。比1929年的胡佛总统还要惨100倍。我要是特朗普，我压根就不竞选，白送这个烫手的宝座。,06/11
美国新冠肺炎确诊已超200万，特朗普却有些迫不及待：“是时候重启竞选集会了。”#美国暴乱##环球见闻#L爱国这件事的微博视频,06/11
美国新冠肺炎确诊已超200万，特朗普却有些迫不及待：“是时候重启竞选集会了。”#美国暴乱##环球见闻#L爱国知青的微博视频,06/11
美军参谋长联席会议主席米立在美国国防大学毕业典礼致辞中说，自己后悔在特朗普从白宫去教堂的时候与他同框，出现在现场。（警察和国民警卫队曾为特朗普暴力驱赶示威者）“我不应该去过那里。我在那一刻和那种环境中的存在使人们以为军人参与了国内政治。作为一名身穿军装的军官，这是我吸取的教训。后悔晚了。,06/11
死亡率是中国100倍！《时代》周刊：美国应对新冠疫情比中国糟糕100倍O死亡率是中国100倍！《时代》周刊：美国应对新冠疫情比中国糟糕100倍。哈佛大学医学院呢，给特朗普支支招呀。别让特朗普说喝消毒液了。,06/11
美国新冠肺炎确诊已超200万，特朗普却有些迫不及待：“是时候重启竞选集会了。”#美国暴乱##环球见闻#L爱国文青的微博视频,06/11
【特朗普无视第二波新冠警报前往达拉斯推动经济重新开放】　　美国总统唐纳德·特朗普正准备向美国人传达一则信息：现在是疫情后恢复正常的时候。　　特朗普周四启程前往达拉斯，并将在几个月来首次举行亲身参加的募捐活动。他...O网页链接,06/11
焦点坊谈英国首相还在为特朗普遮羞：#美国#就是自由和平堡垒#美国暴乱#LAmor蓝色妖姬的微博视频,06/11
时尚有意思！梅拉尼娅穿灯笼袖蓝裙勒出“孕妇肚”，特朗普一脸嫌弃样,06/11
《防务新观察》20200611特朗普“自曝家丑”美国要在中东给俄罗斯“挖坑”？L武力统一的微博视频,06/11
【#美参联会主席陪特朗普拍照后道歉#：是个错误】福克斯新闻当地时间11日报道，1日，华盛顿的安保人员将白宫周围的抗议者驱散后，特朗普和多位白宫高官从白宫步行到附近的教堂。特朗普在教堂前拍照。美军参谋长联席会议主席、美军四星上将米莱也在高官的队伍中，陪特朗普一同去教堂。周四，米莱对自己陪特朗普拍照的行为道歉。他在远程视频演讲中说道：我上周和总统一起去白宫附近的公园拍照，引发了一场关于军队在公民社会中所扮演角色的全国讨论。我不应该在那里。我在那个时刻和那种环境中出现，让人觉得军方介入了国内政治。作为一名现役军官，我从这个错误中吸取了教训，我真诚地希望我们都能从中吸取教训。”,06/11
特朗普晒主教来信，上面写着：疫情和暴动都是破坏总统连任的阴谋据《每日邮报》6月11日报道，当地时间10日，特朗普在社交媒体上晒出了一封天主教大主教卡洛·玛丽亚·维加诺写给他的信，信上写着，新冠疫情和黑人抗议活动是“深层政府”（指一种阴谋论，它表明共谋和裙带关系存在于美国的政治体系中，...全文：O网页链接,06/11
【#拜登放狠话#：如果特朗普输掉大选却拒绝下台，军方将护送他离开！】美国总统民主党竞选人拜登在当日时间10日晚播出的一档采访节目中“语出惊人”，称如果特朗普输掉2020大选但拒绝离任，美军将护送特朗普离开白宫。#崔娃采访拜登#报道称，拜登在接受《每日秀》主持人特雷弗·诺亚（崔娃）采访时作出了上述表态。当时，崔娃提问说：是否有考虑过如果特朗普输了但拒绝离开白宫，会发生什么？“是的，我有考虑过，”拜登回答说，他为最近批评过特朗普的军事将领们感到“非常骄傲”，“你们有如此多的普通军事人员都在说，我们不是军事国家，这不是我们。我向你们保证，我绝对相信，他们会护送他（特朗普）离开白宫。”此外，拜登当天还称，自己“最担心的事”是“这位总统将试图窃取这次选举”，“他是一个会一边说所有邮递选票都是欺诈，但自己却会在椭圆形办公室桌子后面填写他的邮递选票，在初选中投票的人。”对于拜登的这番言论，白宫新闻秘书麦克纳尼11日接受福克斯新闻采访时回应说，拜登的言论是“荒谬的命题”。L环视频的微博视频@环视频,06/12
#我周震南了#特朗普🍉西雅图宣布独立，脱离特朗普管治西雅图示威者占领了当地的警察局，宣称建立没有警察的自治区，川普大怒，严令西雅图市长夺回被极左派恐怖分子占领的地区，并且警告西雅图市长不可软弱，西雅图市长回怼，钻你的地洞去吧！,06/12
被特朗普抛弃的美国穷人，越穷越支持他，看被愚弄的美国人怎么说L勇往直前6609的微博视频,06/12
【#拜登放狠话#：如果特朗普输掉大选却拒绝下台，军方将护送他离开！】美国总统民主党竞选人拜登在当日时间10日晚播出的一档采访节目中“语出惊人”，称如果特朗普输掉2020大选但拒绝离任，美军将护送特朗普离开白宫。#崔娃采访拜登#报道称，拜登在接受《每日秀》主持人特雷弗·诺亚（崔娃）采访时作出了上述表态。当时，崔娃提问说：是否有考虑过如果特朗普输了但拒绝离开白宫，会发生什么？“是的，我有考虑过，”拜登回答说，他为最近批评过特朗普的军事将领们感到“非常骄傲”，“你们有如此多的普通军事人员都在说，我们不是军事国家，这不是我们。我向你们保证，我绝对相信，他们会护送他（特朗普）离开白宫。”此外，拜登当天还称，自己“最担心的事”是“这位总统将试图窃取这次选举”，“他是一个会一边说所有邮递选票都是欺诈，但自己却会在椭圆形办公室桌子后面填写他的邮递选票，在初选中投票的人。”对于拜登的这番言论，白宫新闻秘书麦克纳尼11日接受福克斯新闻采访时回应说，拜登的言论是“荒谬的命题”。L环视频的微博视频@环视频,06/12
特朗普：老人被警察推倒是碰瓷，纽约州长：美国总统！有点人性吧…L糗事科普君的微博视频,06/12
《特朗普曾是泰森的经纪人，商业上他们互惠互利，交情也不一般》总统特朗普和拳王泰森，不明真相的吃瓜群众很难将他们联系到一起，但是他俩确实曾经是合作无间的伙伴。可以说特朗普的成功与拳王泰森也有千丝万缕的关系。对拳王泰森了解的拳迷应该都知道，泰森当年拳击事业如此成……O特朗普曾是泰森的经纪人，商业上他们互惠互利，交情也不一般,06/12
#美国疫情#【问及为何对总统强硬回复，西雅图市长满腹怨言：总统不在抗争，只想引发纷争】近日，受弗洛伊德致死案影响，美国各地掀起各种抗议活动。华盛顿州西雅图市的示威者在该市划定街区，宣称成立了一个“自治区”。针对此事，美国总统特朗普11日接连发推，严厉批评华盛顿州长和西雅图市市长詹妮·杜尔坎，“拿回你们的城市，现在。如果你们不这样做，我就来上。”而面对特朗普批评西雅图市市长詹妮·杜尔坎强硬回击称：“让我们都安全点吧，躲回你的地堡去。”当地时间11日，西雅图市市长接受CNN采访。在被问及此次强硬回应时，杜尔坎称：“总统不在抗争，只想引发纷争。”L环视频的微博视频,06/12
"疫情、骚乱，But,在怀疑目光中，纳斯达克指数再创新高，直奔10000点，是米帝抑或特朗普的自我救赎,真是闪瞎眼！膜拜膜拜！",06/12
G7在上次会议所谓的“围攻光明顶”，问罪“特朗普”，这个把戏谁不会玩？这次所谓的“新冠肺炎”，如果我们新中国没有应对方案、经得起严查的治疗方案，世卫组织（WHO）能把“新冠肺炎病毒”-命名为“Covid-19病毒”？如果我们在2020年1月底，就反复搞认证方案，你们认为2020年2月底能趋于平定？2020年3月我们就有自信？因为我们的方案可以经过千年的验证，而且没有耐药性！德国就是玩死新中国罪魁祸首最主要的一个-而且毫无底线！比如“雾化治疗”就是他们推荐的，你们可以翻看我的1-2月份微博，如此无底线的德国，你们认为我们相信？而且你们不但针对新中国，而是俄罗斯、次之就是日本，把你们的战线一分析，傻子都知道。,06/12
【#灭霸创作者称特朗普比灭霸还糟糕#！】“比灭霸还糟糕！”漫威电影著名反派人物——“灭霸”的创作者吉姆·斯塔林（JimStarlin）2日在社交媒体Instagram上直接点名批评美国总统特朗普。据英国《独立报》12日报道，吉姆·斯塔林这篇发布于6月2日的ins长文的开头第一句话就是“比灭霸还糟糕！”，而且还特意全部用了大写字体。斯塔林称特朗普是“不称职的自恋者”，至少36000人因他而死，“（特朗普）不听从他的情报部门和科学顾问（的建议），现在匆忙并且危险地推动经济开放。”斯塔林还批评特朗普在因弗洛伊德之死引发的抗议期间给“这个国家的种族主义蔓延给予默许和道义上的支持”，“完全没有做任何有益的事情来平息目前撼动我们国家的骚乱”。他继续指责特朗普是“说谎总统”，并表示他的行为“只会进一步激化本就已经危险的局势，激怒那些正当抗议警察对有色人种进行可怕杀戮的人，并促使示威者的人数不断增加”。《独立报》介绍称，在《复仇者联盟3:无限战争》中，灭霸让一半的人类“消失”，希望社会重生。灭霸也被称为“疯狂的泰坦”，通常被认为是漫威最危险的反派。值得一提的是，去年12月，特朗普的竞选团队发布的一则竞选视频曾引起争议。视频中，特朗普化身灭霸并打了一个响指，美众议院议长佩洛西等人随之“灰飞烟灭”。对于特朗普团队的这波拉选票操作，吉姆斯塔林当时就愤怒地表示，特朗普此举简直是一种“冒犯”。全文:O灭霸创作者：特朗普比灭霸还糟糕！,06/12
【#特朗普竞选集会发新冠免责声明#：感染新冠概不负责】6月11日，特朗普竞选团队证实，总统将于6月19日在俄克拉荷马州塔尔萨举办竞选集会。民众可免费注册参加集会，但必须签署一份免责声明：若出席者因参加集会而感染新冠病毒，特朗普及主办地对此概不负责。最新数据显示，美国累计确诊病例已突破200万例。L世面的秒拍视频（环球时报）,06/12
6日，特朗普改变解散白宫疫情应对小组决定。他在推特上表示，这个特别小组将无限期地继续下去，并把工作重点转移到“安全问题和再次开放我们的国家”。#一句冷幽默##搞笑视频#L网友来支招的微博视频,06/12
美国又要下毒手了？6月11日，美国财政部长姆努钦表示，他正在领导政府跨部会的资本市场工作小组（WorkingGrouponCapitalMarkets），考虑对中国实行“港版国安法”做出不同的资本市场反应，包括可能采取限制经过香港资金流动的某些措施。上周，特朗普表示，他将开始终止美国政府与香港保持特殊关系的程序，对中国推动港版国安法做出反应。特朗普责令由美国财政部牵头的资本市场工作小组，就中国在美上市公司违规问题，在60天内提出政策建议，以“保护”美国投资者的利益不受损害。姆努钦表示，小组将审议中国在美上市公司审计问题，并提供一份详细报告，“在保护我们资本市场和对应这个局面之间保持正确的平衡”。,06/12
美国一档脱口秀节目采访了当地小朋友，问他们对美国总统特朗普怎么看，没想到这些小朋友都非常有想法。L哈书客的微博视频,06/12
#凤凰新闻#分享凤凰新闻：国际刑事法院回击特朗普：我们将坚定地继续调查美国所犯罪行O国际刑事法院回击特朗普：我们将坚定地继续调查美国所犯罪行来自@凤凰新闻客户端O网页链接O国际刑事法院回击特朗普：我们将坚定地继续调查美国所犯罪行,06/12
🇨🇳本来觉得自己每天发朋友圈太多了[Emm]直到看到人家总统特朗普一天发200多条推特😃我觉得我还是不够努力😂现在，立马，改正👌,06/13
我在看：【骚乱之下，美最高将领考虑辞职，特朗普：美丽的风景线！】#跟新浪看热点#O骚乱之下，美最高将领考虑辞职，特朗普：美丽的风景线！,06/13
抗疫抗议下的今日美国①抗议示威风暴波澜壮阔，全美四面楚歌，联邦政府如笼中困兽惶恐不可终日，就在疫情、经济衰退、抗议示威席卷全美50个州，美股尽乎崩盘，四千万失业人口等黑旋风袭击背景下，总统特朗普决定6月2O日启动大选巩固他的基本盘。笼中困兽般的特朗普无视国内的疫情大批公民的死亡却孤注一掷向国际刑事法庭法官就美军λ侵阿富汗反人类战争罪的调查提出制裁措施，海牙国际刑事法庭就特朗普的恐吓威胁发表声明表示强烈谴责，国际社会愤怒声讨特朗普的丒恶行径。截至6月13日23:30分美国累计新冠肺炎确诊病例突破242.5万例，死亡人数11.5万，据预测到10月份美国或将死亡病例达到17万例，1929年美国金融崩盘引发全球金融动乱，1943年美国警察惨害非裔公民引发的全美大规模抗议风暴，77年后的今天全美再次暴发抗议示威引发打砸抢烧的恶性案件持续发酵，战火燃烧至国际社会多国，反系统性种族歧视的搏奕风潮汹涌澎湃史无空前。特朗普把美国拖λ灾难深渊罪责难逃！,06/13
#扫黑除恶#祖国反黑站#扫黑除恶举报平台#中国#扫黑除恶#@深圳微博发布厅深圳市府委415两死一伤惨案发生在闹市你们不思过？公安消防失职渎职，给你们市府市委信访办访信不敢回，人民网新浪官微不敢回应，无视党纪国法，作为政府的代言办事机构，你们初心何在？特朗普的政府？@广东检察扫除深圳市府黑恶势力,06/13
【国际·政策】特朗普喜欢任命军人出身的官员，军人以服从命令为天职，其国务卿蓬佩奥就是一个典型。蓬佩奥有西点军校的求学经历，同时又有美国中情局局长的履历，前者让他学会了听命（听特朗普的话），后者让他倾向于从阴暗面理解他国的政府行为。,06/13
2020年6月14日是🇺🇸总统特朗普的74岁生日🇺🇸总统特朗普74岁生日这天在推特上说了什么❓,06/13
我们不发表评论，我们偷偷笑就好了#特朗普遭弹劾调查##美国#L蓝羽落八卦的微博视频,06/13
拟调查美军战争罪特朗普下令制裁国际刑事法院调查人员@QQ浏览器O拟调查美军战争罪特朗普下令制裁国际刑事法院调查人员,06/13
又有“金句”！特朗普：发展中国家好处那么多，我也想让美国当发展中国家。#情感#L念想ff的微博视频,06/13
【美国示威】Facebook有员工罢工后被炒曾抗议不删特朗普帖文美国示威持续，美国总统特朗普（DonaldTrump）曾在Facebook等社交平台撰文，扬言开枪止暴，Facebook行为引员工不满，有员工罢工后被炒掉。Facebook前用户界面工程师戴尔（BrandonDail）在Twitter撰文指，自己与另外6名同事早前一同发表联合声明，指不满Facebook行政总裁扎克伯格（MarkZuckerberg）没有对特朗普的帖文采取任何行动，又参与罢工。,06/13
2017年1月20日星期五中午，唐纳德·特朗普#川普#宣誓就任美国第45任总统。在就职典礼周末期间，数十万人前往华盛顿特区。一些人在那里欢迎即将上任的总统，另一些人则对他的言辞和政策建议表示反对并且进行了女权运动进行抗议。玛格南的摄影师们拍摄了这一事件。#玛格南##摄影##美国##美国暴乱##纪实摄影#,06/13
《【特朗普称赞国民警卫队执法是美丽的风景线：冲进示威人群就像刀切黄油一样】“在经历三个地狱之夜后，我坚持让国民警卫队去工作了”“我永远不会忘记那个画面，这可能不应该是美丽的风景线，但对我来说这就是。”在得克萨斯州达拉斯市的一场圆桌会议上，美国总统特朗普大力夸赞着国民警卫队在》O网页链接,06/13
我在看：【拜登比特朗普还狠，狂言当上总统就“制裁”中国，特朗普无语了！】#跟新浪看热点#O拜登比特朗普还狠，狂言当上总统就“制裁”中国，特朗普无语了！,06/13
《特朗普追问：华盛顿是奴隶主，可以毁他雕像吗？抗议者：好主意》美国总统特朗普“祸从口出”，一不小心，“语言惹祸了”。O网页链接,06/13
见证历史！美股史诗级崩盘恐慌指数飙升50%特朗普彻底懵了#快资讯#O网页链接,06/13
"发布了头条文章：《刚刚,拜登给了世界一个伟大的承诺,全美激动怒赞!特朗普却紧张了!》O刚刚,拜登给了世界一个伟大的承诺,全美激动怒赞!特朗普却紧张了!",06/14
疯狂暗示？特朗普：美国陆军和我一天生日，不知是不是上天的安排呢？此前他就曾表示，“我是那个天选之子”。##快手#@快手#记录世界记录你#L人民日报的快手视频,06/14
美国著名国际关系学者、美国人文科学院院士约翰·米尔斯海默说：从古到今我从未见过特朗普这号人物O米尔斯海默：从古到今我从未见过特朗普这号人物,06/14
深圳祖国反黑站中国#扫黑除恶#@深圳微博发布厅深圳市府委415两死一伤惨案发生在闹市你们不思过？公安消防失职渎职，给你们市府市委信访办访信不敢回，人民网新浪官微不敢回应，无视党纪国法，作为政府的代言办事机构，你们初心何在？特朗普的政府？@广东检察扫除深圳市府黑恶势力,06/14
2020年6月14日是美国总统特朗普先生的74岁生日，我们祝福他生日快乐、身体健康、工作顺利、万事如意！在这里，预祝他在今年下半年的总统选举中连任成功！唐纳德·特朗普（DonaldTrump，1946年6月14日—）出生于纽约皇后区，美国共和党籍政治家、企业家、房地产商人、电视人，现任（第45任）美国总统。,06/14
预测一下：特朗普会获得2020年美国总统连任！#美国#,06/14
《最差抗疫领导人评选出炉！不是美国也不是巴西，特朗普居然输给他》约翰逊对于疫情处理，让他的支持率暴跌。O网页链接,06/14
#天下之事##特朗普崩溃了#特朗普小心翼翼下楼被网友嘲“神经有病”上线怼：怕摔倒被人笑L爱警联盟花花的微博视频,06/14
#特朗普败选打算#美国总统特朗普6月12日在接受福克斯新闻专访时表示，如果在接下来11月的总统大选中败选，将和平离开白宫做其他事情。此前，他的竞争对手，民主党预定总统候选人拜登曾讽刺说，特朗普会试图“窃取大选”，并称如果特朗普败选但拒绝下台，军队将护送他离开白宫。,06/14
【世界四大合法赌城】拉斯维加斯——“一夜暴富”的超级赌城；澳门——世界最富裕的大赌城；蒙特卡洛——“袖珍王国”中的赌城；大西洋城——赌王特朗普的发家地。如果不能赌博，你更喜欢去那座赌城？#厦门旅游攻略#,06/14
今天拍了照片，所以就想发了，吃了不辣的螺蛳粉（最近严重上火）以及终有有钱把柳树买了本来打算边工作边二战，还是辞了，就，加油吧，今年一定可以，百科选择题不怕！我一定可以！2021考研aimhigher这两个字跟我了大学四年，那时候特朗普还不是总统，伊万卡说了aimhigh，精度老师让我们一定要aimhigher！！！总之，既然选择了985，也用了985系统，四舍五入，我就是985的人了，那就冲下去呀！studyaccount,06/14
估计特朗普政府会与中国政府和谈。因为只有这样他才能有连任的机会因为疫苗会在美国大选之前研究出来。只要中国提供给美国疫苗，危机就可以解决。商人眼里只有利益。当然，特朗普已经无路可退。。。。。。。因为他不妥协别人上台也会这么干！如果美国不知道什么叫做好汉不吃眼前亏。那么美国大选之日便是暴乱之时。智商堪忧啊！,06/14
我在看：【视频|拜登：如果特朗普拒绝接受连任失败美军将护送他离开白宫】#跟新浪看热点#L拜登：如果特朗普拒绝接受连任失败美军将护送他离开白宫,06/14
中新网6月14日电据美媒报道，日前，美国总统特朗普在接受采访时表示，如果他在11月美国大选中不能成功连任，将平静地离开白宫。报道称，特朗普说，如果在11月份美国总统大选中失利，他将承认自己的失败并将不再试图掌权。资料图：美国总统特朗普。中新社记者陈孟统摄“如果我没有赢”，特朗普12日在接受福克斯新闻采访时说，自己会将平静地离开白宫，“继续做其他事情”。但他同时表示，自己不能连任，“对美国来说...O网页链接,06/14
"发布了头条文章：《若2020选举失败,特朗普首曝未来去向!此处不留爷,自有留爷处?》O若2020选举失败,特朗普首曝未来去向!此处不留爷,自有留爷处?",06/14
#法国宣布禁用羟氯喹治新冠#，网友调侃：首个公开嘲笑特朗普的国家出现！,06/15
转//#看点快报#《特朗普让...-看点快报》O网页链接,06/15
马云的这段视频在海外开始重新流传。美国人民大呼，这个视频是“对特朗普的绝佳回应”！难怪阿里巴巴的生意能做这么大，国家和国际局势都看的如此通透，口才也这么好，马云真是雄才大略，太厉害了！  #影视#  L影娱榜的微博视频,06/15
#美国新冠肺炎超209万例#疫情严重，特朗普仍旧要举行他的首场竞选集会，他兴奋宣称有近100万人参加。不过……大家发现集会所在地当天正在招聘手举标语的演员。当地报纸也担心疫情，努力劝告特朗普取消集会。,06/15
特朗普刚吹嘘完，就被普京泼了一盆冷水……O特朗普刚吹嘘完，就被普京泼了一盆冷水……,06/15
【纳尼？特朗普侄女自曝是《纽时》暗探，要在选前大义灭叔！】特朗普的侄女玛丽将出一本书，书中最具爆炸性的内容之一，是玛丽描述自己如何发挥关键作用，帮助《纽约时报》刊登有关特朗普财务方面的惊人爆料信息。这本书还指控特朗普及其父是导致玛丽父亲死亡的原因之一。详情：O网页链接,06/15
"June15,2020-洛杉矶好莱坞星光大道，美国总统DonaldTrump的星形奖章再次遭到破坏，美国加州。2020年6月14日是DonaldTrump的74岁生日，他与女儿、女婿一同前往新泽西州的私人高尔夫球场庆生，晚上乘坐专机返回白宫。当天白宫外爆发反特朗普示威@iDaily每日视野O网页链接",06/15
美国总统特朗普生日：抗议者在酒店楼下举牌，抗议警察暴行和种族歧视L石头D角落的微博视频,06/15
北京房山区，周口店。涞沥水村。药师寺尼众释寂律。释寂祥。释照闻。释照圆。释万会。胡作非为。伤天害理。贪张枉法。邪门歪道害人性命。你们这些假僧人。佛门败类。你们这些假僧人。就跟特朗普一样。就是一个疯狗。耍手段耍心机。耍臭无赖。死不要脸！下贱！干着缺德事。不敢承认。天网恢恢疏而不漏。善恶到头终有报。只是来早与来迟！若要人不知除非己莫为！希望执法部门。立案侦查。严查。严惩。严抓。清除佛门败类！！！望执法部。秉公执法。严抓严查。严查严惩。,06/15
特朗普74岁生日，伊万卡晒童年照忆美好时光：父亲如此年轻慈祥！维克多：单纯从人性上说，也很感人！#特朗普迎来74岁生日##美国暴乱##神评论#,06/15
G7取消，日本新闻说是因为新冠和特朗普这两个混乱因素。二つの要素で混乱している,06/15
#北京疫情#欧美部分媒体有论点认为是美方投毒中国，比如特朗普言论：凭什么中国没有传染开！,06/15
【库德洛：美国疫情加剧是经济复苏中的“小坎”】　　美国总统唐纳德·特朗普的最高经济顾问说，最近该国部分地区冠状病毒病例的激增是为摆脱疫情而努力过程中“相对较小的坎”。　　美国国家经济委员会主任拉里·库德...O网页链接,06/15
美国12位将军齐发声，把特朗普关进监狱！四位美前总统鼎力支持|📷林汐说杂记的优酷视频L美国12位将军齐发声，把特朗普关进监狱！四位美前总统鼎力支持@优酷,06/15
本次的主要更新是：特朗普的各种言论和其身边的人的表情，足以...更多资讯，请持续关注。聚热点,06/15
什麼叫不適合不適合就像是我和你討論范海辛你只想到王者榮耀我和你說卡西莫多的命運你只想到《卡西莫多的禮物》我和你談論普朗克你卻說特朗普！,06/16
中国#中国人看霉果#:特朗普的腐败法院向着操纵下届大选使形势对特朗普有利迈出了第一步。这些举动延误了自由公正选举的回归，并延长了美国人民的苦难。,06/16
七万亿大刺激！特朗普祭出超级大招日本也放猛料！经济要反弹？哪些A股受益O七万亿大刺激！特朗普祭出超级大招日本也放猛料！经济要反弹？哪些A股受益,06/16
特朗普终于开始面对现实！开始思考败选后的退路，语气罕见沮丧#快资讯#O网页链接,06/16
耶鲁大学精神病学专家公开说：特朗普脑部可能出现问题。L扛旗少年的微博视频,06/16
分裂或已成定局，首个“无警察自治区”成立，特朗普下达最后通牒#快资讯#O网页链接,06/16
拒绝因疫情延期竞选集会特朗普坚持举办万人造势活动【来自中新网客户端】O网页链接防护措施多种多样,06/16
热点@小央视频【美媒：美军若从德国撤离俄军不用60小时就能击败北约】#特朗普压榨盟友#《福布斯》网站7日刊文称：在特朗普撤军前，俄罗斯需要60小时才能打败北约，如今美从德撤军之举可能会使其取胜速度更快，北约需要大大加强防御力量才可抵抗俄罗斯。特朗普领导下的美军不但不增兵，反而在欧洲的驻军规模逐渐减少。@央视网@央视网视频L小央视频的秒拍视频,06/16
耶鲁大学李博士在推特上说：特朗普脑部可能出现问题。#环球见闻##美国暴乱#L爱国文青的微博视频,06/16
耶鲁大学李博士在推特上说：特朗普脑部可能出现问题。#环球见闻##美国暴乱#L扛旗少年的微博视频,06/16
耶鲁大学李博士在推特上说：特朗普脑部可能出现问题。#环球见闻##美国暴乱#L爱国这件事的微博视频,06/16
中印边界冲突的双方军事部署！维克多：有些人“好了伤疤忘了疼”！特朗普：莫迪是个模棱两可的人！#中印边境冲突##4万印军正向中印边境集结##中国军事##神评论##美国暴乱#,06/16
央视时代风向标栏目【特朗普：现在病例这么多，是检测能力优秀的副作用】15日，特朗普在白宫表示，美国病例增长是因为检测做得好。他说道：“我们还会出现更多的病例，这可能就是检测能力优秀的副作用吧”。他还暗示其他不做检测的国家病例比美国更多，“如果我们停止检测，我们的病例会少得多，但我们没有停止检测”。目前美国累计确诊已超211万，但在如此严峻的形势下，特朗普仍计划在本月底重启竞选集会。美国近日爆发的大规模反种族歧视抗议活动，也进一步引发对疫情形势的担忧。L微丢的微博视频,06/16
耶鲁大学李博士在推特上说：特朗普脑部可能出现问题。#环球见闻##美国暴乱#L爱国知青的微博视频,06/16
「会谈12次之后，中印两军开始全线增兵，印度最担心的事情要发生了」O会谈12次之后，中印两军开始全线增兵，印度最担心的事情要发生了（分享自@魅族资讯）全世界人民反对印度总统侵略中国，巴基斯坦!印度总统，美国总统特朗普都神经错乱了，梦想侵略全世界各国各地就向老鼠过街人人喊打!全世界人民呼吁为了世界人类和平打败，消灭印度总统，美国总统特朗普!,06/16
"崔娃每日脱口秀#特朗普74岁生日是怎么过的#Avoidusingcigarettes,alcohol,anddrugsasalternativestobeinganinterestingperson.L崔娃每日脱口秀的微博视频",06/17
以目前的报道来看，美国黑人抗议“白人至上”的浪潮似乎开出了寻求“黑人至上”的浪花一朵朵——部分布莱克显然有点为所欲为的味道了。祸兮福之所倚，这样发展下去，特朗普的不妥协应该会否极泰来，马路边捡到的选票会多起来，而拜登的妥协则像是压错了宝。,06/17
为何有些美国人特别“反智”！大部分还是特朗普支持者？UP主:我是郭杰瑞#bilibili#O为何有些美国人特别“反智”！大部分还是特朗普支持者？“”因为特朗普不是一个精英，他是一个更像我们的普通人的商人，所以我们爱他”“只有66%的18岁到24岁的美国人相信地球是圆的，NASA是政府成立的PS照片的机构，”美国快乐教育下的新人类真的特别欢乐,06/17
我在看：【争夺遗产、冷血家族：特朗普亲侄女首次出书揭黑历史】#跟新浪看热点#O争夺遗产、冷血家族：特朗普亲侄女首次出书揭黑历史,06/17
祖国反黑站中国#扫黑除恶#@深圳微博发布厅深圳市府委415两死一伤惨案发生在闹市你们不思过？公安消防失职渎职，给你们市府市委信访办访信不敢回，人民网新浪官微不敢回应，无视党纪国法，作为政府的代言办事机构，你们初心何在？特朗普的政府？@广东检察扫除深圳市府黑恶势力福州永泰月洲村：徜徉诗意画卷中O福州永泰月洲村：徜徉诗意画卷中,06/17
【美国疫情期间】特朗普表示，如果他落选，世界会失败，美国会失败，只有他可以挽救世界和美国。,06/17
全国爆料祖国反黑站中国#扫黑除恶#@深圳微博发布厅深圳市府委415两死一伤惨案发生在闹市你们不思过？公安消防失职渎职，给你们市府市委信访办访信不敢回，人民网新浪官微不敢回应，无视党纪国法，作为政府的代言办事机构，你们初心何在？特朗普的政府？@广东检察扫除深圳市府黑恶势力,06/17
【特朗普：现在病例这么多，是检测能力优秀的副作用】15日，特朗普在白宫表示，美国病例增长是因为检测做得好。他说道：“我们还会出现更多的病例，这可能就是检测能力优秀的副作用吧”。他还暗示其他不做检测的国家病例比美国更多，“如果我们停止检测，我们的病例会少得多，但我们没有停止检测”。目前美国累计确诊已超211万，但在如此严峻的形势下，特朗普仍计划在本月底重启竞选集会。美国近日爆发的大规模反种族歧视抗议活动，也进一步引发对疫情形势的担忧。L武汉申友GMAT培训的微博视频,06/17
特朗普：”如果你恨这个国家，你可以滚。如果你在这里不爽，你可以离开L事件排行榜的微博视频,06/17
美国总统特朗普亡羊补牢，其在星期二(6/16)的白宫会见了一些警察暴力受害者的家庭。特朗普对他们失去亲人表示哀悼，并签署了一份旨在促进司法系统问责的行政命令，包括建立数据库统计针对警察过度使用暴力的报告、限制锁喉手段的使用等。特朗普强调，他坚决反对撤资或解散警队的诉求。,06/17
特朗普称赞科学家研发出“艾滋病疫苗”舆论惊了O特朗普称赞科学家研发出“艾滋病疫苗”舆论惊了,06/17
实时播报：媒体援引特朗普政府官员的话报道，美国司法部正计划对《规范通信法》230条款提出修改建议，该法律旨在保护科技公司免于对其平台上的用户行为负责。该提案最早将于本周发布，将需要国会通过以成为法律。,06/17
看来特朗普连任是板上钉钉了,06/17
#特朗普曾被短暂带到白宫地下掩体#,06/17
对特朗普没有任何好的印象，但对在这次变了味的借抗议种族歧视之名而意图谋取少数群体特殊利益的走调抗议中的特朗普及大多数美警的行为表示认同，对无理诉求就必须坚决的怼回去，一个国家必须有自己的主流文化，必须对那些妄图以多元之名消灭主体文化最终消灭主体民族的人说不，并且与他们斗争到底。,06/17
【特朗普批DACA裁决：最高法院是不是不喜欢我】　　原标题：特朗普批DACA裁决：最高法院是不是不喜欢我当地时间周四（18日）上午，美国总统特朗普连发两条推文，对美国最高法院当天否决废除“童年入境暂缓遣返...O网页链接,06/18
#特朗普待过的白宫地下掩体什么样#？L央视军事的微博视频,06/18
#今日视点##胡侃#美国前国家安全顾问博尔顿新书占据了该国几乎所有媒体的头条，特朗普则发推怒斥他这位之前的亲密下属是“一个心怀不满的无聊傻子，整天就知道打仗，最后被轰走，真是个笨蛋”。博尔顿究竟爆了什么料，把特朗普气成这样？为什么连民主党也骂他是“叛国者”“懦夫”？(via胡锡进)L胡锡进的微博视频找粉进群➡️O网页链接⬅️见粉必回#V影响力峰会##红人的诞生##高能##正能量#,06/18
发布了头条文章：《特朗普猝不及防？中国又一芯片巨头强势崛起，或与华为强强联手》O特朗普猝不及防？中国又一芯片巨头强势崛起，或与华为强强联手,06/18
2009年；重庆13岁男孩在家被人用奇门异术吊死在家中，警方不予立案调查。#特朗普称注射消毒液的说法只是讽刺#,06/18
我围观了@神嘛事儿的回答，该问题价值100.00元，围观仅1元，快来一起围观~O微博问答,06/18
#扫黑除恶#祖国反黑站中国#扫黑除恶#@深圳微博发布厅深圳市府委415两死一伤惨案发生在闹市你们不思过？公安消防失职渎职，给你们市府市委信访办访信不敢回，人民网新浪官微不敢回应，无视党纪国法，作为政府的代言办事机构，你们初心何在？特朗普的政府？@广东检察扫除深圳市府黑恶势力,06/18
祖国反黑站#扫黑除恶举报平台#中国#扫黑除恶#@深圳微博发布厅深圳市府委415两死一伤惨案发生在闹市你们不思过？公安消防失职渎职，给你们市府市委信访办访信不敢回，人民网新浪官微不敢回应，无视党纪国法，作为政府的代言办事机构，你们初心何在？特朗普的政府？@广东检察扫除深圳市府黑恶势力,06/18
美专家称美国病例增速超过了检测增速特朗普说检测越多说明是好事，这是他们国家的荣誉，都可以检测出来。所以一切都在掌握中，莫慌！#环球见闻##美国暴乱#L爱国文青的微博视频,06/18
美专家称美国病例增速超过了检测增速特朗普说检测越多说明是好事，这是他们国家的荣誉，都可以检测出来。所以一切都在掌握中，莫慌！#环球见闻##美国暴乱#L扛旗少年的微博视频,06/18
美专家称美国病例增速超过了检测增速特朗普说检测越多说明是好事，这是他们国家的荣誉，都可以检测出来。所以一切都在掌握中，莫慌！#环球见闻##美国暴乱#L爱国知青的微博视频,06/18
天天159。健康幸福到永久第四百一十天2020年6月15日全美示威游行，何以让特朗普和手下公然决裂？Day410Jun.15·2020America'stopbrassbreakwithDonaldTrumpO网页链接,06/18
【国际观察|这件事证实后，美欧裂痕又添新伤】美国总统特朗普15日宣布驻德国美军将大幅减员，并指责德国在北约军费分担中贡献不足。德国高级官员16日回应称，不应将安全问题当“商品”对待。O网页链接,06/18
发布了头条文章：《特朗普要被拍成美剧啦，不过风向并不是正面的！剧名“科米规则”》O特朗普要被拍成美剧啦，不过风向并不是正面的！剧名“科米规则”,06/18
我免费围观了@涨涨麻麻的回答，问题价值88.00元，快来一起免费围观~O微博问答,06/18
#特朗普支持者拒戴口罩被请下飞机#哈哈哈哈哈哈果然是特朗普的支持者，就会干些不是人额事儿可以不戴啊，你一个人包一台飞机不就得了#李兰娟称新冠病毒零下20度可存活20年#@环视频L环视频的秒拍视频,06/19
极光单词极光单词72天丨特朗普说漏嘴了?「说漏嘴」英语怎么说？@极光单词by轻课http://t.cn/A6LaxtfZ,06/19
特朗普推文轰炸博尔顿继续开火：普京没把你当回事_手机新浪网O特朗普推文轰炸博尔顿继续开火：普京没把你当回事,06/19
【经济数据跌成史上最低，特朗普不敢面对一幕出现，下令封锁消息】近期，在国内动荡的影响下，美国的经济遭受了巨大的打击，经济数据跌成史上最低，可以说是特朗普不敢面对的一幕出现了。#军事##美国##经济##奇点防务#L水镜晓先生的微博视频,06/19
我在看：【特朗普气坏了：蠢货、笨死了！】#跟新浪看热点#O特朗普气坏了：蠢货、笨死了！,06/19
支持香港警察守护香港！梁家辉，莫华伦为警察发声！正如香港警务处处长邓炳强表示：孙子兵法说「上下同欲者胜」就是说只要警队上下同心，我们一定会得到胜利！。谢谢你们！香港警察！#我也支持香港警察##外交部回应印度抵制中国商品运动##香港##特朗普集会地点周围将实施宵禁#香港警察祖国反黑站L城市追擊傳媒的微博视频,06/19
美国网友：特朗普执政的美国，像极了百年前的晚清，傲慢自大无知O美国网友：特朗普执政的美国，像极了百年前的晚清，傲慢自大无知,06/19
特朗普根本没把地球放在眼里，特朗普正在游戏人间，别打扰他！//【白宫会议现场特朗普玩起了手机英媒：他还发了条推!】O白宫会议现场特朗普玩起了手机英媒：他还发了条推!,06/19
美国总统特朗普在他的个人“推特”账号上发布了一则讽刺美国主流媒体CNN的视频。O特朗普发视频讽刺CNN结果曝光自己编假新闻构陷CNN,06/19
@特朗普@美国暴乱特朗普真是一个小机灵鬼L公知行为研究所的微博视频,06/19
"『饶毅四年前对特朗普的评价(几年前饶毅因此被骂惨了,如今再看饶毅观点当会佩服他的预判准确)』O饶毅四年前对特朗普的评价(几年前饶毅因此被骂惨了,如今再看饶毅观点当会佩服他的预判准确)",06/19
大家给我们算一卦特朗普什么时候下台阿,06/19
特朗普这次彻底输了？非常时期侄女突然爆雷，将揭露他的阴暗面！ttps://c.m.163.com/news/v/VCEBDQB5Q.html?spss=newsapp,06/19
特朗普许诺美国第三季度GDP将是人类史上最高。特朗普在接受《华盛顿时报》采访时表示：“我们每个月都越来越高。第三季度预计是人类史上最高的GDP。”大水漫灌，天空才是尽头。,06/19
【特朗普自夸走在时代前列：西雅图抗议者都学我建墙】6月18日，美国总统特朗普嘲笑西雅图抗议者学习自己的“建墙理念”，并自夸“走在了时代的前列”。6月8日，西雅图一批示威者占领6个街区，宣布成立“国会山自治区”（CHAZ）。“自治区”内没有领导人和警察，并且设置路障进行封锁。特朗普因此暗示抗议者系从美墨边境墙获得灵感。L世面的秒拍视频@世面#特朗普纪实##美国暴乱#,06/19
#博尔顿称特朗普不适合当总统#翻脸不认人,06/20
别瞎说，美国头号政治家除了建国同志，我谁都不认没有谁比他更懂美国另外他比拜登和老巫婆有趣多了#博尔顿称特朗普不适合当总统#,06/20
嘴上说的主义，心里都是生意。『被博尔顿爆料一堆涉华内容后，特朗普又来了这么一句_风闻社区』O被博尔顿爆料一堆涉华内容后，特朗普又来了这么一句,06/20
美国，塔尔萨市现场，特朗普的支持者被允许进入铁门内，看来活动快开始了，期待我们川宝的表演，另外，让我们数数多少人没戴口罩L无心简影的微博视频,06/20
【特朗普发“假视频”讽刺“假新闻”CNN记者来找白宫算账了】18日，特朗普在推特上发布了一条揭秘CNN是如何炮制假新闻的视频，但是这段视频很快被证明是假的，遭到了推特的屏蔽。次日，CNN记者为此事与白宫发言人凯利来了一番唇枪舌战。CNN：为什么发假视频？！凯利：就是为了讽刺你们做“假新闻”。CNN：用“假视频”讽刺“假新闻”？凯利：这个视频很搞笑啊！CNN：两个小孩哪里搞笑了？......L微丢的微博视频（微丢）,06/20
说起来刚刚在空间又看到小朋友转发那种测试，就是根据生日测性格什么的虽然我从小到大也不是很信这些，但是还是会乐呵呵的打开看看但是自从知道我和特朗普同一天生日之后就再也不想看这些了,06/20
『特朗普到底在怕啥？前白宫官员出新书大爆猛料！却被民主党骂惨了...』O特朗普到底在怕啥？前白宫官员出新书大爆猛料！却被民主党骂惨了...,06/20
#博尔顿称特朗普不适合当总统#他好像肯德基爷爷，母亲节活动那个哦,06/20
#博尔顿称特朗普不适合当总统#他不当总统，让我本就不快乐的生活雪上加霜。,06/20
#博尔顿称特朗普不适合当总统#是挺不适合的我就想知道他当初是怎么选上到总统的,06/20
#腾讯新闻#亲侄女爆出猛料，特朗普或将彻底无法翻身，被指害死亲哥哥O亲侄女爆出猛料，特朗普或将彻底无法翻身，被指害死亲哥哥L亲侄女爆出猛料，特朗普或将彻底无法翻身，被指害死亲哥哥来自@腾讯新闻,06/20
大陆网友在说吴彦祖辱华港独白左，吴彦祖每年声援美籍亚裔前几天骂完特朗普现在在奥克兰唐人街帮忙修东西刷墙,06/20
【#博尔顿称特朗普不适合当总统#：他没有能力完成这项工作】当地时间6月18日，美国前总统国家安全事务助理约翰·博尔顿在接受美国媒体采访时表示，特朗普不适合担任总统一职。此前，他还指责特朗普一再说谎，而且缺乏国际问题经验。@环视频L环视频的微博视频@法治四川,06/20
#博尔顿称特朗普不适合当总统#其实不论什么时候，人的生命应该是第一位的。他没有意识到这一点。有人，才有经济。以为自己掌控了经济就掌控了全局其实是不完全的理解。,06/20
#博尔顿称特朗普不适合当总统#博尔顿在接受美国媒体采访时表示，特朗普不适合担任国家总统一职。不得不说，博尔顿是个明白人！大我觉得还是继续让他当总统吧，不然怎么继续乱下去呢？,06/20
【特朗普已抢先动手？灾难毫无征兆在境内爆发，普京下令俄军战备】近期，一场灾难毫无征兆在境内爆发，普京下令俄军战备，可见此次危机事件的严重性，难道美军出手了？实际上，这是一场因冻土消融而引发的柴油泄漏事故，为此俄本土大批士兵已经进入战备，普京亲手接过抢险指挥棒。#军事##水镜晓先生#L霹雳火军事的微博视频,06/21
出师不利？特朗普团队6名工作人员新冠检测呈阳性法新社刚刚消息，当地时间周六（20日），美国总统特朗普在俄克拉何马州塔尔萨县（Tulsa）举行新冠疫情暴发以来的首次竞选集会。集会开始前几小时，特朗普竞选团队的先遣团队中6名成员新冠病毒检测结果为阳性。,06/21
【普京终于亮出铁腕，160枚核弹头藏于大洋深处，24小时瞄准美本土】近日，据媒体报道，继美国总统特朗普宣布退出核裁军后，俄罗斯也作出了回应，那就是号称世界最强核潜艇之一的北风之神级核潜艇首舰弗拉基米尔大公号正式交付俄军，同时在这艘核潜艇上所部署的160枚核弹头也随之进入了战备状态。#微博军事##水镜晓先生#L诸葛小彻的微博视频,06/21
#美国医院给核酸阳性患者出阴性报告#美国确诊超225万！遏制疫情，特朗普提了个“建议”,06/21
特朗普说新冠是“功夫流感”“美队”都看不下去了O特朗普说新冠是“功夫流感”“美队”都看不下去了。特朗普的尿性改不了。,06/21
白宫：特朗普已知悉中印冲突但没有斡旋的正式计划_手机新浪网O白宫：特朗普已知悉中印冲突但没有斡旋的正式计划,06/21
#有看有收获#【特朗普：新冠病毒是“功夫流感”我已下令放慢检测速度】美国总统特朗普当地时间20日在俄克拉荷马州的塔尔萨举行自3月份疫情暴发以来的首次竞选集会。特朗普称“病毒检测是把双刃剑”，检测越多确诊越多，“所以我对我的人说，‘请放慢检测速度’”。此外，特朗普将新冠病毒命名为“功夫流感”。特朗普说，“我能给它命名‘功夫流感’，我能给它取19个不同版本的名字。很多人称之为病毒，事实上它就是（病毒）。也有很多人称之为流感。这有什么区别？我想我们有19个、20个不同版本的名字。”（《环球时报》L这视频的秒拍视频,06/21
#世界上最混蛋的逻辑#特朗普：检测的越多，确诊的就越多。所以，我让减少检测数量，确诊人数也下来了，因此，我拯救了成千上万人的生命………Lwlr瑞雪迎春的微博视频,06/21
【特朗普疫情后首场竞选集会举行！竞选团队6人核酸检测呈阳性】#特朗普竞选团队6人新冠病毒检测阳性#法新社刚刚消息，当地时间周六（20日），美国总统特朗普在俄克拉何马州塔尔萨县（Tulsa）举行新冠疫情暴发以来的首次竞选集会。集会开始前几小时，特朗普竞选团队的先遣团队中6名成员新冠病毒检测结果为阳性。L环视频的微博视频,06/21
《纽约时报》刊发了一篇题为《为什么说美国正在出口新冠病毒》的文章，文章揭露了一个骇人的真相，特朗普正在通过其强硬的移民措施，将病毒传播到境外。长久以来，特朗普对待移民的态度都非常强硬，在疫情这个特殊时期内，特朗普更是变本加厉，大规模驱逐移民，自3月份开始，到现在已经遣返了约4万移民。需要注意的是，这些被遣返的移民，新冠检测呈阳性的人非常多。O网页链接,06/21
#美国暴乱##特朗普竞选团队6人新冠病毒检测阳性#如果想没病毒，请放慢，这逻辑,06/21
#扫黑除恶#祖国反黑站中国#扫黑除恶举报平台#@深圳微博发布厅深圳市府委415两死一伤惨案发生在闹市你们不思过？公安消防失职渎职，给你们市府市委信访办访信不敢回，人民网新浪官微不敢回应，无视党纪国法，作为政府的代言办事机构，你们初心何在？特朗普的政府？@广东检察扫除深圳市府黑恶势力,06/21
#美国医院给核酸阳性患者出阴性报告#这和特朗普让放慢检测速度有异曲同工之妙啊L央视新闻的微博视频,06/21
#特朗普竞选团队6人新冠病毒检测阳性#？赶紧让医院给他们开个阴性报告！这样不就不是阳性了吗？我可真是个小机灵鬼。,06/21
#特朗普竞选团队6人新冠病毒检测阳性#卧槽无情,06/21
我给鹿晗讲笑话曾经有个美国人在白宫门口喊：“特朗普是个憨批！”后来他被判了22年。两年是因为辱骂总统，二十年是因为泄露国家机密。,06/22
【特朗普雷人语录更新：检测多，确诊就多】曾宣称“没有新冠疫苗，病毒也会自行消失”的美国总统特朗普，近日又在俄克拉荷马州举办的竞选集会上更新雷人语录——“放缓病毒检测速度”。因为在他看来，检测是一把“双刃剑”，检测多，确诊就多。与特朗普的想象相反，近日美国疫情严峻程度加剧。据美国霍普金斯大学网站最新数据显示，美国新冠肺炎确诊病例数已达227.9万，死亡人数接近12万。美媒报道称，美国南部年轻人感染新冠肺炎比例持续上升，各州限制放开后感染人数的比例呈指数增长。与此同时，日益严峻的疫情严重打击市场信心，一些专家认为，美元暴跌加上通胀加剧，股市泡沫正在形成。O网页链接,06/22
【特朗普“压力山大”，重启竞选集会是“解药”还是“毒药”？】已经锁定共和党总统候选人提名的美国总统特朗普20日在俄克拉何马州第二大城市塔尔萨举行美国新冠疫情暴发后首场竞选集会。距离11月3日大选投票日还有四个半月时间，民主党方面基本锁定前副总统拜登为总统候选人，对决格局大致确定。持续数月的新冠疫情及由此带来的经济冲击和高失业率，加之非洲裔美国人乔治·弗洛伊德之死引发的抗议浪潮等，给特朗普竞选连任带来巨大压力，并且不可避免地成为两党竞争的焦点话题。O网页链接,06/22
安倍与川普翻脸？直接对美国摊牌。美军在韩国境内，搞炭疽病毒实验，引爆韩国舆论圈，要求取缔实验室。却没实质性动作，导致支持率大跌。选择宙斯盾方案，先发制人接叫停，避免文在寅老路。近期从德国撤军，深深刺激安倍！而特朗普就失算了，没想到会“连锁反应”。,06/22
全国爆料祖国反黑站中国#扫黑除恶#@深圳微博发布厅深圳市府委415两死一伤惨案发生在闹市你们不思过？公安消防失职渎职，给你们市府市委信访办访信不敢回，人民网新浪官微不敢回应，无视党纪国法，作为政府的代言办事机构，你们初心何在？特朗普的政府？@广东检察扫除深圳市府黑恶势力,06/22
祖国反黑站#扫黑除恶举报平台#中国#扫黑除恶#@深圳微博发布厅深圳市府委415两死一伤惨案发生在闹市你们不思过？公安消防失职渎职，给你们市府市委信访办访信不敢回，人民网新浪官微不敢回应，无视党纪国法，作为政府的代言办事机构，你们初心何在？特朗普的政府？@广东检察扫除深圳市府黑恶势力,06/22
特朗普被TikTok用户戏耍遭遇“集体放鸽子”O特朗普被TikTok用户戏耍遭遇“集体放鸽子”,06/22
特朗普总给我们带来快乐😊L心如止水听潮声的微博视频,06/22
【谁将成功入住白宫，拜登支持率大增，特朗普发推反击：全都是假的】近日，民调显示竞选黑马民主党候选人拜登的支持率已经大幅反超特朗普，对此特朗普十分愤怒，亲自发文反击称所谓民调完全是捏造。#美国##军事##白宫##奇点防务#L水镜晓先生的微博视频,06/22
#宝文理化工院2020年“战‘疫’有我”寒假社会实践#打卡第110天【#外交部回应特朗普将新冠病毒称作功夫流感#：坚决反对污名化】6月22日，外交部发言人赵立坚针对美国总统特朗普将新冠病毒大流行称作“功夫流感”（KungFlu）回应称，我们注意到有关表态。世卫组织和国际社会都明确反对将病毒同特定国家和地区相关联，反对搞污名化的做法。中方坚决反对任何利用病毒溯源问题搞污名化的做法。我们注意到美国国内各界已有不少有识之士公开谴责利用疫情搞污名化@宝鸡文理学院化工院团总支@宝文理化工院19级工艺二班团支部L南野灵动客71062的微博视频,06/22
特朗普竞选拉选票可是没有收到预期效果，还冒着疫情感染的风险。,06/22
【世卫：全球病例单日增幅破纪录】据世界卫生组织周日报告称，在最近的24小时内全球新增病例超过18.3万，创下了新冠病毒感染病例单日增幅最大的纪录。世卫组织总干事谭德赛表示，世界仍然处在危险的阶段，各国不要放松警惕。L中国日报网的微博视频,06/22
【#外交部回应特朗普称新冠病毒为功夫流感#：坚决反对污名化】6月22日，外交部发言人赵立坚针对美国总统特朗普将新冠病毒大流行称作“功夫流感”（KungFlu）回应称，我们注意到有关表态。世卫组织和国际社会都明确反对将病毒同特定国家和地区相关联，反对搞污名化的做法。中方坚决反对任何利用病毒溯源问题搞污名化的做法。我们注意到美国国内各界已有不少有识之士公开谴责利用疫情搞污名化。L中报视频的秒拍视频,06/22
特朗普雷人语录更新：检测多，确诊就多O网页链接,06/22
特朗普“压力山大”，重启竞选集会是“解药”还是“毒药”？O网页链接,06/22
#两男孩车内窒息家属要求车主担责#建议起诉特朗普,06/23
论美国的霸权！👿👿👿特朗普：快要完蛋了！#美国暴乱##神评论##美国抗议人数创纪录##抗议者在白宫外建黑宫自治区##推特治国##特朗普推文被推特标记为事实有误信息##特朗普崩溃了#L快乐微博维克多的微博视频,06/23
澡前疑问：特朗普到底什么时候才能得新冠？,06/23
因为他是神经病啊！为何特朗普对华政策反复无常？这家外媒说了实话O为何特朗普对华政策反复无常？这家外媒说了实话,06/23
【#特朗普竞选团队又有两人确诊#，#特朗普将在另一州继续举行集会#】特朗普团队表示，20日参加特朗普在俄克拉荷马州集会的工作人员中，又有两名被确诊感染新冠，两人在活动中全程佩戴口罩。此前已有至少4名先遣组工作人员被确诊感染。23日，特朗普还将继续在亚利桑那州召开竞选集会。@时差视频L时差视频的微博视频,06/23
#特朗普74岁生日是怎么过的#崔娃每日脱口秀大卫·奥伊罗痴迷于吹树叶的爸爸电影《塞尔玛》主演大卫·奥伊罗(DavidOyelowo)与崔娃分享他爸爸痴迷于吹树叶(Leafblowing)的故事。L胭脂泪叹的微博视频,06/23
《狠坑特朗普，博尔顿再爆日韩猛料！韩国恼羞成怒，日本默不作声》据韩联社6月23日报道，近日，美国前国家安全顾问博尔顿所撰写的《白宫回忆录》成为了热点话题，一时间闹得沸沸扬扬。O网页链接博尔顿这本书很有些价值，他透露了很多东西，比如特朗普狠敲日本竹杠，这让日本非常不爽，有被强奸的挫败感。这也就解释了日本安倍政府对华态度有一个很明显的改变，就是交好中国，这就有给美国脸色看的意思，是一种三国策。对于中国了解安倍政府真实想法有帮助。像韩国对这本书也非常冒火，等于把美韩交往不可言说的一面给暴露出来了，今后美国的盟国还能不能和美国政府高官交易了？说不定一个被开除的高官转过身就写一本书把盟国高官给卖了钱啦。,06/23
仅差三票落败！特朗普或将有牢狱之灾，剥夺总统所有权力！O网页链接,06/23
玩了一款叫文明霸业的游戏，很糊的游戏了没玩几天，全球同服，中国人特别少，全都是外国人，越南人居多，见到一个中国人特别不容易，感觉到特别亲切，就在今天发生了一件就很令人气氛的事，被越南人在公屏辱骂中国狗，拿疫情说事，说全世界都讨厌中国，而且他还说出爱美国爱特朗普这种言论，我都给气笑了。我从来没见过这种智障，越南人一如既往的无知，令人讨厌🙂有一位俄罗斯大哥路过：谁告诉你全世界都讨厌中国了？那个越南人挺绿茶的开始说，美国人和俄国人最好了，，，，可惜没人愿理他。后来我找到了俄罗斯大哥，他让我不要理他，世界变了，我们不应该成为敌人👍真的，被友好对待的感觉真好。我对越南是真的无语，就让他们生活在无知的世界，对我来说是个可有可无的国家，不好意思我就是看不起越南🙂,06/23
提示999宣布“割肉”后的航空股大涨90%，特朗普也来取笑！】在今年5月的股东大会上，巴菲特宣布已清仓美国四大航空公司的股票，但自从巴菲特表示清仓之后，航空股就开始反弹。LNBD视频的微博视频,06/23
博尔顿书中透露出来的内容，其实也证实了特朗普的所谓中美脱钩论，不过是虚张声势的谈判策略罢了。美国现在拿什么玩脱钩？印那么多美元，不用来购买中国物美价廉的产品，真的拿美元当擦屁股的纸吗？特朗普恼怒的不是博尔顿泄露了自己什么私密信息，而是博尔顿向世人揭穿了牠的所谓的交易的艺术，以后在与中国的打交道的过程中，特朗普在谈判桌上已经没有什么秘密了。,06/23
特朗普宣布拟加强与哈萨克斯坦的伙伴关系-俄罗斯卫星通讯社O特朗普宣布拟加强与哈萨克斯坦的伙伴关系,06/23
全国爆料祖国反黑站中国#扫黑除恶#@深圳微博发布厅深圳市府委415两死一伤惨案发生在闹市你们不思过？公安消防失职渎职，给你们市府市委信访办访信不敢回，人民网新浪官微不敢回应，无视党纪国法，作为政府的代言办事机构，你们初心何在？特朗普的政府？@广东检察扫除深圳市府黑恶势力,06/23
特朗普一上台就被很多人潮笑，其实大家都错了。作为总统，他坚持美国利益至上，白人利益至上，精英利益至上，不管黑人穷人老人，提倡自己对自己负责，提倡简单的优胜劣汰，所以说他不愁没人选他。所有的精英都是自私的，所有移民美国的精英更是自私的，疫情死20万才几个精英，所有黑人都反对特朗普才占多大比重，这才是美国的精英政治。#沈腾孩子哭得太惨啦#唐戈的肥唐说L寂寞嫦娥舒广袖的微博视频,06/23
祖国反黑站#扫黑除恶举报平台#中国#扫黑除恶#@深圳微博发布厅深圳市府委415两死一伤惨案发生在闹市你们不思过？公安消防失职渎职，给你们市府市委信访办访信不敢回，人民网新浪官微不敢回应，无视党纪国法，作为政府的代言办事机构，你们初心何在？特朗普的政府？@广东检察扫除深圳市府黑恶势力,06/23
祖国反黑站中国#扫黑除恶#@深圳微博发布厅深圳市府委415两死一伤惨案发生在闹市你们不思过？公安消防失职渎职，给你们市府市委信访办访信不敢回，人民网新浪官微不敢回应，无视党纪国法，作为政府的代言办事机构，你们初心何在？特朗普的政府？@广东检察扫除深圳市府黑恶势力雨中的“江南九寨沟”O雨中的“江南九寨沟”,06/24
全国爆料祖国反黑站中国#扫黑除恶#@深圳微博发布厅深圳市府委415两死一伤惨案发生在闹市你们不思过？公安消防失职渎职，给你们市府市委信访办访信不敢回，人民网新浪官微不敢回应，无视党纪国法，作为政府的代言办事机构，你们初心何在？特朗普的政府？@广东检察扫除深圳市府黑恶势力,06/24
美国人民还没彻底傻透的听见特朗普说少检查病例就会降下来怎么想?这国家还会选丫的蠢民（“愚民”已经不足以形容了）比例有多大？开个拉票会还要到场选民同意感染不追责，这居然还有人去？,06/24
【白宫外犹如战场！#华盛顿警方开始镇压黑宫自治区抗议者#】特朗普23日在推特上回应“黑宫自治区”，称抗议者将面临严重的武力打击。华盛顿警方随即兑现总统誓言，使用多种非致命弹药，不分青红皂白地向人群发射胡椒喷雾和子弹，并大量使用闪光弹，镇压“黑宫自治区”抗议者。@时差视频L时差视频的微博视频,06/24
#美暂停发放H1B签证惹怒硅谷#尽管特朗普拿H1B工作签证开刀，让硅谷科技巨头们集体愤怒，但他们并不能改变白宫的行政命令。此外，在未来的几个月时间，选情落后的特朗普或许还会继续打出更多的反移民牌来迎合他的保守派选民。或许只有11月的大选可以结束这一切。,06/24
#美暂停发放H1B签证惹怒硅谷#尽管特朗普拿H1B工作签证开刀，让硅谷科技巨头们集体愤怒，但他们并不能改变白宫的行政命令。此外，在未来的几个月时间，选情落后的特朗普或许还会继续打出更多的反移民牌来迎合他的保守派选民。或许只有11月的大选可以结束这一切。,06/24
祖国反黑站#扫黑除恶举报平台#中国#扫黑除恶#@深圳微博发布厅深圳市府委415两死一伤惨案发生在闹市你们不思过？公安消防失职渎职，给你们市府市委信访办访信不敢回，人民网新浪官微不敢回应，无视党纪国法，作为政府的代言办事机构，你们初心何在？特朗普的政府？@广东检察扫除深圳市府黑恶势力,06/24
【白宫外犹如战场！#华盛顿警方镇压黑宫自治区抗议者#】特朗普23日在推特上回应“黑宫自治区”，称抗议者将面临严重的武力打击。华盛顿警方随即兑现总统誓言，使用多种非致命弹药，不分青红皂白地向人群发射胡椒喷雾和子弹，并大量使用闪光弹，镇压“黑宫自治区”抗议者。@时差视频L时差视频的微博视频,06/24
RBCCapitalMarkets的调查结果显示，美国大选是眼下股市机构投资者心中最大的隐忧，其所引发的忧虑远甚于从第二波新冠疫情等所有其他问题。调查显示，60%的参与调查者认为拜登胜选对于股市是个利空或者说是大大的利空，调查中约有65%的人认为，特朗普胜选连任对于股市是个利好或者说是大大的利好。,06/24
#美暂停发放H1B签证惹怒硅谷#　大选还有不到4个半月时间，特朗普急切需要提升自己的选情。由于新冠疫情和种族问题应对不利，特朗普近期民意支持率大幅下滑，即便是右翼媒体Fox的民调结果，都显示他已经落后民主党候选人拜登超过10个百分点，在诸多决定大选成败的摇摆州更是处于明显下风。选情告急也是特朗普近期不顾疫情严峻形势，急匆匆重启连任竞选活动的主要原因。,06/24
微杂文；中国人应希望特朗普“同志”连任总统‖特朗普连任比拜登胜出，其对时国际社会的好处和正向向积极的方面要比拜登大的多。特朗普的美国优先论其伤害的主不仅是美国社会与经济等！真正伤害的是已经衰败到畸形程度的西方资本主义社会的制度，尤其是西方国家间的同盟格局。这对中国和世界是有益的。,06/24
#美暂停发放H1B签证惹怒硅谷#　大选还有不到4个半月时间，特朗普急切需要提升自己的选情。由于新冠疫情和种族问题应对不利，特朗普近期民意支持率大幅下滑，即便是右翼媒体Fox的民调结果，都显示他已经落后民主党候选人拜登超过10个百分点，在诸多决定大选成败的摇摆州更是处于明显下风。选情告急也是特朗普近期不顾疫情严峻形势，急匆匆重启连任竞选活动的主要原因。,06/24
#美暂停发放H1B签证惹怒硅谷#此次新冠疫情带来的失业大潮，给了特朗普政府对合法工作签证开刀的最好理由。尽管此举并没有多少实际价值，反而会影响到美国企业的竞争力，但却可以用强硬姿态来取悦他的基本盘选民，转移民众对他应对疫情不利的批评，迎合目前大量失业在家的中低收入民众的不满情绪。,06/24
某是不相信特朗普竞选连任会失败的，但是时间还有数月，滚动着的地球什么事都有可能发生，诸如类似引发美国民众不满的弗洛伊德事件。如果特朗普将来意外落败，那么可以肯定说像跪杀弗洛伊德的警察之类人对于他的反对者而言却是有功之人。事物就是这样的不可思议，最终是跪杀弗洛伊德的警察顺带干掉了特朗普。,06/24
#一言不合就上榜#美国前国家安全顾问博尔顿新书占据了该国几乎所有媒体的头条，特朗普则发#推特#怒斥他这位之前的亲密下属是“一个心怀不满的无聊傻子，整天就知道打仗，最后被轰走，真是个笨蛋”。#博尔顿#究竟爆了什么料，把特朗普气成这样？为什么连民主党也骂他是“叛国者”“懦夫”？〈转载自胡侃〉#特朗普解雇美国国家安全顾问博尔顿##博尔顿称特朗普不适合当总统##川普总统##特朗普一天发200条推特#L胡锡进的微博视频,06/24
【美国单日确诊创新高，特朗普还催中国买龙虾】美国新冠肺炎确诊人数“一骑绝尘”地冲到了近250万，24日更是创下3.8万的单日新增确诊病例新高。6月24日，特朗普签署了一份备忘录，扬言中国需按照中美第一阶段协议增加对美国龙虾的进口，否则就对中国海鲜产品施加报复性关税。另外，他要求美国农业部向龙虾渔民提供财政帮助，以降低中美贸易摩擦给这一产业带来巨大损失。北京近期疫情爆发后，不少专家将病毒溯源指向冷链运输，进口海鲜、肉类等产品被推上的风口浪尖，而龙虾也是冷链运输中的“常客”。,06/25
美国单日确诊数破记录，专家：失控了！特朗普将不遵守新泽西隔离令，白宫声明：总统不是“平民”O美国单日确诊数破记录，专家：失控了！特朗普将不遵守新泽西隔离令，白宫声明：总统不是“平民”,06/25
#扫黑除恶#@深圳微博发布厅深圳市府委415两死一伤惨案发生在闹市你们不思过？公安消防失职渎职，给你们市府市委信访办访信不敢回，人民网新浪官微不敢回应，无视党纪国法，作为政府的代言办事机构，你们初心何在？特朗普的政府？@广东检察扫除深圳市府黑恶势力大连长海县：夏日晨光里的大海O大连长海县：夏日晨光里的大海,06/25
【特朗普为新书《特朗普如何让美国黑人再次伟大》打call】当地时间24日晚，美国总统特朗普发推文称赞一本即将发售的新书《特朗普如何让美国黑人再次伟大：特朗普时代不为人知的黑人进步故事》。推文可见，特朗普认为这是“一本很好的新书”。本书即将于7月7日上架，平装版27美元。這出书速度恁快了点吧,06/25
【特朗普翻着花样叫“中国病毒”支持者群情鼎沸：还有“功夫流感”】特朗普在20日竞选集会上再度甩锅中国，公然使用“功夫流感”这一污名化说法。23日，特朗普出席共和党组织的活动时，又开始罗列“中国病毒”等歧视性称呼。台下特朗普的支持者群情鼎沸，大吼“功夫流感”与其互动。特朗普还称新冠肺炎的官方英文名“COVID-19”这个名字“有点怪”，说“一些人不知道这个19是什么意思”。L微丢的微博视频,06/25
北美观察丨“走哪乱哪”，特朗普竞选活动屡遭各地抵制O网页链接,06/25
【特朗普这次闯大祸了，一句话捅出马蜂窝，连国际法庭都要介入调查】据媒体报道，美国总统特朗普这次摊上大事了，原来多位美国前高官公开表示支持拜登参选美国总统，这也让特朗普直接气急败坏，一怒之下他一句话直接捅出了前总统小布什的马蜂窝：多年前伊拉克并没有大规模杀伤性武器。#微博公开课##霹雳火军事#L霹雳火军事的微博视频,06/25
祖国反黑站中国#扫黑除恶#@深圳微博发布厅深圳市府委415两死一伤惨案发生在闹市你们不思过？公安消防失职渎职，给你们市府市委信访办访信不敢回，人民网新浪官微不敢回应，无视党纪国法，作为政府的代言办事机构，你们初心何在？特朗普的政府？@广东检察扫除深圳市府黑恶势力柴锅香粽，浓浓乡愁O柴锅香粽，浓浓乡愁,06/25
【“走哪乱哪”，特朗普竞选活动屡遭各地抵制】当地时间6月23日，美国总统特朗普在亚利桑那州凤凰城参加青年团体为其举办的竞选集会活动，这是6月20日重启集会以来的第二场竞选活动，再度引发当地有关健康问题的争议。本次活动之前，特朗普还考察了美墨边境并大赞边境墙，又在移民问题上挑起舆论对立。观察人士认为，全美疫情反弹期间，执意四处举办竞选活动的特朗普几乎做到了“走哪乱哪”，进一步加剧了社会撕裂。O网页链接,06/25
【美媒：美国政府或砍掉13个新冠病毒检测点的财政支持】面对激增的病例，美国总统特朗普近日称“正是因为新冠病毒检测做得多、所以美国的病例才多”，接下来美国要“放慢检测的速度”。据美国全国广播公司24日报道，美国联邦政府部门正打算砍掉对五个州共13个新冠病毒检测点的财政支持。O网页链接,06/25
美媒：美国政府或砍掉13个新冠病毒检测点的财政支持O网页链接“走哪乱哪”，特朗普竞选活动屡遭各地抵制O网页链接《纽约时报》热评：为什么美国要对外输出冠状病毒O网页链接,06/25
爆笑，熊孩子模仿特朗普惟妙惟肖油管爆火，人间笑料特朗普！LInstagram精选内容的微博视频,06/25
织女vega路透社6月24日报导，特朗普政府已经确定将华为和海康威视等中国企业，列为美国下一波金融制裁的目标。根据《金融时报》公布的完整清单，除了华为、海康威视之外，还有中国移动、中国电信、中国航空工业、中国铁建、中国中车、中国航天科技、中国航空科学工业、中国南方工业、中国船舶工业、中国国家船舶、中国北方工业集团、浪潮集团、中国航发集团、中国铁道建设、熊猫电子、中科曙光、中国广核集团和中国核工业集团。,06/25
美国遏制中国两个党派不同，特朗普是经济第一政治第二，为了经济可以把政治缓一缓，而拜登是政治优先，但给我们的时间都不会有多少，那么我们选择谁？而我认为应该选择拜登，等他们经济缓过来政治遏制更残酷。对于中国的发展，美国从2018年开始已经不给任何时间和空间，而上天还是偏向于我们，新冠病毒给我们截留了一点点的时间，起码有二年，这二年时间不是流畅的是粘稠的，但也可贵，二年中世界都在潜水中向前，看我们能潜行多远是一个考验。正确的政治是我们的动力。,06/25
#扫黑除恶举报平台#祖国反黑站中国#扫黑除恶#@深圳微博发布厅深圳市府委415两死一伤惨案发生在闹市你们不思过？公安消防失职渎职，给你们市府市委信访办访信不敢回，人民网新浪官微不敢回应，无视党纪国法，作为政府的代言办事机构，你们初心何在？特朗普的政府？@广东检察扫除深圳市府黑恶势力,06/25
【#特朗普称不做检测就不会有新病例#，美国死亡率世界一流】当地时间本周四晚，美国总统特朗普接受媒体采访时，回答了诸多疫情期间民众关心的问题。他提到，目前美国已经做了将近3000万次病毒检测。如果不做检测，也就不会有新的确诊病例。L时差视频的微博视频@时差视频#特朗普纪实#,06/26
#崔娃猛批美国抗疫#他嘲讽特朗普，当科学家努力研制疫苗，寻找抗击疫情的方法时，那个应当负起责任的人却还在那里研究病毒的名字。23日，特朗普在出席活动时，变着花样给新冠病毒起名字，如“武汉病毒”，“功夫病毒”，还说新冠肺炎的官方英文名“COVID-19”很奇怪，不知道这个“19”是什么意思。L微丢的微博视频,06/26
#美国多州紧急叫停经济重启#特朗普这畜生又疯了，又开始疯狂攻击中国！,06/26
感觉这是最难抉择的一次我现在的心情跟特朗普的脸一样复杂,06/26
加拿大不放孟晚舟----------原来是特鲁多被特朗普--------捏住把柄O之我精神导论11111111,06/26
加拿大不放孟晚舟----------原来是特鲁多被特朗普--------捏住把柄O之我精神导论,06/26
【全美至少23座历史雕像被毁特朗普长子提议用父亲雕像取代】6月22日，示威者试图拉倒位于美国华盛顿白宫北侧拉斐特广场上的美国第七任总统安德鲁·杰克逊的雕像。美国总统特朗普随后在社交媒体上发文称，已授权联邦政府逮捕破坏雕像者，最高可判处10年监禁。而同一天，他的长子小唐纳德发文建议立父亲的雕像以代替被拆毁的那些。据统计，自弗洛伊德事件发生一个月以来，全美至少有23座雕像、纪念碑被示威人群推倒或是被地方政府拆除。L全球眼News的秒拍视频,06/26
美国白宫：总统特朗普取消周末前往新泽西州的行程安排。,06/26
《特朗普继续疯狂，又直接开除一名高官，这回真的要凉凉了》特朗普继续疯狂，又直接开除一名高官，这回真的要凉凉了O网页链接,06/26
【特朗普竞选团队全员隔离】据英国《每日邮报》25日报道，在塔尔萨竞选集会前后有八名工作人员新冠病毒检测呈阳性后，所有参加集会的特朗普竞选团队工作人员都被要求在家隔离。#美国疫情##美国大选#,06/26
#美国多州紧急叫停经济重启#特朗普在家里哭鼻子了……经济一团糟，病毒一团糟，选举一团糟，示威游行一团糟……议会一团糟……我当这个总统肿么那么难啊？……希拉里，拜登，奥巴马，博尔顿，佩洛西，班农，崔娃，所有媒体，推特，一个个和我作对……我可是镁国历史上最难的总统。其实反过来，特朗普再和全世界作对……,06/26
新乐趣：每日推上辱骂特朗普这人推特发言着实恶心,06/26
#美国多州紧急叫停经济重启#美国疫情有三个州接近失控，确诊病例超过4月25日的高峰值，各州不得不叫停开放措施。特朗普声称的流感大流行结束被打脸。,06/26
#崔娃猛批美国抗疫#：已经六个月了，我们的总统连病毒名字都没玩就清楚！只能说不愧是懂王你啊！#网罗全球新鲜事#L心慌的尊者的微博视频,06/26
#崔娃猛批美国抗疫#【#崔娃猛批美国抗疫#：6个月了，我们总统还在忙研究病毒名字】在《每日秀》节目上，主持人崔娃对美国的抗疫表现再次进行猛烈抨击，尤其是对总统特朗普。他嘲讽特朗普，当科学家努力研制疫苗，寻找抗击疫情的方法时，那个应当负起责任的人却还在那里研究病毒的名字。23日，特朗普在出席活动时，变着花样给新冠病毒起名字，如“武汉病毒”，“功夫病毒”，还说新冠肺炎的官方英文名“COVID-19”很奇怪，不知道这个“19”是什么意思。L微丢的微博视频,06/26
本周四（6月25日），美国参议院全票通过了《香港自治法》。这个法案虽然还有待众议院表决以及总统特朗普签署生效，但光是瞅着这个离谱的名字，就足以让中国人民愤慨。香港是中国领土，轮得到美国政府来出台法律？！所以，隔天香港特区政府就对美国这一行为表示强烈反对，并敦促美国国会立即停止干预香港特别行政区的内部事务。O美国要制裁香港？一场高举轻放的作秀而已,06/27
#美國#【刚说完要在华盛顿维持法律与秩序特朗普就又去打高尔夫了】当地时间27日，特朗普来到位于弗吉尼亚州的高尔夫俱乐部打高尔夫。此前，他26日曾在推特上表示，周末会留在首都华盛顿特区以“确保法律与秩序得以贯彻”，为此还宣布取消了原定去新泽西州贝德明斯特打高尔夫的计划。#美国新冠肺炎确诊超241万#L微天下的微博视频,06/27
国际时评|所谓“功夫流感”是赤裸裸的种族主义O网页链接为连任造势特朗普持续甩锅吹捧边境墙100%阻挡了来自墨西哥的病毒浪潮O网页链接,06/27
【北美观察丨为连任造势特朗普持续甩锅吹捧边境墙100%阻挡了来自墨西哥的病毒浪潮】当地时间23日，特朗普飞往边境地区参加了边境墙200英里竣工仪式，并且把墨西哥一侧的著名边境城市蒂华纳称为“全球病毒传染源”，还吹捧自己建造的边境墙100%阻挡了来自墨西哥的病毒浪潮，继续把疫情甩锅给墨西哥。O北美观察丨为连任造势特朗普持续甩锅吹捧边境墙100%阻挡了来自墨西哥的病毒浪潮,06/27
美国一记者感染新冠病毒曾参加特朗普竞选集会O美国一记者感染新冠病毒曾参加特朗普竞选集会,06/27
【#滚石乐队警告特朗普别再用他们的歌#】BBC27日消息，滚石乐队警告美国总统特朗普，如果他继续在竞选集会上使用滚石乐队的歌曲，将面临法律诉讼。滚石乐队的法律团队在一份声明中表示，他们正在与表演版权组织BMI合作，以制止特朗普团队未经授权使用他们的音乐。在上周俄克拉何马州塔尔萨的集会上，特朗普竞选团队使用了滚石乐队的单曲《你不能总是得到你想要的》。报道称，2016年美国大选期间，特朗普竞选团队也曾使用过这首歌。滚石乐队在2016年曾发推特称，他们“不支持特朗普”。,06/27
【佩洛西抨击特朗普政府抗疫不力：这届政府太失败了】美国感染新冠病毒人数持续上升，美国众议院议长南希·佩洛西当地时间25日抨击特朗普政府，指责其抗疫不力。对于特朗普称要放缓病毒检测的说法，佩洛西回应：“这是生死攸关的事情，不是儿戏！”（央视新闻）,06/27
"别看特朗普成天喊打喊杀咄咄逼人，但他外强中干，不是好战之徒，而是商人本色，讲究的是买卖和利益交换。博尔顿则是名副其实的战争狂人,他在短短的任期里就得到最危险和最不安全的国安顾问称呼。",06/27
【说好不去还是去了！美国确诊病例超250万例，#特朗普又前往自家高尔夫俱乐部#】在美国新冠确诊病例超过250万例之际，据英国《卫报》消息，美国总统特朗普当地时间27日前往自己位于弗吉尼亚州的私人高尔夫俱乐部。而在此前一天，他还高调发推表示自己取消了周末去自己高尔夫球场的计划，将继续待在华盛顿以“确保法律与秩序得以贯彻”。《卫报》称，目前尚不清楚特朗普是否真的打了一轮高尔夫球。但一位摄影师拍到了他身穿白色polo衫和头戴红色帽子的照片，这是他常见的打高尔夫球的装束之一。报道提到，特朗普因在执政期间经常打高尔夫球的习惯而饱受批评。美国有线电视新闻网（CNN）还统计了他打高尔夫活动的数据，称此次是特朗普总统任期内第271次打高尔夫球，这意味着他上任以来平均每4.6天就要打一次。而据美国全国广播公司(NBC)报道，他的前任奥巴马两届总统任期内打了333次高尔夫球。目前，美国已成为疫情最严重的国家。特朗普还因未能在疫情期间发挥领导作用而受到严厉批评。批评人士特别指出，特朗普不戴口罩，还在疫情期间举行竞选集会，并兜售使用漂白剂等毫无根据的治疗方法的“阴谋论”。,06/27
#美国新冠肺炎超250万例#确实挺二百五的，真的不知道特朗普带领美国一天天的作啥妖...,06/27
【特朗普总自夸抗疫工作，美主持人吐槽：我们应该恭喜美国病例数曲线又平了？】#美国新冠肺炎超250万例#L浙江团省委的微博视频,06/27
#凤凰新闻#分享凤凰新闻：蓬佩奥想当总统了？美政坛再传地震！美媒：一场叛变O蓬佩奥想当总统了？美政坛再传地震！美媒：一场叛变来自@凤凰新闻客户端狼子野心，蓬佩奥先将特郎普送进火葬场！特朗普上了他任命的国务卿的大当！,06/27
【说好不去还是去了！美国确诊病例超250万例，#特朗普又前往自家高尔夫俱乐部#】在美国新冠确诊病例超过250万例之际，据英国《卫报》消息，美国总统特朗普当地时间27日前往自己位于弗吉尼亚州的私人高尔夫俱乐部。而在此前一天，他还高调发推表示自己取消了周末去自己高尔夫球场的计划，将继续待在华盛顿以“确保法律与秩序得以贯彻”。《卫报》称，目前尚不清楚特朗普是否真的打了一轮高尔夫球。但一位摄影师拍到了他身穿白色polo衫和头戴红色帽子的照片，这是他常见的打高尔夫球的装束之一。报道提到，特朗普因在执政期间经常打高尔夫球的习惯而饱受批评。美国有线电视新闻网（CNN）还统计了他打高尔夫活动的数据，称此次是特朗普总统任期内第271次打高尔夫球，这意味着他上任以来平均每4.6天就要打一次。而据美国全国广播公司(NBC)报道，他的前任奥巴马两届总统任期内打了333次高尔夫球。目前，美国已成为疫情最严重的国家。特朗普还因未能在疫情期间发挥领导作用而受到严厉批评。批评人士特别指出，特朗普不戴口罩，还在疫情期间举行竞选集会，并兜售使用漂白剂等毫无根据的治疗方法的“阴谋论”。,06/27
设想一哈，美国政府给黑人单独设一个州，为黑人自治州，看他们有没有能力建设好。👿👿👿#神评论##美国暴乱##美国新冠肺炎超250万例##达美航空复航中美航班##彭斯称美国新增一半是年轻人是好消息##上海新增1例美国输入确诊病例##推特治国##特朗普挪用资金建边境墙被裁定违法##特朗普崩溃了#,06/27
称赞中国防疫工作澳议员被扣上“私通中国”帽子O称赞中国防疫工作澳议员被扣上“私通中国”帽子澳大利亚，这是草木皆兵的感觉吗？这更说明资本主义体制已经开始走进了末路？还是说只是特朗普的跟屁虫而已？应该是两方面因素都有，其中体制问题的比重更大,06/27
