阿巴斯：巴勒斯坦与美以两国断交阿巴斯：巴勒斯坦与美以两国断交©Sputnik/SergeiGuneev俄罗斯卫星通讯社开罗2月1日电巴勒斯坦总统阿巴斯表示，美国总统特朗普宣布“世纪交易”的大背景下，巴方已经正式通知美国和以色列关于断绝一切关系...-PoweredbyDiscuz!O网页链接,02/01
特朗普弹劾案审理马上要结束了，还有什么看点？O特朗普弹劾案审理马上要结束了，还有什么看点？,02/01
我这种事情就是CIA局长亲手布置的！！！蓬佩奥，17年开始布置！！！！和特朗普上台时间差不多！！！！肯定遇害的不止我一个！！！！这个侩子手就该让他也尝尝酷刑的滋味！！！！！！！,02/01
#希望一切都好#2020年1月:●澳大利亚山火持续4月，同时还遭受沙尘暴和冰雹，5亿多动物丧生●南北极冰川正在悄然融化●美国爆发40年来致命的乙型流感，已致6600人死亡，超1300万人感染●中国武汉新型冠状病毒爆发蔓延●特朗普暗杀伊朗少将苏莱曼尼致三战箭在弦上-1.3●长江白鲟灭绝-1.3●伊朗击落乌克兰民用客机，死亡176人-1.8●菲律宾火山喷发，数万居民撤离-1.12●克什米尔雪崩，至少76人死亡-1.14●俄罗斯总理政府全体辞职-1.15●非洲经历25年最严重蝗灾，约3600亿只蝗虫引起的蝗灾-1.17●加拿大雪风暴-1.18●特朗普被弹劾-1.21●西班牙风暴“格洛丽亚”（Gloria）-1.21●土耳其发生6.8级地震-1.25●印度尼西亚洪水-1.26●美国三枚火箭弹袭击伊朗，至少15人死亡-1.26●篮球明星科比坠机离世-1.27●阿富汗塔利班击落美国CIA客机-1.27●古巴7.7级地震-1.29●丹麦禽流感-1.29●西藏地震-1.30●四川地震-1.31●英国终于在1月最后一天正式脱离欧盟-1.312020年2月：●日本5.2级地震-2.1●新疆地震-2.1●圣彼得堡体育馆崩塌-2.1#可以重启2020吗#,02/01
华为的突破特朗普政府和华为之间的封锁和反封锁运动已经持续了八个多月。在八个月里，特朗普政府总共采取了两项举措。一个举措是将华为锁定在供应链中。它不仅要求美国公司拒绝向华为提供高端组件，还利用美国技术向海外市场施加压力，并要求一些海外公司拒绝向华为提供设备支持。另一个策略是，在销售过程中，特朗普政府派代表游说并向这些市场施压，要求其拒绝在网络中使用华为的通信设备。　　特朗普政府的行动无疑意在让华为像...O中美贸易战最新报道！华为又赢一局！特朗普“担心”终于变成现实，用实际行动反呛美国,02/01
世界卫生组织与美国就本次疫情发生很大分歧。WHO面临巨大的压力，最主要的压力来自美国，在两点半准备宣布投票结果之前，美国选在两点半之前宣布了一个确诊病例，是美国首次人传人的确诊病例。特朗普非常希望WHO宣布为国际突发公共卫生事件，甚至希望将判定为“疫区国”。网传美国商业部部长罗斯直接说——这次事件有助于制造业回流美国。罗斯的发言引起包括美国网友在内的普遍愤怒！但是，事情还没有结束——昨天晚上白宫宣布美国进入国家级公共卫生紧急状态，结果华尔街出现闪崩，引发全球股市暴跌。这还不是全部，WHO压力更大的是印度出现了一例感染者。印度不同于别的国家，这个国家正在爆发大规模游行示威，治安混乱，人群密集，人口众多、医疗落后；如果印度出现感染扩散、将会是灾难性事件。,02/01
美国总统唐纳德·特朗普（DonaldTrump）再次向美联储（FederalReserve）推销降息，特朗普表示“这样做可以帮助美国偿还迅速增长的国家债务”。在周二上午的一条推文中，特朗普再次表示，美联储应该下调主要贷款利率，以便与全球同行更加保持一致。然而，他这一次还进一步扩充了自己的论点，指出“更便宜的债务可能意味着国家赤字的减少”。特朗普敦促美联储“变得聪明起来，让我们的利率相较其他国家更具竞争力”。“然后，我们将专注于偿还和债务再融资！”他写道。,02/01
特朗普自拉自唱宣布推动解决巴以问题的“世纪协议”成巴以和平进程新障碍巴勒斯坦抵制，联合国反对，称其无视联合国安理会关于巴以问题的相关决议，为以色列在约旦河西岸大片领土上“行使主权”开了绿灯，进而埋葬了国际社会普遍支持的“两国方案”。选择承认耶路撒冷为以色列的首都、承认以色列对戈兰高地的主权，无条件支持以色列，就已经决定“世纪协议”只能是一份偏袒以色列的不公平协议,02/01
特朗普：美国正在和中国密切合作应对疫情@中国日报网1月31日消息，美国总统特朗普接受福克斯新闻频道采访时表示，美国正在和中国密切合作应对新型冠状病毒疫情。,02/01
【🌷“干杯豆豆龙”直播间🌷】我正在虾米音乐开趴，来和我一起听歌吧O网页链接分享自@虾米音乐哈哈哈，我在虾米的幸福生活快就要划上句号了因为已经没有一首歌能感动我了，特朗普更能感动我，油价终于掉了😀😀😀,02/01
西班牙流感源于美国，亡5000万，改变世界大战，特朗普祖父病死_弗雷德里克O网页链接,02/01
2020年1月:●澳大利亚山火持续4月，同时还遭受沙尘暴和冰雹，5亿多动物丧生●南北极冰川正在悄然融化●美国爆发40年来致命的乙型流感，已致6600人死亡，超1300万人感染●中国武汉新型冠状病毒爆发蔓延●特朗普暗杀伊朗少将苏莱曼尼致三战箭在弦上-1.3●长江白鲟灭绝-1.3●伊朗击落乌克兰民用客机，死亡176人-1.8●菲律宾火山喷发，数万居民撤离-1.12●克什米尔雪崩，至少76人死亡-1.14●俄罗斯总理政府全体辞职-1.15●非洲经历25年最严重蝗灾，约3600亿只蝗虫引起的蝗灾-1.17●加拿大雪风暴-1.18●特朗普被弹劾-1.21●西班牙风暴“格洛丽亚”（Gloria）-1.21●土耳其发生6.8级地震-1.25●印度尼西亚洪水-1.26●美国三枚火箭弹袭击伊朗，至少15人死亡-1.26●篮球明星科比坠机离世-1.27●阿富汗塔利班击落美国CIA客机-1.27●古巴7.7级地震-1.29●丹麦禽流感-1.29●西藏地震-1.30●四川地震-1.31●英国终于在1月最后一天正式脱离欧盟-1.312020年2月：●日本5.2级地震-2.1●新疆地震-2.1●圣彼得堡体育馆崩塌-2.1●湖南禽流感－2.1#可以重启2020吗#,02/01
阿拉伯联盟外长举行会议，一致通过拒绝特朗普的“中东和平计划”#搞笑#,02/01
国际黄金、纸黄金、黄金TD、期货原油接下来的一周美国经济数据较多，市场关注度比较高的有美国1月ISM制造业PMI数据、美国12月工厂订单月率、美国1月ISM非制造业PMI和美国1月非农就业报告；其次是中国、美国等国的贸易数据，此外，对美联储官员讲话、澳洲联储利率决议和特朗普的国情咨文，投资者也需要重点关注。,02/01
【美参议院否决取证动议特朗普弹劾案或下周迎终结】1月31日，负责审理美国总统特朗普弹劾案的美国会参议院否决一项取证动议，审理阶段参议院将不会传唤证人和调阅文件。当天的表决结果为51票反对、49票赞成，基本按党派划线。参议院多数党共和党方面称“准备在未来几天内”结束审理。,02/01
白宫官网消息：吉利德公司的瑞德西韦明日（2月3日）开始在中国临床试验。经特朗普总统特批，同意将该药物专利豁免，向中国紧急公开药物分子结构。至2020年4月27日，允许中国仿制此药用于治疗冠状病毒患者。,02/02
博爱精神【美国会参议院拒绝传唤特朗普弹劾案新证人】外媒称，美国国会参议院1月31日拒绝了民主党有关在特朗普弹劾审理中传唤新证人的请求，从而为特朗普下周被宣判无罪铺平了道路。特朗普被控滥用职权和妨碍国会调查。#特朗普就伊朗袭击发表讲话#　　据法新社2月1日报道，在进行了51票对49票的表决后，共和党参议员表示，预计将在5日当地时间下午4时进行无罪判决投票。　　这意味着，在特朗普定于4日在国会联席会议上发表年度国情咨文演讲之前，审理不会结束。#博爱精神#,02/02
2020年1月:●澳大利亚山火持续4月，同时还遭受沙尘暴和冰雹，5亿多动物丧生●南北极冰川正在悄然融化●美国爆发40年来致命的乙型流感，已致6600人死亡，超1300万人感染●中国武汉新型冠状病毒爆发蔓延●特朗普暗杀伊朗少将苏莱曼尼致三战箭在弦上-1.3●长江白鲟灭绝-1.3●伊朗击落乌克兰民用客机，死亡176人-1.8●菲律宾火山喷发，数万居民撤离-1.12●克什米尔雪崩，至少76人死亡-1.14●俄罗斯总理政府全体辞职-1.15●非洲经历25年最严重蝗灾，约3600亿只蝗虫引起的蝗灾-1.17●加拿大雪风暴-1.18●特朗普被弹劾-1.21●西班牙风暴“格洛丽亚”（Gloria）-1.21●土耳其发生6.8级地震-1.25●印度尼西亚洪水-1.26●美国三枚火箭弹袭击伊朗，至少15人死亡-1.26●篮球明星科比坠机离世-1.27●阿富汗塔利班击落美国CIA客机-1.27●古巴7.7级地震-1.29●丹麦禽流感-1.29●西藏地震-1.30●四川地震-1.31●英国终于在1月最后一天正式脱离欧盟-1.312020年2月：●日本5.2级地震-2.1●新疆地震-2.1●圣彼得堡体育馆崩塌-2.1#可以重启2020吗#其实每天都有无数可怕的事情发生，只是我们不知道，罢了。既已知晓，不恐慌；好好工作，好好生活。热爱这个世界，别对它失望，依旧要充满希望,02/02
看了今天的微博，三观尽碎。那是黑×字会，那是两眼只向上看的新闻发布会。那是医生的舍生忘死。那是一个个鲜活生命，对生的企盼。我们已经得到了报应，希望灾难，早些过去！我们谩骂特朗普，袭击伊朗。我们嘲笑澳洲政府无视山火。我们总是太自大……现在必须直面我们自身的问题――我们能不能熬过去，最少的伤亡，尽快的救赎，透明的捐赠途径。,02/02
寻梦记2：捣蛋鬼拿起一把锃亮的剪刀咔嚓一下，便结束掉我秀发的光辉岁月。论起来，这是我二十年来烫过的最贵的头发，如今已与其主人天人永隔，除了眼巴巴地望着，眼眶湿润，我也只能打掉牙往肚子里咽。置身于大选会场，异常兴奋，飘扬的国旗几乎遮住我的视线，但我却听得仔细，特朗普落选下台，奥巴马再次当选，不可思议！,02/02
天災本難預測-疾病本無國界(大家主意西方國家野心不能少看)同等世界銀行一樣沒有亞洲人在里面西方國家寫著有利位置要知道美国的世纪大流感已经蔓延爆发全国，造成了将近7000人死亡，就这种情况下，美国都没有采取国家紧急状态。而今，美国仅有7名病毒肺炎感染者，特朗普却突然采取了这种严重影响美国老百姓生活的紧急状态，地球人都知道醉翁之意不在酒。,02/02
#美国关岛海上牧歌##关岛生子##赴美生子##关岛生子#刚刚，KE111准时抵达关岛。美东时间2月2号10:30（早上）名副其实的末班车！估计飞机上的中国人不少～勇敢的宝妈们又要经过二道关口：体检和小黑屋核实身份。自特朗普新政以来，所有诚实入关都要进小黑屋了，这已成明规了，此刻已然成了武汉肺炎禁止🚫入境美国的最后一个里程碑。今天8:00（关岛时间）过后，近期赴美的孕妈将绕道美国，现在第三国停留14天后方可入境美国（在禁令撤销之前）真可谓为前路漫漫，我将上下而求索。但凡是有志者，终将成为时代的宠儿！为你们而鼓掌👏👏👏,02/02
《特朗普弹劾案大概率被否决，但民主党并非一无所获》鉴于共和党人在参议院拥有53席的多数，舆论普遍认为弹劾案被否决已无悬念。O网页链接,02/02
正是美国公布的国家紧急状态，迅速冲击了美国股市，这让美国股市从而飞流直下，暴跌不已，美国名为保护自己，但实际上这将自己的经济和股市推向了火山口。很多人说，美国政府此举做过了，毕竟美国才只有几例病例，也没有出现人员死亡，如果按照这个标准，美国的枪击案每天造成那么多的人员死亡，应该天天宣布美国国家紧急状态。美国现在最关心中国肺炎疫情的是美国总统特朗普，他每天召开会议，认真听取美国官员上报的中国肺炎疫情数据，其实对中国肺炎疫情的数据，特朗普并不真正关心，他关心的是肺炎疫情对中国经济的影响，因为他把中国作为美国的竞争对手。,02/02
2020年1月:●澳大利亚山火持续4月，同时还遭受沙尘暴和冰雹，5亿多动物丧生●南北极冰川正在悄然融化●美国爆发40年来致命的乙型流感，已致6600人死亡，超1300万人感染●中国武汉新型冠状病毒爆发蔓延●特朗普暗杀伊朗少将苏莱曼尼致三战箭在弦上-1.3●长江白鲟灭绝-1.3●伊朗击落乌克兰民用客机，死亡176人-1.8●菲律宾火山喷发，数万居民撤离-1.12●克什米尔雪崩，至少76人死亡-1.14●俄罗斯总理政府全体辞职-1.15●非洲经历25年最严重蝗灾，约3600亿只蝗虫引起的蝗灾-1.17●加拿大雪风暴-1.18●特朗普被弹劾-1.21●西班牙风暴“格洛丽亚”（Gloria）-1.21●土耳其发生6.8级地震-1.25●印度尼西亚洪水-1.26●美国三枚火箭弹袭击伊朗，至少15人死亡-1.26●篮球明星科比坠机离世-1.27●阿富汗塔利班击落美国CIA客机-1.27●古巴7.7级地震-1.29●丹麦禽流感-1.29●西藏地震-1.30●四川地震-1.31●英国终于在1月最后一天正式脱离欧盟-1.312020年2月：●日本5.2级地震-2.1●新疆地震-2.1●圣彼得堡体育馆崩塌-2.1#可以重启2020吗#其实每天都有无数可怕的事情发生，只是我们不知道，罢了。既已知晓，不恐慌；好好工作，好好生活。热爱这个世界，别对它失望，依旧要充满希望,02/02
#华为5G#【还想欺负华为？美国动用国家力量自尝恶果，美媒：完了，巨龙惊醒】据环球时报日前报道，华为一位高管指出，“他们唤醒了一条巨龙，这是一场大块头的游戏。我们要开发之前不打算制造的芯片。中国会很快建立起芯片产业，比任何人想象的都快。”美国媒体援引了华为的说辞，并且指出，在过去一年里，特朗普的手下发现，并不是所有的传统盟友都自动和美国站在一起。彭佩奥国务卿劝说欧洲盟友反对华为的努力并不完全成功。德国坚持要把华为纳入5G系统建设中。一名特朗普的近臣说“我们的盟友并没有按照美国希望的方式和我们站在一起”2019年春，特朗普曾经头戴电信工程师的头盔，鼓励美国通信界赢得5G竞争。他说“我们不能允许任何国家在这重要的未来工业领域跑赢美国。我们在如此之多的工业领域占有领先地位，我们不能让这种事发生。美国必须赢得5G之战。我们有了不起的公司已经着手了。”然而用任何标准来衡量，美国看上去已经输了。韩国从2019年开始部署5G网络，用10周时间就吸引了100万用户。韩国5G网络中有10%的华为设备，其他是三星等企业。当然，中国的5G用户已经超过了全世界其他国家的总和。华为是5G网络技术无可争辩的领导者，它的手中掌握着通信网络技术的大量专利，与美国公司形成交叉购买技术的状态。完全阻断华为与美国公司的联系，损害将是双向的，华为不是任美国政府宰割的羔羊。自30年前诞生以来，华为一步一个脚印走上技术创新之路，直到今天成为拥有18万员工、研发人员占比近一半的全球科技巨头。之前除美国等个别国家限制其进入，华为足迹可谓在世界上无处不在。业界普遍认为，它的5G技术在某些方面站到了世界领先的位置上。然而最近两年，美国对华为的打压开始升级。华盛顿从限制华为产品进入美国市场延伸开去，要求其盟国与其协调行动，不在5G网络建设中使用华为设备。打不垮华为的美国要想遏制中国整个国家的发展，剥夺14亿中国人的发展权利，那就更加力不从心了。,02/02
2020年1月:●澳大利亚山火持续4月，同时还遭受沙尘暴和冰雹，5亿多动物丧生●南北极冰川正在悄然融化●美国爆发40年来致命的乙型流感，已致6600人死亡，超1300万人感染●中国武汉新型冠状病毒爆发蔓延●特朗普暗杀伊朗少将苏莱曼尼致三战箭在弦上-1.3●长江白鲟灭绝-1.3●伊朗击落乌克兰民用客机，死亡176人-1.8●菲律宾火山喷发，数万居民撤离-1.12●克什米尔雪崩，至少76人死亡-1.14●俄罗斯总理政府全体辞职-1.15●非洲经历25年最严重蝗灾，约3600亿只蝗虫引起的蝗灾-1.17●加拿大雪风暴-1.18●特朗普被弹劾-1.21●西班牙风暴“格洛丽亚”（Gloria）-1.21●土耳其发生6.8级地震-1.25●印度尼西亚洪水-1.26●美国三枚火箭弹袭击伊朗，至少15人死亡-1.26●篮球明星科比坠机离世-1.27●阿富汗塔利班击落美国CIA客机-1.27●古巴7.7级地震-1.29●丹麦禽流感-1.29●西藏地震-1.30●四川地震-1.31●英国终于在1月最后一天正式脱离欧盟-1.312020年2月：●日本5.2级地震-2.1●新疆地震-2.1●圣彼得堡体育馆崩塌-2.1#可以重启2020吗#,02/02
美国公共安全卫生部门经特朗普特批同意将该药物专利豁免向中国紧急公开药物分子结构至4月27日大概就是这个意思就是让中国不经美方专利许可直接仿造此药用于紧急治疗命悬一线的肺炎患者,02/02
#美国抗病毒药#美国吉利德公司研发的抗病毒药remdesivir(瑞德西韦）得到美国公共安全卫生部门经特朗普特批，同意将该药物专利豁免，向中国紧急公开药物分子结构至4月27日。就是让中国不经美国专利许可直接仿造此药用于紧急治疗命悬一线的患者，此药物已经在美国病患身上使用，证明能够有效直接抑制病毒。,02/02
8000多人死亡！美国疫情比我国还重，但特朗普...2020年伊始，新型冠状病毒疫情就十分严重，许多国家都面临着与中国相同的挑战。美国已经开始了一...[米尔军事]O8000多人死亡！美国疫情比我国还重，但特朗普...,02/02
白宫官网消息：吉利德公司的瑞德西韦明日（2月3日）开始在中国临床试验。经特朗普总统特批，同意将该药物专利豁免，向中国紧急公开药物分子结构。至2020年4月27日，允许中国仿制此药用于治疗冠状病毒患者。,02/02
博爱精神【美国会参议院拒绝传唤特朗普弹劾案新证人】外媒称，美国国会参议院1月31日拒绝了民主党有关在特朗普弹劾审理中传唤新证人的请求，从而为特朗普下周被宣判无罪铺平了道路。特朗普被控滥用职权和妨碍国会调查。#特朗普就伊朗袭击发表讲话#　　据法新社2月1日报道，在进行了51票对49票的表决后，共和党参议员表示，预计将在5日当地时间下午4时进行无罪判决投票。　　这意味着，在特朗普定于4日在国会联席会议上发表年度国情咨文演讲之前，审理不会结束。#博爱精神#,02/02
2020年1月:●澳大利亚山火持续4月，同时还遭受沙尘暴和冰雹，5亿多动物丧生●南北极冰川正在悄然融化●美国爆发40年来致命的乙型流感，已致6600人死亡，超1300万人感染●中国武汉新型冠状病毒爆发蔓延●特朗普暗杀伊朗少将苏莱曼尼致三战箭在弦上-1.3●长江白鲟灭绝-1.3●伊朗击落乌克兰民用客机，死亡176人-1.8●菲律宾火山喷发，数万居民撤离-1.12●克什米尔雪崩，至少76人死亡-1.14●俄罗斯总理政府全体辞职-1.15●非洲经历25年最严重蝗灾，约3600亿只蝗虫引起的蝗灾-1.17●加拿大雪风暴-1.18●特朗普被弹劾-1.21●西班牙风暴“格洛丽亚”（Gloria）-1.21●土耳其发生6.8级地震-1.25●印度尼西亚洪水-1.26●美国三枚火箭弹袭击伊朗，至少15人死亡-1.26●篮球明星科比坠机离世-1.27●阿富汗塔利班击落美国CIA客机-1.27●古巴7.7级地震-1.29●丹麦禽流感-1.29●西藏地震-1.30●四川地震-1.31●英国终于在1月最后一天正式脱离欧盟-1.312020年2月：●日本5.2级地震-2.1●新疆地震-2.1●圣彼得堡体育馆崩塌-2.1#可以重启2020吗#其实每天都有无数可怕的事情发生，只是我们不知道，罢了。既已知晓，不恐慌；好好工作，好好生活。热爱这个世界，别对它失望，依旧要充满希望,02/02
看了今天的微博，三观尽碎。那是黑×字会，那是两眼只向上看的新闻发布会。那是医生的舍生忘死。那是一个个鲜活生命，对生的企盼。我们已经得到了报应，希望灾难，早些过去！我们谩骂特朗普，袭击伊朗。我们嘲笑澳洲政府无视山火。我们总是太自大……现在必须直面我们自身的问题――我们能不能熬过去，最少的伤亡，尽快的救赎，透明的捐赠途径。,02/02
寻梦记2：捣蛋鬼拿起一把锃亮的剪刀咔嚓一下，便结束掉我秀发的光辉岁月。论起来，这是我二十年来烫过的最贵的头发，如今已与其主人天人永隔，除了眼巴巴地望着，眼眶湿润，我也只能打掉牙往肚子里咽。置身于大选会场，异常兴奋，飘扬的国旗几乎遮住我的视线，但我却听得仔细，特朗普落选下台，奥巴马再次当选，不可思议！,02/02
天災本難預測-疾病本無國界(大家主意西方國家野心不能少看)同等世界銀行一樣沒有亞洲人在里面西方國家寫著有利位置要知道美国的世纪大流感已经蔓延爆发全国，造成了将近7000人死亡，就这种情况下，美国都没有采取国家紧急状态。而今，美国仅有7名病毒肺炎感染者，特朗普却突然采取了这种严重影响美国老百姓生活的紧急状态，地球人都知道醉翁之意不在酒。,02/02
#美国关岛海上牧歌##关岛生子##赴美生子##关岛生子#刚刚，KE111准时抵达关岛。美东时间2月2号10:30（早上）名副其实的末班车！估计飞机上的中国人不少～勇敢的宝妈们又要经过二道关口：体检和小黑屋核实身份。自特朗普新政以来，所有诚实入关都要进小黑屋了，这已成明规了，此刻已然成了武汉肺炎禁止🚫入境美国的最后一个里程碑。今天8:00（关岛时间）过后，近期赴美的孕妈将绕道美国，现在第三国停留14天后方可入境美国（在禁令撤销之前）真可谓为前路漫漫，我将上下而求索。但凡是有志者，终将成为时代的宠儿！为你们而鼓掌👏👏👏,02/02
《特朗普弹劾案大概率被否决，但民主党并非一无所获》鉴于共和党人在参议院拥有53席的多数，舆论普遍认为弹劾案被否决已无悬念。O网页链接,02/02
正是美国公布的国家紧急状态，迅速冲击了美国股市，这让美国股市从而飞流直下，暴跌不已，美国名为保护自己，但实际上这将自己的经济和股市推向了火山口。很多人说，美国政府此举做过了，毕竟美国才只有几例病例，也没有出现人员死亡，如果按照这个标准，美国的枪击案每天造成那么多的人员死亡，应该天天宣布美国国家紧急状态。美国现在最关心中国肺炎疫情的是美国总统特朗普，他每天召开会议，认真听取美国官员上报的中国肺炎疫情数据，其实对中国肺炎疫情的数据，特朗普并不真正关心，他关心的是肺炎疫情对中国经济的影响，因为他把中国作为美国的竞争对手。,02/02
2020年1月:●澳大利亚山火持续4月，同时还遭受沙尘暴和冰雹，5亿多动物丧生●南北极冰川正在悄然融化●美国爆发40年来致命的乙型流感，已致6600人死亡，超1300万人感染●中国武汉新型冠状病毒爆发蔓延●特朗普暗杀伊朗少将苏莱曼尼致三战箭在弦上-1.3●长江白鲟灭绝-1.3●伊朗击落乌克兰民用客机，死亡176人-1.8●菲律宾火山喷发，数万居民撤离-1.12●克什米尔雪崩，至少76人死亡-1.14●俄罗斯总理政府全体辞职-1.15●非洲经历25年最严重蝗灾，约3600亿只蝗虫引起的蝗灾-1.17●加拿大雪风暴-1.18●特朗普被弹劾-1.21●西班牙风暴“格洛丽亚”（Gloria）-1.21●土耳其发生6.8级地震-1.25●印度尼西亚洪水-1.26●美国三枚火箭弹袭击伊朗，至少15人死亡-1.26●篮球明星科比坠机离世-1.27●阿富汗塔利班击落美国CIA客机-1.27●古巴7.7级地震-1.29●丹麦禽流感-1.29●西藏地震-1.30●四川地震-1.31●英国终于在1月最后一天正式脱离欧盟-1.312020年2月：●日本5.2级地震-2.1●新疆地震-2.1●圣彼得堡体育馆崩塌-2.1#可以重启2020吗#其实每天都有无数可怕的事情发生，只是我们不知道，罢了。既已知晓，不恐慌；好好工作，好好生活。热爱这个世界，别对它失望，依旧要充满希望,02/02
#华为5G#【还想欺负华为？美国动用国家力量自尝恶果，美媒：完了，巨龙惊醒】据环球时报日前报道，华为一位高管指出，“他们唤醒了一条巨龙，这是一场大块头的游戏。我们要开发之前不打算制造的芯片。中国会很快建立起芯片产业，比任何人想象的都快。”美国媒体援引了华为的说辞，并且指出，在过去一年里，特朗普的手下发现，并不是所有的传统盟友都自动和美国站在一起。彭佩奥国务卿劝说欧洲盟友反对华为的努力并不完全成功。德国坚持要把华为纳入5G系统建设中。一名特朗普的近臣说“我们的盟友并没有按照美国希望的方式和我们站在一起”2019年春，特朗普曾经头戴电信工程师的头盔，鼓励美国通信界赢得5G竞争。他说“我们不能允许任何国家在这重要的未来工业领域跑赢美国。我们在如此之多的工业领域占有领先地位，我们不能让这种事发生。美国必须赢得5G之战。我们有了不起的公司已经着手了。”然而用任何标准来衡量，美国看上去已经输了。韩国从2019年开始部署5G网络，用10周时间就吸引了100万用户。韩国5G网络中有10%的华为设备，其他是三星等企业。当然，中国的5G用户已经超过了全世界其他国家的总和。华为是5G网络技术无可争辩的领导者，它的手中掌握着通信网络技术的大量专利，与美国公司形成交叉购买技术的状态。完全阻断华为与美国公司的联系，损害将是双向的，华为不是任美国政府宰割的羔羊。自30年前诞生以来，华为一步一个脚印走上技术创新之路，直到今天成为拥有18万员工、研发人员占比近一半的全球科技巨头。之前除美国等个别国家限制其进入，华为足迹可谓在世界上无处不在。业界普遍认为，它的5G技术在某些方面站到了世界领先的位置上。然而最近两年，美国对华为的打压开始升级。华盛顿从限制华为产品进入美国市场延伸开去，要求其盟国与其协调行动，不在5G网络建设中使用华为设备。打不垮华为的美国要想遏制中国整个国家的发展，剥夺14亿中国人的发展权利，那就更加力不从心了。,02/02
2020年1月:●澳大利亚山火持续4月，同时还遭受沙尘暴和冰雹，5亿多动物丧生●南北极冰川正在悄然融化●美国爆发40年来致命的乙型流感，已致6600人死亡，超1300万人感染●中国武汉新型冠状病毒爆发蔓延●特朗普暗杀伊朗少将苏莱曼尼致三战箭在弦上-1.3●长江白鲟灭绝-1.3●伊朗击落乌克兰民用客机，死亡176人-1.8●菲律宾火山喷发，数万居民撤离-1.12●克什米尔雪崩，至少76人死亡-1.14●俄罗斯总理政府全体辞职-1.15●非洲经历25年最严重蝗灾，约3600亿只蝗虫引起的蝗灾-1.17●加拿大雪风暴-1.18●特朗普被弹劾-1.21●西班牙风暴“格洛丽亚”（Gloria）-1.21●土耳其发生6.8级地震-1.25●印度尼西亚洪水-1.26●美国三枚火箭弹袭击伊朗，至少15人死亡-1.26●篮球明星科比坠机离世-1.27●阿富汗塔利班击落美国CIA客机-1.27●古巴7.7级地震-1.29●丹麦禽流感-1.29●西藏地震-1.30●四川地震-1.31●英国终于在1月最后一天正式脱离欧盟-1.312020年2月：●日本5.2级地震-2.1●新疆地震-2.1●圣彼得堡体育馆崩塌-2.1#可以重启2020吗#,02/02
美国公共安全卫生部门经特朗普特批同意将该药物专利豁免向中国紧急公开药物分子结构至4月27日大概就是这个意思就是让中国不经美方专利许可直接仿造此药用于紧急治疗命悬一线的肺炎患者,02/02
#美国抗病毒药#美国吉利德公司研发的抗病毒药remdesivir(瑞德西韦）得到美国公共安全卫生部门经特朗普特批，同意将该药物专利豁免，向中国紧急公开药物分子结构至4月27日。就是让中国不经美国专利许可直接仿造此药用于紧急治疗命悬一线的患者，此药物已经在美国病患身上使用，证明能够有效直接抑制病毒。,02/02
8000多人死亡！美国疫情比我国还重，但特朗普...2020年伊始，新型冠状病毒疫情就十分严重，许多国家都面临着与中国相同的挑战。美国已经开始了一...[米尔军事]O8000多人死亡！美国疫情比我国还重，但特朗普...,02/02
白宫官网消息：吉利德公司的瑞德西韦明日（2月3日）开始在中国临床试验。经特朗普总统特批，同意将该药物专利豁免，向中国紧急公开药物分子结构。至2020年4月27日，允许中国仿制此药用于治疗冠状病毒患者。,02/02
博爱精神【美国会参议院拒绝传唤特朗普弹劾案新证人】外媒称，美国国会参议院1月31日拒绝了民主党有关在特朗普弹劾审理中传唤新证人的请求，从而为特朗普下周被宣判无罪铺平了道路。特朗普被控滥用职权和妨碍国会调查。#特朗普就伊朗袭击发表讲话#　　据法新社2月1日报道，在进行了51票对49票的表决后，共和党参议员表示，预计将在5日当地时间下午4时进行无罪判决投票。　　这意味着，在特朗普定于4日在国会联席会议上发表年度国情咨文演讲之前，审理不会结束。#博爱精神#,02/02
2020年1月:●澳大利亚山火持续4月，同时还遭受沙尘暴和冰雹，5亿多动物丧生●南北极冰川正在悄然融化●美国爆发40年来致命的乙型流感，已致6600人死亡，超1300万人感染●中国武汉新型冠状病毒爆发蔓延●特朗普暗杀伊朗少将苏莱曼尼致三战箭在弦上-1.3●长江白鲟灭绝-1.3●伊朗击落乌克兰民用客机，死亡176人-1.8●菲律宾火山喷发，数万居民撤离-1.12●克什米尔雪崩，至少76人死亡-1.14●俄罗斯总理政府全体辞职-1.15●非洲经历25年最严重蝗灾，约3600亿只蝗虫引起的蝗灾-1.17●加拿大雪风暴-1.18●特朗普被弹劾-1.21●西班牙风暴“格洛丽亚”（Gloria）-1.21●土耳其发生6.8级地震-1.25●印度尼西亚洪水-1.26●美国三枚火箭弹袭击伊朗，至少15人死亡-1.26●篮球明星科比坠机离世-1.27●阿富汗塔利班击落美国CIA客机-1.27●古巴7.7级地震-1.29●丹麦禽流感-1.29●西藏地震-1.30●四川地震-1.31●英国终于在1月最后一天正式脱离欧盟-1.312020年2月：●日本5.2级地震-2.1●新疆地震-2.1●圣彼得堡体育馆崩塌-2.1#可以重启2020吗#其实每天都有无数可怕的事情发生，只是我们不知道，罢了。既已知晓，不恐慌；好好工作，好好生活。热爱这个世界，别对它失望，依旧要充满希望,02/02
看了今天的微博，三观尽碎。那是黑×字会，那是两眼只向上看的新闻发布会。那是医生的舍生忘死。那是一个个鲜活生命，对生的企盼。我们已经得到了报应，希望灾难，早些过去！我们谩骂特朗普，袭击伊朗。我们嘲笑澳洲政府无视山火。我们总是太自大……现在必须直面我们自身的问题――我们能不能熬过去，最少的伤亡，尽快的救赎，透明的捐赠途径。,02/02
寻梦记2：捣蛋鬼拿起一把锃亮的剪刀咔嚓一下，便结束掉我秀发的光辉岁月。论起来，这是我二十年来烫过的最贵的头发，如今已与其主人天人永隔，除了眼巴巴地望着，眼眶湿润，我也只能打掉牙往肚子里咽。置身于大选会场，异常兴奋，飘扬的国旗几乎遮住我的视线，但我却听得仔细，特朗普落选下台，奥巴马再次当选，不可思议！,02/02
天災本難預測-疾病本無國界(大家主意西方國家野心不能少看)同等世界銀行一樣沒有亞洲人在里面西方國家寫著有利位置要知道美国的世纪大流感已经蔓延爆发全国，造成了将近7000人死亡，就这种情况下，美国都没有采取国家紧急状态。而今，美国仅有7名病毒肺炎感染者，特朗普却突然采取了这种严重影响美国老百姓生活的紧急状态，地球人都知道醉翁之意不在酒。,02/02
#美国关岛海上牧歌##关岛生子##赴美生子##关岛生子#刚刚，KE111准时抵达关岛。美东时间2月2号10:30（早上）名副其实的末班车！估计飞机上的中国人不少～勇敢的宝妈们又要经过二道关口：体检和小黑屋核实身份。自特朗普新政以来，所有诚实入关都要进小黑屋了，这已成明规了，此刻已然成了武汉肺炎禁止🚫入境美国的最后一个里程碑。今天8:00（关岛时间）过后，近期赴美的孕妈将绕道美国，现在第三国停留14天后方可入境美国（在禁令撤销之前）真可谓为前路漫漫，我将上下而求索。但凡是有志者，终将成为时代的宠儿！为你们而鼓掌👏👏👏,02/02
《特朗普弹劾案大概率被否决，但民主党并非一无所获》鉴于共和党人在参议院拥有53席的多数，舆论普遍认为弹劾案被否决已无悬念。O网页链接,02/02
正是美国公布的国家紧急状态，迅速冲击了美国股市，这让美国股市从而飞流直下，暴跌不已，美国名为保护自己，但实际上这将自己的经济和股市推向了火山口。很多人说，美国政府此举做过了，毕竟美国才只有几例病例，也没有出现人员死亡，如果按照这个标准，美国的枪击案每天造成那么多的人员死亡，应该天天宣布美国国家紧急状态。美国现在最关心中国肺炎疫情的是美国总统特朗普，他每天召开会议，认真听取美国官员上报的中国肺炎疫情数据，其实对中国肺炎疫情的数据，特朗普并不真正关心，他关心的是肺炎疫情对中国经济的影响，因为他把中国作为美国的竞争对手。,02/02
2020年1月:●澳大利亚山火持续4月，同时还遭受沙尘暴和冰雹，5亿多动物丧生●南北极冰川正在悄然融化●美国爆发40年来致命的乙型流感，已致6600人死亡，超1300万人感染●中国武汉新型冠状病毒爆发蔓延●特朗普暗杀伊朗少将苏莱曼尼致三战箭在弦上-1.3●长江白鲟灭绝-1.3●伊朗击落乌克兰民用客机，死亡176人-1.8●菲律宾火山喷发，数万居民撤离-1.12●克什米尔雪崩，至少76人死亡-1.14●俄罗斯总理政府全体辞职-1.15●非洲经历25年最严重蝗灾，约3600亿只蝗虫引起的蝗灾-1.17●加拿大雪风暴-1.18●特朗普被弹劾-1.21●西班牙风暴“格洛丽亚”（Gloria）-1.21●土耳其发生6.8级地震-1.25●印度尼西亚洪水-1.26●美国三枚火箭弹袭击伊朗，至少15人死亡-1.26●篮球明星科比坠机离世-1.27●阿富汗塔利班击落美国CIA客机-1.27●古巴7.7级地震-1.29●丹麦禽流感-1.29●西藏地震-1.30●四川地震-1.31●英国终于在1月最后一天正式脱离欧盟-1.312020年2月：●日本5.2级地震-2.1●新疆地震-2.1●圣彼得堡体育馆崩塌-2.1#可以重启2020吗#其实每天都有无数可怕的事情发生，只是我们不知道，罢了。既已知晓，不恐慌；好好工作，好好生活。热爱这个世界，别对它失望，依旧要充满希望,02/02
#华为5G#【还想欺负华为？美国动用国家力量自尝恶果，美媒：完了，巨龙惊醒】据环球时报日前报道，华为一位高管指出，“他们唤醒了一条巨龙，这是一场大块头的游戏。我们要开发之前不打算制造的芯片。中国会很快建立起芯片产业，比任何人想象的都快。”美国媒体援引了华为的说辞，并且指出，在过去一年里，特朗普的手下发现，并不是所有的传统盟友都自动和美国站在一起。彭佩奥国务卿劝说欧洲盟友反对华为的努力并不完全成功。德国坚持要把华为纳入5G系统建设中。一名特朗普的近臣说“我们的盟友并没有按照美国希望的方式和我们站在一起”2019年春，特朗普曾经头戴电信工程师的头盔，鼓励美国通信界赢得5G竞争。他说“我们不能允许任何国家在这重要的未来工业领域跑赢美国。我们在如此之多的工业领域占有领先地位，我们不能让这种事发生。美国必须赢得5G之战。我们有了不起的公司已经着手了。”然而用任何标准来衡量，美国看上去已经输了。韩国从2019年开始部署5G网络，用10周时间就吸引了100万用户。韩国5G网络中有10%的华为设备，其他是三星等企业。当然，中国的5G用户已经超过了全世界其他国家的总和。华为是5G网络技术无可争辩的领导者，它的手中掌握着通信网络技术的大量专利，与美国公司形成交叉购买技术的状态。完全阻断华为与美国公司的联系，损害将是双向的，华为不是任美国政府宰割的羔羊。自30年前诞生以来，华为一步一个脚印走上技术创新之路，直到今天成为拥有18万员工、研发人员占比近一半的全球科技巨头。之前除美国等个别国家限制其进入，华为足迹可谓在世界上无处不在。业界普遍认为，它的5G技术在某些方面站到了世界领先的位置上。然而最近两年，美国对华为的打压开始升级。华盛顿从限制华为产品进入美国市场延伸开去，要求其盟国与其协调行动，不在5G网络建设中使用华为设备。打不垮华为的美国要想遏制中国整个国家的发展，剥夺14亿中国人的发展权利，那就更加力不从心了。,02/02
2020年1月:●澳大利亚山火持续4月，同时还遭受沙尘暴和冰雹，5亿多动物丧生●南北极冰川正在悄然融化●美国爆发40年来致命的乙型流感，已致6600人死亡，超1300万人感染●中国武汉新型冠状病毒爆发蔓延●特朗普暗杀伊朗少将苏莱曼尼致三战箭在弦上-1.3●长江白鲟灭绝-1.3●伊朗击落乌克兰民用客机，死亡176人-1.8●菲律宾火山喷发，数万居民撤离-1.12●克什米尔雪崩，至少76人死亡-1.14●俄罗斯总理政府全体辞职-1.15●非洲经历25年最严重蝗灾，约3600亿只蝗虫引起的蝗灾-1.17●加拿大雪风暴-1.18●特朗普被弹劾-1.21●西班牙风暴“格洛丽亚”（Gloria）-1.21●土耳其发生6.8级地震-1.25●印度尼西亚洪水-1.26●美国三枚火箭弹袭击伊朗，至少15人死亡-1.26●篮球明星科比坠机离世-1.27●阿富汗塔利班击落美国CIA客机-1.27●古巴7.7级地震-1.29●丹麦禽流感-1.29●西藏地震-1.30●四川地震-1.31●英国终于在1月最后一天正式脱离欧盟-1.312020年2月：●日本5.2级地震-2.1●新疆地震-2.1●圣彼得堡体育馆崩塌-2.1#可以重启2020吗#,02/02
美国公共安全卫生部门经特朗普特批同意将该药物专利豁免向中国紧急公开药物分子结构至4月27日大概就是这个意思就是让中国不经美方专利许可直接仿造此药用于紧急治疗命悬一线的肺炎患者,02/02
#美国抗病毒药#美国吉利德公司研发的抗病毒药remdesivir(瑞德西韦）得到美国公共安全卫生部门经特朗普特批，同意将该药物专利豁免，向中国紧急公开药物分子结构至4月27日。就是让中国不经美国专利许可直接仿造此药用于紧急治疗命悬一线的患者，此药物已经在美国病患身上使用，证明能够有效直接抑制病毒。,02/02
8000多人死亡！美国疫情比我国还重，但特朗普...2020年伊始，新型冠状病毒疫情就十分严重，许多国家都面临着与中国相同的挑战。美国已经开始了一...[米尔军事]O8000多人死亡！美国疫情比我国还重，但特朗普...,02/02
【#美众议院议长佩洛西当场撕掉特朗普的演讲稿#】当地时间4日，特朗普在美国国会发表任内第三份国情咨文。演讲完毕，美众议院议长佩洛西当场撕掉特朗普的演讲稿。在演讲开始前，当特朗普走上演讲席发表国情咨文之际，坐在其后方的佩洛西向特朗普伸出了手，准备与其握手，但被特朗普拒绝。（《环球时报》三缺二视频组）#特朗普发表国情咨文#@这视频L这视频的秒拍视频,02/05
【美众议院议长佩洛西当场撕掉特朗普的演讲稿】当地时间4日，特朗普在美国国会发表任内第三份国情咨文。演讲完毕，美众议院议长佩洛西当场撕掉特朗普的演讲稿。在演讲开始前，当特朗普走上演讲席发表国情咨文之际，坐在其后方的佩洛西向特朗普伸出了手，准备与其握手，但被特朗普拒绝。（《环球时报》三缺二视频组）@这视频L这视频的秒拍视频,02/05
【特朗普：美国已成为世界上最大的石油和天然气生产国】财联社2月5日讯，当地时间2月4日晚，美国总统特朗普在国会发表国情咨文演讲。美国有线电视新闻网(CNN)报道，特朗普在演讲中表示，美国已成为世界上最大的石油和天然气生产国。特朗普说，“多亏了我们大胆地减少监管活动，到目前为止，美国已经成为世界上最大的石油和天然气生产国。”,02/05
在国情咨文演讲中，特朗普总统向政治电台主持人拉什·林堡颁发了总统自由勋章。随后，他请第一夫人梅拉尼娅·特朗普授予他这一荣誉。特朗普在国情咨文中谈到医疗保健，承诺保护美国的医疗保险计划和已有疾病的患者。特朗普称:“我也向美国家庭做出了坚定的承诺，我们也会保护已存在疾病的人。”2020年国情咨文的“指定幸存者”（DesignatedSurvior）是内政部长戴维·伯恩哈特(InteriorSecretaryDavidBernhardt)。“指定幸存者”是在美国总统和国家其他高级领导人聚集在同一处时故意安排的一名缺席内阁成员，此举是为了确保在总统、副总统、国会领袖及内阁成员全体丧生之后仍有一名部长级官员能够依照《总统继任法案》成为美利坚合众国代理总统。,02/05
【特朗普发表国情咨文：美中密切合作应对新型冠状病毒疫情】美国总统特朗普在国情咨文中表示，美国正在和中国协调，密切合作应对新型冠状病毒疫情。中国外交部发言人华春莹4日就美方涉疫情言论答记者问。她指出，美方理应尊重和配合中方防控努力，同中国和国际社会一道抗击新冠肺炎疫情，中方注意到美方多次表示愿向中方提供援助，希望有关援助早日到位。,02/05
【#特朗普发表国情咨文#：美中密切合作应对新型冠状病毒疫情】刚刚，美国总统特朗普在国情咨文中表示，美国正在和中国协调，密切合作应对新型冠状病毒疫情。中国外交部发言人华春莹4日就美方涉疫情言论答记者问。她指出，美方理应尊重和配合中方防控努力，同中国和国际社会一道抗击新冠肺炎疫情，中方注意到美方多次表示愿向中方提供援助，希望有关援助早日到位。（中国日报网）,02/05
【特朗普发表国情咨文：美中密切合作应对新型冠状病毒疫情】刚刚，美国总统特朗普在国情咨文中表示，美国正在和中国协调，密切合作应对新型冠状病毒疫情。中国外交部发言人华春莹4日就美方涉疫情言论答记者问。她指出，美方理应尊重和配合中方防控努力，同中国和国际社会一道抗击新冠肺炎疫情，中方注意到美方多次表示愿向中方提供援助，希望有关援助早日到位。（中国日报网）O网页链接,02/05
【特朗普：美国已成为世界上最大的石油和天然气生产国】当地时间2月4日晚，美国总统特朗普在国会发表国情咨文演讲。美国有线电视新闻网(CNN)报道，特朗普在演讲中表示，美国已成为世界上最大的石油和天然气生产国。特朗普说，“多亏了我们大胆地减少监管活动，到目前为止，美国已经成为世界上最大的石油和天然气生产国。”不过，CNN却在报道中提到，根据美国能源信息局公布的数据，在特朗普执政期间，美国并没有成为世界上最大的能源生产国。（环球网）,02/05
那些骂武汉病毒🦠研究所抢先注册专利的大V，你是不是傻，我国不注册，就意味着我们要治疗新冠状病毒要依靠美国人的药，要看美国人的脸子，特朗普说免费给我们用，至今也没见免费药物送来中国啊，特朗普说的就是话，你怎么那么相信他呢？他是你亲爹啊？美国政府在国际上撒的谎还少吗？相信美国不如相信母猪🐷能上树！,02/05
昨晚外围市场表现的都不错，全线收涨，纳斯达克指数直接创新高，特斯拉上涨13.7%。截止收盘，道指上涨407点，涨幅1.44%，报28807，标普上涨48点，涨幅1.5%，报3297点。今天大盘应该会受美股影响高开。1、李兰娟院士团队重大抗病毒研究成果：阿比朵尔、达芦那韦能有效抑制冠状病毒。2、市场消息：美国总统特朗普考虑退出世贸组织1.7万亿美元的政府采购协议。3、港交所总裁李小加透露，计划在北向交易结算系统中引入区块链技术，目前还在测试阶段。今天市场应该会高开高走，继续反弹。不过就像文章说的一样，反弹也要选对板块，买对股才能跟上节奏。特斯拉12月以来涨幅达到了300%，而我们的特斯拉12月到高点也才30%左右。加上这两天的下挫，我觉得里面机会还是很大的，相关的还有锂电池，新能源汽车等板块都是可以关注的。还有就是一直在提的科技股。美国的纳斯达克都涨了十多年了，一直创新高。#今日看盘#,02/05
"英媒:美世纪协议更像以色列吞并巴勒斯坦方案.....当地时间2月1日，巴勒斯坦总统阿巴斯宣布，断绝与美国和以色列的一切关系。阿拉伯国家联盟(阿盟)当天也通过文件，反对美国提出的“中东和平新计划”，并呼吁抵制以色列实施该方案的企图。特朗普政府公布所谓的解决巴以问题的“世纪协议”后，由于其完全偏袒以色列的立场遭到国际社会的反对，这份“中东和平新计划”反而给中东带来更多动荡。法国《观点报》2日援引中东问题专家斯法德的话称，特朗普的巴以问题新计划“根本就不是和平计划，而是吞并计划”，“就是让以色列毫无代价地获得他们想要的一切”，并以提供所谓500亿美元分阶段援助“诱惑巴勒斯坦人进入一个喷涂成黄金色的囚笼”。这样的方案“怎么可能带来和平，不导致战争就不错了”。O英媒:美""世纪协议""更像以色列""吞并巴勒斯坦""方案",02/05
#关注新型冠状病毒感染的肺炎#【#外交部希望美方不作过度反应#】今天，外交部发言人华春莹在回应美国总统特朗普有关“美方基本上关闭了来自中国的通道”、“美方正向中方提供巨大帮助”的表态时表示：当前，中国政府和人民正在全力以赴抗击新型冠状病毒肺炎疫情。美方理应采取客观公正、冷静理性态度，不作过度反应，尊重和配合中方防控努力，同中国和国际社会一道抗击新冠肺炎疫情。中方注意到美方多次表示愿向中方提供援助，希望有关援助早日到位。（央视新闻）,02/05
【“我是人类不是病毒不要对我有歧视”】真的泪目了，麻烦大家帮忙转发一下，谢谢！在充满负能量的今天，不要忘了，心怀阳光！也许一个拥抱就能化解我们之间的误解。想告诉全世界，华人并不是病毒，只是我们的国家暂时生了病，很快就会好的。最后想说，武汉加油，中国加油！#华人被歧视##美国确诊新型肺炎11例##北美身边事##我在北美看疫情##美国出现首例人传人病例##特朗普宣布美国进入紧急状态##特朗普将宣布美国进入国家紧急状态##美国对中国旅行禁令##美国医生详述收治首例新型肺炎病患##美国确诊首例新型肺炎病例##美国华盛顿进入戒备状态##新型冠状病毒##美国3所机场排查武汉旅客##新型肺炎不构成国际突发卫生事件##全国确诊新型肺炎病例#L美国中文电视的微博视频,02/05
#瑞德西韦将于今天下午抵达国内#关于新冠病毒感染肺炎的潜在有效药物瑞德西韦（remdesivir），吉利德公司有正式声明，特别说明了该药物仍在实验中，其安全性和有效性也未被证实还没有被批准，也没有任何专利。更不存在美国卫生部和特朗普特批给中国的事，因为专利的事本身并不在卫生部和总统的职权范围内。但吉利德公司正与中国卫生部门合作建立一项随机对照试验，以确定瑞德西韦能否安全有效地用于抗击新型冠状病毒。2月2日，中日友好医院官网发布消息称，中日友好医院在武汉疫区牵头开展瑞德西韦（Remdesivir）治疗2019-nCoV新型冠状病毒临床研究，为抗击疫情带来曙光。,02/05
"邀请您回答问题""中国发生疫情，美国幸灾乐祸落井下石小动作不断，为什么特朗普还能信口开河声称给了中国巨大帮助呢？""@凤凰视频客户端@央视新闻@新浪军事@参考消息@CCTV4@人民日报@环球时报@深圳卫视军情直播间@洪琳@宋忠平@邱毅台湾@邱震海@酒巷诗行长@开心每一天5865@关山月x@非主食_@TD青龙先生@文汇报@南洋吳子浩@解放军报@今日台湾@早报网@工人日报@中国日报@拯救斑马线@宏儒飛龍@新防线14653@天水播报@检察官张聪@乡村教师代言人-马云@俄罗斯驻华大使馆@伊朗驻华大使馆@法国驻华大使馆O中国发生疫情，美国幸灾乐祸落井下石小动作不断，为什么特朗普还能信口开河声称给了中国巨大帮助呢？",02/05
撕破脸到如此地步！美国政坛被总统DonaldTrump的弹劾风暴笼罩，民主党和共和党的关系跌至冰点。2月4日，应众议院议长南希.佩洛西（NancyPelosi）邀请，Trump到国会发表年度国情咨文。但二人的肢体语言却显得针锋相对。特朗普进场时获共和党人报以掌声。他走到台前，向副总统彭斯（MikePence）和佩洛西递上文件，期间佩洛西伸出手，但特朗普没有回应便转身背向她。不过到特朗普结束演说时，佩洛西便一手撕掉讲稿，还以颜色。不过，佩洛西是发起弹劾特朗普的“主谋”，难怪特朗普会有如此反应了￼,02/06
#爱传播考研英语复试口语训练营#Day4今天是听力哦2-新闻听力训练-弹劾特朗普.mp3听力文本：（见小程序）2-新闻听力训练文本-弹劾特朗普.pdf口语题目（二选一哦）：生活类话题1.WhydoyouchooseJournalismandCommunicationasyourmajor?专业类话题1.Pleaseevaluate“Dreamwriter”加油]微博打卡形式：在话题#爱传播考研英语复试口语训练营#内直接发布微博回答本题，并同步评论爱传播考研的微博，我们会每天随机抽取同学进行点评。#考研##新传考研##研究生复试##每天刷微博的心情#,02/06
【特朗普的国情咨文】当地时间2月4日晚，特朗普在美国国会发表了任内的第三次国情咨文演讲，演讲主题为“伟大的美国回归”。演讲开始前，佩洛西曾向特朗普伸出手试图与他握手，但特朗普没理她；演讲结束后，全场掌声还未停，佩洛西抬手就将特朗普交给她的演讲稿副本撕成了两半。特朗普吹了一顿美国，吹了一顿自己，竞选吗？,02/06
淮安人淮安事【特朗普vs佩洛西他拒绝握手她手撕国情咨文】当地时间2月4日，美国总统特朗普在国会发表了任内第三份国情咨文。众院议长佩洛西在特朗普开始演讲前伸出手握手，但特朗普直接转过了身。演讲结束后，大家起立鼓掌，特朗普身后的佩洛西则当众撕毁了手中的国情咨文文本…L央视新闻的微博视频,02/06
【新华社微特稿】美国总统唐纳德·特朗普4日晚发表国情咨文时发生戏剧性场面：特朗普没握众议院议长南希·佩洛西已经伸出的手；后者则在总统演讲结束后对着电视直播镜头撕毁特朗普的演讲稿副本。一名不愿在媒体报道中公开姓名的民主党助理5日披露，佩洛西当天召开党团闭门会议时解释说，撕讲稿这个动作没有经过事先设计，也不是为“报复”特朗普不和她握手，而是因为她“听不下去”，讲稿里“找不到一页不撒谎的”。这名助理说，...O佩洛西解释撕讲稿原因,02/06
《特朗普突然宣布！“杀手锏”正式出炉，华为即将被“替代”》此次的推文被外界解读为，特朗普政府想要借苹果之手，解决美国国内缺乏5G通信设备提供商的问题，不过，对于此库克一直没有做出回应，最终也是不了了之了。O网页链接,02/06
《现场！特朗普遭佩洛西当众手撕稿子羞辱彭斯痛斥：俗到新境界！》现场！特朗普遭佩洛西当众手撕稿子羞辱彭斯痛斥：俗到新境界！O网页链接,02/06
总统弹劾案被判无罪特朗普这样“霸气”回复O总统弹劾案被判无罪特朗普这样“霸气”回复,02/06
佩洛西：特朗普撕碎了真相，所以我撕碎了他的讲稿O佩洛西：特朗普撕碎了真相，所以我撕碎了他的讲稿,02/06
美国儿童对特朗普执政一年的看法L最魔性的视频的微博视频,02/06
#特朗普免遭弹劾#【美国国会参议院投票宣判总统特朗普无罪】美国国会众议院议长、民主党人佩洛西在2019年9月宣布启动众议院针对特朗普的弹劾调查。当地时间5日下午，美国国会参议院以52票对48票和53票对47票，先后否决了两项弹劾条款，做出对总统特朗普的无罪判定。LBTV特别关注的微博视频,02/06
【特朗普逃過被國會罷免民主黨稱只屬短暫勝利】民主黨人聲稱，特朗普今次只不過是短暫勝利，將會繼續調查特朗普。O网页链接,02/06
特朗普现在演讲表情充满了傲慢，令人作呕！,02/06
早就计划撕特朗普讲稿？佩洛西桌下小动作被曝光@QQ浏览器O网页链接,02/06
波特兰晚间新闻2020年2月6日晚武汉市中心医院眼科医生李文亮因感染新冠肺炎去世湖北：疫情上报第一人和金银潭医院院长记大功上海浦东无人机巡逻 可用于测体温云南通报批评大理征用外地防疫物资：责令立即返还大理“征用”重庆口罩后续：大理市卫生局长被免职青岛沈阳海关互扣外贸口罩 已认错 未执行中国把美国750亿美元商品关税压缩一半温州市决定推迟召开两会国际邮轮协会最严禁令:拒绝所有中国大陆乘客登船特朗普推特庆祝弹劾案被否决  发视频：“永远是总统”,02/06
俗话说：“冤家路窄！”举世瞩目的美国总统弹劾案在当地时间2月5日落下了帷幕，而作为这次弹劾案中的一对冤家对头，美国总统特朗普和民主党籍国会众议院议长南希·佩洛西在当地时间2月6日又同台出席活动，不过两人的表现也让人忍俊不禁。据英国《每日邮报》2月6日报道，当地时间周四（2月6日）早上，美国总统特朗普和众议院议长南希·佩洛西共同出席国家祈祷早餐会。早餐会现场，特朗普和佩洛西全程把对方当空气，特朗普不...O网页链接,02/07
【外媒：特朗普成功脱罪罗姆尼被指“叛党”】美联社：美国总统特朗普2月5日被参议院裁定弹劾罪名不成立，从而给美国历史上的第三次总统弹劾审理画上句号，然而同党的罗姆尼却说，他会投票支持判定特朗普滥用职权，这令其意外成为焦点。而当天晚上，特朗普也在推特上分享了一段攻击罗姆尼“滑头”“老奸巨猾”“是民主党人秘密资产”的视频。O网页链接,02/07
#社旗手机报#【标题新闻】●三年来2804个水源地完成整改保障7.7亿居民饮水安全●北京2020年小客车指标总量公布新能源汽车占六成●特朗普称美国杀死一“基地”组织分支头目●洛杉矶将在斯台普斯中心为科比和另外8位遇难者举办追悼会●截至收盘，沪指报2875.96，涨0.33%；深成指报10611.55点，涨0.10%,02/07
2月3日美国《华尔街日报》发表【中国真正的亚洲病夫】。要知道华尔街日报是世界上影响比较大报纸，美国人这样的话，显然，有幸灾乐祸之嫌。按理说，虽然中美目前是战略竞争对手，但是还没彻底发展到敌我矛盾。美国人出于人道主义和自喻的全球领袖的身份考虑，即使对中国发生的疫情内心狂喜，也应该披上温情脉脉的面纱，对中国提供一定的抗疫物质捐赠和必要的慰问。但截止目前美国并没有对中国提供实质性帮助，只是特朗普说了两次帮助的大话而已。美国为什么不惧世界各国看清自己冷酷无情的嘴脸，撕下温情脉脉面纱，而在中国人面临大灾大疫面前狂喜？因为美国为保证自己在世界上的领袖地位，阻止中国的经济发展可以说无所不用其极，而今，天灾降临中国，美国人认为天助我也！人类所具的同情和怜悯之心荡然无存。人们不要忘记：人类是高级动物！美国人自认为自己是目前全球各国的领袖，而中国的经济总量已经超越美国的60%，威胁到美国世界第一的位置，美国人认为如果现在不对中国围堵，中国取代美国成为世界第一是时间问题，他们后悔对中国阻止晚了！人恢复动物的本性的分界点就是自己面临生存危机！美国人认为中国威胁到自己在全球的领袖生存地位，要取代美国在世界的话语权，所以美国现在是以人的面目示人，而以动物的手段处理中国事务。中国政府和中国人民应当清醒认识到这一点，任何对美国的不切合实际的幻想是可笑的！危险的！,02/07
数百名突尼斯民众在首都突尼斯市中心举行示威，反对美国总统唐纳德·特朗普(DonaldTrump)最近的中东计划。1月28日，特朗普公布了一项针对以巴冲突的有争议的计划，但分析人士表示，特朗普支持以色列，因为它允许以色列不顾国际法吞并巴勒斯坦被占领土，并承认耶路撒冷是其“不可分割的首都”。#突尼斯#,02/07
【特朗普刚刚被判无罪后火速发了这段视频：想成为“永远的总统”】参议院当地时间5日下午表决了针对总统特朗普的弹劾案，以52票“无罪”对48票“有罪”和53票“无罪”对47票“有罪”，先后否决了滥用权力和妨碍国会两项弹劾条款，特朗普被判无罪，这意味着他不会被罢免。对此，特朗普第一时间上线在社交网站上发了一段视频。外媒分析称，这个视频暗示了特朗普想成为“永远的总统”。L燃新闻的微博视频,02/07
【美媒：美国拟征“汇率关税”】美国《华尔街日报》网站2月4日刊载题为《特朗普的新规定将允许针对汇率操纵征收关税》的报道称，特朗普政府说，如果企业能够证明它们的外国竞争对手从该国操纵货币的行为中获益，那么它们可以要求对外国竞争对手征收关税。　　报道称，根据近日发表在美国《联邦政府纪事》上的一项新规，币值被低估的货币将被视为一种让外国企业不当获利的补贴。这将使美国公司能够提出申诉，寻求某种形式的补偿，即反补贴税。企业最早可以从4月6日开始要求征收此类关税。　　美国商务部长威尔伯·罗斯在一份声明中说：“这项货币规则是确保纠正不公平贸易行为的重要一步。”　　美国商务部的新规定将赋予政府另一个工具，向它认为实施货币操纵的外国施压，使得企业有了获得补偿的工具。然而，寻求反补贴税可能是一个缓慢而艰难的过程。由于衡量一种货币是否被“低估”所具有的困难性，情况还将变得更加复杂。　　报道认为，预计新措施不会导致新的关税潮。美国商务部在去年5月的提案中说，根据新规定，预计每年只会有几起申请征收反补贴税的案件。官员们估计，新案件每年带来的额外税款在400万到2100万美元（1美元约合7元人民币）之间。　　新的关税战略最初是特朗普政府设想的，但直到2019年5月才正式提出，作为美政府打击外国操纵货币贬值行动的一部分。　　一些美国公司早就提出了外国竞争对手从货币贬值中获益的问题。　　报道介绍，上世纪80年代，美国汽车工业抱怨日本的汽车制造商从日元贬值中获益。（参考消息网）,02/07
#检察机关众志成城抗疫情##聚焦新冠肺炎疫情#【#美国情侣被困邮轮喊话特朗普#：派飞机接我们下船】2月6日，一对美国情侣被困于日本“隔离邮轮”，本在度蜜月的情侣通过媒体绝望喊话美国政府，请求特朗普总统救救他们。这对情侣称，为此次蜜月旅行，两人攒了两年的钱，但现在他们被要求不要离开房间，也不清楚还要被困多久。#钻石公主号邮轮新增41例新冠肺炎#@新京报我们视频L世面的秒拍视频,02/07
【习近平同美国总统特朗普通电话】国家主席习近平7日上午应约同美国总统特朗普通电话。习近平强调，新冠肺炎疫情发生以来，中国政府和人民全力以赴抗击疫情。我们全国动员、全面部署、快速反应，采取了最全面、最严格的防控举措，打响了一场疫情防控的人民战争。有关工作正在逐步取得成效，我们完全有信心、有能力战胜疫情。中国经济长期向好发展的趋势不会改变。习近平指出，中方不仅维护中国人民生命安全和身体健康，也维护世界人民生命安全和身体健康。我们本着公开、透明、负责任态度，及时向世卫组织以及美国在内的有关国家和地区作了通报，并邀请世卫组织等相关专家前往武汉实地考察。中国是这次疫情防控的第一线。我们及时采取果断有力措施，得到世卫组织及许多国家充分肯定和高度评价。习近平指出，中美就疫情防控保持着沟通。我赞赏总统先生多次积极评价中方防控工作，感谢美国社会各界提供物资捐助。流行性疾病需要各国合力应对。当前疫情防控处于关键阶段。世卫组织从专业角度多次呼吁，所有国家不要过度反应。希望美方冷静评估疫情，合理制定并调整应对举措。中美双方可保持沟通，加强协调，共同防控疫情。特朗普表示，美国全力支持中国抗击新型冠状病毒感染肺炎疫情，愿派遣专家前往中国，并以其他各种方式向中方提供援助。中方在极短时间内就建成专门的收治医院，令人印象深刻，这充分展示了中方出色的组织和应对能力。相信在习近平主席领导下，中国人民毫无疑问一定能够取得抗击疫情的胜利。美方对中国经济的发展抱有信心。美方将本着冷静态度看待和应对疫情，愿通过双边和世卫组织渠道同中方保持沟通合作。习近平强调，中美双方不久前签署了第一阶段经贸协议。中美达成这样的协议有利于中国，有利于美国，有利于世界和平繁荣。这充分说明，尽管中美存在一些分歧，但只要双方本着平等和相互尊重精神，总能通过对话磋商找到彼此都能接受的解决办法。希望美方同中方相向而行，认真落实两国元首达成的共识，坚持协调、合作、稳定的总基调，推动中美关系在新的一年沿着正确轨道向前发展。特朗普表示，美国愿同中方一道努力落实好协议，共同推进两国关系。两国元首同意，继续通过各种方式保持密切沟通。@人民日报,02/07
校立节后第一播今晚就要来啦知道大家因为疫情焦虑不安校立借非农为大家直播一场希望能用赚钱暂缓大家的紧张情绪最近事情真不少特朗普无恙度过弹劾案英国顺利脱欧非农数据也将在今晚重磅来袭老时间、老地方今晚20:45校立直播间宗老师再次为大家解读行情帮助大家布局交易大家可要把握交易机会~时间：2月7日（今晚）20:45观看地址：O网页链接PS：扫描图中二维码直接进入直播间,02/07
美国的高层已经弱智化到如此地步了么？哪怕是从常理、情理、哪怕是自身国际形象出发，都不可能做出这样的部署和算计。特朗普这么一个白痴总统的上台或许意味着美帝精英阶层的智力已经归于负数，丝毫不利于全球治理和大国间的竞争。曾几何时，美国自立国两个半世纪以来，那么多总统都是人中豪杰。从脱英、南北战争、两次世界大战、缔造联合国、美苏争霸、海湾战争、引领上世纪一百多年的经济、军事、科技、教育、文化和价值观的全面领先。这才多少年光阴竟沦落至如此地步，我丝毫不为如此低俗的种族主义攻击而感饭发怒，反而担忧美国高层如此的作祟只会加速美国大周期美的相对衰落，在短期内这种做法等同于和华人为敌，在其国内制造族群矛盾，负作用是加快在美华人精英的回流潮，对美国不会有丝毫帮助。同时不利于在华美企的商业发展，即使国人自发的抵制运动不会太持久，在全球经济低迷的情况下，伤害也将是显而易见的。从国际地缘政治竞争格局来讲，美国的这种煽动选择了一个最不恰当的时机，在中国全民万众一心抵御疫情，你来这么一出，就是给了对手更强大的凝聚力。缺乏大国胸襟的统治者和民粹主义盛行的社会底层结合起来的美国，只会昏招频出，步步走错，伤不了中国半分！,02/07
特拉华州威尔明顿大学举行的一次在线学生画展中，一位学生上传了一幅斩首特朗普的画，这幅画模仿了16世纪意大利画家卡拉瓦乔的作品《朱迪思和霍洛弗涅斯》，后来学校删除了这幅画。,02/07
美国会参议院否决针对特朗普的弹劾条款O美国会参议院否决针对特朗普的弹劾条款,02/07
#有方·资讯#特朗普在一项行政命令草案中表示，对于美国联邦政府的建筑，“古典建筑风格将是首选和默认的风格。”这引起了AIA的反对。即使这一项行政命令最终未能落实，这样的言辞也会对美国建筑设计产生影响。（图为1901年设计建造的华盛顿TheJamieL.Witten联邦大楼）,02/07
逃过弹劾后特朗普到底说了啥让记者捂上了耳朵_手机新浪网O逃过弹劾后特朗普到底说了啥让记者捂上了耳朵,02/07
【#美国国土安全部承认追踪数百万手机用户#】据美国媒体报道称，特朗普政府已经购买了一个商业数据库，该数据库绘制了美国数百万部手机的活动地图。尽管一项法院裁决限制了其这样做的权力，但这些数据已经被用于移民和边境执法。祖国反黑站对此各位安侠怎么看？#美国#@中国长安网,02/08
特朗普被宣告无罪。事实证明，就算特朗普确实滥用总统职权，全球到处惹是生非还挑起战争，多数人依然选择相信他，相较于本国在全球名声扫地，人们更担心吃不饱饭。美国股市欣欣向荣、经济长期良好表现，才是特朗普最大的挡箭牌。历史上被瘟疫打败的政权不多，由于经济危机爆发而被摧毁的社会却不少。,02/08
《美国进入“冷内战”状态，德媒直言：特朗普赢了，输的是美国了》美国进入“冷内战”状态，德媒直言：特朗普赢了，输的是美国了O网页链接,02/08
今天美国正式捐了一亿美金帮助中国控制疫情，为什么捐呢，因为全球都在帮助中国控制疫情。美国颜面搁不住了，迫不得已。以特朗普为主的美狗，正在中国人危难时刻，闯我南海领域，牵动涉藏法案。这叫帮助吗？此时此刻一群恨国党，黑公知，轮子，兴奋急了。跟着你美狗爹带节奏。不喜欢中国🇨🇳你可以滚出去。帝国主义时代必将成为过去，要面对社会主义制度成长的结果。我们的制度虽然不完美，但我们一直在向完美发展。每一次灾难都让血浓于水的中国人紧紧拥抱在一起，一方有难，八方支援。中国🇨🇳加油。武汉加油。L二哈哈爱二哈的微博视频,02/08
坚持做自己认为正确的事情当经历了所有的脆弱和崩溃后更忠于自己和坚持自我“你这样做无疑是公开和特朗普作对”“Whocares”面对未知放轻松告诉自己一定能应付因为我还年轻我很优秀我很努力真的很酷,02/08
《特朗普庆祝被判无罪，大骂弹劾案“都是胡扯，真是地狱”》罗姆尼是唯一投票支持将特朗普免职的共和党参议员。O网页链接,02/08
推荐邵恒头条｜美国国会对特朗普的弹劾失败为你梳理了这周值得你关注的7个大事件。分享自@得到O网页链接,02/08
#晚安#宅在家的第一天——心慌慌突然从忙碌变放假，宅在家完全坐不住，总感觉心慌，心情烦闷我弟跟我聊电影，聊什么世界公认的经典电影，看来我弟比我看的电影要多要好，还跟我调侃特朗普，什么赏金啊暗杀啊，我对政治可不感兴趣我一般都去我弟房间玩手机而他拿我的腿给他垫脚要以前的我肯定把他腿嚯嚯剁了，现在平静了,02/08
特朗普自制表情包：做你一辈子的总统#特朗普免遭弹劾#@今日俄罗斯RTL今日俄罗斯RT的微博视频,02/08
#凤凰新闻#分享凤凰新闻：特朗普又膨胀了，开除弹劾自己的军官，美国衰落的种子开始发芽O特朗普又膨胀了，开除弹劾自己的军官，美国衰落的种子开始发芽来自@凤凰新闻客户端#琪哥带你看世界##琪哥带你去旅游#,02/08
日里诺夫斯基邀请特朗普为弹劾不成而见面喝一杯俄罗斯自由民主党领导人弗拉基米尔·日里诺夫斯基在美国总统唐纳德·特朗普“取胜参议院弹劾”后向他发出了贺信，提议在迈阿密见面，“为他的胜利举杯”。美国参议院周三对特朗普滥用职权和妨碍国会的罪名均判无罪，至此，弹劾案尘埃落定，特朗普继续任职。众议院在2019年12月份投票弹劾特朗普，不过仅仅都是民主党议员。民主党人认为，特朗普向乌克兰政府施加了压力，试图对他的政治对手乔·拜登及其家人进行调查，而后又妨碍国会进行调查。俄罗斯自由民主党领导人对美国总统的胜利表示祝贺，称其“在参议院取得了胜利，不正当和虚假的指控全都破产。”卫星通讯社所掌握的内容显示，日里诺夫斯基在信中写道：“自由民主党的所有成员都准备飞往美国，为您的成功举杯。我们将在迈阿密您美丽的海湖庄园为您举办晚餐，费用由我们承担。”此外，这位俄罗斯政治家对众议院议长、民主党人南希·佩洛西的举动表达了愤慨，称其行为不当。日里诺夫斯基认为，共和党人米特·罗姆尼决定投票反特朗普是一种叛变。,02/08
【英媒：特朗普与约翰逊讨论华为问题气得扔掉电话】美国总统特朗普和英国首相约翰逊的电话通话新细节被曝光。此前外媒报道称，特朗普在与约翰逊进行电话讨论时，因为英国政府决定不完全禁止华为公司在英国的5G项目业务，于是特朗普生气的在电话中对约翰逊大声咆哮。据《伦敦旗帜晚报》最新报道，特朗普以“挂断电话”的方式结束了此次谈话。报道称，特朗普对约翰逊的行为如此粗鲁，着实“震惊”了英国首相办公室的工作人员。一位消息人士称，特朗普当时已经“出离愤怒”，并以粗暴的方式强烈表达了自己对此事的看法。此前路透社援引消息人士的信息报道称，英国国家安全委员会同意向华为提供有限访问国家通讯系统，其中包括访问天线系统和其它“非专业的基础设施”。,02/08
《伊朗终于安全了，8万美军已丧失开战能力，这才是特朗普最大对手》对此有军迷表示，此决议通过意味着8万美军已经丧失了开战能力，看来这才是特朗普的最大对手，伊朗这个头号对手吃下了定心丸。O网页链接,02/08
"""我从沃顿毕业满怀希望的步入社会，却发现这个世界只有最坏，没有最好。""——来自《特朗普自传》#欢喜闹元宵#",02/08
#凤凰新闻#分享凤凰新闻：纽约爆发大规模抗议民众纷纷上街要求逮捕特朗普-国际纵横在线O网页链接来自@凤凰新闻客户端O网页链接O网页链接,02/08
特朗普计划签署行政令，要求联邦建筑采用新古典风格美国总统川普（特朗普）计划签署行政令，“让联邦建筑再次美观”（MakingFederalBuildingsBeautifulAgain），要求为华府和其它地区的联邦政府大楼呈现古典建筑风格，减少现代派元素。据《国会山》报导，知情者说，这份行政令将在下个月签署，内容包括鼓励联邦建筑呈现希腊和罗马建筑风格，而不是现代派建筑风格。被这份草案描述为“几乎没有美学价值”的建筑包括旧金山美国联邦大楼、迈阿密的联邦法院大楼、德州奥斯汀美国法院大楼等。草案中称这些建筑无法反映美国的“国家价值”，并称赞美国的开国元勋们当时采用的“民主雅典式”和“共和罗马式”的建筑风格最能够代表国家的“自治理想”。,02/09
特朗普在推特上发表观点，其影响力算媒体么？很自然是自媒体。抨击其他媒体都是假新闻？那其他媒体也揭露他推特说话经常颠三倒四，吹逼。找我版聊么？讨论什么又说不清楚，我也不拉黑人，你先自己整理下自己的逻辑好吗？媒体都是编辑在整理报道，你觉得bbc污蔑你中国你就不看bbc赞扬你的，你觉得纽约时报报道偏薄，你就不关注人家的深入调查。如果你用这个标准来表达媒体都是造谣生事的你大可以卸载所有能卡到消息的app，关闭微信朋友圈。,02/09
【#特朗普或将大幅提高AI研发资金#】据外媒报道，白宫周一或将在其2021年预算提案中提议大幅增加美国政府在人工智能和量子信息科学研发方面的开支。特朗普政府希望国会到2022年将人工智能研发经费的支出从9.73亿美元增加一倍至近20亿美元，并在两年内将量子信息科研的支出增加一倍至8.6亿美元。O消息称特朗普将提议大幅增加AI与量子科学研发资金,02/09
英媒昨天透露，1月24日特朗普打电话阻止翰逊首相批准华为参与英国5G建设，因为英国政府拒绝彻底封杀，特朗普就在电话中大声咆哮，并直接挂断了电话，震惊了首相办公室的工作人员。一位消息人士称，特朗普当时已经“出离的愤怒”，想以粗暴的方式表达了自己对约翰逊的极度不满现在弹劾案过了，老头心情应当好多了,02/09
美利坚合众国大统领推文：假新闻CNN和MSDNC(实为MSNBC，有线电视新闻频道，特朗普称为MSDNC是讽刺其为民主党的传声筒)一直在谈论“陆军上校”温德曼，好像我当他多重要似的。实际上，我不认识他，从来没和他说过话，或见过他(我不信！)，但是，他非常地违抗，不正确地报道了我完美通话的内容，并且，他直接汇报工作的上级，对温德曼给出了非常不好的评价，后者曾公开说过，温德曼在判断力，忠于指挥链和泄露信息方面有问题。换句话说就是，“出局”。,02/09
都说美国总统特朗普是一个奇葩，其实特朗普政府内大小官员都是奇葩，其中最奇葩的无疑就是美国国务卿蓬佩奥了。这位美国国务卿整天批评他国却又承认自己“撒谎、偷窃和欺骗”，一开始说特朗普是疯子，现在却成为疯子特朗普最忠实的信徒！蓬佩奥的名声早就臭大街了，近日在意大利一位女记者就当众羞辱了美国国务卿！在蓬佩奥访问意大利期间，蓬佩奥和意大利总理孔特举行记者招待会，一位意大利女记者上前给蓬佩奥送上了礼物，据说这...O撒狗粮？意大利女记者当众送礼，蓬佩奥惨遭羞辱颜面无存,02/09
陶冬：疫情亮起产业链警--就业凸显周期末强势陶冬首席经济学家论坛今天陶冬为瑞信董事总经理、亚太区私人银行高级顾问，中国首席经济学家论坛理事上周风险资产市场的行情受到新型冠状病毒疫情的主导。在经过之前一轮股市下跌后，上周抄底资金入场，全球股市情绪高涨，美股再创新高，港股和A股亦出现低位反弹，市场气氛改善。及至星期五，两家中国的能源公司以不可控因素为由，要求取消液化气进口订单，市场惊觉疫情可能带来产业链的连锁反应，全球股市回调。不过前四个交易日的进账，足以让S&P500取得去年六月以来的最大单一星期升幅，其他各国股市表现也不错。资金继续流往美元区，美元汇率走出一年半来最好的单周升值。美元资产受惠于中国人民银行注入流动性和中国政府下调美国进口品关税所带来的憧憬，石油、大宗商品及新兴市场资产则遭遇逆流，中国不少公司继续延长假期、基础设施复工无期，令市场担心来自中国的订单大幅下滑，商品价格遭受沽压，新兴货币汇率下挫。疫情严重，避险情绪下金价升至每盎司1570美元。债券市场先跌后升，大致与股市走向相反，美国十年期国债利率收1.58%。美国总统特朗普在参议院轻松摆脱弹劾案，并在国情咨文大会上与民主党籍众议院议长佩洛斯互掐，但是这些几乎没有引起任何金融资产价格的波动。中国两大石油公司，以不可控因素提出取消液化天然气的交收，触发该市场的巨大反响，欧美石油巨头中已经有公司拒绝其撤单。中国是全球第二大液化气进口国，这个撤单举动或意味着最多七成的中国二月份海上进口均可能被取消，起码50艘飘在海洋中的液化气巨轮有可能无法在中国港口卸货。新冠疫情导致员工出勤大幅下降，港口卸货和运输受到巨大冲击，何况市民出行骤降，对能源需求下降。目前中外双方的争拗在于是否属于“不可控因素”，但是可以肯定地说，新冠疫情所带来的对经济冲击已经从消费蔓延到生产，从中国市场蔓延到全球市场。中国是世界的加工厂，工人无法上班对产业链所带来的冲击可能是巨大的。韩国已经有汽车生产线停产，因为中国的零件供应出现问题。美国的iPhone网上订购等待日期正在拉长，因为在中国的生产线面临工人不足。如果中国的工人二月底仍无法全面复工，笔者认为疫情可能触发一场全球性的增长下滑，甚至衰退。目前看来，市场对此的心理准备似乎不足，对事态的判断多仍局限在疫情传播或消费下降的层面上。美国非农就业人数在一月份增加了225K，远好过市场预期的165K和上期的145K。私人部门的就业人数也好过预期。平均时薪增加0.2%（环比），与市场预期持平，好过上期的0.1%。制造业就业人数有所回暖，不过波音消减人手影响了交通部门的状况。服务业的数字比较复杂，教育和医疗部门的增长掩盖了其他部门的不足。失业率的回升不是什么问题，更多体现劳动参与人口的增加。这组数字是良好的，反映美国经济在周期尾部仍能保持良好的劳工市场和消费动力。但是此数据未能体现新冠疫情所带来的新变数，联储决策者已经提到要高度关注疫情的“蔓延效应”。笔者相信美国货币政策暂时不会有动作，不过如果全球产业链受到疫情的直接冲击，联储起码会进行口头干预，也不排除其它措施，一切仍待观察。本周关注焦点：新型冠状病毒疫情的发展以及其对需求或产业链的冲击。美国民主党在新罕布彻州进行初选。数据方面，预计美国一月核心CPI增加21点，不过同比降到2.2%，CPI本身为2.5%。中国应该宣布信贷和通胀数据，但是有可能因为疫情而延期。德国第四季度GDP修正，预计均为环比0.1%。,02/09
#奶奶派出所放下4000元转身就走#和这老奶奶对比……香港有的人真没人性，建议参与过打砸的废青，不能领取大陆支援口罩！～～举着美国国旗，就应该问特朗普要口罩……朋友来了送口罩，对头来了送巴掌！这些年，把他们宠坏了。真的不能再宠下去了……,02/09
【日本“钻石公主号”64人确诊美国乘客大呼：特朗普，救救我们！】2月8日，受新冠肺炎爆发影响，日本“钻石公主号”邮轮停靠横滨港外已进入第5日。漫长枯燥的隔离生活以及对于感染病毒的恐惧，已让不少乘客大呼受不了。甚至还有一对原计划在邮轮上度蜜月的美国夫妇直接向特朗普发出求救视频：“特朗普，救救我们。目前，船上包括1045名船员在内逾3700人中，已发现64例确诊病例。L微丢的微博视频,02/09
【疫情还在继续，我们是为全人类而战】2020年2月9日(日)今天白宫科技政策办公室发文，要求迅速调查中国新型冠状病毒的起源。老美都着急了，担心病毒真的大规模传入国内，到那时候再动手研究肯定晚了。美国现在只有12例病人，但是疫情通报已经天天送到特朗普总统办公室。这样看，是我太狭隘了，原来认为在疫情中受损失的企业，都应该由自身承担，政府只会针对疫情做战斗部署，谈不上企业利益受损问题，就更别提全世界各族人民受到的影响了。看来，“哪怕是为了美国人民的健康”，我们也要打好疫情控制这场仗。刚才又重温了2003年非典时的情况，那次疫情就已经影响到了其他国家，越南、新加坡，还有加拿大都有损失。加拿大200多人被传染，41人病逝。从这次新型冠状病毒的情况看，发病人数已经远超非典，总的死亡人数也会高于非典。昨天开始关于病毒传播的途径又有新说法，什么气溶胶传播，什么病毒有了欺骗性。尽管有关方面也发了文，证明新传播途径的说法，但在我看来，这很可能是在给说瞎话的病毒携带者交智商税。病人因为大意或是恐惧，没有把自己的真实出行路径告诉大夫，结果导致信息失真，造成误判。比如有报道说，病人刻意隐瞒去过武汉的事实，这就会影响到他是受的一级传染还是二级传染问题。有的病人不带口罩，打涕愤把病毒留在电梯里，等上电梯的人一进来便吸入了病毒。这时如果按病人带着口罩做分析，就成了病毒从300米外飞进电梯，气溶胶传播的说法就此而生，小小的一句谎话，就能把病毒的传播途径加个花。也许你会说我是瞎猜，做个科学实验不就成了。是呀，我同意，去个大厂房里，让病人站在中间打个喷嚏，在离他2米、5米、20米的地方收集空气，不成再加个电扇，够科学吧。你看看病毒能传多远，能飘多长时间，没问题吧。我说还是有问题，因为非常时期，连医学研究所都乱了阵脚，没经过严格试验的药都说成能治武汉肺炎，谁还讲科学！这次武汉病人在居家隔离期间，发生的众多交叉感染情况，恰恰能够说明问题。你叫他隔离，单独吃，单独住，他说都做到了呀，最后还是传染了一大家子。每个人都有自己的扭劲儿，也都有自己的生活习惯，在家隔离很难实现。我说的难，不是难在条件，而是难在决心和观念。就像跑步锻炼能提高抵抗力一样，都知道千真万确，但你就是给钱，也不一定能说服他迈开腿。疫情当前，得病在后，生命最终能否保住，要看病人有没有与病魔决斗到底的心。那句话是怎么说的，敌我矛盾，你死我活，一个小小的病毒都知道求变生存，难道大活人不懂这个道理么。现在已经不提倡大家逛商场支援国家经济，在家呆着就是最好的贡献。居家憋的要发疯，去逛商场也没问题，戴上一只小小的口罩成吗？还就有较劲的，白给不戴，打死你我也不戴，你说这是什么人吧。明后天，这次新型冠状病毒造成的死亡人数就会超过非典，在这样更严峻的形势面前，我们应该怎么办？#澳大利亚、悉尼、旅游、邂逅、故事、日记、阳光、沙滩与海#,02/09
#特朗普或将大幅提高AI研发资金#傲慢地拒绝华为，美帝现在加大投入能否在5G时代后来居上？我觉得，失去时机也就失去时代了。以华为为首的中国科技崛起已经影响到包括欧洲等世界大部分国家，也就是说标准话语权已经基本掌握在自己手里（当然，这里稍有乐观）。而美国此时要发力做自己的标准再去推广全球，显然是要迟到好几年。当然，瘦死的骆驼比马大，美国的科研基础在那摆着，科研院所数量、科研团队实力不容小觑。科技应该为全人类造福，而不是满足部分人/政治家的私欲。,02/09
在仔细看完那篇华尔街日报的文章后…真的没骂中国人“东亚病夫[Sweat]呀“写的都是现在中国的经济趋势而已嘛！～但是我还是签署了白宫请愿现在也已有10万+的人签署了，看特朗普怎么处理这个了[Laugh]SickMan一般是指经济衰落，停滞，怎么被翻译成东亚病夫的呀[Grimace]引起华人的如此愤怒[Awkward]下面转发关于sickman的意思！,02/09
美国的中下层被时代所抛弃，他们没有享受到全球化和后工业化的好处，辍学、drug、堕胎、垃圾食品，才是生活的日常。没有全球化，只有亚洲化，东亚南亚东南亚，是全球经济发展最快的地区。欧洲衰落，被福利、分裂和移民拖垮。拉丁美洲和中东石油国没有产业升级，靠卖资源为生。大洋洲不值一提，中东地区局势依旧动荡，非洲变成了新世纪的殖民地。互联网世界的碎片化和虚假消息加重了现实中的裂痕，在这种背景下，特朗普的上台是必然，世界的其他国家也都纷纷右转，民粹主义不断抬头。传统的建制派和技术官僚逐渐式微，政治强人和集权领导会大批出现。,02/09
武漢肺炎潛伏期也能傳染，也有人超過14天不發病，免疫系統撐得住，傳染途徑有呼吸道飛沫、接觸和氣溶膠。康復了也會再次感染。新聞拼命闢謠，掩蓋真相，總是拿穩定民心來搪塞。最可怕的是信息不透明，新聞媒體和老百姓不能有效輿論監督。廣州和深圳突然封城，匆忙逃離。如果那8名醫生曝光沒有被打壓，就不會有今天的局面。前兩天美國特朗普下令徹查武漢病毒來源，不能任由危及全球。這是開發生化武器的罪名，恐怖組織的行為，他必須滅掉這幫團夥。,02/09
【桑德兰曾是特朗普弹劾案关键证人】美国驻欧盟大使戈登·桑德兰7日发表声明说，他本人当天获悉，特朗普要立即召回他这位美国驻欧盟大使。桑德兰在声明中说，对于有机会出任美驻欧盟大使一职他心怀感激，并为在任内取得的成绩感到骄傲。桑德兰2018年7月开始担任美国驻欧盟大使。他曾作为关键证人之一在去年11月出席美国众议院针对特朗普的弹劾案调查公开听证会。LBTV晚间新闻报道的微博视频,02/09
#丸子打基础##丸子学外刊#今日外刊美国选举，和另一篇Trumprebound的内容近似，事实上，民调发现拜弹劾激发共和党基本盘之赐，特朗普的政治声望最近几个月不减反增。候选人有桑德斯，沃伦，拜登，布隆伯格，川普…其实想得到选民的投票，就得做好文末这几点医疗保障，应对气候变化等今天你有姐妹来问我图5的问题（根据我搜集的信息，本人看法，仅供参考）答疑：百科是这样，建议从现在就开始大量浏览。有目标院校的可以分析一下考察方向，找资料。还没决定学校的就先把大家常看的百科书看看，比如不可不知的文化常识之类的～来源：木木学姐,02/10
《#财经头条#【外媒：马来西亚总理呼吁特朗普辞职！】2月10日，据马来西亚《星报》（TheStar）报》王爷说财经在百度动态发表了新动态O网页链接,02/10
据日本共同社报道，“钻石公主”号邮轮上最新检测出60例新冠肺炎患者，该邮轮累计感染者增至135人。随着隔离时间的增加，恐慌的情绪也在“钻石公主号”蔓延。有游客表示：“我一直听到附近房间的外国人在痛苦地咳嗽……明天我可能就被感染了。”一对美国夫妇在社交网络喊话：“特朗普，救救我们！”,02/10
朱军：有的时候样子总要装装的.特朗普天天发推特，退特管理层干的有些事情特朗普都不一定知道.我会相信你那一纸空文？只是希望你们装装样子罢了。,02/10
耶路撒冷东郊14名巴勒斯坦抗议者在与以军的冲突中受伤-俄罗斯卫星通讯社O耶路撒冷东郊14名巴勒斯坦抗议者在与以军的冲突中受伤我们严厉谴责以色列对巴勒斯坦的“侵占性行为”；同时，谴责美国特朗普的“世纪协议”；以色列必须停止对巴勒斯坦人的伤害；,02/10
2020，阅读07，《永不放弃～特朗普自述》。大统领真厉害。,02/10
看了假特朗普给真特朗普的通话很像一个小孩对着自己不喜欢的人说我好的很不要你管,02/10
莫迪疯狂和美国称兄道弟特朗普一句话让他哑口无声印度想成为一个世界经济政治大国，因此这些年印度都在想办法讨好美国，印度为了解决和巴基斯坦的克什...[米尔军事]O莫迪疯狂和美国称兄道弟特朗普一句话让他哑口无声,02/10
鲁哈尼：苏莱曼尼可以轻易清除当地的美国将军们-俄罗斯卫星通讯社O鲁哈尼：苏莱曼尼可以轻易清除当地的美国将军们是的，我们从来都没有怀疑过“苏莱曼尼将军”良好的工作秉性、职业道德和人品；特朗普政府应该为“苏莱曼尼将军”的牺牲负完全责任；他们应该上“国际军事法庭”；我现在很怀疑“特朗普团队及其本人”，是否知道国际军事法庭，有保护他国军事将领、军人的法律性条款。这是国际军事法庭，保护各国军事人员所制定的一条专项法律性条款；包括，附加条款。这么多年，就没有人做过这些事，而特朗普团队“耻辱的做了”；我们不会忘记“苏莱曼尼及其我们每一位勇敢、正义的战士们”；我坚信，更多的“苏莱曼尼”和英勇、正义的军人们，会越来越多的出现在“中东地区”；这是“职业军人和军人们的一种荣耀”。我们成为军人，就是为了“保家卫国”，为正义而战、为国家和人民乃至各族人民安好而“奋斗”。敬礼！,02/10
马来西亚总理呼吁特朗普辞职：为了救美国O网页链接,02/10
看来美国或者说特大统领真是谁都敢公开骂两句了马来西亚总理呼吁特朗普辞职：为了拯救美国O马来西亚总理呼吁特朗普辞职：为了拯救美国,02/10
我免费围观了@褚明宇的回答，问题价值2198.00元，快来一起免费围观~O微博问答,02/10
解除弹劾威胁后复仇心切特朗普免职两名重要证人O解除弹劾威胁后复仇心切特朗普免职两名重要证人,02/10
#奥斯卡##寄生虫#布拉德皮特获奥斯卡最佳男配演讲拿“特朗普弹劾案”调侃O他获奥斯卡最佳男配演讲拿“特朗普弹劾案”调侃,02/10
《特朗普家好事连连，老爸弹劾案成功脱罪，女儿伊万卡又获大奖》在上周，美国参议员否决了对总统特朗普的两项指控，成功脱罪后，近日，女儿伊万卡又临好事。O网页链接光芒破雾耀乾坤，芳馨云蒸自霞蔚。美国大妞——芬芳的祥瑞。,02/10
美研新肺炎解药一试一个准，特朗普不打自招。本来这个病毒就是美国的细菌武器，是专门在中国传播，又用自己的药品销售中国来遏制疫情，一举两得。#360浏览器#O网页链接,02/11
CNN的这个纪录片《特朗普家族生意》，真的是充分展示美国三权分立下的总统，更多的是一个职业，如同当初特朗普和希拉里竞选时的一种说法，美国人民对于总统的选择，其实不过是两者取其轻，选一个不那么讨厌的而已。就算是现在的各种弹劾，当初那么多的商业诉讼都没怎样，特朗普怕一个弹劾吗？O网页链接,02/11
美股上涨任性？人家特朗普爱护股市，争取连任炒股的美国人越来越富有不炒股变成穷人菜鸟成鹰，502赞笑到最后,02/11
马来西亚总理呼吁特朗普辞职：为了拯救美国O马来西亚总理呼吁特朗普辞职：为了拯救美国,02/11
特朗普计划2021削减$30亿全球健康经费。相当于对WHO支持减半！正在全球关注中国抗NCP严峻形势下，特朗普简直是脑子短路了；中国出现的新冠肺炎疫情只不过是全球致命性疫情的前奏或警报，比尔盖茨对新世纪的预言着重提到了这一点，死亡数以千万计人的疫情随时爆发；国会已表态决不允许川普胡来！,02/11
我真的给他笑死了上一次听到他朗诵还在高中“朗读者”特朗普又上线了：深情朗诵《农夫与蛇》反非法移民。UP主：观察者网#bilibili#O“朗读者”特朗普又上线了：深情朗诵《农夫与蛇》反非法移民（哔哩哔哩客户端下载O网页链接）,02/11
转：【#特朗普预测新冠病毒4月消失#：中国非常专业他们很快就会控制住疫情】当地时间10日，美国总统特朗普接受美国福克斯商业频道采访时表示，“我认为中国在某种意义上是非常专业的，一切都在他们的控制之下。”“我真的相信，他们很快就会控制住疫情。等到4月，病毒会在炎热的天气里死去。”L燃新闻的秒拍视频,02/11
特朗普的行政令的标题：《让联邦建筑再次美观》（MakingFederalBuildingsBeautifulAgain）#美国总统特朗普#O特朗普要求联邦建筑采用新古典风格！安迪·沃霍尔：他的品味有点low,02/11
【亚洲两盟友，突然和美国翻脸！】容忍不了美国总统特朗普的傲慢与无底线，两个亚洲盟友接连和美国翻脸。马来西亚《星报》10日报道，围绕美国提出的巴以问题解决方案，马来西亚总理马哈蒂尔近日当众喊话特朗普：“为了拯救美国，你应该辞职。”菲律宾媒体11日消息，菲律宾总统杜特尔特已正式下令，终止与美方的《访问部队协议》。长安街知事注意到，马哈蒂尔和杜特尔特与特朗普的矛盾由来已久，他们已多次在公开场合抨击过特朗普。此次翻脸，只是矛盾积累到一定程度的结果。O亚洲两盟友，突然和美国翻脸！,02/11
【演讲期间选民高呼“把佩洛西关起来”特朗普点了点头】O网页链接(分享自@搜狐新闻客户端)//,02/11
《亚洲两盟友，突然和美国翻脸！》容忍不了美国总统特朗普的傲慢与无底线，两个亚洲盟友接连和美国翻脸。O网页链接,02/11
我最疑惑的一点是网上举报老公言论和特朗普言论的人在现实中有朋友吗？,02/11
《特朗普最担心的事发生了！中国再次抛售美债，带上日法德一起行动》此视频已有20万次播放，快来一起看看！O网页链接,02/11
#凤凰新闻#分享凤凰新闻：特朗普：中国非常专业，他们很快就会控制住疫情O特朗普：中国非常专业，他们很快就会控制住疫情来自@凤凰新闻客户端O网页链接O特朗普：中国非常专业，他们很快就会控制住疫情,02/11
特朗普预测：新冠肺炎疫情将于4月结束>>O网页链接特朗普预测：新冠肺炎疫情将于4月结束,02/11
武漢肺炎下特朗普狠削世衛一半撥款 -香港經濟日報-即時新聞頻道-國際形勢-環球政治-D200212O网页链接,02/12
特朗普4.8万亿预算案政策色彩浓：社会福利和对外援助大幅削减O网页链接,02/12
#特朗普预测新冠病毒4月消失#這麼說吧原文是「病毒一般會在4月消失」「大致上，高氣溫會殺死這類病毒。」話外音則是就是「如果沒消失，代表這___不一般」「如果高溫殺不死，說明這___並非00XX。」,02/12
2020年度最佳吹牛奖#美国#大使和#美国总统特朗普#一脉相承啊该大使说了除了那1亿美元，还向中国“捐助了数亿美元”截图被秒删了。看另一个截图吧,02/12
特朗普:可把我牛逼坏了,02/12
【德媒：美国进一步制裁委内瑞拉马杜罗欲向国际法院告状】德新社：委内瑞拉政府2月10日表示，针对华盛顿决定制裁委内瑞拉航空工业和空中服务集团，它打算向国际法院提起诉讼。委内瑞拉总统马杜罗在加拉加斯对支持者说：“我们将状告（美国总统）特朗普的政府，寻求国际社会伸张正义。”O网页链接,02/12
欧美股市继续长红特朗普连任的希望很大富人们都要投他票的吧周四沪指冲2955券商发力创业板指冲2100点502大队加油鹰氏操盘学,02/12
巴勒斯坦总统阿巴斯称特朗普#中东和平计划#提交的巴勒斯坦地图“像块瑞士奶酪”@今日俄罗斯RTL今日俄罗斯RT的微博视频,02/12
咸丰因为怕外国使节不肯下跪，拒绝外国特使入京换约。结果战败逃到了承德，死在了承德。特朗普很右，桑德斯很左，到底谁会胜？？,02/12
《特朗普即将访印，莫迪送26亿美元“军火大礼”》美国白宫10日宣布，总统唐纳德·特朗普将携夫人梅拉尼娅于本月24日至25日访问印度。O网页链接,02/12
《特朗普批佩洛西台下民众齐声大喊：把她关起来！特朗普的回应亮了》O网页链接,02/12
美国总统特朗普就一吹牛皮的。。。。。。看美国股市就知道了听说美国想给中国强大的帮助，估计是等着看中国的好戏，然后卖点假药给中国。仅仅只是从商人的思维方式去看问题。,02/12
"我分享了【美国要挟也没用！英国直接无视特朗普大发雷霆，坚持要跟华为合作】,快来看吧！|O美国要挟也没用！英国直接无视特朗普大发雷霆，坚持要跟华为合作",02/12
【凌晨美国宣布一个大消息，特朗普认输了：事实证明美国不敢惹伊朗】近期，伊朗公布了全新版弹道导弹，威力是1月8日袭击美军22枚导弹的一倍以上。这就是伊朗革命卫队所属火箭军最新型的雷声-500型弹道导弹。这是导弹其实是征服者导弹的升级版。伊朗打击美军基地使用的是征服者110导弹和流星中程弹道导弹，征服者110导弹其实是，苏联蛙7火箭的升级版，可以搭载高爆弹头。最新型雷声-500导弹，采用了复合材料和全新发动机。还有更新型的气动和控制系统，而且，因此采用了复合材料，也让这种导弹的射程比征服者110导弹增加了50%以上。因为，气动外形更好，采用全新气动系统，弹道修正等等新技术，因此，命中率也更高，据称误差不会超过30米。而且造价更低，这也就是说，伊朗拥有了全新导弹，在战争当中，可以拥有更有利的地位。在这种情况下，美国已经在凌晨宣布，将会撤离在伊拉克的15座军事基地，特朗普已经认输了。未来美军将只在伊拉克保留阿萨德和埃尔比勒两座基地，值得注意的是，这两座基地也是之前伊朗导弹袭击的目标。从2003年以来的伊拉克战争，美军除了4427名美军士兵阵亡、3.4万多人受伤以外，还花费了巨量的资金。诺贝尔经济学奖得主斯蒂格利茨就认为，如果把伊战对美国财政预算和经济的消极影响考虑在内，美国可能打水漂的资金多达3万亿美元。现在，美军要撤离伊拉克，实际上已经证明，美军伤亡4万多人，花费3万亿美元的伊拉克战争已经彻底失败了。美军不仅仅是输给了军事，输给了伊拉克反美武器或者伊朗。而是更多的输给了自己。在伊拉克战争结束以后，美国解散了整个萨达姆体系，还有伊拉克军队，警察，治安和情报部门。导致，大批人员参加了反美武装游击队。而美国自己又花费近千亿美元，建立起一支60万人组成的伊拉克新军，这支新军几乎毫无战斗力。60万新军把美国援助的重建经费浪费干净。而培养60万名伊拉克安全部队士兵，其价值远远不如让60万个伊拉克小贩重操旧业。而在二战，美国当时并没有彻底肃清日本和德国的法西斯，而是铲除首恶，其他各安其职。第一目标是恢复经济，这也才出现日本和德国在战后的迅速恢复。当时，美国还没有那么傲慢。而在伊拉克战争时期，美国人已经傲慢的认为，自己可以在一个国家任意建立起一种全新的体系。无论如何，在遭到伊朗导弹攻击，伊拉克正式驱逐以后，美军从伊拉克撤军，都将是一个意义深远的大事件。#博爱精神##国际军事#,02/12
美国分裂动荡，则世界真正和平。《特朗普最近频频以撤军、停止军援作为要挟，逼迫盟友提高军费支出。对此，德国的回答是，请便！最好连核导弹基地一起撤出。日本的回答是，绝不接受80亿美元的军费支出，不排除将驻日美军赶走。韩国大概是最依赖美国军事存在的国家，也对特朗普50亿美元的狮子大张口绝不让步。被美国一手扶植》O网页链接,02/12
【特朗普提名的美联储理事谢尔顿在参院银行委员会遭抨击】　　美国总统唐纳德·特朗普提名的美联储理事人选朱迪·谢尔顿周四接受参议院银行委员会资格审议时受到了严格的质询。　　曾为特朗普总统竞选团队担任经济顾问的谢尔顿...O网页链接,02/13
抛开别的不说，老杜确实特立独行，值得敬佩！杜特尔特跟美国翻脸，特朗普挽救失败后憋出一句话O网页链接#来自@腾讯新闻,02/13
#美国##特朗普##蓬佩奥#对于那些恶霸/骗子/流氓/地痞，全世界人民请记得：,02/13
特朗普先生是左派中的高手，林肯先生是右派中的高手。左派和右派经常打得来天昏地暗，倒不是说各自有什么错，而是太多人需要这样的体验，然后去超越这种体验。缠中说禅反左反右，这和卡萨上师的超越善恶，异曲同工。作为后学者，能不能先从显意识层面认可、赞同超越善恶、平衡善恶，继而实际证得超越善恶、平衡善恶的诸佛境界，就成为了人生修炼的关键。至于那些支持特先生和林先生，并因为持不同观念而口诛笔伐，甚至动刀动枪的，都是十分优秀的灵魂，他们只不过有着更适合他们的灵性道路要去走，就祝福他们吧，让他们去吧。,02/13
我在看：【杜特尔特跟美国翻脸特朗普挽救失败后憋出一句话】#跟新浪看热点#O杜特尔特跟美国翻脸特朗普挽救失败后憋出一句话,02/13
川普听到了，更坚定了中美“经济脱钩”的决心……@FT中文网@经济观察报@每日经济新闻@21世纪经济报道@新华网@中国新闻网@侠客岛@人民日报评论@环球时报——《“中国工厂关闭苦了美国公司”，美媒的惊呼特朗普总统听到了吗？》O“中国工厂关闭苦了美国公司”，美媒的惊呼特朗普总统听到了吗？,02/13
据路透社印度2月13日报道，美国总统特朗普本月将在访问印度期间参观艾哈迈达巴德市，而政府为了让特朗普看不到当地的贫民区，正在赶工修建一堵隔离墙。一位高级政府官员解释称，修建这堵墙是出于安全考虑，不是为了遮挡贫民区。而建筑承包商在接受采访时说，当美国总统从机场乘车经过时，政府“不希望看到贫民区”。“政府要求尽快修建一堵墙，我找了150多名泥瓦匠正在昼夜不停地工作，以完成这项工程”，这位不愿透露姓名的...O在QQ浏览器等你,02/13
中国上下一片紧张，群策群力地查找病毒、思索病因、截斩传播途径等等，全民立马行动起来。可令人不解的是，大洋彼岸的特朗普及美国高官们似乎异常“得意”；但【特朗普他们万万没想到的是，中国“疫情”的爆发，导致世界变革“拐点”提前到来！】O“疫情”带来的“世界拐点”已显现，特朗普万万没想到！,02/13
FT中文网：特朗普连任将危及世界安全,02/13
刚刚，美囯为他疯狂，交通瘫痪！特朗普竟然宣布...马云为国争光!O刚刚，美囯为他疯狂，交通瘫痪！特朗普竟然宣布...马云为国争光!,02/13
我在看：【外媒：特朗普访印前印度城市建隔离墙掩盖贫民窟】#跟新浪看热点#O外媒：特朗普访印前印度城市建隔离墙掩盖贫民窟,02/13
《“一则消息”传来，美国“暴露了”，华为果然被“冤枉了”》大家觉得，特朗普的抹黑行为是否有些自欺欺人呢。O网页链接,02/13
#张挪富有可能出现其他病毒传播途径#最好特朗普试试，看看吃垃圾食品的抵抗力如何强大。,02/13
《瓜伊多回国后在机场被围殴，衣服被扯烂，人们高呼：肮脏的叛徒》日前，委内瑞拉反对派领导人胡安·瓜伊多在结束了包括与他最重要的外国盟友特朗普的会面后回国。O网页链接,02/13
特朗普老头，你们通房丫头家还有哪个部门、哪个领域的重要环节没被你们控制？说说吧，还有什么可保密的？,02/13
找一个像特朗普看普京一样看你的人。,02/14
今天是情人节。特朗普一整天都没有玩游戏。他说他答应过我今天不玩。他啥时候答应过我这事了？躺床上看了一整天的【父母爱情】。凌晨四点钟，我迷迷糊糊中醒过来，发现他没睡觉，居然还在看【父母爱情】！午饭后，又在放【父母爱情】老丁的河南媳妇，一天到晚吵得家里鸡犬不宁的，老丁可烦了。又土又丑也就算了，还他妈那么聒噪。我：老公要不你把我休了换她吧！愿不愿意？老公：有什么不愿意！我：？？？我哪里比不上她！老公：她至少心地善良。你呢？心肠歹毒。,02/14
我免费围观了@褚明宇的回答，问题价值2698.00元，快来一起免费围观~O微博问答,02/14
【亚马逊扳回一城：#美国防部与微软云计算合约被叫停#】2月13日，美国法官同意了亚马逊的请求，暂停了美国国防部和微软的价值100亿美元的云计算合约。据路透社报道，法官PatriciaCampbell-Smith签发了初步的禁令，但并未发表她的书面意见。亚马逊在诉讼中称，美国总统特朗普对美国国防部的采购决定施加了不当影响。,02/14
转//#看点快报#《特朗普最难缠的对手出现了！虽然很多美国人连他的名字都不会念…》O网页链接,02/14
教宗看起来咋怎么像特朗普精英部队,02/14
一个年研发投入1000多亿的企业就这么被打败了一个美国都没有打败的企业就被小米打败了，一个世界第二手机厂商就这么被击垮了一个宣称有着多年技术积淀的手机厂商就这么没有技术。唉，小米还是太强大了，赶明儿我跟特朗普说一声，他们认错人了，小米才是最强大的，应该制裁小米。,02/14
【亚马逊扳回一城：#美国防部与微软云计算合约被叫停#】2月13日，美国法官同意了亚马逊的请求，暂停了美国国防部和微软的价值100亿美元的云计算合约。据路透社报道，法官PatriciaCampbell-Smith签发了初步的禁令，但并未发表她的书面意见。亚马逊在诉讼中称，美国总统特朗普对美国国防部的采购决定施加了不当影响。O亚马逊扳回一城：法官叫停美国防部与微软云计算合约,02/14
我在看：【紧要关头特朗普要对世卫釜底抽薪援助把戏被拆穿】#跟新浪看热点#O紧要关头特朗普要对世卫釜底抽薪援助把戏被拆穿,02/14
非凡人所及不笑不足以为道此人百年后自是一代神话大兴庙宇长永供奉也不是不可能还能这样？特朗普在印度被男子当神供奉...。UP主：观察者网#bilibili#O还能这样？特朗普在印度被男子当神供奉...（哔哩哔哩客户端下载O网页链接）,02/14
当地时间2月13日，美国参议院对战争权力决议进行了最终表决，结果以55票赞成、45票反对获得通过，等于废了特朗普直接下令...O网页链接,02/14
菲律宾提出终止与美军协议特朗普：我不在意能省好多钱O菲律宾提出终止与美军协议特朗普：我不在意能省好多钱,02/14
中国崛起的速度非常快，在很多国家看来，这是一个千载难逢的机遇，他们也在积极发展对华关系，希望能扩大与中方的合作，因为跟中方合作可以在很大程度上促进他们经济的发展。然而美国却是例外，特朗普认为中国的崛起不符合美国的利益，于是动不动就会给我们制造些麻烦，试图干扰我们的发展。比如对部分中方商品加征了关税，不过这并非明智的选择，毕竟中国制造的商品早已融入到美国消费者的生活中，他们根本就不可能找到合适的替代...O特朗普：美国经济遥遥领先中国，他们永远也追赶不上！,02/14
特朗普的嘴！,02/14
请@广东卡哥发美国新闻时以后过过脑子。在全球应对新冠肺炎疫情的紧要关头，一些西方媒体绞尽脑汁“带节奏”，美国则更是想釜底抽薪！美国广播公司13日报道，特朗普政府在新财年预算案中砍掉超过30亿美元的全球卫生项目资金，其中给世卫组织的援助金额减少53%。长安街知事注意到，12日，在世界卫生组织为应对新冠疫情举办的科研论坛新闻发布会上，有欧洲媒体记者想抹黑中国，被世卫组织总干事谭德塞用事实给撅了回去。特朗普政府此时砍掉了超过一半的援助世卫组...O紧要关头，特朗普要对世卫釜底抽薪，援助把戏被拆穿,02/14
重磅！中方终于不再沉默，美元霸权面临重大危机！大家都知道，自2008年之后中国一直都是美债最大的持有者！可随着特朗普的上台后，四处惹是生非...[米尔军事]O重磅！中方终于不再沉默，美元霸权面临重大危机！,02/15
《大快人心！华为好消息再次传来，这次特朗普也没辙了！》一时间内让华为陷入了尴尬的境地，拿着最多的5G专利却以安全问题被禁用，让自己的5G业务处于落后。O网页链接,02/15
《“中国工厂关闭苦了美国公司”，美媒的惊呼特朗普总统听到了吗？》还记得在中国打响对新冠肺炎病毒“战疫”之初，美国商业部长罗斯那句“扩散的疫情对美国制造业有益”。O网页链接,02/15
特朗普称知道如何对抗新型冠状病毒@可可英语网O网页链接,02/15
杨安泽会威胁到特朗普的总统大位。这一条我在一年前就预测准了。,02/15
总而言之，做好自己，才是硬道理，才有正能量！违背社会发展规律，与市场经济背道而弛，最终就是走进死胡同!《大快人心！华为好消息再次传来，这次特朗普也没辙了！》一时间内让华为陷入了尴尬的境地，拿着最多的5G专利却以安全问题被禁用，让自己的5G业务处于落后。O网页链接,02/15
《杜特尔特跟美国翻脸，特朗普挽救失败后憋出一句话》一些美国官员表示希望这一决定能够逆转或推迟。O网页链接,02/15
《大快人心！华为好消息再次传来，这次特朗普也没辙了！》一时间内让华为陷入了尴尬的境地，拿着最多的5G专利却以安全问题被禁用，让自己的5G业务处于落后。O网页链接,02/15
第六大经济体发威胁，若特朗普连任成功，美国将分裂近日，美国总统弹劾案终于告一段落，特朗普不出意外大获全胜，毕竟参议院目前实在共和党掌控之下。美...[米尔军事]O第六大经济体发威胁，若特朗普连任成功，美国将分裂光泽生活网支持加州脱离美国联邦共和国，并借此独立。我们是不是在经济上，道义上支持加州独立,02/15
币元热闻-2020.2.15-星期六#区块链##区块链应用#1.据官方最新消息，币元区块农场已于1月12日开启全球公测，并且公测苹果版APP已上线，相继推出公测农场等级排名奖励，公测结束即开始正式运营。2.美国政府机构招募博士后研究员，研究内容包含加密货币。3.国际清算银行：2019年中央银行数字货币调查，CBDC即将到来。4.外媒：与伊朗的紧张关系或是特朗普政府试图推出加密货币新规的原因。5.币元区块链银行卡即将推出，届时BEO等加密货币将可以通过银行卡进行线上线下支付，且还可以跨国支付无汇率点差。––––––––––––––––––––––––––––––【币元（Beuion）—— 区块链中的未来银行，一个独创完善生态闭环的数字资产交易综合服务平台。】,02/15
报道援引路透社报道称，13日当天晚些时候，在iHeartRadio播出的播客中，特朗普说，中国“专业地应对疫情，我认为他们相当有能力”。『外媒称特朗普赞中国应对疫情很专业』O推荐#,02/15
妈呀，头一次看到一个国家发生疫情另一披落井下石的，特朗普真的刷新三观，还要趁着疫情刷节奏？？？太恐怖了,02/15
《“消息”传来，华为再遇挑战，特朗普“新招”过分了！》或者说得更贴切一点，特朗普政府是败给了5G市场，因为在现有的5G市场上，华为提供的5G通信基建设备是所有厂商中品质最优，价格最实惠的，这也是为什么欧洲的各个市场会拒绝全盘接收诺基亚和爱立信提供的5G通信设备O网页链接,02/15
我也在看命运规划局，顺道看了特朗普就职演说。在选举拉选票的过程中，那种演说对个人的综合素质，对团队的整体要求得有多高啊！不过，如果你当政客，你一定会是第一名女总统，学识渊博、气质好、气场强、工作认真、心地善良、格局大，高贵典雅、温柔大方、大度有涵养、身材火辣、还拥有天使般的脸庞。,02/15
【#WWE#】战神高柏做事不顾后果，连特朗普也不放过，不怕报复吗？L场上为王的微博视频,02/15
发布了头条文章：《缺钱用了么？特朗普举办豪华筹款晚宴，参加的宾客都是大金主》O缺钱用了么？特朗普举办豪华筹款晚宴，参加的宾客都是大金主,02/16
【军武帝】虽然当前美俄关系是冷战后最交恶的时刻，普京迄今没有给特朗普带来太大的麻烦。专家表示:现在只俄罗斯威胁：公开911卫星照片，揭秘大骗局！O网页链接,02/16
【军武帝】虽然当前美俄关系是冷战后最交恶的时刻，普京迄今没有给特朗普带来太大的麻烦。专家表示:现在只俄罗斯威胁：公开911卫星照片，揭秘大骗局！O网页链接,02/16
#抗击新型肺炎第一线#阿联酋将延长产假和陪产假。#迪拜旅游局#阿联酋一位高级政府官员今天表示，阿联酋将延长产假和陪产假，以鼓励更多女性在生完孩子后继续工作。#迪拜房产#阿联酋性别平衡委员会副主席MonaAlMarri说，允许弹性工作时间和兼职工作的政策也在酝酿之中。她说：“我们成功地将产假从两个月延长到了三个月，这是一大步。”她指的是2017年迪拜政府人力资源管理法修正案。“女性员工有三个月的带薪假，然后是三个月的半薪假，然后是另外三个月的无薪假。总的来说，是九个月。”她说，该委员会正在研究北欧国家的立法——这些国家被视为性别平等的全球领导者——以获得当地法律的灵感。“我们希望延长产假，并争取增加更多天数……照顾新生儿。”而为了实现真正的性别平等，她说，陪产假也必须延长。“现在，(陪产假)只有三天。我们正在争取延长陪产假，这样父亲就能有更多时间陪伴孩子。”Marri表示，但我们不能完全照搬他国法律，法律必须定制以适应阿联酋国情。“我们不只是借鉴了一个好的模式，并试图在这里实施。这应该是一项适合本国国情的举措。”联邦统计局(Federalstatisticsauthority)的数据显示，女性一旦到了30岁，参加工作的比例就会大幅下降。2017年的一份报告显示，在25岁至29岁的人群中，67%的外籍女性和58%的本地女性有工作。在30岁到45岁这一年龄段中，这一比例逐步下降，在45至49岁年龄段的外籍人士中，女性工作比例为56%，阿联酋本地人中这一比例为43%。这些数字继续下降到退休年龄，这表明有许多妇女生完孩子后从未重返工作岗位。Marri没有给出延长产假和陪产假的政策的诞生日期，她表示，这不会在今年发生，一切都“需要时间”。“考虑到阿联酋政府的工作速度，希望不会太久，但在这些政策实施之前，我们需要评估很多东西。”阿联酋在鼓励保留女性员工方面已经取得了很大的进步。现场育儿中心允许家长把孩子带到办公室，确保他们在工作时得到照顾。“我们在2006年开始了这项工作。任何政府部门，如雇员人数超过50人，而子女不足4岁，均须为子女提供托儿所。“这在私营部门也得到了实施。迪拜国际金融中心、泰康集团和阿联酋大厦为所有租户提供了社区托儿中心。”2012年启动的“女性董事计划”(Womenonboardinitiative)，鼓励女性董事L迪拜房产熊凯的微博视频,02/16
豆瓣鹅组有一个帖子问为啥美国暴发流感特朗普不去一线慰问，奥巴马和希拉里当初执政的时候面对这种情况那可是全国各地到处慰问振奋军心啊！这回怎么就蓬佩奥上一线了呢！骚还是豆瓣骚，真是牛叉啊！,02/16
明天准备看特朗普个人综艺了。是飞黄腾达，notxwlb,02/16
【军武帝】虽然当前美俄关系是冷战后最交恶的时刻，普京迄今没有给特朗普带来太大的麻烦。专家表示:现在只俄罗斯威胁：公开911卫星照片，揭秘大骗局！O网页链接,02/16
才发现特朗普是双子♊上升狮子座♌怪不得疯呢。,02/16
《祭出希拉里对付特朗普？布隆伯格邀其搭档竞选》民调显示，布隆伯格-希拉里的竞选组合在2020年大选中将具有强大竞争力。O网页链接,02/16
刚刚，美囯为他疯狂，交通瘫痪！特朗普竟然宣布...马云为国争光!O刚刚，美囯为他疯狂，交通瘫痪！特朗普竟然宣布...马云为国争光!,02/16
1、近期，北美数据中心CAPEX复苏向上，美股光通信公司上调业绩指引，400G光模块市场爆发。2、双重催化光模块市场。今年北美数据中心整体资本开支会有较大增长约25%。特朗普在11月竞选前可能会颁布一系列对5G投资的计划。3、400G光模块量大概八十万左右，且到明年价格可能都很难降下。中际旭创占比份额很高，周末公告拟收购成都储翰科技不少于51%的股份，不仅能在电信市场获取更多份额，且将来成本上更具优势。,02/16
最无诚信的国度，最落后的国度……一个即将分裂的国度《民调结果公布，他成为众望所归下届美国总统，民众感叹：没有对手》最新一项民意调查结果显示，有67%的美国登记选民承认特朗普将会赢得总统大选。O网页链接,02/16
"华尔街日报》周六（2月15日）报导说，川普（特朗普）政府正在考虑一项提议，停止交付美国通用电气公司（GeneralElectricCo.）共同生产的喷气发动机给中国,不过，因限制提议可能会对通用电气产生巨大经济影响，据悉通用公司正强烈反对这一提议。一位知情人士告诉《华日》，美国政府可能会拒绝颁发许可。中国的C919喷气客机开发需要这些发动机，C919的交付计划已经比原计划晚了几年。《华日》报导说，川普政府内部的一些人担心中方可能会对CFM发动机进行逆向工程，从而方便中国打入全球喷气发动机市场，最终损害美国的商业利益。一位知情人士说，通用电气正反对川普政府的这一举动。他说，通用电气认为，要仿制发动机这样的先进制造技术比某些政府官员想像的难得多。由中国商用飞机研发生产，C919计划从2008年正式启动，联手国际16间航空设备商共同研发，包含美商CFM国际、通用、汉威联合等公司，协助开发专属的引擎、燃油、飞航控制系统等设备。中国自制的C919客机于2017年，首次在上海浦东机场试飞成功。虽称为国产客机，可从生产线来看，基本上，C919客机除了少部份如雷达、机翼等来自国内厂商，其他的发动机、起落架、驾驶舱设计、模拟器等，都来自美法等多国供应商支援。C919引擎与关键零组件仍需倚赖进口。",02/16
军武观察哨『禁售C919发动机-GE更难受』有外媒报道特朗普政府借口中国有可能会逆向研究，而考虑阻止美国通用(GE)公司向中国出口C919所用的CFMLEAP-1C发动机。CFM国际公司是法国赛峰(SAFRAN)和美国GE公司的合资企业，双方各占50%股份。其LEAP系列发动机主要为空客A320neo所用的LEAP-1A，波音737MAX所用的LEAP-1B和C919所用的LEAP-1C。由于波音737MAX的停产，2019年GE的现金流减少了14亿美元，要是在特朗普政府真的阻止交付LEAP-1C，先难受的肯定是GE。,02/16
这两天，傅莹提问佩洛西的新闻，点赞的挺多。也就是，作为老油条的国会女头头，让傅莹问的方寸大乱，胡说八道，也是可笑。也说明，看似很强大的人其实可能没什么了不起，在关键时刻也与普通人没什么区别，表现甚至还不如普通人。在国会众目睽睽之下，全世界摄像机前，竟然把特朗普演讲稿撕了。真是魔女,02/16
《美国这回还算给力，干了件让中国人十分感动的事》尤其是在之前推选出了特朗普为总统之后，特朗普完全的把自己的商业思维带到了政治当中，展现出了商人只注重利益的嘴脸。O网页链接,02/17
市场消息：匈牙利总理欧尔班与美国总统特朗普进行了电话通话。微博财经7X24小时频道,02/17
#腾讯新闻#特朗普花百亿美元建边境墙被人用5美元“拆招”O网页链接来自@腾讯新闻,02/17
【特朗普，一个极端分子，必将成为世界公敌，其结果或下场可想而知。】《“消息”传来，华为再遇挑战，特朗普“新招”过分了！》或者说得更贴切一点，特朗普政府是败给了5G市场，因为在现有的5G市场上，华为提供的5G通信基建设备是所有厂商中品质最优，价格最实惠的，这也是为什么欧洲的各个市场会拒绝全盘接收诺基亚和爱立信提供的5G通信设备O网页链接,02/17
虽然不希望，但还是会来。放弃幻想，我大中华一定要努力，早日成为真正的科技强国，而不是被恶霸随意掐住脖子！『特朗普政府拟加强对华为出口管制美国产部件含量或限制在10%以内』O集微网,02/17
【欧盟外交官称特朗普政策伤害欧盟软实力呼吁采取更大胆行动】欧盟外交和安全政策高级代表何塞普·博雷利当地时间16日在德国召开的慕尼黑安全会议上表示，特朗普的“美国优先”政策伤害了欧盟的利益，欧盟应该团结起来采取行动，而不只是空谈。面对犹豫不决的欧盟，博雷尔一再敦促新成立的欧盟委员会，在外交政策问题上采取更大胆的立场。本月初，他写了一篇观点文章，题为《拥抱欧洲的力量》。微博财经7X24小时频道,02/17
要做秀什么都不如请特朗普去湖北转转哈,02/17
『特朗普政府拟加强对华为出口管制美国产部件含量或限制在10%以内』O集微网,02/17
#JLG伯盛仲合#发布了头条文章：《特朗普针对国际留学生的逾期滞留政策，将被永久停止执行》美国移民美国留学美国签证O特朗普针对国际留学生的逾期滞留政策，将被永久停止执行,02/17
#德国观察#【发全球变暖财？格陵兰岛天然冰融水将销往全球：这水有点甜！】原文O网页链接全球变暖也有钱可赚。据媒体报道，格陵兰岛受到气候变化的影响非常大，希望将其冰融水转变为出口产品。“现在我们要告诉全世界：我们拥有大量最纯净的水，我们愿意利用这种资源，”格陵兰岛的能源部长杰西·斯瓦内（JessSvane）表示。目前已有9个较小的项目获得了出口饮用水的许可证。在好莱坞和瑞士等地，一些富有的顾客已经开始饮用格陵兰的水，每一滴水都有数百年历史。杰西·斯瓦内（JessSvane）说：“我们想扩大与世界其他地方的水共享。”因此，总共招标了16个抽水许可证。格陵兰岛基本上是自治的，但像法罗群岛一样，它属于丹麦王国，在经济上非常依赖丹麦。格陵兰人希望做出更多改变。杰西·斯瓦内（JessSvane）说：“格陵兰人民希望在经济上独立，我们目前正在遵循这一方针。”格陵兰岛受气候变化的影响尤为严重：研究人员称，北极的升温速度是地球其他地区的两倍，2012年至2017年期间，每年约有2390亿吨格陵兰岛冰盖融化，几乎是20年前融化冰量的13倍。该地区还拥有石油和天然气储量，因此在气候保护和经济机会之间存在冲突。2019年，美国总统唐纳德·特朗普宣布他想购买格陵兰岛-丹麦政府立即拒绝了这一提议。杰西·斯瓦内（JessSvane）也意识到气候变化正在使冰融化。这位部长说：“世界上的水资源短缺将会加剧。”格陵兰已有数千年的冰融水，但直到现在，人们才意识到它可以变成其他地方所缺乏的“可销售产品”。杰西·斯瓦内（JessSvane）说：“否则，冰融水流失也是一种浪费。”,02/17
特朗普花百亿美元建边境墙被人用5美元“拆招”O特朗普花百亿美元建边境墙被人用5美元“拆招”,02/17
【美国大选，有没有“黑马”？】长江证券赵伟团队：美国大选初选结束前2州投票，共和党内形势明朗，民主党内结果“出乎意料”。投票结果显示，共和党内特朗普优势明显，基本获得前2州所有选票。民主党内结果出乎意料，一直被寄以厚望的前副总统拜登表现低迷，而被主要媒体忽视的政坛新人布蒂吉格、极左派参议员桑德斯表现大超预期，得票数位居前二。历史经验显示，初选前2州表现亮眼的竞选人拥有巨大先手优势，诞生过奥巴马和特朗普等“黑马”。初选前2州表现亮眼的竞选人，容易获得更多捐款和媒体曝光度，吸引到更多其他州选民的支持。2008年和2016年初选中，一直不被看好的奥巴马和特朗普，正是凭借前2州的优异表现，横扫初选、赢至终选。布蒂吉格和桑德斯，都有成为民主党黑马潜质，但也存在一些短板。布蒂吉格形象优质、作风务实，和桑德斯坚定极左立场，为他们不断吸引到对应选民群体支持。党内意识形态的割裂，也有利于非传统建制派的他们突围。但他们也存在短板，布蒂吉格是政治经验太少，桑德斯是年龄大、不受党内高层喜欢等。3月“超级星期二”初选至关重要，或能反映大部分选民倾向；关注选情变化，对市场情绪阶段性干扰。3月3日，包括多个人口大州在内的共16个州将举行初选。由于选民基数大、选票占比超30%，投票结果或能一定程度上反映大部分选民倾向。由于桑德斯主张加税、包括对股票交易征税等，倘若桑德斯支持率大幅上升，可能阶段性压制市场风险偏好，尤其在估值高、经济弱背景下。O美国大选，有没有“黑马”？,02/17
#环保少女回应死亡凝视特朗普#@想要自由1995:保护环境没问题！其实大多数地球人都知道要爱护环境，只是凡事都得有度，太偏激，就离神经病不远了，就像中国人可以是带便利袋买菜、可以减少书本，多用电子书，但不可能放弃用筷子，当然这是我自己的看法！不管怎么样，那些个推手还是放孩子回去好好读书吧，她的未来还那么长，不要把孩子教疯了，放过她吧！！,02/17
【美国做了一个举动印度陷入危机】也许这个举动对美国来说是轻易举，但对印度却有很大杀伤力。美国贸易代表（USTR）上周在印度新德里表示，在特朗普总统访问印度之前将印度从发展中国家名单中删除，这使印度陷入了危机。美国贸易代表办公室将印度列为发达经济体，没有资格享受华盛顿给予发展中国家的惠益。印度媒体认为，印度不是一个发达国家。印度在教育、卫生、就环保、减少贫困等参数上与发达国家的地位相距甚远，这样做对印度是不公平的。,02/17
【与其抛弃这只猪，为什么不试试“双倍下注”？】近日，美国总统特朗普向国会提交2021财年国防预算草案，草案中提出要让一些从冷战时期开始服役的老飞机退役，其中美国空军将退役44架机翼需要更换的A-10战机。剩余A-10计划在2030年之前逐步淘汰。@Mk18_MOD1@彩虹熊_白玮@Armstrong的空军之翼,02/17
佩洛西不惯病，换成特朗普女儿尴尬了L大石桥三信电子的微博视频,02/18
"特朗普退出巴黎气候协议，他说气候变暖就是一个hoax（骗局），他说风力发电没有用，国家补贴太多了……Bezos是amazon和WashingtonPost的老板,世界最富裕的人。Amazon员工之前就气候问题质疑过自己的公司，闹得沸沸扬扬，还被威胁闭嘴，面临开除……而一个月后，老板Bezos居然同意捐出$10bn解决气候问题……这两个人在气候问题上分歧很大。说不上谁对谁错。站的位置不同，考虑的层面不一样吧。Bezos,theworld’srichestmanwithapersonalnetworthof$129.9bnaccordingtoForbes,hasclashedwithUSpresidentDonaldTrump,afrequentclimatechangedenier,onmanyoccasions,notablyaftertheUSwithdrewfromtheParisclimateagreement.",02/18
发展国家最惠国待遇还是在意料之中的被取消了，只是当前形式这样穷追猛打的搞真的显得有点尴尬了。大国邦交越来越朝非正常化方向发展了，回看往届美领导人从奥巴马、小布什再到克林顿，特朗普可谓是最不按常理出牌的一届总统了，完全没有一国之君的那种境界与高度，出尔反尔基本都是他的常态，小聪明手段比比皆是有时候还显得有点糊涂就是不知是真糊涂还是难得糊涂，商人毕竟是商人象棋里面落子不悔的精神在他身上是断然无存，这些年他最厉害之处就是但凡没搞成的事或者不想搞的都能凭着个人喜好把事情搅黄了！,02/18
特朗普拒绝对中国贸易提出的限制希望中国购买美国生产的喷气发动机特朗普周二（2月18日）拒绝美国国会提出的一些对中国贸易的限制，他说，“美国国家安全“不可以被当作给那些与美国进行贸易的国家制造麻烦的借口。特朗普写道：“美国不可以也不变成一个让那些计划购买美国商品的国家难以打交道的国家，包括永远以美国国家安全为借口在内，因此我们的公司为保持竞争力而离开美国。”特朗普还说：“我看到，包括美国国会审核在内的一些正常法规是如何运用的，它们很荒谬。我想让与美国进行贸易这件事变得容易些，而不是变得复杂。”特朗普补充说：“譬如，我希望中国够买我们的喷气发动机，世界上最好的喷气发动机。”路透社报道称，特朗普没有指出他指的是哪些限制。此前有报道称，美国政府正在考虑是否应该禁止通用电气继续为中国新式客机提供发动机一事。,02/18
本来就不应签第一阶段协议，有了这协议助力特朗普大选，特朗普又可以放手继续打压中国。#跟新浪看热点#O美国欲阻止通用为中国商飞客机提供发动机？外交部回应,02/18
华为生死劫！中国硬汉将迎来美国最狠招法。路透社今天消息报道，特朗普政府正在考虑改变美国法规政策，从而能够阻止其他国家的芯片制造商，向华为出货；不仅如此，设备限制也在其中，台积电将承受巨大压力。这一两周，对华为进行新限制是要商讨的关键议题，确保不让华为获得任何芯片来源。芯片提案已经草拟完毕，等待审议。为了重炮对准华为，美国可能将修改《外国直接产品规则》(FDPR)，该规则将部分基于美国技术或软件的外国制造产品，统统纳入美国监管范围。这是所谓的长臂管辖。此前该比例为25%，而美国现在想把它修订到10%。这意味着台积电将可能无法使用顶级的半导体装备如美国的应用材料AM公司、美国泛林LAM等。2018年制裁福建晋华的时候，当美国商务部当天发令，AM、LAM随即撤出，晋华立刻瘫痪，300亿的投资即刻打了水漂。目前华为产品中，只有Mate30没有使用任何美国零件，但这些都是来自日韩零部件的替代。去年华为采购日本110亿美元的零部件，大涨了50%。而新规则下，这些零部件都有可能受到10%的毒刺限制。而如果从制造端来看，如果台积电无法提供代工，那华为高端手机和部分5G设备将遭遇灭顶之灾。最近美国政客四处宣扬华为的危害，2月初先是司法部长在大学智库大会上抹黑华为，2.14日慕尼黑安全会议上美国众议院长继续鼓吹华为威胁论。这些都是在为这个月底的会议四处造势。当下英国、法国、德国都不以为然，而美国打算是铁了心也要搞倒华为。但当前这种长臂毒刺的思路，既不让美国公司挣钱，也不让盟国挣钱，这同样也是一步险棋。正如登山队的绳索发生断裂，全球产业链条的所有伙伴，都会被美国全部拉下水。特朗普华盛顿团队也有人担心会激怒北京，这会使得双方刚刚签署的贸易协议，再次走向冰封。美国也担心这些限制将推动海外创新，并使外国竞争对手受益。对华为而言，一个最为凶险的时刻，2月底将见分晓。,02/18
《特朗普指责奥巴马“邀功”：经济繁荣明明是我们的功劳》然而，美国总统特朗普在看到这一推文后随即表示反对，并发布文字指责奥巴马抢走了美国经济繁荣的功劳。O网页链接,02/18
【东兴机械军工】国防军工行业：美国禁运航发，大飞机国产替代或显著加速东兴机械军工团队机械军工e洞察2020.2.18事件事件：《华尔街日报》援引消息人士的话称，特朗普政府正考虑阻止...-雪球（分享自@雪球）O全部评论（15）,02/18
美国欲对华为下死手，华为迎来最艰难时刻南山林雪萍中国硬汉将迎来美国最狠招法。路透社今天消息报道，特朗普政府正在考虑改变美国法规政策，从而能够阻止其他国家的芯片制造商，向华为出货；不仅如此，设备限制也在其中，台积电将承受巨大压力。这一两周，对华为进行新限制是要商讨的关键议题，确保不让华为获得任何芯片来源。芯片提案已经草拟完毕，等待审议。为了重炮对准华为，美国可能将修改《外国直接产品规则》(FDPR)，该规则将部分基于美国技术或软件的外国制造产品，统统纳入美国监管范围。这是所谓的长臂管辖。此前该比例为25%，而美国现在想把它修订到10%。这意味着台积电将可能无法使用顶级的半导体装备如美国的应用材料AM公司、美国泛林LAM等。2018年制裁福建晋华的时候，当美国商务部当天发令，AM、LAM随即撤出，晋华立刻瘫痪，300亿的投资即刻打了水漂。目前华为产品中，只有Mate30没有使用任何美国零件，但这些都是来自日韩零部件的替代。去年华为采购日本110亿美元的零部件，大涨了50%。而新规则下，这些零部件都有可能受到10%的毒刺限制。而如果从制造端来看，如果台积电无法提供代工，那华为高端手机和部分5G设备将遭遇灭顶之灾。最近美国政客四处宣扬华为的危害，2月初先是司法部长在大学智库大会上抹黑华为，2.14日慕尼黑安全会议上美国众议院长继续鼓吹华为威胁论。这些都是在为这个月底的会议四处造势。当下英国、法国、德国都不以为然，而美国打算是铁了心也要搞倒华为。但当前这种长臂毒刺的思路，既不让美国公司挣钱，也不让盟国挣钱，这同样也是一步险棋。正如登山队的绳索发生断裂，全球产业链条的所有伙伴，都会被美国全部拉下水。特朗普华盛顿团队也有人担心会激怒北京，这会使得双方刚刚签署的贸易协议，再次走向冰封。美国也担心这些限制将推动海外创新，并使外国竞争对手受益。对华为而言，一个最为凶险的时刻，2月底将见分晓。,02/18
《特朗普指责奥巴马“邀功”：经济繁荣明明是我们的功劳》然而，美国总统特朗普在看到这一推文后随即表示反对，并发布文字指责奥巴马抢走了美国经济繁荣的功劳。O网页链接资本主义制度下的民主政治！独立于人民之外的民主，自由，其实质是政治党挥舞的棍子。,02/18
特朗普又发了一个推，真特么想骂他，变来变去的～,02/18
来自神秘哥的观点：特朗普称，他希望中国购买美国生产的喷气发动机。美国总统唐纳德∙特朗普周二（2月18日）拒绝美国国会提出的一些对中国贸易的限制，他说，“美国国家安全“不可以被当作给那些与美国进行贸易的...(分享自@爱股票APP)O网页链接,02/18
特朗普脑子有病吧,02/18
特朗普：没有人比我更懂#安倍#，睡吧！,02/18
#安倍#此时的安倍应该是倍感不安，不知道最近安倍有没有密会特朗普,02/18
2020.2.19卡📑2020.2.18补昨天忘掉的卡两天时间还恰好一样…今天麻麻👸🏻生日好不容易我也在家特殊时期没法出去买🍰自己做了蛋糕！这次十分成功！(可因为吃的太快忘拍图了敲头)…分享两个搞笑的墨墨超牛B的特朗普哈哈哈哈哈还有两道贼贼神经的逻辑题例8它为啥不选E嘞(真诚发问)例9谁家爷爷这么说话不怕被打？…还有要昏古起的长难句分析啊————我觉得给我汉语我都不一定读的懂这也太绕了叭臭狗屎长难句啊啊啊…开学事好多网课群好多软件好多乱死了找不到记不清看不完难搞哦…明天出成绩希望你们都有好结果🙏🏻尊敬的乘客您好，上岸站到了！studyaccount,02/19
美股继续牛市特朗普为了连任，继续牛市炒股就是讲政治晚安，502,02/19
到底什么是政治正确？【立场】！！！作为中国人站中国就是政治正确！！！站在美国🇺🇸的立场，特朗普和白宫做的所有针对中国的事情都是对的，打压华为，中兴，收买中国代理人，媒体，培养精美，精日份子，扰乱香港秩序，培养台独，阻止中国统一，等等等等，都是相对美国的爱国主义，都是为了维持美国的霸权主义，都是美国的政治正确！那么站在中国🇨🇳的立场，什么是正确？答案还需要说吗？一切敌人反对的，一切敌人算不愿看到的，一切敌人算不愿发生的，我们全部都要实现！这就是作为一个中国人的最大的政治正确！！！奉劝那些亲美分子，早日摆脱无脑和被洗脑状态，国家最危难的时候我们最能依靠的是我们自己的政府和人民！绝对不是美国大兵！也绝不是所谓的在西方势力控制下的国际援助和医疗机构！那些在国外的华人也请记住，不要冷眼旁观看热闹！一个完整统一的的中国是你行走世界最靓丽的名片！,02/19
"特朗普把中国官宣为发达国家了？看了看美国贸易代表处的文件，美国重新划分发达国家或地区的标准非常“宽松”。这次被”发达“的国家或地区非常多。一、人均国民收入12,375美元/年。如果人均收入达不到？下列其它条件达到也可以。二、占全球贸易份额超过0.5%（以前的标准是2%)。巴西、印度、印尼、马来西亚、泰国和越南就赫然在列。三、其它因素：国际经合组织成员国，或者正在申请成为国际经合组织成员国。哥伦比亚和哥斯达尼加就属于这一类。欧盟成员国；或者正在申请成为欧盟成员国。保加利亚和罗马尼亚因此就属于这一类。G20成员国。阿根廷、巴西、印度、印尼和南非就属于这一类。在申请加入WTO的时候自认为是发达国家的，或者没有宣布自己是发展中国家的。阿尔巴尼亚、亚美尼亚、格鲁吉亚、哈萨克斯坦、摩尔多瓦、黑山、北马其顿和乌克兰等国就属于这一类。",02/19
特朗普改变了对华立场？-俄罗斯卫星通讯社O特朗普改变了对华立场？,02/19
面对美国面对强权我们能做的绝对不是屈服而是誓死反击从这个角度去说笔者不由得希望特朗普继续干4年这样他就能进一步搞乱美国也能帮助我们更加坚定决心一定要独立自主一定要自力更生还是那句话——封锁吧！封锁十年八年，中国什么都有了,02/19
【美亿万富翁参选人将联手希拉里对抗特朗普？希拉里本人这么说】2020年美国大选在相继展开的各州初选中拉开帷幕，亿万富翁、民主党籍候选人布隆伯格一直备受关注。近日有报道称，如果布隆伯格赢得民主党内提名，前国务卿希拉里·克林顿或将考虑成为他的竞选搭档。针对这一消息，希拉里本人也做出了回应。L燃新闻的秒拍视频,02/19
为迎接特朗普，印度政府做足了“面子工程”_凤凰网资讯_凤凰网O为迎接特朗普，印度政府做足了“面子工程”,02/19
【记录从纽约JFK凌晨出发到湖北黄梅的这35个箱子...】完整视频链接：O网页链接从1月底开始美国华人医师协会就发起为中国抗击疫情的募捐活动，到上周末已经有三波物资陆续送回中国，且都是定点医院接受，最近的这次是湖北黄梅医院。今天我们就跟随他们从装货到机场的全过程，看看这些普通华人的在危机时刻是如何用实际行动帮助万里之外的同胞。#武汉多家医院物资紧张##华人被歧视##美国确诊新型肺炎15例##北美身边事##我在北美看疫情##特朗普宣布美国进入紧急状态##特朗普将宣布美国进入国家紧急状态##美国对中国旅行禁令#L美国中文电视的微博视频,02/19
今早去翻共同社官推的时候还看到两条泰国呼吁暂缓出行日本和特朗普探讨出席奥运会的新闻标题我没点开看具体内容,02/19
"俄媒:美司法部驳斥“部长巴尔可能辞职”的传言：此前《华盛顿邮报》报道称，由于美国总统特朗普发表数篇与司法部调查工作有关的推文，巴尔因此正在考虑辞职的可能性,巴尔此前在接受美国广播公司采访时表示，特朗普总统发出多篇涉及司法部的推文，影响了他的工作,《华盛顿邮报》此前写道，巴尔与总统身边人士针对特朗普涉及司法部调查工作的推文进行了交流，表示正在考虑辞职可行性。#互联网快讯##互联网资讯#互联网",02/19
【#特朗普考虑出席东京奥运会#：已收到安倍邀请】据外媒消息，在加州与筹备2028年洛杉矶奥运会的官员会晤时称，#特朗普称受安倍邀请出席奥运#，正在考虑今夏访问日本。截止至18日晚11点，日本累计确诊达616例。而据NHKWorld此前报道，虽然疫情正在日本扩散，日本奥运大臣称赛事活动正常进行。L梨视频体育的秒拍视频,02/19
消息面上：1.反转1，特朗普：希望中国能买美国发动机，国家安全不是挡箭牌。前两天大家还在谈美国政府正在考虑一项提案，阻止通用电气公司继续为中国商飞C919客机提供发动机的事情。这下没了，相关题材股也要反转了。2.反转2：宁德时代与特斯拉合作，并没有落实。宁德时代因为这个最近涨的比较多，今天出来个消息澄清下：“目前和特斯拉的合作仅停留在意向性协议阶段，具体细节均未定”。3.反转3：电动汽车的电池可不用钴。因为电动汽车走火，相关的制作电池的钴材料大涨。可是昨天出现一个消息：无钴电池将出现。据路透社报道，特斯拉与宁德时代商讨在中国工厂使用宁德时代无钴电池的事宜。这对钴业厂家无疑是一大利空，纷纷跌停。磷酸铁锂电池可能被使用，相关股票纷纷涨停。4.高送转开始了。今天益生股份发布年报业绩，2019年净利润21.76亿元，同比增长499.73%，拟10转7派10元。明天估计一字板了。接下来要挖掘年报中的机会了。#今日看盘##微博股票#,02/19
【真-速度与激情特朗普亲自站台美国这项赛车比赛太恐怖！】2月17日，美国佛州举行的代托纳500汽车赛中，42岁著名车手瑞恩·纽曼出现严重车祸，在最后一圈领跑时被追尾，赛车抛向空中。纽曼的赛车严重变形甚至起火，好在没有生命危险。一起来感受一下这项精彩刺激的赛车比赛~↓ L新浪体育视频的微博视频,02/19
【特朗普：希望中国购买美国生产的喷气发动机】财联社2月19日讯，美国总统特朗普周二拒绝美国国会提出的一些对中国贸易的限制，他说，“美国国家安全”不可以被当作给那些与美国进行贸易的国家制造麻烦的借口。特朗普在推特写道：“美国不可以也不会变成一个让那些计划购买美国商品的国家难以打交道的国家，包括永远也不会以美国国家安全为借口在内，否则，我们的企业为了保存竞争力，就会被迫离开美国。”同时他在推特补充说：“譬如，我希望中国购买我们的喷气式发动机，世界上最好的喷气式发动机。”,02/19
这两天都心理状态很差难以想象在疫区甚至是已经感染的人是怎么坚持下来的每当稍微乐观一点的时候就会看到类似复发之类的不乐观的新闻连我在基本没有病例的地区的人都心情很差何况在疫区的人如果是我可能会崩溃吧这几个吃野味的人做到特朗普好几年都做不到的事情以一己之力影响了全球的经济走向真的太牛了,02/20
视频|特朗普访问前印度连夜沿街造墙民众炮轰政府O网页链接,02/20
视频|特朗普访问前印度连夜沿街造墙民众炮轰政府O网页链接,02/20
"我分享了【“你敢吃素一个月，我就捐100万美金！”9岁男孩向特朗普下战书！】,快来看吧！|O“你敢吃素一个月，我就捐100万美金！”9岁男孩向特朗普下战书！",02/20
布隆伯格已获得2月19日在拉斯维加斯参加辩论的资格，这位亿万富翁将首次与角逐民主党总统候选人提名的对手同台亮相。布隆伯格承诺，不管自己是否赢得总统候选人提名，他都将斥资10亿美元来击败特朗普。O网页链接,02/20
"我分享了【“你敢吃素一个月，我就捐100万美金！”9岁男孩向特朗普下战书！】,快来看吧！|O“你敢吃素一个月，我就捐100万美金！”9岁男孩向特朗普下战书！",02/20
《怕味道太大“熏坏”特朗普，印度政府斥巨资调动恒河水冲洗臭河道》特朗普将于2月24日抵达印度，开始他对印度的首次访问，他希望与印度总理莫迪达成美印之间的贸易协议。O网页链接,02/20
【刚刚遭到特朗普严厉警告的埃尔多安，见势不妙一头扎进普京怀抱】（来自@一点资讯）O刚刚遭到特朗普严厉警告的埃尔多安，见势不妙一头扎进普京怀抱,02/20
威虎堂【美俄争抢印防空系统大单】特朗普即将访印，印度积极采购美制武器，美国已允许向印度提供防空系统，而俄罗斯宣布2021年第一套S-400交付印度，那么美俄两国截然不同的防空武器印军能消化得了吗？#兰州微聚焦#视频来源:L小央视频的秒拍视频,02/20
【美国的移民比例50年来第一次出现下降的趋势】美国的移民人口正在发生变化。⁠低技能移民的数量似乎在半个世纪以来首次下降，而高素质移民的数量则继续增加。⁠这可能是特朗普总统限制非法移民政策的推行以及他的言论对移民产生不利影响的结果。与此同时发生的是，严重依赖移民提供劳动力的岗位平均工资比其他低薪职位的工资增长速度要快得多。⁠需要注意的是，移民变化带来的经济影响将远远不限于劳动力市场本身。,02/20
【为迎接特朗普，印度24户贫民屋被直接拆除，居民回来发现家没了】（来自@一点资讯）O为迎接特朗普，印度24户贫民屋被直接拆除，居民回来发现家没了,02/20
转//#看点快报#《特朗普希望中国继续买发动机专家：就算不卖，大飞机也不会停滞》O特朗普希望中国继续买发动机专家：就算不卖，大飞机也不会停滞,02/20
特朗普任命驻德大使为新任国家情报局局长🍉,02/20
小米和华为就只差一个特朗普的广告？,02/20
中东局势、伊朗疫情；东北亚自贸区、日本与韩国疫情！几年前之中东呼吸症、全球人种之区分、紫外线强弱区别！国内各方舆论扑朔迷离、近期南海区域异动以及特朗普即将访问印度！全球医药控盘者：洛克菲勒财团！中国的4+7医药体系全面改革，社保类西药腰斩、腰斩、再腰斩！以及近期中药与西药的多维度抗衡，网络水军的歇斯底里……L时差视频的微博视频,02/20
特朗普考虑提名“坚定盟友”出任国家情报总监O网页链接,02/21
"#特朗普不满寄生虫获最佳影片#………好吧我也喜欢gonewiththewind,经典中的经典sunsetblvd……这个值得推荐吗？寄生虫看过了好坏不做评价。太压抑，不大适合咱这样的中年妇女本身就容易更年期需要阳光点的。",02/21
从道琼斯工业指数上看，恐怕美国很快就要歇菜了，100年的繁荣，今年大概就要结束了，不过在此之前，应该还需要几个月的时间，还有至少一次幅度在1000点左右的下探，之后可能在此创新高，而那最后的高点，将会是未来很多年美国难以企及的股市最高值，而之后的哗啦啦，特朗普可能会无法言喻,02/21
#特朗普不满寄生虫获奥斯卡最佳影片#这是在开会吗？仿佛是在讲脱口秀，美国甚至于整个欧洲对于文化，经济等领域的自我保护意识实在是太强了，强到你能清楚的感受到他们赤裸裸的排外，种族歧视，连颁个电影奖都那么小气，所以十年内亚洲电影在奥斯卡应该很难再有机会，去了估计也是白跑，何必呢？做人要有骨气，就让那些个自以为懂艺术的没落贵族自生自灭吧。,02/21
【摇滚歌手#为给特朗普投反对票入籍美国#公开炮轰：你是我国的耻辱】2月18日，加拿大传奇摇滚歌手尼尔·杨发公开信炮轰特朗普，将他称作“我国的耻辱”。为取得2020年大选投票资格，尼尔·杨入籍美国，现在拥有美国加拿大双重国籍。@世面L世面的秒拍视频,02/21
【#特朗普不满寄生虫获最佳影片##寄生虫发行方称特朗普看不懂字幕#】2月20日，美国总统特朗普在科罗拉多的一次竞选集会上表达不满《寄生虫》获今年奥斯卡最佳影片。他称，我们跟韩国的贸易问题已经够多了，现在又给了他一个年度最佳电影。这部片子好吗？我不知道，我期待着像《乱世佳人》或者《日落大道》这样的电影回归，然而（今年）奥斯卡最佳影片的获得者居然是一部韩国电影，这种事以前有过吗？随后，《寄生虫》北美发行方NEON转发该视频，并写道，可以理解，因为他读不懂字幕。L新京报我们视频的秒拍视频,02/21
艺术&政治特朗普不满《寄生虫》获奥斯卡最佳影片，你怎么看？👉O舒琪学姐:特朗普不满《寄生虫》获奥斯卡最佳影片，你怎么看？-知乎来源:@知乎,02/21
昨晚看完寄生虫，到现在心情都沉重，不知道男主何时能挣够钱买下别墅救他爸出来......#特朗普不满寄生虫获奥斯卡最佳影片#,02/21
"今天看完了寄生虫，是好看的没错，但有好到拿奥斯卡的地步吗?再看看特朗普对不满外国人拿奥斯卡的迷惑发言，奥斯卡总归还是西方话语权的一个象征。中国导演与其专注于拍出""让奥斯卡满意""的作品，不如专注于拍出""霸王别姬""类的作品。可以respect，但完全接受被其影响，没必要。",02/21
#搞笑幽默##特朗普不满寄生虫获奥斯卡最佳影片#hhhhhhh,02/21
特朗普要来！印度驱贫民赶猴子，甚至还建了一堵500米遮羞墙O网页链接,02/21
《特朗普将要访问印度，除了生意，他还想干什么》第二就是土耳其这个自以为是的国家，不知深浅地在中东与俄罗斯就叙利亚的内战“杠”了起来。O网页链接,02/21
特朗普给美国农民吃定心丸：如果我们被针对的农民需要额外援助，直到与中国，还有与墨西哥，加拿大的贸易协议完全生效，这笔援助将会由美国政府联邦提供，这笔资金来自于美国收取的大规模关税。,02/21
【摇滚歌手#为给特朗普投反对票入籍美国#公开炮轰：你是我国的耻辱】2月18日，加拿大传奇摇滚歌手尼尔·杨发公开信炮轰特朗普，将他称作“我国的耻辱”。为取得2020年大选投票资格，尼尔·杨入籍美国，现在拥有美国加拿大双重国籍。@世面L世面的秒拍视频,02/21
美国总统特朗普抱怨奥斯卡：为啥要给一个韩国电影！？#环球见闻##特朗普不满寄生虫获奥斯卡最佳影片#,02/21
14名感染病毒美国人回国，特朗普大怒！“美国优先”政策害人害己O14名感染病毒美国人回国，特朗普大怒！“美国优先”政策害人害己,02/22
特朗普终于明白了：已经逼出一个华为不能再逼出一个中国航空O网页链接,02/22
我在看：【不甘失去万亿市场，特朗普撕毁桌上文件，美大佬沮丧：中方又赢了】#跟新浪看热点#O不甘失去万亿市场，特朗普撕毁桌上文件，美大佬沮丧：中方又赢了,02/22
#华南海鲜市场并非新冠病毒发源地#特朗普：没有人比我更了解流感和新冠病毒!,02/22
特朗普放出狠话，中国若不参加新军控协议，美将重建最强核武力量O特朗普放出狠话，中国若不参加新军控协议，美将重建最强核武力量,02/22
#柏林电影节#特别展映单元[狩猎的时间]记者会，导演尹成贤被问到怎么看美国总统唐纳德·特朗普猛烈抨击[寄生虫]的言论？“我很生气。我感觉他真的无所谓自己那些挑剔的看法。虽然我还没有认真地思考过他言论里提到的问题。但讲真的，如果这些话影响我了，我也不会怕，不会把这些话当真的。他的确说过很多事，但我不认为他说的所有话都要当真。”L看电影的微博视频,02/22
《局势变了！2个核心原因，特朗普或将无缘总统连任？》这也就是说，美国经济是特朗普竞选连任最关键的一张牌。O网页链接,02/22
喜欢大排场！⚡⚡印度出动700万人迎接特朗普？还花6000万修“隔离墙”藏起穷人O网页链接,02/22
金灿荣：世界上有三个特朗普！网友：长知识了L金灿荣：世界上有三个特朗普！网友：长知识了@优酷,02/22
#美丽的风景线#印度古吉拉特邦，为迎接特朗普的到来，美国特勤队的直升机提前在空中巡逻，做准备安保预防措施！L军界萌主的微博视频,02/22
今天来总结一下旭仔一家子sj粉圈实锤P1P2为陈星旭舅妈在撕番当天内涵合作同事是🐔但是小猩猩非说是内涵特朗普特朗普下一天干的事舅妈竟然能前一天就预知到并内涵P3为陈星旭爸爸点赞cp向撕番内容真是low点赞瓜妹撇清关系却又点赞瓜妹望夫图P4陈星旭妈妈关注cp超话p5陈星旭舅舅关注qts抖音我们一家子sj就是要整整齐齐@陈广毅@张瑾女士@卢娜老师@大熊张宇,02/22
今天，阔别一月的男友终于要回来了。当敲门声响起的时候，我兴奋地开门，扑到了快递小哥的怀中。#健忘症爷爷打扫方舱医院##杜富国妹妹驰援武汉##特朗普不满寄生虫获奥斯卡最佳影片#,02/22
#人间失格#特朗普演的人间失格O网页链接这是的一篇文章，看到的朋友，请帮我转发一下吧，谢谢了,02/22
特朗普万万没想到，“疫情”带来的“世界拐点”已出现！O特朗普万万没想到，“疫情”带来的“世界拐点”已出现！,02/22
从我们的视角来看，特朗普这个美国总统真的是不按常理出牌。说他打压华为反华，却对类似香港这样的政治攻击完全不上心；说他只想着做生意，却又在贸易谈判上不断提出荒谬的要求。难道这堂堂美国总统，真的是一个任性妄为的“大宝贝”？#文化战争##抗击精神鸦片病毒#『特朗普：表面上反复无常，背后却都是精打细算』O特朗普：表面上反复无常，背后却都是精打细算,02/22
《刚刚！特朗普突然发出请求：希望中国不要取消订单》近日从美国白宫内部传来的一条消息引爆了中美两国的舆论界，白宫此前计划将对通用电气生产的LEAP-1C航空发动机颁布限制出口的法令，而被针对的对象就是我们。O网页链接,02/23
荷包蛋——蛋（1）炒饭——辣炒方便面（蛋×1）——biangbiang面的鸡蛋（1）胸柿臊子马·特朗普·琪：没人比我更懂鸡蛋🥚🍳,02/23
喜欢了七年的EXO，我的哥哥们真的很棒很帅被英皇肯定的是EXO特朗普女儿喜欢EXO被韩国总统接待过的是EXO世界杯放过的歌是EXO的power平昌冬奥会闭幕式参加的是EXO首个登上迪拜灯塔的是EXO奥巴马曾手举EXO应援手幅迪拜喷泉首个放韩国的歌是EXO的power出席青瓦台晚宴与特朗普共进晚餐的是EXO冬奥会领唱国歌的是EXO边伯贤被新闻联播播报过许多次的是EXO2000年总专辑销量首个破1000万的是EXO破了吉尼斯记录的是EXO历史上唯一拿MAMA五连的是EXO二辑就打破了韩国十几年专辑记录的是EXO得奖太多导致金唱片改了31年规矩的是EXO快看漫画官博是个爱丽本命边伯贤吃鸡官博是个爱丽本命吴世勋中央编导是EXO的忠粉权志龙说自己最喜欢的后辈团是EXOGucci代言人是金钟仁Tommy宣广人是朴灿烈Zegna全球代言人是吴世勋奇迹的名字叫EXO,02/23
#凤凰新闻#分享凤凰新闻：偷偷将14名确诊患者带回美国，特朗普大怒O偷偷将14名确诊患者带回美国，特朗普大怒来自@凤凰新闻客户端#琪哥带你看世界##琪哥带你去旅游#,02/23
#特朗普称愿与塔利班签署和平协议#被塔利班制服了？还是继续脱身？商人出身的特普朗还是觉得在阿富汗投入太大，产出太少，时不时还被塔利班炸死美国大兵，赶紧溜了，很多重要的麻烦事还等着解决呢！,02/23
《51票赞成45票反对，特朗普以6票之差落败，一夜之间彻底失去权势》近日，美方参议院进行了一项提案的投票表决，主要内容是限制白宫方面发起战争的权力。O网页链接,02/23
#钻石公主号乘客出现第3例死亡病例##军运会五外籍运动员患的都是疟疾#建议联合国召开紧急会议……快速成立专家团队，每个国家派出两个医疗专家参与，到酶国进行紧急调查，对他们出现死亡的流感病人提取病毒样本……给世界一个公正的答案！以消除全世界的疑虑！如果特朗普在掩盖真相，建议酶国议员提起新的强硬弹劾程序……这种掩盖真相，导致传染扩散和蔓延的行为就是犯罪……如果照这样发展下去……相信很多国家，都会沦陷……我相信全世界都希望得出一个真相和结果，更希望酶国能证明自己的清白。,02/23
重磅！新冠病毒来源于美国，特朗普狼子野心！！！O网页链接（使用@美篇App创作）,02/23
特朗普叫嚣对伊朗动武，但美媒却毫不留情揭穿老底，泼一盆冷水O网页链接,02/23
《访问印度前，特朗普“演”了一场史诗级宝莱坞动作大片》访问印度前，特朗普“演”了一场史诗级宝莱坞动作大片O网页链接,02/23
【特朗普称愿与塔利班签署和平协议】据法新社最新消息，美国总统特朗普表示，他愿同塔利班签署一份和平协议。（海外网）#中东战报##特朗普纪实#,02/23
【特朗普称愿与塔利班签署和平协议】据海外网援引法新社报道，当地时间23日，特朗普表示，若在阿富汗达成和平协议，那么愿与塔利班签署这份协议。报道称，特朗普在启程前往印度前说：“我愿意写上我的名字。”阿富汗于22日部分停火协议生效，塔利班、美国和阿富汗军队同意实行为期一周的“减少暴力”。,02/23
【#特朗普称愿与塔利班签署和平协议#】据海外网援引法新社报道，当地时间23日，特朗普表示，若在阿富汗达成和平协议，那么愿与塔利班签署这份协议。报道称，特朗普在启程前往印度前说：“我愿意写上我的名字。”阿富汗于22日部分停火协议生效，塔利班、美国和阿富汗军队同意实行为期一周的“减少暴力”。,02/23
《【特朗普分享与儿子有趣对话：爸我忙着呢，特朗普：我可是总统】当地时间21日，特朗普结束了在内华达州为期四天的美国西部竞选活动。在该州最大城市拉斯维加斯的集会上，特朗普分享了一段他与儿子的有趣对话：爸我忙着呢，特朗普：我可是总统，别这么跟我说话。巴伦：怎么了爸我在玩电脑。》O网页链接,02/23
沙特和俄罗斯在减产问题的分歧依旧持续！未来几天和几周内，随着俄罗斯继续回避欧佩克深化减产的要求，而沙特仅仅通过言论来提振油市，油价可能会出现更大的波动；在这些情况下，利比亚的石油封锁可能会继续下去，而市场则在猜测，委内瑞拉是否会通过与另一家俄罗斯石油企业合作，绕过特朗普政府对其的最新制裁，来获得部分石油！天方夜谭《股票与期货》,02/23
美股跌，a股肯定跌，美股涨a股不一定涨，中国股市没啥好玩的，这么多年看下来真的扎心，特朗普估计又要针对美股跌发表言论了，毕竟美国人八成的钱都在股市,02/24
天下奇闻|斯洛伐克总理因急性上呼吸道感染伴高烧入院乔治克鲁尼千万豪宅被淹(来自@界面新闻)乔治·克鲁尼1500万美元英国豪宅被淹；斯洛伐克总理紧急住院：急性上呼吸道感染，伴有高烧；全球最高龄117岁老人或参加东京奥运会圣火传递；韩国疫情爆发地民众排数百米抢购口罩，网友急了：危险！特朗普大怒称事前未听说感染者会回国……O天下奇闻|斯洛伐克总理因急性上呼吸道感染伴高烧入院乔治克鲁尼千万豪宅被淹,02/24
桑德斯说的对！美国大选热门话题总是离不开中国，反正也选不上不如扯大点，而且依美国民主党的尿性来看，他们绝对不会袖手旁观，最起码会在旁边拍照#美国大选##桑德斯欣赏特朗普发色#,02/24
你的真心话，也是我们的真实所想。腾讯新闻#马来总理吐槽：特朗普恃强凌弱让美国变成世界上最讨厌的国家O马来总理吐槽：特朗普恃强凌弱让美国变成世界上最讨厌的国家#来自@腾讯新闻,02/24
印度欢迎特朗普这个场面，只要有一个确诊病例，就可以团灭了……L王冰汝的微博视频,02/24
#腾讯新闻#特朗普发怒后，美国拒绝安置感染的侨民O特朗普发怒后，美国拒绝安置感染的侨民来自@腾讯新闻,02/24
特朗普引印度内讧，欢迎仪式后，印度高官：掏空国家O特朗普引印度内讧，欢迎仪式后，印度高官：掏空国家,02/24
李易峰#李易峰徐天##我在北京等你#今晚心情不太好，这些都是有感而发，李易峰他这么好，不应该被埋没。我没有什么时候比此时更憎恨特朗普，更憎恨毛衣战了。李易峰@李易峰是个好演员，他为这部剧付出了这么多，他本应得到更好的回报，最后却因为这些不可控的因素而遭到了他本不应遭遇的东西，这时我才终于明白演员的无奈，你只能尽力去做好你能做的事，其他的，你真的没办法，付出和回报，真的不一定对等。但是，他的努力总归是会有人见证到的。他说：越努力越幸运。我相信，一切都会好起来的，这么好的李易峰，不会被上天辜负的。我原本是想来听峰峰飙英文的，现在看来，大概没机会了。法庭那段当背景音的英文，应该是峰峰的英文原声吧，虽然声音很小，但听得出来，非常流利，发音很好，真的可惜，居然被那毫无感情的配音给挡了，我心痛啊。话说，配音为什么不好好选一个呢，我说实话，那配音的台词功底我认为确实不咋地，包括女主的那位配音也是，真的让人出戏，很难受啊！为什么不能让演员自己配后来补的那段呢？@电视剧我在北京等你我不太明白，单纯问问。声音换来换去，是真的难受啊！才开播现在还能补救吗？对于《我在北京等你》，要说寄予厚望呢，其实也没有，但是期待值绝对是满分的，毕竟是三年来的第一部回归剧。我不想多说什么责备的话，大家都有自己的难处，只要剧方不作妖，安安分分播剧，我们草粉的战斗力还是很可观的。也希望后面的剪辑和配音能越来越好吧！能喜欢李易峰到现在不爬墙的都是很能坚持的，三年没有电视剧播，三年是什么概念，大家都清楚，说句心里话，要不是李易峰争气，早糊了。当我知道《我在北京等你》要播的时候，我除了激动，更多的是感动，我终于守到他了啊！我是想哭的，我也不知道为什么，就是想哭。我的King，他回来了！@李易峰只有草粉才能理解我们内心的这种感受吧。李易峰这个大男孩，我此生唯一追过的人，我的心给他了，就再也收不回来了，我的心里装下他了，就再也装不下别人了。有句话说的对，粉丝是真的不会夸人，只会啊啊啊。也不是没文化，只是当你面对你的爱豆时，你真的不知道要怎么去夸赞他，想要把世间一切美好的形容词都送给他，最后反而不知从何说起，唯有啊啊啊最直白。我对峰峰，就是如此了。看完《动物世界》后我就决定要为它写一篇影评，一篇真正的影评，不是网上那些营销号千篇一律的影评。到今天我也不记得刷过几遍了，但是影评，至今也没写出来。不是不会而是每次一抬笔，我就特别激动，怎么写都觉得不行。这大概就是追星的真实状态了。@电视剧我在北京等你思维有些发散，写了这么多东西，最后还是回归正题，对于老北京，我不苛求，但是剧方也别想欺负我们峰哥，我们要的是什么，大家都清楚，这也不过分，只不过是他应有的待遇，自古就是nozuonodie。望有自知之明。大家都是相互的，你对我们家峰哥越好，我们自然更买账。我会继续支持《我在北京等你》，剧有瑕疵，没关系，关键是要有补救的态度，最好别连累我李易峰。我们的买单，是因为这个人是李易峰，是因为我们知道他为此付出了多少，他是个很好的人，应该被善待，峰哥的排面我们肯定不会少了的。最后的最后，其实剧真的很不错，希望那些问题能慢慢被修补，也祝《我在北京等你》收视长虹！,02/24
实时播报：白宫副新闻秘书吉德利拒绝对美国总统特朗普政府可能向国会要求的资金数额予以置评。,02/24
#凤凰新闻#分享凤凰新闻：特朗普到访印度莫迪送给他一个特别的礼物O网页链接来自@凤凰新闻客户端#琪哥带你看世界##琪哥带你去旅游#,02/24
"我分享了【日媒突抛重磅猛料：病毒源头来自美国？特朗普要效仿中国停课关门！】,快来看吧！|O日媒突抛重磅猛料：病毒源头来自美国？特朗普要效仿中国停课关门！",02/24
他一副胸有成竹的样子，仿佛在向世人宣告，没有人比我更懂新冠肺炎L世面的秒拍视频,02/24
为什么特朗普谴责强硬派推动与中国进一步脱钩WhyTrumpRebukedHardlinersWhoPushedforMoreChinaDecoupling,02/24
《特朗普发怒后，美国拒绝安置感染的侨民》包机从“钻石公主号”邮轮接回侨民后，美国新冠肺炎病例陡增。O网页链接,02/24
#中国蝗灾防治工作组抵巴基斯坦##特朗普首次正式访问印度#印巴冲突。。。,02/24
博爱精神【为博特朗普欢心莫迪引发众怒！印度国会领袖：丢人现眼、令人作呕】据印度新德里电视台本月23日报道，印度国会领袖阿德尔将美国总统特朗普比作宝莱坞电影当中的一个反派，直言特朗普是恶棍。喷完了特朗普之后，又指责莫迪为讨好特朗普耗费巨资，还让印度贫民躲藏甚至搬家。还有消息人士指出，阿德尔身边的人最近经常听见他抨击莫迪，称莫迪巴结特朗普的做法令人作呕，给印度人丢人。并告知外界，已经拒绝了特朗普晚宴的邀请。阿德尔这么大脾气完全可以理解，近期莫迪的一系列做法实在有些过分。特朗普定在24、25号两天访问印度，虽然只来两天，并且只去两个地方，但是莫迪却挖空了心思，在自己的老家古吉拉特邦修墙，把贫民区跟特朗普将前往的地方隔开，有些没法操作的地方，就让印度人躲起来或者搬走。需要注意的是，特朗普只在古吉拉特邦停留一天，而他还要睡觉、参加活动、出席宴请，基本上不会在公开场所停留多久，但莫迪就为了这么短的时间，让印度人做出牺牲，离开自己生活的地方，这意味着，在莫迪眼中，特朗普远比自己的子民重要得多。除此之外，莫迪还特意组建了一个“女团”，进行了各种各样的培训，只为了能够陪好特朗普的老婆。在得知特朗普要参观泰姬陵的时候，莫迪又开始安排泰姬陵的清扫工作，甚至耗费巨资调来恒河水冲洗泰姬陵外的臭水沟。而这一切，只为了给特朗普留下一个好印象。不禁要问，给他留下好印象有什么用？面子上的工作确实得做，但是有必要做到这个地步吗？为了美国总统两天的访问行程，引发了绝大部分印度人的公愤，这么做值得吗？这已经是一种低三下四的姿态了，正如阿德尔所说，丢人现眼。莫迪已经通过实际行动安排了一场不平等的外交活动，比印度环境糟糕的国家有不少，特朗普又不是没去过，也没见谁会为了特朗普的访问就搞得全民皆兵。印度确实有求于美国，但是有求于人并代表就低人一等，姿态放得越低，就越会让对方感到高高在上，等到了谈判的时候，反而会起到反作用，尤其是对于特朗普这种商人出身的总统，更是深谙此道，莫迪搞这么一出，很可能会搬起石头砸自己的脚。#博爱精神##国际军事#,02/25
【印美领导人举行会谈未就贸易问题达成一致】原标题：印美领导人举行会谈　　新华社新德里2月25日电（记者赵旭）印度总理莫迪25日与到访的美国总统特朗普在新德里举行会谈。印度确定向美国采购价值30多亿美元...O网页链接,02/25
【特朗普当众狂飙印地语，奇怪发音引崔娃爆笑吐槽】24日，特朗普在印度艾哈迈达巴德发表讲话，多次狂飙印地语和印度人名，奇怪的发音在网上引发吐槽。脱口秀主持人“崔娃”也在节目中播放了特朗普念印地语的片段，当场笑疯。L微丢的微博视频@微丢L微丢的微博视频,02/25
正在印度访问的美国总统特朗普，在印度艾哈迈达巴德体育馆向印度人演讲，“欢呼”声突然安静！当着数万印度民众的面，特朗普说“我们与巴基斯坦关系非常好”。突然，让台下印度民众震惊的是，特朗普转向美巴关系，称“我们与巴基斯坦的关系非常好”。O网页链接,02/25
#特朗普印度#为什么嘲笑特朗普，谁叫你有底气这样吗,02/25
【两江总督府】今年，我国国内以湖北武汉为主的地区全国性的爆发的新型冠状病毒肺炎，中国举国上下可以说是陷入中国一天内连续传出两大好消息！对不起特朗普，这次又让你失望了O网页链接,02/25
#特朗普印度#干啥啥不行，嘴炮第一名🙄,02/25
#特朗普印度##心机boy特朗普#你不了解特朗普，一个憨憨是做不了美国总统而且还让弹劾失败的，所以他是个心机boy，你们已经被迷惑了双眼，而我一个人独清,02/25
万人现场突然安静特朗普在印度说“我们与巴基斯坦关系非常好”当地时间2月24日，正在印度访问的美国总统特朗普面对“热情”的印度民众，称赞美印良好关系的同时，也没有忘记印度的邻国巴基斯坦。特朗普在艾哈迈达巴德演讲时，谈到了美国的反恐努力以及美国与印度间的关系，现场响起热烈的掌声。然而突然间，特朗普转向美巴关系，称“我们与巴基斯坦的关系非常好”，随后，台下印度民众赞赏式的欢呼突然变得安静。L这视频的秒拍视频,02/25
特朗普在印度是，项庄舞剑，意在沛公。沛公是谁?是谁?是谁?这位沛公就是俄罗斯。美国慢慢挤出俄罗斯在印度也就是南亚的力量，至此欧美沿着中东，南亚，直至到南美的一条堤坝就建成了。俄罗斯会一步步感觉囊中羞涩，一步步感觉呼吸困难。那么中国怎么办?中仍然如此，看准欧美全世界布局，摊子越大，那么他的力量是最弱。看准时势展开金融进攻。,02/25
【特朗普当众狂飙印地语，奇怪发音引崔娃爆笑吐槽】24日，特朗普在印度艾哈迈达巴德发表讲话，多次狂飙印地语和印度人名，奇怪的发音在网上引发吐槽。脱口秀主持人“崔娃”也在节目中播放了特朗普念印地语的片段，当场笑疯。L微丢的微博视频@微丢,02/25
美股就此见顶，特朗普竞选阻碍增加,02/25
发布了头条文章：《特朗普访印演说：印度是强大、高贵的民族，给全人类带来了希望》O特朗普访印演说：印度是强大、高贵的民族，给全人类带来了希望,02/25
#特朗普印度#金鱼普挺会说的哈,02/25
#特朗普印度#哈哈哈哈哈嗝最怕空气突然的安静。,02/25
#闲言三二拍#特朗普和他的执政团队，美国参议院众议院，CDC等等机构和人，此起彼伏演得多逼真呀！反反复复公布50余例，各种行动迟缓，各种信誓旦旦，各种领导带头造谣中伤诽谤我国，参众两院口罩听证会，类似情形枚不胜举，兴风作浪也好，编排议题在我，传播主导在我，不管怎么样，国际舆导话语权在大美国。我们常说听其言观其行，别光顾着看话语权播送的形形色色，美国差三亿个口罩的危言众听能否从梦想照进现实？美国新冠肺炎疫情能不能量大面广起来？都是未知数，亦是考验题，又或者50余例持续到全球疫情结束，然后也好了，这不就是演员阵容强大的美国政界齐上阵的双簧大剧，终于END了。以上纯属猜想，如有对号入座，伤害了整个世界的猜想对象负主要责任，世界人民决不允许放过。,02/26
#特朗普新冠肺炎发布会#没人比我更懂新冠病毒，为了美国人民的利益，我决定停止中国人进入美国境内。截止时间待定！（以上预测）,02/26
【费尽心思！白宫御医为帮特朗普减肥，想出了一个奇招】现年52岁的龙尼·杰克逊是美国海军退役少将，一直在白宫工作。2013年7月，他被前任总统奥巴马任命为“总统医生”。2019年2月，现任总统特朗普特别为杰克逊设立了一个新的职位，叫做“总统首席医疗顾问”，也被戏称为“白宫御医”。去年12月，杰克逊已经从白宫辞职，目前正在以共和党员的身份竞选德克萨斯州第13选区的国会众议员席位，因而受到了外界的广泛关注。值得注意的是，在这个选区，共有15位候选人争夺共和党的初选提名，竞争非常激烈。不过，白宫并没有为杰克逊这位“老员工”提供特别的帮助。（余下全文>>>）O费尽心思！白宫御医为帮特朗普减肥，想出了一个奇招,02/26
#印度骚乱#特朗普访问印度期间爆发了严重骚乱，据悉死亡二十几人，数百人受伤。其实印度宗教问题已经延续了千年，印度教和伊斯兰教教徒一直水火不容。著名印度影片《小萝莉和神猴大叔》探讨的就是这个问题。当然直接原因是印度12月份新颁布的修正法案把伊斯兰教移民排除出入籍通道，所以矛盾冲突愈演愈烈。选在这个时间点爆发，制造骚乱者肯定是希望引起灯塔国的注意，得到美国的支持，不过特朗普好像并不感兴趣，他更感兴趣的是生意。,02/26
【说的一口大实话活该你马云又首富】#马云再次登顶中国首富#最近，马云的这段视频在海外开始重新流传。美国人民大呼，这个视频是“对特朗普的绝佳回应”！难怪阿里巴巴的生意能做这么大，国家和国际局势都看的如此通透，口才也这么好，马云真是雄才大略，太厉害了！L老板联播的秒拍视频,02/26
转//#看点快报#《“印度是一个宽容自由的国家”，特朗普话音刚落，会场外响...-看点快报》O网页链接,02/26
【#马云再次登顶中国首富#，任正非与特朗普财富并肩】2月26日，胡润研究院发布《胡润全球富豪榜》显示，亚马逊贝索斯连续三年成全球首富，马云以3150亿元成为中国首富，位列全球第21位。而华为任正非的财富增长7%，跟美国总统特朗普的财富一样。排名榜单，点击>>O网页链接LNBD视频的微博视频,02/26
特朗普做什么事都是迷之自信。,02/26
【#马云再次登顶中国首富#，任正非与特朗普财富并肩】2月26日，胡润研究院发布《胡润全球富豪榜》显示，亚马逊贝索斯连续三年成全球首富，马云以3150亿元成为中国首富，位列全球第21位。而华为任正非的财富增长7%，跟美国总统特朗普的财富一样。排名榜单，点击>>O网页链接LNBD视频的微博视频,02/26
任正非与特朗普财富并肩】2月26日，胡润研究院发布《胡润全球富豪榜》显示，亚马逊贝索斯连续三年成全球首富，马云以3150亿元成为中国首富，位列全球第21位。而华为任正非的财富增长7%，跟美国总统特朗普的财富一样。排名榜单，『2020年胡润全球富豪榜(搜索版)』O2020胡润全球富豪榜搜索版,02/26
被特朗普圈粉。也太可爱了吧。,02/26
“山川异域，风月同天”这句话，美国总统特朗普也说了@QQ浏览器O网页链接,02/26
印度找到了与美国最大的共同价值——民主，但是，印度总理莫迪给特朗普三支猴子🐒，一只不说，一只不看，一只不听，这不是拿咱们当猴耍吗！,02/26
【#马云再次登顶中国首富#，任正非与特朗普财富并肩】2月26日，胡润研究院发布《胡润全球富豪榜》显示，亚马逊贝索斯连续三年成全球首富，马云以3150亿元成为中国首富，位列全球第21位。而华为任正非的财富增长7%，跟美国总统特朗普的财富一样。排名榜单，点击>>LNBD视频的微博视频,02/26
我在看：【现场！特朗普当众狂飚印地语这位美国著名脱口秀主持人直接笑场】#跟新浪看热点#O网页链接,02/26
#特朗普暗恋肖战#馋身子馋身子,02/27
#特朗普暗恋肖战#哈哈哈哈哈哈哈哈哈哈哈哈哈哈哈哈哈哈哈哈哈哈哈哈哈哈哈这个tag我真的笑晕了哈哈哈哈哈哈哈哈哈,02/27
#特朗普暗恋肖战#一轮明月下，特朗普小酌了一口红酒，身心俱疲下唯有那一抹身影让他久久牵挂：有我在，不怕你没热度，老福特挂了我还能叫人去你超话继续写。,02/27
#特朗普暗恋肖战#艹了我笑死了哈哈哈哈哈哈哈哈哈哈哈哈哈哈哈哈哈哈哈哈哈哈哈哈哈哈,02/27
#特朗普指定彭斯负责应对新冠肺炎疫情#特狼谱：一切尽在掌握之中（傲娇脸）,02/27
美股从2009年以来长达11年的牛市是否要终结呢？看特朗普还能怎么玩记得某wu前两年看空美股脸肿得不轻，现在不知道咋样了？还敢喊空吗,02/27
#特朗普暗恋肖战#这是什么啊艹哈哈哈哈哈哈哈哈哈哈哈哈,02/27
#美股大跌#特朗普才是股市里最🐮🍺的操盘手吧,02/27
特朗普这个鸡贼，不敢明着说新冠肺炎影响其实不大，就拐着弯说，oh，我很惊讶美国每年69000人死于流感，当听到这个数字的时候我震惊了还说中国的数字在下降，那是不知道我们付出多大牺牲吗L财联社CC新闻的微博视频,02/27
《这个时候，安倍政府又开始了紧急的国家公关活动，首先又开始与美国特朗普内阁进行沟通，最》黄生看金融在百度动态发表了新动态O网页链接,02/27
#特朗普暗恋肖战#我今晚笑死在这里哈哈哈哈哈哈哈哈哈哈哈,02/27
磕到了🙈🙈🙈#特朗普暗恋肖战#,02/27
【评】：特朗普披露，美国流感每年死亡人数是2.9万-6.9万人。让特朗普十分震惊。确实，我们活这么大，每年全国的死亡人数总计多少，都是因为怎样的原因死亡，这个统计是非常重要的事情不是吗？你看，新冠病毒导致的死亡人数，就1-2月份而言3000人，就算5000人吧。但是，对比每年死亡总数接近900万人而言，那真是小巫见大巫。为什么国家卫健委每年没有披露全国的死亡人数，以及重要的死因。比如车祸常识是每年大致10万例，各类疾病导致的死亡数呢？这些数据有助于我们提升防范意识，减少非正常死亡，以及疾病的重点预防，提升国民的健康和生命安全。我觉得这点而言，是国家社会严重的缺失。国家卫健委要担负起这样的责任来，提升国民的健康和安全素质。而不仅仅是新冠这么一项疾病。【根据国家统计局的数据，每年全国死亡人口大约890万人】根据国家统计局的数据，每年全国死亡人口大约890万人其中。中国每年非正常死亡人数超过320万：单项统计：1.每年因自杀死亡者高达28.7万2.中国每年约有二十万人死于药物不良反应3.每年医疗事故死亡20万人（估算）4.中国每年死于尘肺病约5000人（估算）5.每年约有13万人死于结核病6.2005年全国共报告甲、乙类传染病3508114例，死亡13185人7.中国每年道路交通事故死亡约10万。8.全国每年因装修污染引起的死亡人数已达11.1万人9.中国目前每年工伤事故死亡约13万多人10.每年触电死亡约8000人11.我国火灾年平均损失近200亿元，并有2300多民众伤亡12.全国每年1.6万中小学生、3000大学生非正常死亡13.中国每年死刑执行近万宗14.各类刑事案件死亡年均近7万人15.广州每年产生约1200具无主尸体16.中国每年因使用不当导致农药中毒的死亡人数达上万人17.每年食物中毒死亡数万18.1986年因酒精中毒死亡9830人19.我国每年过劳死人数达60万20.承每年因大气污染死亡38.5万!以上合计约230.5万！！！,02/27
#特朗普暗恋肖战#完了完了，走不出去了是怎么肥四？呵呵红红火火恍恍惚惚呵呵哈哈哈,02/27
#特朗普暗恋肖战#刚刚还义愤填膺的我，成功笑死在这个tag里了,02/27
转//#看点快报#《特朗普坚称自己防控病毒做得好：我们还没一个人死，要继续保持》O网页链接,02/28
我觉得就很搞笑xz唯粉还看不起特朗普，我说真的人家一国家总统家里有钱到爆炸，老婆不知道比你蒸煮好看多少了真的是送上门去人家都不会要惹举报真的biss哈,02/28
"『口罩股暴涨！美国口罩价格疯涨，韩国需求暴增76倍，意大利限购！特朗普或启用""战时法""扩大产能，世界都在等待中国……』O口罩股暴涨！美国口罩价格疯涨，韩国需求暴增76倍，意大利限购！特朗普或启用""战时法""扩大产能，世界都在等待中国……",02/28
赌钱只要你不输肯定会赢的//【特朗普还是承认了：美国疫情好转前可能变得更糟】O特朗普还是承认了：美国疫情好转前可能变得更糟,02/28
您的個人旅遊體驗與我無關，有什麼想讓我幫忙的直說，沒有或者是我做不到的事情別問，就這樣。我要是能給您操控民意特朗普高薪挖我去助選了，我還在這幹嘛,02/28
#道琼斯#道指又跌了1000点，美股崩盘了，特朗普赶紧出来发推特。,02/28
欧美股市再次暴跌，全球经济因肺炎疫情的影响放缓无法避免。这才是正常的反应，经济受影响股市不跌反涨，只有A股做得到。这次节后救市，猜测资金会比15年翻倍都不止，买的全是中小创的所谓科技股，实际的题材股、垃圾股。尽管有基建地产无限为我们创造GDP，我们的经济对外依存度依然有50%以上，但我们占全球经济的份额并不大，依然无法扭转全球的经济规律，美国都不行。国内经济和股市跟随全球下跌无法逃避。在国内，我们可以短期违背经济规律，但不要指望内需能解决所有问题。美国08年次贷危机前就是高度依赖消费，消费占GDP的比例70%多，后果就是泡沫破裂，奥巴马和特朗普努力使制造业回归，重振实体经济，才有了08年后美国经济的长期稳定发展。还好这次股灾，杠杆加得很少，场面没有15年惨烈，但救市资金还是被埋了。我还是那个观点，不该仅仅是换个证监会主席，李总要负责任。更可怕的后果是如果经济受冲击，我们没有08年那般幸运了，因为现在杠杆太高了，地产、基建的泡沫史无前例。失业潮来临，地产泡沫破裂不可避免，后果有日本前车可鉴。,02/28
#美股跌#道指又跌了1000点，美股崩盘了，特朗普赶紧出来发推特。,02/28
外媒：美抗疫能力受质疑特朗普或动用战时法律扩口罩产能O外媒：美抗疫能力受质疑特朗普或动用战时法律扩口罩产能,02/28
#特朗普暗恋肖战#这个话题怎么来的？？太恐怖了,02/28
这是什么指数啊，三倍做空，都第三天超过1000点了，特朗普，去太阳了吗，都够射三次去太阳,02/28
#美国N95口罩暴涨5倍##美国加州33人病毒检测阳性##特朗普称新冠病毒风险对美国依旧很低#皇上不急太监急，特朗普稳得很。,02/28
据美国有线电视新闻网（CNN）报道，27日，美国总统特朗普表示，他对美国最终会控制并消灭新冠病毒一事持乐观态度，不过，他承认情况可能首先会变得更糟。截至26日，美国累计病例数达到60例。当天，美国出现了本土首例“感染路径无法追踪”病例。美国疾控中心（CDC）随后警告，这可能是新冠病毒在美国“社区传播”的第一个病例。长安街知事注意到，特朗普一直对疫情的发展保持乐观态度，26日晚间，他还向美国公众透露...O网页链接,02/28
我免费围观了@卢麒元的回答，问题价值100.00元，快来一起围观~O微博问答,02/28
《特朗普对今天美股大跌的解读，两个原因：1媒体夸大疫情；2担心民主党上台，股市才会前所未有的崩盘。L王冰汝的微博视频》一手明星动态，时下热点事件，搞笑幽默段子微博等你来看。O网页链接,02/28
从2007年开始，几乎每隔一段时间我就有种要世界大乱的感觉。以我在07年的见识，一部电影就把我吓得够呛。。。记得后来还有特朗普当选，英国脱欧，都惊得我下巴要掉。今年中国和全世界发生的新冠肺炎疫情，也是。而如果有一天，中国大街随处可见其他肤色的人种，我猜我的下巴依然会好好地呆在它原来的位置。世界其实一直没有停止洗牌，只是身在其中的当代人没有做好直视的准备。历史的洪流裹挟每一个人。决策者或许也无法看到那么远，但普通民众很难有效地发出声音，或者发出正确的声音。不过有一点是肯定的，所有的决定都有consequences.Guesswejustneedtobearwiththemanyway.,02/29
#全球抗疫第一线#特朗普的最好防疫措施就是没收哨子？！,02/29
特战队cp#特朗普暗恋肖战#明天搞小妈文学就这么愉快的决定了,02/29
《剧情反转：特朗普为什么亲自批准向中国出售C919飞机发动机？》其实在几天前的文章中，我们已经对美国政府的做法进行了分析，美国向中国禁售LEAP-1发动机的行为，完全没有必要。O网页链接,02/29
转//#看点快报#《N95口罩缺口2亿多！特朗普或用国防法案强制生产，现实却很残酷！》O网页链接,02/29
读书笔记书单:《特朗普自传：从商人到参选总统》这种生活日复一日，我从未想过要改变。过去的经历让我成长，而只有专注现在，努力当下，我才能创造更好的未来，这正是我工作的乐趣之所在。没有乐趣，又谈何工作的意义呢？,02/29
每次看到别人在新闻下面评论用特朗普造句我就真的会被笑到哈哈哈哈真的好搞笑（就是类似“特朗普：没有人比我更懂吧啦吧啦那种）,02/29
美国疫情告急：可能会是特朗普最大的危机_风闻社区O美国疫情告急：可能会是特朗普最大的危机,02/29
萨达姆事件将再次重演？一切都早有预谋，特朗普瞒过了全世界O网页链接,02/29
[热门]印度面子工程：为迎接特朗普临时修建大门遭倒塌。查看👉👉👉O网页链接印度面子工程：为迎接特朗普临时修建大门遭倒塌O网页链接,02/29
反弹信号乍现！美股经历最惨一周，期指盘后大涨！特朗普和鲍威尔皆发声，重磅维稳预期释放，警报就此解除？O反弹信号乍现！美股经历最惨一周，期指盘后大涨！特朗普和鲍威尔皆发声，重磅维稳预期释放，警报就此解除？,02/29
早知道我怎么也该看一下特朗普文学,02/29
#特朗普暗恋肖战#怎么还有这个cp，这什么人都能凑上cp，怪委屈tlp的,02/29
通过疫情，看清美国无耻嘴脸。特朗普的小人行径，必定会留下肮脏带血的烙印。美国死上万人的流感，难道不是肺炎？天作孽犹可恕，自作孽不可活。,02/29
#方舟子微博#你美国爹咋给美国人民解决新冠病毒的，方大肘子，你出来给大家普及普及，看看你特朗普爸爸跟你说的是不是一样？,02/29
