【#英雄联盟#】欧服第一遇上韩一亚索！给大家表演一波什么叫铁头娃L畅游召唤师峡谷的微博视频,03/01
Theshy大型真香现场：“我对五杀没有什么欲望”#英雄联盟超话#【素材来源网络侵权私信删】L电竞小头的微博视频,03/01
#英雄联盟##LOL大腿#真的希望有些人不要再侮辱这个英雄了，不配真的！L我是大腿快来抱的微博视频,03/01
英雄联盟#英雄联盟#这才是好队友L游戏那个迪摘啊的微博视频,03/01
#英雄联盟#帅气的铁铠冥魂-莫德凯撒，为你痴迷！L游戏动感地带的微博视频,03/01
【英雄联盟官方出品手机APP移动乐享LOL】腾讯超人气MOBA《英雄联盟》正式推出《掌上英雄联盟》app，四大专属功能开辟LOL新战场，让你动动拇指就能查看好友在线状态，与游戏好友在线沟通，同时，还可以查看好友战绩以及最新的官方首发资讯。,03/01
我正在快手看英雄联盟-追风少年的直播，一起来看！#记录世界记录你#O英雄联盟-追风少年的快手直播,03/01
英雄联盟云顶之弈10.2.&3#云顶之奕#图一：六法四海终于如愿以偿体会到一次三星小法毁天灭地的样子！！！图二：极地剧毒凑最多的羁绊，挨最毒的打～,03/01
#2020LPL#我已为@VG英雄联盟送上奖杯，他是我心中的最强战队，快来和我一起为喜爱的战队加油吧！点击送奖杯↓O2020LPL战队势力榜,03/01
#lol卡顿##英雄联盟长时间卡顿#3月1日完23点50分进行的一把无限乱斗比赛，多次短期的卡顿，一直在卡顿，但是原本要输卡着卡着就赢了哈哈哈哈哈哈哈啊哈哈，感谢拳头！！！,03/01
卢本伟开哥还在打英雄联盟吗？,03/01
#2020LPL#我已为@LGD_英雄联盟送上奖杯，他是我心中的最强战队，快来和我一起为喜爱的战队加油吧！点击送奖杯↓O2020LPL战队势力榜,03/01
帮朋友问：为什么有些人玩了十年的英雄联盟还是很菜，如何提高呢？英雄联盟,03/01
仙鹅不知道有没有人注意之前他们集体睡觉醒来后刷牙的叔叔说自己的一天是：刷牙——玩英雄联盟——去找大娘吃饭——上班嗯～我觉得可以yy一下婚后生活,03/01
#英雄联盟#小智：盲僧摸眼吓出发条闪现，这波兵不厌诈太秀了L游戏主播日爆社的微博视频,03/01
#O网页链接#游戏工作室招线上陪玩小姐姐各位小姐姐可以先翻我微博再滴滴我！！打一单结一单无技术及声音要求20-30元每小时！！会王者荣耀/和平精英/英雄联盟lol/绝地求生/云顶之弈/都可以不骗人互相尊重！,03/02
#2020LPL#我已为@LGD_英雄联盟送上奖杯，他是我心中的最强战队，快来和我一起为喜爱的战队加油吧！点击送奖杯↓O2020LPL战队势力榜,03/02
英雄联盟永不石化看见🐍女就扭头#英雄联盟##lol#L网瘾少女小铁的微博视频,03/02
#2020LPL#我已为@VG英雄联盟送上奖杯，他是我心中的最强战队，快来和我一起为喜爱的战队加油吧！点击送奖杯↓O2020LPL战队势力榜,03/02
#英雄联盟##LOL大腿#这就是王者玩法，天秀对决真的太无情。L我是大腿快来抱的微博视频,03/02
笑笑分析RNGUzi：枣子哥被我完全识破，他听了我的意见肯定是好事！“UZI这个人被窝完全识破，他听了我的意见肯定是好事”“他喜欢玩的英雄虽然他玩得好但是不好赢，他不喜欢玩的英雄他其实也玩的很好但是很好赢！”#英雄联盟超话#【素材来源网络侵权私信删】L电竞小头的微博视频,03/02
#2020LPL#我已为@VG英雄联盟送上奖杯，他是我心中的最强战队，快来和我一起为喜爱的战队加油吧！点击送奖杯↓O2020LPL战队势力榜,03/02
#2020LPL#我已为@VG英雄联盟送上奖杯，他是我心中的最强战队，快来和我一起为喜爱的战队加油吧！点击送奖杯↓O2020LPL战队势力榜,03/02
#2020LCK#我已为@GenG_LOL_英雄联盟送上奖杯，他是我心中的LCK的最强战队，快来和我一起为喜爱的LCK战队加油吧！点击送奖杯↓O2020LCK战队势力榜,03/02
吸蓝刀不比岚切香吗？#英雄联盟#,03/02
西部魔影也能玩的这么快乐【#英雄联盟##英雄联盟最佳电竞#】L电竞24小时的微博视频,03/02
#2020LPL#我已为@VG英雄联盟送上奖杯，他是我心中的最强战队，快来和我一起为喜爱的战队加油吧！点击送奖杯↓O2020LPL战队势力榜,03/02
最近又开始打英雄联盟了，这个被我删了下下了又删得有几十次的游戏。开始喜欢打大乱斗了🙈,03/02
#2020LPL#我已为@eStar英雄联盟分部送上奖杯，他是我心中的最强战队，快来和我一起为喜爱的战队加油吧！点击送奖杯↓O2020LPL战队势力榜,03/02
统一回复：不要登陆别人的appleid小心被骗！云顶之弈手游iOS外服应该过几天就公测了（国服未知），拳头邮件激活码只能用一次，和appleid绑定的，转发邮件也没用。唯一方法：去澳服注册，等待拳头发送邮件用激活码在TestFlight里激活，或者登陆有测试资格的appleid。#云顶之弈#英雄联盟,03/02
@英雄联盟同人影流之主,03/03
#LOL大腿##英雄联盟#无情老卡特！秀就完事！L我是大腿快来抱的微博视频,03/03
云顶之弈：3星狗头法强1575%，开大瞬间血量破1万，这是怎么做到的？#云顶之弈##英雄联盟#,03/03
让你在峡谷中选一只萌宠带回现实，你会选谁英雄联盟,03/03
#LOL情人节##LOL玩家#“为啥要咱们两个人一起过情人节？”“…不知道。”“等等，是三个。”劫x凯隐x拉亚斯特的俩人一刀【？】的影流情人节@英雄联盟同人,03/03
陪伴我的只有我自己。无论世界变得怎样荒凉、英雄联盟之LPL最强纳尔EDG上单Korol巧遇SKT中单,03/03
#2020LPL#我已为@VG英雄联盟送上奖杯，他是我心中的最强战队，快来和我一起为喜爱的战队加油吧！点击送奖杯↓O2020LPL战队势力榜,03/03
#英雄联盟#骚男满血居然活生生踩地雷踩死？太惨一主播了L游戏主播日爆社的微博视频,03/03
#英雄联盟封号#我是服了，现在LOL直接封了七天，还不能减刑是最顶的,03/03
#英雄联盟乱封号#才玩了几把云顶之奕就封我七天?连警告也没有?一点提示也没有?举报别人挂机就扣信誉点?吃相能再难看一点?一家独大搞垄断?都你说了算?行，我跟你死磕到底。,03/03
#英雄联盟#话音未落，只见一只螳螂飞天而来L游戏通关宝典的微博视频,03/03
投稿：不知道有没有人喜欢拉克丝和塞拉斯的是根据英雄联盟宇宙里面写的，先是看了漫画，然后去看了他们每个人的背景故事跟着写的，借鉴了许多，小学生文笔轻喷,03/03
国服第一猴：兄弟帮我挡一下大招！2秒钟后让他欲哭无泪！  #英雄联盟#游戏晓酱#LOL#LLOL-英雄联盟视频的微博视频,03/03
电竞玩家的爱情表达式#英雄联盟##爱情#L小林忆yii的微博视频,03/03
铁汁们平时在玩游戏的时候是如何分辨出队友或者对面是不是妹纸的呢快点教狗妹几招！最近没车队啦，老规矩，先磕头了，砰砰砰#英雄联盟#,03/03
EZ的能力图居然五项都低，官方公认的啥也不是？英雄联盟L英雄联盟钻石大师的微博视频,03/04
#2020LPL#我已为@eStar英雄联盟分部送上奖杯，他是我心中的最强战队，快来和我一起为喜爱的战队加油吧！点击送奖杯↓O2020LPL战队势力榜,03/04
#英雄联盟#🍄🍄🍄哈哈哈哈哈哈哈哈哈,03/04
每天都有一万个为什么今天排第一的是“为什么环环玩英雄联盟玩的像坨屎”,03/04
今天迎来了LCK春季赛第一轮的最后一周，而下一周LCK也将会停赛。首周的比赛，大家更看好谁呢？#2020LCK##英雄联盟#英雄联盟必闻电竞,03/04
我正在快手看英雄联盟-追风少年的直播，一起来看！#记录世界记录你#O英雄联盟-追风少年的快手直播,03/04
#Uzi##英雄联盟#薇恩吧O看UZI玩的哪个英雄让你决定粉他了？,03/04
#英雄联盟#腥红之月我充钱做活动玩云顶居然把我号封了腾讯这算不算诈骗啊太黑了,03/04
#英雄联盟#可爱的璐璐L游戏通关宝典的微博视频,03/04
#2020LPL#我已为@VG英雄联盟送上奖杯，他是我心中的最强战队，快来和我一起为喜爱的战队加油吧！点击送奖杯↓O2020LPL战队势力榜,03/04
#2020LPL#我已为@VG英雄联盟送上奖杯，他是我心中的最强战队，快来和我一起为喜爱的战队加油吧！点击送奖杯↓O2020LPL战队势力榜,03/04
#2020LPL#我已为@VG英雄联盟送上奖杯，他是我心中的最强战队，快来和我一起为喜爱的战队加油吧！点击送奖杯↓O2020LPL战队势力榜,03/04
【#英雄联盟#】一个二塔引发的五杀血案，不仅塔没了，人也没了！#春日游戏季#L皇家通关师的微博视频,03/04
卡视野全真模拟卷你扮演Canyon（via上单老祖）#英雄联盟#LLOL英雄联盟视频的微博视频,03/04
【Deft心系韩国疫情Deft妈妈向公益组织捐款1000万韩币】Deft妈妈发布FB表示：“加油！大韩民国！不要生病，要健康啊孩子们！大邱和庆北由于疫情的严重影响导致很多低收入人群和孩子无法接受到援助，连饭都不能好好吃上，这令人心痛。向儿子传达了情况后他表示想要帮忙。于是我向儿童公益组织捐款了1000万韩币。希望儿子的善行可以带来好的影响，孩子们都能好好吃饭，好好成长，即使是在危险的情况下也能得到保护。”#英雄联盟#英雄联盟,03/04
【三分钟赛事集锦】AFsvsT1第一局双方PickAFs：阿卡丽、蜘蛛、瑟提、卡莉斯塔、宝石T1：卡米尔、奥拉夫、发条、女枪、泰坦看点1.开局T1抓住机会击杀蜘蛛，并击杀赶来支援的AF3人，最终T1打出1换42.中路AF追击T1，打出1换43.T1河道草丛埋伏，找到机会一波团灭了AFs结束比赛应用商店搜索Score，更多精彩比赛视频数据随时观看#英雄联盟##2020LCK##赛事三分钟#LScore赛高的微博视频,03/05
我妈让我去教楼下四年级小弟弟的英语，我还以为很简单，结果下午去他家拜访，发现人家1岁半岁就开始上双语学校，几乎母语水平，进他房间门还在玩美服英雄联盟，跟人对骂6的飞起，打扰了,03/05
【三分钟赛事集锦】AFsvsT1第二局双方PickAFs：塞拉斯、蜘蛛、奇亚娜、卡莉斯塔、瑟提T1：奥恩、雷克赛、佐伊、女枪、泰坦看点1.T1沟通失误泰坦反被击杀2.河道AF开团0换33.Kiin塞拉斯被2打1到4打1，成功反杀挖掘机后阵亡应用商店搜索Score，更多精彩比赛视频数据随时观看#英雄联盟##2020LCK##赛事三分钟#LScore赛高的微博视频,03/05
【2016全球总决赛半决赛：SKTvsROX】Pray神来一箭，bengi临危救主，ROXvsSKT的梦幻对决，全球总决赛最精彩的BO5之一。  #英雄联盟#游戏晓酱#LOL#LLOL-英雄联盟视频的微博视频,03/05
玩龙王的少，会玩龙王的更少【#英雄联盟##英雄联盟最佳电竞#】L电竞24小时的微博视频,03/05
#挑1淋距离#19/180/67@王离孟四川人在福建。爱好英雄联盟，手游吃鸡，猫猫，狗，打乒乓球，拍照，希望交到一起打游戏的好朋友！投稿私信,03/05
#2020LPL#我已为@LGD_英雄联盟送上奖杯，他是我心中的最强战队，快来和我一起为喜爱的战队加油吧！点击送奖杯↓O2020LPL战队势力榜,03/05
#2020LPL#我已为@LGD_英雄联盟送上奖杯，他是我心中的最强战队，快来和我一起为喜爱的战队加油吧！点击送奖杯↓O2020LPL战队势力榜,03/05
#2020LPL#我已为@VG英雄联盟送上奖杯，他是我心中的最强战队，快来和我一起为喜爱的战队加油吧！点击送奖杯↓O2020LPL战队势力榜,03/05
#lol夜聊#以下出门装，你用最多的是哪件？#英雄联盟#英雄联盟#lol夜聊#以下出门装，你用最多的是哪件？,03/05
#英雄联盟#瞎子：听说你很秀？你倒是秀啊？L游戏通关宝典的微博视频,03/05
#2020LPL#我已为@VG英雄联盟送上奖杯，他是我心中的最强战队，快来和我一起为喜爱的战队加油吧！点击送奖杯↓O2020LPL战队势力榜,03/05
英雄联盟娱乐赛天胡恰鸡,03/05
#英雄联盟##竞技游戏##LOL#腕豪VS诺手，究竟是谁预判了谁？LLOL情报局的微博视频,03/05
国外网友自制短片合金弹头版英雄联盟L《合金弹头》版LOL,03/05
【Uzi套路黄金左手：谁窥屏谁是小狗🐶】小狗：没错，谁窥屏谁是小狗，而在下正是小狗。🐶虎扑热议帖O网页链接cr：游戏分享师#上虎扑关注英雄联盟#L虎扑电竞的微博视频,03/06
#2020LPL#我已为@VG英雄联盟送上奖杯，他是我心中的最强战队，快来和我一起为喜爱的战队加油吧！点击送奖杯↓O2020LPL战队势力榜,03/06
#2020LPL#我已为@VG英雄联盟送上奖杯，他是我心中的最强战队，快来和我一起为喜爱的战队加油吧！点击送奖杯↓O2020LPL战队势力榜,03/06
#2020LPL#我已为@VG英雄联盟送上奖杯，他是我心中的最强战队，快来和我一起为喜爱的战队加油吧！点击送奖杯↓O2020LPL战队势力榜,03/06
剑姬：真心不是我强，是对面太下饭【#英雄联盟最佳电竞##2020lpl春季赛#】L电竞24小时的微博视频,03/06
【#英雄联盟#】六神剑圣VS六神腕豪，后期谁更强？#游戏红人秀#L皇家通关师的微博视频,03/06
#2020LPL#我已为@LGD_英雄联盟送上奖杯，他是我心中的最强战队，快来和我一起为喜爱的战队加油吧！点击送奖杯↓O2020LPL战队势力榜,03/06
#英雄联盟#@pdd_liumou朴老师朴老师的农夫三拳一直没机会使用>>O网页链接朴老师的农夫三拳一直没机会使用,03/06
#新浪看点#英雄联盟：MOBA类游戏的鄙视链DOTA2玩家：知道什么是反补吗O英雄联盟：MOBA类游戏的鄙视链DOTA2玩家：知道什么是反补吗,03/06
今天LCK结束了春季赛第一轮的比赛，受疫情影响将停赛一段时间…目前为止，排名前四名的队伍中你认为谁会夺得LCK春季赛冠军呢英雄联盟#lol##lck#你认为以下哪支队伍能夺得LCK春季赛冠军？,03/06
#腾讯英雄联盟乱封号#在游戏里对面喷我我回了两句打完发现号被封了行了sm策划这游戏以后绝对一分钱不花了花钱买封号的？你是觉得亡国机神的事面子丢了你要从我们身上找回来？这次真的真的对腾讯很失望吃相未免太难看了,03/06
英雄联盟手游还想得个s+,03/06
LOL陪玩游戏工作室招线上陪玩小姐姐各位小姐姐可以先翻我微博再滴滴我！！打一单结一单无技术及声音要求20-30元每小时！！会王者荣耀/和平精英/英雄联盟lol/绝地求生/云顶之弈/都可以不骗人互相尊重！,03/06
#2020LPL#我已为@LGD_英雄联盟送上奖杯，他是我心中的最强战队，快来和我一起为喜爱的战队加油吧！点击送奖杯↓O2020LPL战队势力榜,03/06
#英雄联盟#听说新作的潘森强无敌？洞主天秀拉扯，克烈下马残血反杀！L游戏主播日爆社的微博视频,03/06
#英雄联盟#PDD武器闪现E晕住四个，对着敌人穷追猛打L英雄联盟超凡大师的微博视频,03/07
#英雄联盟#快乐亚索eqfAeqr微博视频#英雄联盟#,03/07
#巴塞罗那vs皇家社会##足球五大联赛蓝球NBA、CBA英雄联盟王者荣耀男女排球所有体育比赛专业分析推荐#赛事分析：巴塞罗那本赛季排名西甲联赛第2位，距离榜首皇家马德里仅1分差距，本赛季球队西甲三连冠的卫冕之路曲曲折折，巴塞罗那近况糟糕，球队在欧冠16进8比赛中首回合客场作战对阵那不勒斯最终客场1-1战平对手取得1个客场净胜球优势，随后在榜首之争中客场0-2不敌皇家马德里，球队连续2场比赛不胜，不过巴塞罗那本赛季较为萎靡，巴塞罗那主场成绩突出，球队主场场均打入3.4球，后防线仅失1球可谓攻守兼备，此役主场作战值得期待。　　皇家社会本赛季排名西甲联赛第6位处于欧战赛区，球队领先非欧战赛区仅2分差距，此役继续积分稳住欧战席位战意可信，球队近况强势，各项赛事6连胜，表现不俗，上一场比赛皇家社会西杯半决赛次回合对阵西乙球队米兰迪斯，球队轮换主力下依旧以客场1-0的比分击败对手，但是皇家社会近期赛程密集，本场比赛过后3天还将在客场面对埃瓦尔，球队体能相比巴塞罗那处于劣势，皇家社会不擅长客场作战，球队客场场均失1.6个球表现相当糟糕，此役不宜高估。推荐：巴塞罗那-1.5,03/07
#2020LPL#我已为@LGD_英雄联盟送上奖杯，他是我心中的最强战队，快来和我一起为喜爱的战队加油吧！点击送奖杯↓O2020LPL战队势力榜,03/07
【LEC赛程预告】一会将要开始LEC的比赛辣～#2020LEC##英雄联盟#,03/07
信息量太多英雄联盟#春日游戏季##lol玩家的日常#L电竞班的微博视频,03/07
#英雄联盟##LCS##2020LCS#发布了头条文章：《【Vshow电竞】2020LCS春季赛3月7日比赛预测》O【Vshow电竞】2020LCS春季赛3月7日比赛预测,03/07
#O网页链接#游戏工作室招线上陪玩小姐姐各位小姐姐可以先翻我微博再滴滴我！！打一单结一单无技术及声音要求20-30元每小时！！会王者荣耀/和平精英/英雄联盟lol/绝地求生/云顶之弈/都可以不骗人互相尊重！,03/07
#2020LPL#我已为@VG英雄联盟送上奖杯，他是我心中的最强战队，快来和我一起为喜爱的战队加油吧！点击送奖杯↓O2020LPL战队势力榜,03/07
在白银40分的线上徘徊者#英雄联盟扭曲丛林排位坑比##英雄联盟扭曲丛林排位日记#,03/07
#英雄联盟##LEC##2020LEC#发布了头条文章：《【Vshow电竞】2020LEC春季赛3月7日比赛预测》O【Vshow电竞】2020LEC春季赛3月7日比赛预测,03/07
卢锡安：对面五个没闪#英雄联盟#,03/07
smlz表面上，实际上...cr.英雄联盟赛事,03/07
英雄联盟我想知道除了土豪氪金的还有比这更快的么？,03/07
作为一个九年的英雄联盟老玩家，我从来都不觉得韩服的实力比国服强，只是国服的环境比较差，演员团伙够多够大深深荼毒着国服的游戏环境。O《英雄联盟》中韩服的实力是不是比国服强？,03/07
现在上网课摸鱼都住在steam没人陪我一起玩甚至不想打开守望先锋哦还沉迷跟朋友玩英雄联盟无限火力在家上学也太快乐了,03/08
总结一下今天。早上妈妈回老家了，因为今天是阴历十五，所以去庙里了。我一个人在床上躺到了十点多，打开电脑，把老师要求装的软件，文件都弄好了。再玩会手机，中午自己做的葱油拌面，有点甜了。吃完饭，喝了一杯热水，睡觉睡到了快三点，微信消息提示音把我搞醒，三点还有个新开课程的调试，我给忘得一干二净，幸亏手机没静音试到四点，去洗了洗澡，用了去角质的慕斯，还敷了我妈的海藻面膜，今天有点精致晚上吃过饭，在屋子里转了一会，把数电的作业写完了，玩英雄联盟，下了一会棋，白银三到白银二，一把第二，一把第一。现在是半夜十二点，明天又是新的一周。春天来了，是万物复苏的时候了,03/08
#英雄联盟#英雄联盟：京城贵妇搞事情，线上RNG，线下GNR，都是大雕O英雄联盟：京城贵妇搞事情，线上RNG，线下GNR，都是大雕,03/08
JDG_Lvmao声援武汉：门前记得检查口罩、消毒纸巾是否带够~多多益善有备无患！武汉加油，中国加油！#英雄联盟#游戏晓酱#LOL#LLOL-英雄联盟视频的微博视频,03/08
#英雄联盟#这可能就是英雄联盟团队游戏的魅力吧？L游戏动感地带的微博视频,03/08
#英雄联盟##竞技游戏##LOL#亚索接了盲僧踢来的提莫，结果被提莫两下秒了！亚索退出了游戏！LLOL情报局的微博视频,03/08
#2020LPL#我已为@LGD_英雄联盟送上奖杯，他是我心中的最强战队，快来和我一起为喜爱的战队加油吧！点击送奖杯↓O2020LPL战队势力榜,03/08
16年觉得守望先锋好玩，17年觉得吃鸡好玩，18年以后觉得英雄联盟好玩现在我才知道，觉得好玩不是因为游戏本身，而是因为一起玩游戏的人,03/08
英雄联盟大舅子，二舅子都有孩子了只有___还在吃豆子,03/08
#英雄联盟#2018年msi的绝境#uzi#，差点带走解说【素材来源网络侵权私信删】L电竞妞的微博视频,03/08
LOL为什么不设计一个可以抽蓝的英雄，类似WAR3中恶魔猎手的英雄？#英雄联盟#,03/08
#2020LPL#我已为@LGD_英雄联盟送上奖杯，他是我心中的最强战队，快来和我一起为喜爱的战队加油吧！点击送奖杯↓O2020LPL战队势力榜,03/08
#LOL大腿##英雄联盟#石头人最新皮肤暗星对比至臻版本！哪个特效更好看？L我是大腿快来抱的微博视频,03/08
兄弟们早上好！在昨天的比赛结束后，目前LPL的17支队伍全部完成了S10的首秀啦你对自己主队的目前的状态还满意吗？英雄联盟#2020LPL##lol##电竞#目前为止对自己主队的情况还满意吗？,03/08
#万人请辞英雄联盟策划##lol辱华#垃圾腾讯，毁我联盟。腾讯并没有参与英雄联盟的制作，全部都是拳头制作。腾讯只是国服的全权运行，不是lol辱华，是腾讯想钱想疯了。也可以说腾讯就没把中国玩家放眼里，他们看中的只是玩家兜里的钱。,03/08
#2020LPL#我已为@LGD_英雄联盟送上奖杯，他是我心中的最强战队，快来和我一起为喜爱的战队加油吧！点击送奖杯↓O2020LPL战队势力榜,03/09
#英雄联盟#你们的Mayumi又来喽！而且这次Mayumi都会说中文啦马玉米张口就来：“撒比，辣鸡，还有..NMSL..天赐都教了些什么东西#Mayumi##2020LPL#L英雄联盟视频菌的微博视频L英雄联盟视频菌的微博视频,03/09
有无英雄联盟征服之海肝鸡里奥宝典的，顺丰推逆风投。#英雄联盟##英雄联盟征服之海#,03/09
Meiko直播啦！貌似头发太长有点遮视线该剪头发啦！#2020LPL##英雄联盟#L大电竞eSportsFocus的微博视频,03/09
#O网页链接##O网页链接##LOLO网页链接##游戏超话]#小姐姐们麻烦翻烂我的微博再私我嗷谢谢啦～团队现在需要游戏陪玩小姐姐🙋有会费介意勿扰20-50+每小时🙋一单一结不拖工资🙋会绝地求生吃鸡，英雄联盟lol，云顶之奕，和平精英，王者荣耀🙋边打游戏，还可以挣一杯奶茶钱这不香吗？我不骗人，就这样#英雄联盟##绝地求生##和平精英##云顶之弈##游戏陪玩##游戏陪玩##王者荣耀##吃鸡##QQ飞车手游##DOTA2#,03/09
湖人队已经露出了王者姿态，接连复仇雄鹿和快船两大冠军热门，在强强对话里展现出了极强的战斗力。赛后浓眉哥的一席话道出了真理，他们此前两次输给快船，就是因为射手+失误太多，这一场做的很好。习惯玩王者荣耀和英雄联盟的玩家等MOBA类游戏的玩家，听这句话是不是很熟悉？#NBA吐槽大会##王者荣耀#O篮球赛跟王者LOL戏竟有如此多相似之处：保罗像极了兰陵王？,03/09
【三分钟赛事集锦】OMGvsLNG第三局OMG胜双方PickLNG：奥恩、佐伊、卡莉斯塔、布隆、雷克赛OMG：瑟提、女枪、盲僧、皎月、女坦应用商店搜索Score，更多精彩比赛视频数据随时观看#英雄联盟##2020LPL##赛事三分钟#LScore赛高的微博视频,03/09
【三分钟赛事集锦】OMGvsLNG第一局LNG胜双方PickLNG：赛娜、塔姆、奥恩、青钢影、丽桑卓OMG：厄斐琉斯、盲僧、巴德、妖姬应用商店搜索Score，更多精彩比赛视频数据随时观看#英雄联盟##2020LPL##赛事三分钟#LScore赛高的微博视频,03/09
【三分钟赛事集锦】OMGvsLNG第二局OMG胜双方PickLNG：风女、奥拉夫、妖姬、EZ、牛头OMG：瑟提、盲僧、佐伊、女枪、女坦应用商店搜索Score，更多精彩比赛视频数据随时观看#英雄联盟##2020LPL##赛事三分钟#LScore赛高的微博视频,03/09
从无人问津到家喻户晓，这个故事太励志了。\nTian：我就是我自己，我就是Tian！\n英雄联盟[超话]L英雄联盟钻石大师的微博视频,03/09
#2020LPL#我已为@LGD_英雄联盟送上奖杯，他是我心中的最强战队，快来和我一起为喜爱的战队加油吧！点击送奖杯↓O2020LPL战队势力榜,03/09
英雄联盟#用emoji猜英雄#依次说出英雄联盟人物的名字，全猜对的黄金起步,03/09
英雄联盟LOL已经沦为刺客版本，完全霸占了中路位置，AD玩家只剩瑟瑟发抖英雄联盟最近进行了频繁的版本变动，整体游戏格局都有了很大程度的改变。其中比较明显的就是野区英雄池的大幅度扩充以及当前版本比较强势的日炎系列装备。再加上之前一些版本对于游戏节奏的影响，直接导致了中路英雄的格局也得到了改变，快节奏为主的游戏进程，使得刺客英雄获得了非常大的出场率。默默心疼下AD玩家#春日游戏季##lol玩家的日常#,03/09
今天LPL春季赛的回归大家看的还爽吗奥恩和瑟提作为现版本最热门的两个上单英雄也是出场了很多次，这两个英雄你认为谁更强呢？英雄联盟#lol##2020lpl##游戏#谁是现在的上单一哥？,03/09
高手（不是）进军英雄联盟指日可待鲍哥是不玩手游的16.0钟馗i了哦对了我的上官婉儿会飞残血也能一打三满血我就很骄傲,03/09
不吞战绩会死吗@英雄联盟,03/10
工作招线上游戏陪玩小姐姐😊工资一单一结接单：20~25/h派单：50~60/h吃鸡，和平，王者，英雄联盟，守望先锋，第五人格，五子棋，聊天单~,03/10
有一说你，你觉得英雄联盟中最难上手的英雄？#游戏里最难上手的英雄#R超凡电竞LOL的微博投票,03/10
#O网页链接##O网页链接##LOLO网页链接##游戏超话]#小姐姐们麻烦翻烂我的微博再私我嗷谢谢啦～团队现在需要游戏陪玩小姐姐🙋有会费介意勿扰20-50+每小时🙋一单一结不拖工资🙋会绝地求生吃鸡，英雄联盟lol，云顶之奕，和平精英，王者荣耀🙋边打游戏，还可以挣一杯奶茶钱这不香吗？我不骗人，就这样#英雄联盟##绝地求生##和平精英##云顶之弈##游戏陪玩##游戏陪玩##王者荣耀##吃鸡##QQ飞车手游##DOTA2#,03/10
气死我了气死我了气死我了气死我了气死我了英雄联盟到底什么时候恢复语音对喷啊啊啊啊啊啊啊啊啊啊啊啊啊啊啊啊啊,03/10
水子哥的这四年……时间过得好快啊……只要你送礼物我们就是兄弟！criG俱乐部小助理#2020LPL##英雄联盟#jackeyloveL大电竞eSportsFocus的微博视频,03/10
#2020LPL#我已为@eStar英雄联盟分部送上奖杯，他是我心中的最强战队，快来和我一起为喜爱的战队加油吧！点击送奖杯↓O2020LPL战队势力榜,03/10
#看LPL来虎牙#SNvsES第二局Solm灵性支援，帮助队伍0换4，初期建立巨大优势英雄联盟L虎牙赛事君的微博视频,03/10
英雄联盟滚吧叫挂机联盟好了把把都有人挂机nmsl,03/10
#看LPL来虎牙#SNvsES第二局SN河道果断开团，0换3击溃ES英雄联盟L虎牙赛事君的微博视频,03/10
#英雄联盟#小漠：小漠瑞兹操作遭烬秀爆，你Q能不能让我中一次L游戏主播日爆社的微博视频,03/10
VG英雄联盟一笔写不出两个g字，igvg都是g都是能打lpl的队伍！谁怕谁嘛！小vg给我冲冲冲,03/10
英雄联盟欠我一个卡莉丝塔,03/10
#2020LPL#我已为@LGD_英雄联盟送上奖杯，他是我心中的最强战队，快来和我一起为喜爱的战队加油吧！点击送奖杯↓O2020LPL战队势力榜,03/10
【英魂之刃（端游）】【120级】QQv7附带王者英雄联盟帐号，北锋疆场，350.0元O网页链接,03/10
#2020LPL#我已为@VG英雄联盟送上奖杯，他是我心中的最强战队，快来和我一起为喜爱的战队加油吧！点击送奖杯↓O2020LPL战队势力榜,03/11
近六年人气英雄统计，有你的本命英雄吗？#英雄联盟#游戏晓酱#LOL#LLOL-英雄联盟视频的微博视频,03/11
#2020LPL#我已为@LGD_英雄联盟送上奖杯，他是我心中的最强战队，快来和我一起为喜爱的战队加油吧！点击送奖杯↓O2020LPL战队势力榜,03/11
【#英雄联盟#】对面皎月一看就是老病友了，周淑怡都被逗笑了#春风游戏季##游戏红人秀#L皇家通关师的微博视频,03/11
粉丝投稿：圣枪哥的滑板鞋也来了TheShy峡谷带恶人❌峡谷带货人⭕#theshy滑板鞋##春日游戏季#英雄联盟,03/11
【PDD正在直播】英雄联盟-房间号101,03/11
#fpx#今天国外1pv.fr的记者neL爆料，去年获得了《英雄联盟》2019全球总决赛冠军的FPX俱乐部将进军《CSGO》联赛，neL介绍FPX将会签下丹麦Heroic全队，参加FLASHPOINT联赛。是真是假？,03/11
英雄联盟#TheShy滑板鞋#今天TheShy乱秀再度给大家留下了精彩的回忆。让我们再来回顾一些TheShyLPL的精彩操作——你以为他死了，但是他还是可以秀！L迷糊电竞的微博视频,03/11
#搞笑#英雄联盟#pdd#慈善赌王PDD四川人叫你玩斗地主没有豆子就是干LLOL精分君的微博视频,03/11
英雄联盟想一起又有时间开撸的这边来报数。本人英雄联盟接近3万把了。基本一半区都有号的那种,03/11
#英雄联盟#@拳头游戏之前发了一条反馈的微博也是我的第一条微博我希望官方不要忽视我真的很让我难过,03/11
英雄联盟真的是我的初心就算他已经改的妈都不认识了但我真的真的很喜欢这款游戏,03/11
#2020LPL#我已为@VG英雄联盟送上奖杯，他是我心中的最强战队，快来和我一起为喜爱的战队加油吧！点击送奖杯↓O2020LPL战队势力榜,03/11
我，亚索，老云顶了。#英雄联盟##云顶之弈##亚索#L韩大宝很强的微博视频,03/11
#英雄联盟##竞技游戏##LOL#一级火男对线船长可以这么跳吗？LLOL情报局的微博视频,03/11
好好的活着玩什么阴阳师把自己气死了吧存钱换台电脑打英雄联盟它不香吗氪金？氪什么金？？？,03/12
【#英雄联盟#】大司马：这就是传说中的火影劫，不讲道理的！#春风游戏季#L游戏主播日爆社的微博视频,03/12
#2020LPL#我已为@LGD_英雄联盟送上奖杯，他是我心中的最强战队，快来和我一起为喜爱的战队加油吧！点击送奖杯↓O2020LPL战队势力榜,03/12
#2020LPL#我已为@eStar英雄联盟分部送上奖杯，他是我心中的最强战队，快来和我一起为喜爱的战队加油吧！点击送奖杯↓O2020LPL战队势力榜,03/12
#英雄联盟#史上最骚的乌迪尔，不得不佩服L游戏玩家必看的微博视频,03/12
英雄联盟《星之守护者：光与蚀-主题曲（LightandShadow）》(英雄联盟/星之守护者主题曲原曲)K星之守护者：光与蚀-主题曲（LightandShadow）@QQ音乐被洗脑了，大学时候真的很喜欢泽野弘之和英雄联盟，这股火花真棒。,03/12
这狗熊在干嘛英雄联盟手游#英雄联盟##迷惑行为大赏#L英雄联盟手游课代表的微博视频,03/12
【NALCS将采取无观众比赛】NALCS官方发出公告，受新冠病毒COVID-19影响，春季赛后续赛程将进行无观众比赛，同时取消媒体采访环节。关于NALCS春季总决赛的计划，官方正在进一步讨论，并将于3月20日公布最新情况。#英雄联盟#,03/12
#2020LPL#我已为@VG英雄联盟送上奖杯，他是我心中的最强战队，快来和我一起为喜爱的战队加油吧！点击送奖杯↓O2020LPL战队势力榜,03/12
这张图好戳我啊。不论是哪个上单，打野都是他的宝贝。凰要的是两套体系，不是主替。cr.英雄联盟赛事.O网页链接,03/12
#2020LPL#我已为@eStar英雄联盟分部送上奖杯，他是我心中的最强战队，快来和我一起为喜爱的战队加油吧！点击送奖杯↓O2020LPL战队势力榜,03/12
#2020LPL#我已为@VG英雄联盟送上奖杯，他是我心中的最强战队，快来和我一起为喜爱的战队加油吧！点击送奖杯↓O2020LPL战队势力榜,03/12
#英雄联盟#回忆那个令人激动的RNG，怎能不让人泪流满面！L英雄联盟逗主播的微博视频,03/12
#2020LPL#我已为@eStar英雄联盟分部送上奖杯，他是我心中的最强战队，快来和我一起为喜爱的战队加油吧！点击送奖杯↓O2020LPL战队势力榜,03/12
【#英雄联盟#】南波儿直播撩妹，被小姐姐提问：kkp什么意思？南波爆笑解答！L畅游召唤师峡谷的微博视频,03/12
【Twitch上周收视排行公布英雄联盟稳居第一】国外知名数据统计网站EsportsCharts在今天凌晨公布了上周Twitch一周收视排行榜，《英雄联盟》稳居第一。具体排名如下：1《英雄联盟》2《谈天说地》3《堡垒之夜》4《GTA5》5《CS:GO》6《逃离塔科夫》7《Dota2》8《Apex》9《炉石传说》10《魔兽世界》#体育速递##英雄联盟#,03/13
#杜塞尔多夫vs帕德博恩##足球五大联赛蓝球NBA、CBA英雄联盟王者荣耀男女排球所有体育比赛专业分析推荐#分析：【杜塞尔多夫】杜塞尔多夫是德甲进攻并列最差的球队，25轮联赛仅有27球进账。不过球队近期的进攻效率是有所提升的，近8场正赛进攻端全部有所斩获，这已经是本赛季以来，球队最长连续进球场次。打进15球的鲁文-亨宁斯是球队的头号得分手，不过最近仅在德国杯中有斩获。【帕德博恩】柏德博恩目前球队以4胜4平17负的战绩排名积分榜垫底，距离保级附加赛区杜塞尔多夫有6分之差，因此本场比赛的胜负对于两队的保级大业至关重要。上轮联赛主场1-2不敌同为升班马的科隆，最近6轮联赛只拿到一个积分，抢分保级的任务非常艰巨。杜塞尔多夫让步0.5，热衷两队可以分出胜负。两队主客场的战绩数据方面都非常接近，不过杜塞尔多夫最近在得分方面表现比较稳定，有数据震荡为0.25，有打击主队之意。因此本场坐阵主场的杜塞尔多夫值得高看一线。推荐：杜塞尔多夫-0.5,03/13
英雄联盟#春日游戏季##英雄联盟#都说现在#上路#是肉坦英雄的天下，那让两个上路大肉碰到一块是一个什么场面？就拿石头人和蒙多这两个人说事！日炎石头人和日炎蒙多碰一碰谁更硬？有一说一，蒙多仅仅一个Q技能就能完虐石头人，肉装石头人输出也就一个大招和QE连招，蒙多人家的Q可是血量百分比伤害！,03/13
#情侣之间超甜的日常#我家先生向来饭量很小，可这丝毫不影响他给我做满满一桌子饭菜，有他爱吃的，也有我爱吃的，我和先生的食性很接近，所以他爱吃的我也爱吃。先生是个很细心的人，且不说饭菜里从来没有我讨厌的菌类或者芹菜，即使是饮料也从来没有草莓味和葡萄味，先生闲下来时喜欢看电影玩游戏，感觉先生是个玩游戏很厉害的人，虽然时不时也需要从网上查攻略。先生也教过我打游戏，先生总是很温柔的笑着，或者摸摸我的头(这让我很享受)，但是我真的很笨啊，学不会先生爱玩的英雄联盟，也学不会先生时常玩的单机(好多游戏里景色真的好好看)。我很喜欢专注时的先生，在他写字时、弄档案时、玩游戏时(其实他最专注的时候是玩游戏的时候)，我喜欢看先生专注时的样子，先生的睫毛算是长的，眼睛也很大，有时偷偷看着他，被他发现，他便会朝我温柔一笑，好看极了。我最期待的时候是每周五周六的晚上，先生与我蜷缩在沙发上，我抱着抱枕，先生抱着我，投影仪里映射着我们共同精心挑选出来的影片，有时我不小心睡着了，醒来时先生仍然抱着我，只是怀里的抱枕不知何时没了，换成了一条毯子盖在身上，我能感受到先生的手，轻轻的轻轻的摸着我的头，我就继续假装睡着，贪婪的享受着先生的手摸着我的头，心里好希望电影能够一直一直放下去，永远不会停。#情感#,03/13
PDD直播谈eStar“偷队”：王者荣耀结的梁子，和LOL分部的选手有几把关系？作为一支新队能打成这个样子，小朋友们已经很顶了，这帮小孩很不容易，LPL一支新队进场，正常打分是0分的话，eStar就是-1分，因为选手定的着急、管理定的着急、基地搞得着急。因为eStar王者荣耀分部以前和LPL兄弟们吵过架，一进来就乱喷，这帮小孩还挺难的。打训练赛没有队伍愿意跟eStar打，训练赛打一天，别人打半天就不跟他们打了。你看现在弹幕还在说“偷队”，讲道理，我有句话想说：你骂俱乐部就骂俱乐部嘛，王者荣耀结的梁子，跟英雄联盟分部选手，有几把关系啊？他们打LOL也不玩王者荣耀，一点关系都没有好吧？贼他妈无辜！#英雄联盟##春日游戏季#L电竞迷妹的日常的微博视频,03/13
今日推文呐~~《小野火》by仙女的大脚丫你是唇间小野火，掌心温柔焰会撩缺爱不良少女X温润淡漠好学生【文案】全校都知道赵行遇清俊疏离，颜优腿长只可惜对方孤高清冷，不近女色。直到有一天有人看到而对女生向来不假辞色的赵行遇耐心的捡起课本，语气缱绻，温柔诱哄“小火焰，听话，恩？”这人看的分明赵行遇好看而淡漠的眉眼中，蓄满柔情霍烟一直以为赵行遇任何时候都是平静疏离的。直到那天对方从背后死死抱住她，哑声说，“别走，求你了。”那双手臂不断收紧，似乎要将她埋入骨血霍烟才意识到，他的炽热，只对自己一人……会撩缺爱不良少女×温润淡漠好学生新晋主持小花×英雄联盟电竞选手年少的梦想与追逐，都与你有关。前期校园后期都市，有少量电竞内容男主外冷内冷，只对女主炽热内容标签：情有独钟甜文搜索关键字：主角：霍烟赵行遇其它：不甜你揍我哼,03/13
VG英雄联盟vg什么时候开始拉垮的？德杯结束，春季赛上新教练的时候，前期想把lck的运营模式搬过来，可vg的选手压根不是走运营的风格，教练组还想硬运营既然选手不运营，那我换选手好了，是吗@VG英雄联盟管理层教练组什么时候才能知道，lck的运营根本不适合vg！！！！拿选手的职业生涯来实验，没有心,03/13
VG英雄联盟瞎排列组合是不行的，我以为去，年ig已经教给大家这个道理了那会儿换来换去成绩有多差大家都看到了的哇，固定好阵容搭配才能练好配合呀。不知道你们有没有重视春季赛，是在赛场上练默契还是怎么样，粉丝是真的怕小朋友们一直输失去锐气呀。因为蕉太狼关注了vg，德杯被圈了粉，很想看vg原地起飞，别让我们失望好吗,03/13
【拳头决定永久取消洲际赛：赛程安排或是最大问题】外媒InvenGlobal发文：《拳头决定将洲际赛从英雄联盟电竞生态圈退休》随着COVID-19（新冠病毒）在全球爆发，拳头游戏决定将2020年季中邀请赛（MSI）从5月份推迟到7月份。这样一来，为了迎合全新的MSI日期（7月3日-7月19日），世界各地的夏季赛都会相应的推迟。虽然因为不可抗力的赛程改变而取消2020年洲际对抗赛并不令人惊讶，但是拳头决定让洲际赛见好就收。“另外，在重新审视了年度赛事计划以及听取各队伍和选手们的反馈之后，我们决定终止原本计划在一些赛区举行的洲际系列赛。”英雄联盟电竞的全球总监JohnNeedman在声明中说道。“洲际系列赛为我们带来了不少史诗对决，然而无论是在赛区还是全球层面上，它都对我们的年度赛事规划造成了不小的挑战。我们依然致力于举办被全球认可的赛事，展现我们这项运动的风采。并且我们会在未来的几年里继续和各赛区合作，制定全新赛事来实现这一目标。”在本社电竞外联全球总监DavidHigdon沟通中，他确认洲际对抗赛已经成为历史。如果拳头对这项赛事有任何替代品的话，一切都是未知的。但是有一点是确认的：英雄联盟电竞圈已经欣赏了最后一场洲际对抗赛。英雄联盟,03/13
bp把把一选mf，你ad只会mf吗选尼玛mf被人当靶子打永远四个人轮着端菜我就问问小酋长不上zeka听得懂什么真就关系户呗暂且不说zeka能不能听懂这位选手住在中路只会补刀永远不支援挺特别的哈打野我真的不想再说了瘸子里面挑将军就让小酋长首发还能勉强看一下我就想问Aix谁给你的勇气选盲仔胡显昭玩盲僧都比你节奏好哈还有下路双人组的双排能尽快安排一下吗天天替补等着ad训练赛结束拖着双排rank打的跟💩一样浪费时间好玩吗赛训组可以好好了解你下你们队员的英雄池吗天天bp一个套路能不能行啊整个队伍三个月前烂七八糟三个月后更是惨不忍睹最后，能请你们下次输的好看一点吗起码不要0人头玲珑塔@VG英雄联盟,03/13
【2020LPL春季赛ViciGamingVSTeamWE】系列赛系列赛胜者WE总比分：VG0:2WEWEWE总数第一局总击杀数22VG击杀数1WE击杀数21比赛时长26:00第二局总击杀数18VG击杀数5WE击杀数13比赛时长31:00赛点第一局首五杀WE一血WE首龙WE一塔WE胜者WE第二局首五杀WE一血WE首龙VG一塔WE胜者WE电竞菠菜人bcr10.com为电竞赛事加油助威，主播游戏盘已经开启，现在加入可获得46体验金和存1000送500！参与竞猜，首单白嫖！#菠菜人电竞##英雄联盟##lpl春季赛##电竞赛事#,03/13
#LPL春季赛##电子竞技##英雄联盟#【OMG2-0RW】OMG前期再次掌握节奏全面压制RW。10分钟已经领先近6K经济并且小龙先锋都收入囊中。随后RW在正面团战几乎没有还手之力，虽然倾力击杀了剑魔两次但不能扭转局势，18分钟OMG破掉下路高地领先1W2后收下火龙。20分钟OMG准点开大龙轻松拿下，携不可阻挡之势推平水晶结束比赛！,03/13
#O网页链接##O网页链接##LOLO网页链接##游戏超话]#小姐姐们麻烦翻烂我的微博再私我嗷谢谢啦～团队现在需要游戏陪玩小姐姐🙋有会费介意勿扰20-50+每小时🙋一单一结不拖工资🙋会绝地求生吃鸡，英雄联盟lol，云顶之奕，和平精英，王者荣耀🙋边打游戏，还可以挣一杯奶茶钱这不香吗？我不骗人，就这样#英雄联盟##绝地求生##和平精英##云顶之弈##游戏陪玩##游戏陪玩##王者荣耀##吃鸡##QQ飞车手游##DOTA2#,03/13
Theshy在赛场掏出了滑板鞋上单，虽然有所防备但赛场惊喜总是来得那么突然，VG上单小将心里苦，打完赛后直接苦练，不少关注LPL的欧美网友也对此议论纷纷，CLG中单对此提醒到。“注意：不要玩卡莉斯塔上单，除非你的名字叫Theshy，谢谢!”同为上单选手的Huni表示：“兄弟，我现在被喷惨了!”#英雄联盟##LPL##Theshy#,03/13
能不能买个好打野❓能不能买个好打野❓能不能买个好打野❓能不能买个好打野❓能不能买个好打野❓能不能买个好打野❓能不能买个好打野❓能不能买个好打野❓能不能买个好打野❓能不能买个好打野❓能不能买个好打野❓能不能买个好打野❓能不能买个好打野❓能不能买个好打野❓能不能买个好打野❓能不能买个好打野❓@VG英雄联盟,03/13
#英雄联盟##你最爱的游戏主播#毒纪用霸哥的招牌英雄来对战霸哥，这是S10总决赛吗？L游戏玩家必看的微博视频,03/14
英雄联盟#春日游戏季##英雄联盟#EDG终于赢了一场啦！虽然说厂长没来，首发打野也缺席，但EDG真的考虑一波给替补打野一个机会了！今天EDG赢比赛，有一说一纯属是Scout和替补打野联动的功劳，今天还是EDG中单Scout的生日哦！生日的这一天让EDG赢来首胜，值得庆祝一下！,03/14
eStar英雄联盟拜托某些不要人均王者站在上帝视角去评论了好吗bp该怎么做英雄怎么拿团战怎么团教练选手会去思考的不要巴拉巴拉嘴巴碎碎了好吗你这么能咋不让你上去呢？你怎么不直接去s赛拿个冠军呢看看自己什么段位吧符文会不会自己点啊就叭叭儿！,03/14
LOL#电竞##英雄联盟#就最近#PDD#邀请五五开吃鸡这个事？你觉得PDD这个人到底怎么样？其实，这个问题在很久之前就能找到答案了，旭旭宝宝、大司马和茄子这三人都受到过PDD的恩惠，之前斗鱼的一次活动对茄子至关重要，PDD尽心尽力的捧了一手。大司马前段时间被骂，也是PDD站出来为他说话！,03/14
#2020LPL#我已为@LGD_英雄联盟送上奖杯，他是我心中的最强战队，快来和我一起为喜爱的战队加油吧！点击送奖杯↓O2020LPL战队势力榜,03/14
#英雄联盟##uzi#直播和节奏狗互怼：你们是不是脑残啊？【素材来源网络侵权私信删】L电竞妞的微博视频,03/14
英雄联盟让我爱恨交加反复去世。,03/14
【LCK春季赛：T1vsDWG】赛后采访Faker：小炮很有趣，我就练习了很多次。我觉得他能carry队伍就拿出来用了。#英雄联盟#游戏晓酱#LOL#LLOL-英雄联盟视频的微博视频,03/14
《云顶之弈拳头设计师答疑：羁绊设计主要来源于皮肤系列》#菠菜人电竞##电竞##LOL##英雄联盟##云顶之弈#O云顶之弈拳头设计师答疑：羁绊设计主要来源于皮肤系列,03/14
英雄联盟LPL春季赛高光时刻！精彩操作TOP5！Doinb卡萨丁精彩4杀fpx#英雄联盟#L奈斯游戏社的微博视频,03/14
这个球也太快乐了吧@英雄联盟,03/14
【远古装备你都认得出吗？】这些远古装备你都认识几个呢？职业选手竟然被难倒你认识几个？#英雄联盟#cr.EDG电竞俱乐部L打野的微博视频,03/14
#英雄联盟#这是什么英雄，还是换了皮肤我不认识了？L游戏动感地带的微博视频,03/14
【越塔强行送命？你见过最离谱的gank是怎样的？】虎扑热议贴O网页链接#上虎扑关注英雄联盟#,03/14
#2020LPL#我已为@VG英雄联盟送上奖杯，他是我心中的最强战队，快来和我一起为喜爱的战队加油吧！点击送奖杯↓O2020LPL战队势力榜,03/14
RNG那些年走过的路，哪一张勾起你的回忆英雄联盟,03/15
#2020LPL#我已为@LGD_英雄联盟送上奖杯，他是我心中的最强战队，快来和我一起为喜爱的战队加油吧！点击送奖杯↓O2020LPL战队势力榜,03/15
李哥玩小游戏被搞到心态爆炸！英雄联盟#Faker#L英雄联盟钻石大师的微博视频,03/15
#Puff偷家#泡芙南风顶啊我现在才发现，不是因为队员喜欢ig而是因为是ig的队员而喜欢ig就是善于挖掘人间宝藏@iG电子竞技俱乐部iG电子竞技俱乐部#英雄联盟#,03/15
游戏工作室招线上陪玩小姐姐各位小姐姐可以先翻我微博再滴滴我！！打一单结一单无技术及声音要求20-30元每小时！！会王者荣耀/和平精英/英雄联盟lol/绝地求生/云顶之弈/都可以不骗人互相尊重！,03/15
玩英雄联盟你见过这么嚣张的吗？懂了，你有你嚣张的资本。#小花生的盲僧#L英雄联盟手游投稿君的微博视频,03/15
VG英雄联盟我很想念蕉太狼弟弟，真心希望看到他早日上场双蕉合璧，不过官博小姐姐也管不了赛训组的决定的，大伙儿也稍微理解一下吧。还有就是超话里写了新的规则，为了不带节奏，咱们尽量不提各位选手的前战队，这是为VG好也是为了其他战队好，望理解望体谅望包涵🙏🙏🙏,03/15
#2020LPL#我已为@VG英雄联盟送上奖杯，他是我心中的最强战队，快来和我一起为喜爱的战队加油吧！点击送奖杯↓O2020LPL战队势力榜,03/15
#2020LPL#我已为@LGD_英雄联盟送上奖杯，他是我心中的最强战队，快来和我一起为喜爱的战队加油吧！点击送奖杯↓O2020LPL战队势力榜,03/15
《接下来可能会完成2000杀的成就的选手》#菠菜人电竞##电竞##LOL##英雄联盟#O接下来可能会完成2000杀的成就的选手,03/15
没有阿水的iG和乌兹不在的RNG在最近的比赛里都启用了新的ADC并取得了不错的成绩很巧的是这两位选手在今天的比赛里也都拿到了MVP，你认为两个ADC谁的实力更胜一筹呢英雄联盟#lol##rng##ig#你认为谁的实力更胜一筹？,03/15
VG英雄联盟发现问题了，辅助教练都不是茂凯了，busymoon是扣马带来的吗？茂凯都人没了吗，很好哦可以可以,03/15
#英雄联盟#欢迎来到祖安！用祖安人的方式招待你！L游戏动感地带的微博视频,03/15
#顽个鸟##英雄联盟野史#LOL英雄联盟第一版天赋树系统，有多少玩家见过这版天赋页,03/15
VG英雄联盟加油！,03/15
@LGD_英雄联盟在吗3.19周四我有1⃣️个梦想,03/16
#顽个鸟##英雄联盟野史#英雄联盟没有年龄限制！,03/16
疫情期间，我老公从全天看电影到玩吃鸡再到玩英雄联盟到现在的植物大战僵尸……他爱玩电脑我爱玩手机，看到好玩的视频或者劲爆的新闻都会相互分享，这个疫情期间，我俩没有吵过架，反而感情更好啦～,03/16
玩家自制的岩雀皮肤，你喜欢哪一款？#英雄联盟##LOL#,03/16
忽然觉得RNG、UZI可以转型教练了！RNG最近打的有点牛！#英雄联盟#,03/16
#2020LPL#我已为@VG英雄联盟送上奖杯，他是我心中的最强战队，快来和我一起为喜爱的战队加油吧！点击送奖杯↓O2020LPL战队势力榜,03/16
全华班顺势崛起了吗？为啥TES却似乎力不从心，TES需要一个中心骨，这个还得从教练来找。#英雄联盟#,03/16
#英雄联盟#LPL祝大家鼠年快乐，2020数不尽的连胜L游戏动感地带的微博视频,03/16
VG英雄联盟清醒一点啊！这是lpl不是lck！！我还等着thecube成为顶尖上单选手啊啊啊啊,03/16
#英雄联盟#还是大乱斗最快乐为啥大乱斗我皎月猛的一批，对线就被打烂了。团战跟阿木木配合无敌嘻嘻,03/16
这个小贴士有点太贴心了，计算这么精确啊#英雄联盟#,03/16
#一勺语录#“他脚步踏出的调和之音，即是改变之回声。”~瑞兹------星界游神·巴德【BARD】英雄联盟手游,03/16
完美风女来啦大家晚安哟~英雄联盟,03/16
【#英雄联盟#】德玛加蝎子这无限控制呀，受不了受不了！#游戏红人秀#L皇家通关师的微博视频,03/16
【Miss大小姐驾到！细数《英雄联盟》圈的电竞女神】《英雄联盟》已经成为最吸引妹子的游戏，越来越多的女玩家加入到召唤师峡谷，其中不乏一些女神级玩家。miss大小姐驾到，自08年起在各个国际大赛上便获奖无数，对于热衷电子竞技游戏的玩家来说，Miss就是实力的象征。,03/16
#2020LPL#我已为@LGD_英雄联盟送上奖杯，他是我心中的最强战队，快来和我一起为喜爱的战队加油吧！点击送奖杯↓O2020LPL战队势力榜,03/17
不一样的英雄联盟L热爱电竞的微博视频,03/17
#微博辟谣#电竞英雄联盟正常维护，有延期。博主乱带节奏说要停服。.,03/17
来唠嗑，分享一个让你笑到倒地的直播画面#英雄联盟##春日游戏季##大电竞分享#,03/17
"LST赛事推荐→#KOK电竞app#Guoguo娜美英雄联盟职业联赛，00后成主力军，LCK赛区队伍DRX：S10春季赛首发4名00后，新赛季DRX，Deft成老男孩！“Doran：2000年出生Pyosik：2000年出生Chovy：2001年出生Keria：2002年出生这支DRX的阵容是支青年军。英雄联盟#游戏八卦##英雄联盟#@""""",03/17
【G2秀奖杯T1总裁凑热闹】G2秀了一下MSI奖杯（大奖杯的复刻版，发给夺冠队伍的，奖杯本身是一直流动的），T1总裁就不甘示弱的晒出了基地里的三个世界赛奖杯和两个MSI奖杯。这可谓是大富之家了。#英雄联盟#,03/17
#2020LPL#我已为@LGD_英雄联盟送上奖杯，他是我心中的最强战队，快来和我一起为喜爱的战队加油吧！点击送奖杯↓O2020LPL战队势力榜,03/17
英雄联盟LOL玩家只玩人机，近万场胜率百分百，乐趣在哪里？大部分玩家通过人机熟悉了游戏后，就会加入匹配/排位，或者大乱斗模式里去，但也有不少玩家像着了魔似的，一直玩人机。对此你有何看法？#春日游戏季##lol玩家的日常#,03/17
#2020LPL#我已为@LGD_英雄联盟送上奖杯，他是我心中的最强战队，快来和我一起为喜爱的战队加油吧！点击送奖杯↓O2020LPL战队势力榜,03/17
恰莎的稿#LOL玩家#@英雄联盟同人,03/17
互粉？#英雄联盟#,03/17
#英雄联盟#我叫奥恩，我也是。游戏英雄联盟L畅游召唤师峡谷的微博视频,03/17
这个古装琴女可以的！英雄联盟,03/17
VG英雄联盟感觉今晚又早睡不了了，超话里都是妈妈们的怒火和赛前焦虑，明天打强队，想想脑阔疼，但还是希望他们赢啊。,03/17
在锤石面前你还想跑？你当这钩子是干嘛的  #英雄联盟#游戏晓酱#LOL#LLOL-英雄联盟视频的微博视频,03/17
英雄联盟真的好玩hhh笑死我了菜鸟崛起🤘🏼,03/18
【欲姐紧贴墙壁大放媚眼！《英雄联盟》九尾阿狸COS图】《英雄联盟》里面的女英雄阿狸人气非常高，各种版本的阿狸COS图多得难尽其数，而早前拳头公司推出的偶像歌手皮肤更受玩家青睐。今日，小编就为大家带来了最新阿狸偶像歌手版COS图，性感妹子表情魅惑无比，一起来感受一下这位Coser的魅力吧。,03/18
#2020LPL#我已为@LGD_英雄联盟送上奖杯，他是我心中的最强战队，快来和我一起为喜爱的战队加油吧！点击送奖杯↓O2020LPL战队势力榜,03/18
英雄联盟手游到底多久出,03/18
#英雄联盟##Uzi#Uzi直播站起来活动身子，弹幕“大大大”，挤一挤看看L开心的游戏酱的微博视频,03/18
『2020年3月9日』2020LPL英雄联盟春季赛线上常规赛TESvsRNG第一场猪妹第二场猪妹,03/18
没有人有权阻止你玩游戏，只要你想玩儿，随时都可以玩儿，不过打游戏遇到坑一点的玩家真的很伤脑筋，特别是排位，所以，如果是王者荣耀或者英雄联盟的话，建议你不要打排位，因为输排位无聊坑队友真的会心态爆炸，你可以玩儿娱乐模式或者匹配呀。然后呢就是，你知道你自己坑，又想玩儿游戏，那你为什么不去看看教学视频，多去练练英雄呢？光怨天尤人说自己没资格玩儿是没用的，排面是自己给自己的，说的不好听了，你不玩这个游戏，也没什么损失，因为真的不缺你一个。所以，归根结底，想玩游戏，那就好好学学，多看看视频学学意识操作，对于那些骂人的，别放在心上，他们就是嘴贱，实在气不过就截图投诉，绝对禁言他。O游戏玩的不好就没资格玩吗？,03/18
英雄联盟手游如果出了有没有好听点的id分享下,03/18
#LOL玩家的日常##春日游戏季#我也要来凑下热闹发一个本人人生第一次吃鸡的截图哈哈终于终于吃到了@英雄联盟,03/18
英雄联盟【2020LPL春季赛V51-2LNG】V5再度失利，LNG成功拿下比赛Maple佐伊打出了全场最高输出MVP给到了追星仔圣枪哥Author:英雄联盟神吐槽,03/18
英雄联盟弗雷尔卓德德玛西亚有没有队友呀心态好一点的辣种,03/18
#英雄联盟#草稿，我心水的小岩雀什么时候出一套泳装皮肤，就是元气满满顶着湿漉漉头发去冲浪的那种!!算了我还是自己画吧,03/18
"我提出了问题""封号"",官方大哥你好，我是英雄联盟7年的老玩家，由于我朋友想试皮肤手感，...O封号@英雄联盟",03/18
#2020LPL#我已为@LGD_英雄联盟送上奖杯，他是我心中的最强战队，快来和我一起为喜爱的战队加油吧！点击送奖杯↓O2020LPL战队势力榜,03/18
#2020LPL#我已为@VG英雄联盟送上奖杯，他是我心中的最强战队，快来和我一起为喜爱的战队加油吧！点击送奖杯↓O2020LPL战队势力榜,03/18
#云顶之奕手游上线外服##云顶之奕##英雄联盟#云顶之奕手游测试版～L清晨Ssi的微博视频,03/19
"我提出了问题""为啥澳服加不了好友?""O为啥澳服加不了好友?@英雄联盟手游攻略站",03/19
"LPL赛事资讯→WEClearlove、Haronba欧洲杯都关闭，电竞不受影响！poss现在还有人拿adc演，真是有够好笑的【#英雄联盟最佳电竞##LPL春季赛#】L游戏情报局的微博视频@""""",03/19
#2020LPL#我已为@VG英雄联盟送上奖杯，他是我心中的最强战队，快来和我一起为喜爱的战队加油吧！点击送奖杯↓O2020LPL战队势力榜,03/19
#英雄联盟##竞技游戏##LOL#瞎子这样玩，会有不一样的快乐LLOL情报局的微博视频,03/19
#2020LPL#我已为@LGD_英雄联盟送上奖杯，他是我心中的最强战队，快来和我一起为喜爱的战队加油吧！点击送奖杯↓O2020LPL战队势力榜,03/19
#2020LPL#我已为@VG英雄联盟送上奖杯，他是我心中的最强战队，快来和我一起为喜爱的战队加油吧！点击送奖杯↓O2020LPL战队势力榜,03/19
打ig的话一定要抓中！抓中！抓中，rooike起不来ig就没下限，上路对线不要管，打团注意ts的位置就行了@eStar英雄联盟分部,03/19
祖安是英雄联盟的一个区，这个地区的一个英雄艾克有两句台词“放马过来吧”“这就是祖安人打招呼的方式”，加上打游戏的人难免嘴臭，慢慢地就成了嘴臭的代表。,03/19
#英雄联盟#【说再见】陪伴我们两年之久的武器大师竞技场系统即将下线！武器大师竞技场上线已经有两年有余，为热爱竞技与战斗的召唤师提供了一个挑战自我的场所，帮助大家在挑战的过程中不断提升自己，时光荏苒，武器大师竞技场即将谢幕。2020年3月23日10:00，武器大师竞技场将关闭门票领取以及购买功能，我们仍然可以继续使用手中剩余的门票进行试炼赢取兑奖券。2020年4月6日10:00，将关闭武器大师竞技场的试炼功能，我们仍然可以使用手中的兑奖券参与武器大师商店中的各项道具兑换或用于开启星光水晶、星魄水晶的活动，同时兑换页面将支持按1:10将门票兑换为兑奖券以及允许将兑换的道具领取到其他大区的功能。2020年9月21日10:00，将关闭武器大师竞技场所有功能。,03/19
再也不能白嫖了呜呜呜#英雄联盟#,03/19
VG英雄联盟已经不是第一次临危受命他会证明自己,03/19
#2020LPL#我已为@VG英雄联盟送上奖杯，他是我心中的最强战队，快来和我一起为喜爱的战队加油吧！点击送奖杯↓O2020LPL战队势力榜,03/19
#2020LPL#我已为@LGD_英雄联盟送上奖杯，他是我心中的最强战队，快来和我一起为喜爱的战队加油吧！点击送奖杯↓O2020LPL战队势力榜,03/19
#2020LPL#我已为@VG英雄联盟送上奖杯，他是我心中的最强战队，快来和我一起为喜爱的战队加油吧！点击送奖杯↓O2020LPL战队势力榜,03/19
何运晨#云自习挑战#day4⃣1⃣☑️三节专业课☑️看网课视频☑️复习＋背单词☑️瘦腿＋矫正驼背☑️冰糖炖雪梨☑️一套模拟题＋改错☑️英雄联盟比赛回放一早做了一份模拟题虽然还没学完但还是不想错过这次模拟吧积极参与战果惨烈安慰自己我还没有学完呢学完了我又是一条好汉冰糖炖雪梨好甜啊我跟我妈一起追比赛赢了就很舒服我可以为了赢不看直播看回放只要你给我赢今天很开心欧云监工@何运晨Yancy晚安啊姐妹们,03/20
今天是我们GD电子竞技俱乐部英雄联盟分布的ADC选手冯俊凯enjoy的生日🎂～大伙儿正在一起庆生呢，团队气氛非常浓郁！在这里让我们一起祝enjoy生日快乐鸭！同时，新的赛季马上也要开始啦，也祝咱们能取得棒棒的成绩！LGD电子竞技俱乐部的微博视频,03/20
个人感觉英雄联盟的可玩性还是比较高的搞比赛可以当做电竞比赛但是王者荣耀就不一样了他是一款手机游戏当时出这款游戏的时候的初衷就是方便快捷在闲暇时间里可以快乐的玩一局但是现在很多人都在搞王者荣耀电竞比赛，我是真的不想吐槽是十个人围在一个桌子上玩手机吗O《王者荣耀》和《英雄联盟》哪个可玩性更高？,03/20
#大渣渣的365天生活#第十天1.早上九点起来准备准备去上第二节课，近代史老师放的有作业，有提问，有抢答，还得当堂完成，抢答完了也不用说话，也不知道图啥。2.中午吃的一点牛肉，有一说一，这拌菜热的牛肉真心不好吃，一种很老的感觉。3.今天下午没课，我跟宝宝约好玩一会游戏一点半就睡觉觉。睡是睡得挺准时的没有拖，但是今天也太吵了啊，头顶有捣线车的声音，旁边有钻墙的声音，服了。一觉睡到四五点，我的表响着但是声音盖不过噪音，我都没听到。啊啊啊好烦，醒了还是头晕。4.打了会英雄联盟清醒一下自己，然后去吃晚饭了，做的鸡蛋饼，味道还不错，唯一不美的地方就是有点焦了。5.晚上又叫我打游戏@孟里梦梦中孟昂？说了不玩，不玩非叫我，求着让我带，真是的吧，哎呀。6.锻炼身体，不对，锻炼屁股@孟里梦梦中孟。说是瘦腿，我这几天除了屁股疼，就是屁股酸。你不在，我又该怎么缓解疼痛呢，唉，想你。7.背单词。8.(未发生)想看电视。晚安，好梦珂,03/20
#2020LPL#我已为@VG英雄联盟送上奖杯，他是我心中的最强战队，快来和我一起为喜爱的战队加油吧！点击送奖杯↓O2020LPL战队势力榜,03/20
#英雄联盟#蕉太狼MVP，打出身价证明自己，国产顶级中单！L悟空筋斗云空间的微博视频,03/20
#英雄联盟##lol#最难的英雄连招，职业选手也很难打出来，特别是最后一个L游戏就要这么玩的微博视频,03/20
#英雄联盟##LOL#耿直Iboy，赛后采访环节，这是公然怼教练吗？新中野单练两场就零封RNG，沟通无障碍！L悟空筋斗云空间的微博视频,03/20
英雄联盟当前Adc现状：来操作啊？！#RNG输了#L英雄联盟搞笑投稿君的微博视频,03/20
萌新来报道，希望VG英雄联盟超话里的大佬多多支持！超话传送门→http://t.cn/Rjb2rpC,03/20
#英雄联盟##竞技游戏##LOL#丝血螳螂回城被打断，被迫反打丝血反杀！你说你惹它干什么？LLOL情报局的微博视频,03/20
#英雄联盟#小智：阿卡丽差丝血击杀卡萨丁，小龙阴阳怪气疯狂口嗨！L游戏主播日爆社的微博视频,03/20
此时章鱼妈路过了这里，河蟹得了青光眼。#搞笑##英雄联盟##幽默#L中华笑神的微博视频,03/20
#2020LPL#我已为@LGD_英雄联盟送上奖杯，他是我心中的最强战队，快来和我一起为喜爱的战队加油吧！点击送奖杯↓O2020LPL战队势力榜,03/20
#2020LPL#我已为@VG英雄联盟送上奖杯，他是我心中的最强战队，快来和我一起为喜爱的战队加油吧！点击送奖杯↓O2020LPL战队势力榜,03/20
#2020LPL#我已为@LGD_英雄联盟送上奖杯，他是我心中的最强战队，快来和我一起为喜爱的战队加油吧！点击送奖杯↓O2020LPL战队势力榜,03/21
今晚国服王者局吃了四把鸡，其中有一把还有王者前十，这个成绩算是对云顶s2赛季最好的告别吧。我是因为英雄联盟才来直播的，本来云顶算是自己的娱乐项目，没想到玩的还不错，虽然整体上状态起起伏伏，但也算的上是国服最顶尖的游侠玩家了。其实最近的游戏状态有点差，包括英雄联盟和云顶，时好时坏起起伏伏，感觉是时候调整作息了。从入冬开始，我就没有早起过跑圈，每天晚上11点多下播完就看别人直播学习云顶到凌晨3点左右，然后睡到12点左右起来直播，这样的作息感觉下午脑子嗡嗡响狂打哈欠。云顶s3赛季马上就要来了，到时候肯定会花一大把时间去找适合自己版本强度很高的阵容，是时候找个上午档的主播学习云顶了，希望英雄联盟和云顶的游戏状态和良好作息两不误，越来越强,03/21
#2020LPL#我已为@LGD_英雄联盟送上奖杯，他是我心中的最强战队，快来和我一起为喜爱的战队加油吧！点击送奖杯↓O2020LPL战队势力榜,03/21
【九九八十一（LOL英雄群像版）】英雄联盟CG混剪#哔哩哔哩动画#O【九九八十一（LOL英雄群像版）】英雄联盟CG混剪,03/21
LOL你的手环是紫色的，难道实在暗示无紫(乌兹)不行？#英雄联盟那点事##uzi#L烟花雨诗人泪的微博视频,03/21
LOL英雄里还有其他正常人吗？#英雄联盟#,03/21
#英雄联盟##lol#只要卡莎不在我们就重拳出击，刚说完卡宝孙哥就被卡莎双杀L游戏就要这么玩的微博视频,03/21
#2020LPL#我已为@LGD_英雄联盟送上奖杯，他是我心中的最强战队，快来和我一起为喜爱的战队加油吧！点击送奖杯↓O2020LPL战队势力榜,03/21
#2020LPL#我已为@VG英雄联盟送上奖杯，他是我心中的最强战队，快来和我一起为喜爱的战队加油吧！点击送奖杯↓O2020LPL战队势力榜,03/21
每天都充斥着压力，学习上的，工作上的，感情上的，英雄联盟也觉得打着没趣了，每天回家打下nba，想喝酒了。,03/21
teamwe2017年英雄联盟全球总决赛四强战队TeamWE上单957打野Condi中单XiyeADCMystic辅助ZeroBen,03/21
#英雄联盟##云顶之弈手游#食我一发原子弹啦@英雄联盟@正解析,03/21
#2020LPL#我已为@VG英雄联盟送上奖杯，他是我心中的最强战队，快来和我一起为喜爱的战队加油吧！点击送奖杯↓O2020LPL战队势力榜,03/21
英雄联盟之55开PDD五排PDD中单卡萨丁对战泽拉斯L55开PDD五排PDD卡萨丁中单VS泽拉斯,03/21
#英雄联盟#游戏内突然这样怎么处理,03/21
omg英雄联盟,03/22
许嵩有没有嵩鼠这几天没事打游英雄联盟呢，一个人玩太无聊了，有车队就太好了，全区有号，老司机们带带我🙉🙉#英雄联盟#L桃花教主丶的微博视频,03/22
英雄联盟结束,03/22
峡谷迷惑性为，哈哈哈哈哈，猫咪和提莫是真的惨英雄联盟#春日游戏季##lol玩家的日常#L游戏橙EX的微博视频,03/22
#英雄联盟##lol#九尾妖狐在线魅惑，极限预判敌人走位L游戏就要这么玩的微博视频,03/22
玩来玩去还是英雄联盟玩不厌几天不骂街不被气就浑身不舒坦玩这游戏多多少少沾点抖m,03/22
英雄联盟#春日游戏季##英雄联盟#V5再输RW，全负战绩垫底#LPL#，小东北打出的伤害令人惋惜！本场比赛中单佐伊功不可没，RW前期下野劣势。但在土龙与大龙节点，佐伊找准时机，E技能精准命中V5关键人物，成功为队伍拿下地图上的关键资源，从而扳回劣势夺得优势。游戏后期，佐伊发挥依旧出色，高地攻坚战中，利用E技能不断进行骚扰与消耗，最终成功助力RW拿下比赛。反观V5，前期中路卢锡安优势碍于整体比赛节奏，并没有得到继续发挥的机会，没有及时参与到关键的团战，同时蜘蛛、AD的走位失误，给RW佐伊不断找到机会，也是V5输掉比赛的一个伏笔。,03/22
#2020LPL#我已为@LGD_英雄联盟送上奖杯，他是我心中的最强战队，快来和我一起为喜爱的战队加油吧！点击送奖杯↓O2020LPL战队势力榜,03/22
#2020LPL#我已为@VG英雄联盟送上奖杯，他是我心中的最强战队，快来和我一起为喜爱的战队加油吧！点击送奖杯↓O2020LPL战队势力榜,03/22
#FPXRNG#英雄联盟：UZI不在，RNG又输FPX，小龙堡2755，对不起4396O英雄联盟：UZI不在，RNG又输FPX，小龙堡2755，对不起4396,03/22
#王者荣耀##王者荣耀锦鲤#王者荣耀入坑三年了我的英雄学院，一拳超人，约会大作战，柯南，进击巨人，死神，拳皇，英雄联盟，斗破苍穹，王者荣耀，碧蓝航线，少女前线，火影忍者，O网页链接海贼王，龙珠，打工吧魔王，干物妹本子,03/22
#2020LPL#我已为@eStar英雄联盟分部送上奖杯，他是我心中的最强战队，快来和我一起为喜爱的战队加油吧！点击送奖杯↓O2020LPL战队势力榜,03/22
姿态和Letme解说FPXvsRNG吐槽：RNG一直在给机会呀！rng#英雄联盟#L奈斯游戏社的微博视频,03/22
#LOL情人节#@英雄联盟同人金克丝带着情人节来了,03/22
#2020LPL#我已为@VG英雄联盟送上奖杯，他是我心中的最强战队，快来和我一起为喜爱的战队加油吧！点击送奖杯↓O2020LPL战队势力榜,03/22
eStar英雄联盟这小c简直不当人，太顶了。,03/23
电竞#英雄联盟##LOL#当你点完菜以后，你打算和谁坐一桌？,03/23
英雄联盟英雄联盟职业比赛中有哪些不能触碰禁忌（也就是脏手段）？1.提前退游戏在寻常游戏里，我们为了节省时间会ALT+f4提前退出游戏，是存在于rank的任性，可在严肃正规的比赛上，这种行为就不被允许了，毕竟作为职业选手来说，纵然自家水晶即将摧毁爆炸，但勇于直面失败也是职业素质之一，因此比赛里一旦出现提前退游戏，那就休怪拳头拿“禁赛套餐”伺候了。2.打假赛！电子竞技的原则是公平公正，这是竞技游戏的核心准则。不过对于唾手可得的财富总有人甘愿冒险。例如lgd战队的打野选手condi就被爆出打假赛的消息，后来被官方证实确有此事，处以禁赛18个月的惩罚；DOPA相信在场的各位都不陌生吧，其个人水平几乎是和faker持平，凭借卡牌多次登顶国服韩服第一，是有望铸就新一代中单传奇的天才选手，可惜打假赛最终被拳头封禁1000年不得参与职业比赛。3.辅助手段辅助手段不单单是指野怪计时这类辅助功能，还包括兴奋剂，槟榔，香烟等物品。这里的槟榔还有个有趣的梗，网友盛传EDG打野haro的发挥很大程度上依赖槟榔，一般比赛上嘴里嚼着槟榔，其实力将得到百分之两百的提升！其实这些被禁也能理解，毕竟在这种场合，选手若是抽着香烟，嚼着槟榔，岂不是在败坏电竞的名声嘛。你还知道哪些？#春日游戏季##lol玩家的日常#,03/23
#英雄联盟##lol#如果这样配合，没错就是这么强！L游戏就要这么玩的微博视频,03/23
#2020LPL#我已为@VG英雄联盟送上奖杯，他是我心中的最强战队，快来和我一起为喜爱的战队加油吧！点击送奖杯↓O2020LPL战队势力榜,03/23
看个比赛怎么阴阳人这么多？英雄联盟特色嗷，我寻思篮球比赛也没有这么多阴阳人啊？还是因为B站低龄化太严重了？,03/23
英雄联盟日记2020年3月23日晴🌤别骂了别骂了别骂了别骂了别骂了别骂了别骂了别骂了别骂了别骂了别骂了别骂了别骂了别骂了,03/23
晚安啦#英雄联盟##电竞#,03/23
【英雄联盟】ESvsIG_1_2020LPL春季赛第四周_DAY1-更多好玩好看的短视频尽在虎牙直播~(分享自@虎牙直播)O网页链接,03/23
【英雄联盟（LOL）】【201级-白银段位】急售！生活所迫，全英雄土豪账号帐号，裁决之地，21000.0元O网页链接,03/23
#英雄联盟##lol#血港鬼影在无限火力，是真的可以为所欲为L游戏就要这么玩的微博视频,03/23
德杯赛场图，四强诞生#2019德玛西亚杯#@VG英雄联盟@EDG电子竞技俱乐部@JDG京东电子竞技俱乐部@RNG电子竞技俱乐部,03/23
看别人玩英雄联盟哼哼唧唧自己玩起来ohfu*k这游戏和我的手匹配不上,03/23
英雄联盟《英雄联盟》史上最经典的一个镜头你认为是什么？#游戏吐槽大会#,03/23
es上单小白心态真好#英雄联盟#,03/23
【2020LPL春季赛巅峰时刻】卡萨丁TP支援收三杀逆转战局团灭LNG发育成型的卡萨丁真的无法阻挡#英雄联盟##2020LPL#L助手哥有点6的微博视频,03/24
#2020LPL#我已为@LGD_英雄联盟送上奖杯，他是我心中的最强战队，快来和我一起为喜爱的战队加油吧！点击送奖杯↓O2020LPL战队势力榜,03/24
#2020LPL#我已为@VG英雄联盟送上奖杯，他是我心中的最强战队，快来和我一起为喜爱的战队加油吧！点击送奖杯↓O2020LPL战队势力榜,03/24
#2020LPL#我已为@eStar英雄联盟分部送上奖杯，他是我心中的最强战队，快来和我一起为喜爱的战队加油吧！点击送奖杯↓O2020LPL战队势力榜,03/24
#2020LPL#我已为@VG英雄联盟送上奖杯，他是我心中的最强战队，快来和我一起为喜爱的战队加油吧！点击送奖杯↓O2020LPL战队势力榜,03/24
【2020LPL春季赛巅峰时刻】上单决战Biubiu单杀圣枪哥真是上单1v1男人大战嗷#英雄联盟##2020LPL#L助手哥有点6的微博视频,03/24
#英雄联盟#新赛季第三把，5星守1剑豪我就去吃饭了，剑豪带了一个星之守护者挂件，所以凑齐了6星守，回来已经是101金币和第一名了，然后果断升了两个3星英雄，真好玩儿啊,03/24
我正在快手看英雄联盟-棋王欧了的直播，一起来看！#记录世界记录你#O英雄联盟-棋王欧了的快手直播,03/24
#英雄联盟#越来越不懂难顶,03/24
【2020LPL春季赛巅峰时刻】泰坦果断闪现留人SN0换2这波击杀成功打破了僵局#英雄联盟##2020LPL#L助手哥有点6的微博视频,03/24
#英雄联盟愚人节皮肤##魔法少女厄加特#这个皮肤，也是无法接受呀，太萌了……O英雄联盟愚人节皮肤魔法少女厄加特，这是你想得到的皮肤吗？,03/24
#2020LPL#我已为@eStar英雄联盟分部送上奖杯，他是我心中的最强战队，快来和我一起为喜爱的战队加油吧！点击送奖杯↓O2020LPL战队势力榜,03/24
#2020LPL#我已为@VG英雄联盟送上奖杯，他是我心中的最强战队，快来和我一起为喜爱的战队加油吧！点击送奖杯↓O2020LPL战队势力榜,03/24
和平精英招线上游戏陪玩小姐姐，只要女生想了解的小姐姐翻烂我微博再滴滴我谢谢～会lol英雄联盟，绝地求生，王者荣耀，和平精英，云顶之奕都可一单一结不骗人，互相尊重是美德🙆详情看下图,03/24
英雄联盟实用小技巧L热爱电竞的微博视频,03/24
rng简简单单聊一下rng现状。每年成绩不好的时候，超话环境真的很差。16年12月，君泽很不容易地从二队升上一队。他也是新人，甚至是被下放的新人。但是他就是从二队打出来了，一声羊来开天门。有他的例子在，希望那些嘴臭的粉丝理性闭麦。rng并不是不给新人机会的。老粉丝当时应该感受过，微博底下全是喷君泽菜的，划个几十页全都是。甚至18年君泽打出了水平的时候还有叫“让帝”的，君泽上单的日子是真的不快乐，希望曾经喷他的人明白。也希望现在喷选手的人明白，喷解决不了问题，只能把自家选手心态搞崩。别说什么难道用爱感化吗，你被人喷几千条你还开游戏吗？你还想玩吗？输了好好分析，做粉丝的督促他们好好复盘好好练习，给他们加油，帮助他们回复自信，比喷人可有用多了（u1s1全队思想出问题区别对待，以及理性指出不足的粉丝值得肯定。啥也不会就会开麦bb的）同时，常年只关注rng的软粉，我给你们汇报汇报形势。只要有lpl比赛的地方，就必有反串软粉的。无论是哪个队，弹幕都有反串的。最终两支比赛队伍的粉丝往往演变成同心协力骂rng所以，一定程度上我们lrl已经成了，各位不会真的以为rng粉丝多就可以为所欲为吧。玩这种操作的曾经有猪狗大战，也有p遗照，只不过当年我们是两家对线我方偏弱，如今是多家混战我方强盛而已。所以，rng的选手，咱们自己不珍惜，就真的没人珍惜了。输比赛粉丝气不过无可非议，但是u1s1离了rng你还想看谁的比赛？爱都爱了，离又离不得，凑活凑活继续喜欢呗。这两年大家似乎特别喜欢拿“电子竞技菜是原罪”这句话当准则使，但是这句话它逻辑本身就是错的。我们不能因为一个人一次考试没考好就问候他祖宗十八代，同样我们也不能因为输了就说菜是原罪。不考虑真理的适用条件和范围，那么真理就是悖论，这个理儿大家高中政治都学过的。如果电子竞技输了=菜的话，那么整个英雄联盟将没有一位选手是不菜的。最后给新粉丝写两句话：这两天weiyan的事牵出来rng的节奏，但是，整个lpl我软是最不可能打假赛的。s8那把狗子也说了不是不想捡，是真的捡不到。你问我为什么？rng是全lpl唯二盈利的战队你知道吗。差那点聚餐钱💰？我们真的很不容易，rng运营做的好是好事。没有运营，rng不可能在没有s冠的情况下保持顶流。没有流量就只能辛辛苦苦攒钱等第二年买选手，而不是年年都还能打出个成绩。俱乐部搞了那么多活动也确实有效果，确实为中国电竞出了一份力。我不知道以后会怎样，但我知道这支奇迹之师每次低谷都会绝处逢生，无论是s3的辉煌还是s5保级，亦或是s7折戟。我不知道你们为什么喜欢rng，但我知道我的喜欢是royal加上nevergiveup。royal是传承，ng是永不言弃。我们每年都不被人看好，我们每年又都是最有希望的一年。想骂就赶紧骂吧，退役了你们就骂不了了，hz们。最后，皇，今年也要加油好吗。下一把我想看你赢如果你输了我就当没打,03/25
LOL#电竞##英雄联盟#RNG被横扫了一波，有人欢喜有人忧，其中最快乐的那个人当仁不让是无状态了，之前无状态和Uzi在S5赛季就结了梁子，当初的那个不光彩的时间大家都知道，这两人也是从那个赛季之后谁也看不惯谁。不过，这次比赛Uzi又没上，无状态看到RNG输了还是这么高兴，丑人多作怪？,03/25
英雄联盟【昨晚BLG发布了对FOFO选手的处罚声明】由于FoFo选手对待感情的态度以及处理感情问题的方式伤害了女方女方被抛弃后向朋友控诉，随即聊天截图流传到了网上有一说一，FOFO这波做的确实是太绝了这就是fofo女友在脸书上传的埋怨国豪的音频BLG已经扣了fofo6个月的工资以示处罚L英雄联盟视频菌的微博视频Author:英雄联盟视频菌,03/25
【今日战报，FPX六连胜】V50-2OMG（碾压局，不论是演是菜都不值得看）TES2-0JDG（TES球球发挥出色，据说队伍的指挥也是他，不管怎么说换上球球TES确实变强了很多，这次能翻盘京东，球球也功不可没，可以看看）BLG1-2FPX（我只有一个疑问：BLG真的没有别的中单了吗？？？）【明日预告】RW-DMO(演员大战，吃瓜群众可以看看，haro也可能上场）SN-WE（新军WE和劲旅SN还是值得一看的，也比较有观赏性，两边火气都很足）VG-LGD（主要康康蕉太狼和小花生的院长大战）#2020lpl##lpl春季赛##英雄联盟#,03/25
糊坛瓜友墨韵随步摇【英雄联盟S9主题曲《Phoenix》古筝版】（又一个在隔壁糊了的）【科普一下墨韵教主（从我个人了解的角度，非常局限和片面），B站镇站之宝级UP主，以一首古筝版千本樱在B站一举成名，目前斩获3000w+播放量，古筝版权御天下1000w+播放量（经常刷B站应该知道这是个什么概念）】L超凡电竞LOL的微博视频,03/25
s3云顶之弈推荐阵容《未来战士暗星狙》前期找女警慎EZ寒冰机器人铁男扇子妈打工稳住运营经济，打完第2波野怪开始发力中期找悟空烬组成4未来战士3暗星2狙神2重装战士。（抽到锤石换掉女警）升8后找五费卡锤石，版本最强人海战术卡！锤石技能为召唤场下卡牌上场（不加羁绊）装备优先级慎（肉装）烬（暴击吸血）猴子（两个暴击圈套最好）多余装备辅助即可暗星羁绊为百分比伤害3暗星6暗星未来战士羁绊为攻速加成246未来战士搭配狙神的快速出手以及锤石的召唤无敌。#云顶之奕套路王#@英雄联盟,03/25
【里程碑：FPX冠军五人组LPL联赛出场100场】在今天FPX与BLG的第一局中，2019年的@FPX电子竞技俱乐部世界冠军五人组解锁了一项新成就：达成出战LPL联赛100场的里程碑。同时也是LPL历史第三支达成此项成就的五人组合！五个正确的人走到一起，就会化身不死的凤凰！愿你们能继续携手向前，凤翔九天！#2020LPL##英雄联盟##春日游戏季#,03/25
【2月全球游戏营收排行榜】SuperData公布了2月全球数字游戏市场营收排行榜。《英雄联盟》高居第一名前十名如下：《英雄联盟》《地下城与勇士》《穿越火线》《梦幻西游2》《CS:GO》《坦克世界》《魔兽世界怀旧服》《罗布乐思》《堡垒之夜》《DOTA2》2月份你买了多少款皮肤呢？#LOL玩家的日常##春日游戏季##英雄联盟#@jbo竞博,03/25
发布了头条文章：《【英雄联盟】LPL-2020春季赛BLGvsFPX赛事分析》今天的比赛的重点比赛，FPX对上BLG，BLG在新赛季中迎来了最大的考验，最近两周的连败战绩，让队伍的整体士气有明显的下滑，加上对上这支冠军队伍，BLG想结束连败还得有待观察，当前这个版本以中野打出节奏，小天配上金咕咕，可以将FPX整体节奏带上最高，即使中野再度换位，整体节奏联动两队伍不在一个档次，BLG想拿下本场比赛还要加油，本场电竞老铁还是看好冠军队伍直落二拿下胜利！！O【英雄联盟】LPL-2020春季赛BLGvsFPX赛事分析,03/25
投稿：第一次投稿。一定要厚码谢谢。谈了个网恋我16896斤左右颜值8分左右之前做过女主播高学历今年夏天毕业。为啥网恋呢就是打了五六年的英雄联盟导致跟现实的男生都没什么共同语言而且说实话现实里的男的基本上没有看得上的。这个网恋对象人丑见过照片但是声音很好听我严重声控而且我不怎么在意男生颜值。1.我跟他处半年了没给我花过一分钱（真是纯纯的爱恋期间春节情人节圣诞节都没过过语言上的情人节快乐也没有）2.虽然他韩服王者但没给我打过排位据他说他是单王每天有打不完的单（你说我图他啥？上分也不是钱也没花过我就真的是很单纯的喜欢他就是声控吧我人真的傻透了）我现在自己的号也不怎么玩了就半年以来一共用小号跟他玩了几十把乱斗而已吧经常打游戏的人知道一天能打10把乱斗很正常可想而知我这半年和他打的几十把基本可以当作没有一起玩3.他陪玩会有女老板我很不喜欢因为他聊天会跟人家说姐姐大大大之类的这种话4.跟他分手分过无数次了都没分成他会回来找我我又会心软我俩基本每天每天都吵架吵得很凶一般以我不理他或者我拉黑他结尾以他不停的找我再和好很多时候给他发消息他都半个小时有时一个小时才回问就是在打单但他就算不打单自己看直播也不会和我玩的。。我真的感觉，怎么说呢，就感觉陷入一种困境我就为什么跟他分不了他回来不停说一些话我就会心软我俩一天除了吵架也没什么别的交流真的是10句里就要开始吵了以前他对我特别不放心现在我变得对他不放心就这种困境有人能帮我一下吗是决绝一点就分手还是我要怎么做之前说分手他就动不动说分手的话要让我以后没法做人之类的就很极端吧我自己就是觉得我明明比你好这么这么多为什么在你这没有得到应有的反而是天天吵架天天生气就真的很郁闷,03/25
#2020LPL##LPL春季赛#【V5vsOMG第一局】MVP：输出全场最高的ICON（暮光星灵）前往掌盟观赛，即可参加#盟牙有礼#活动赢取至臻赛娜皮肤、电竞椅、电竞外设等礼品。各位观众可以通过掌盟，英雄联盟电视台，赛事官网，企鹅电竞，虎牙直播，斗鱼直播，Bilibili直播，快手游戏直播，腾讯体育，腾讯视频，新浪微博及赛驰体育赛事频道观看春季赛直播。,03/25
【前RW选手WeiYan假赛事件后续：V5、DMO、eStar官宣澄清】今日清晨曝光的WeiYan假赛事件的后续，在截图中出现的战队有LPL的V5、DMO、eStar三只战队，三只战队俱乐部在后续都发布了公告澄清。值得一提的是早前也因为假赛事件风波被开除的Condi康帝也更博谈了谈最此事的看法：“惊了，我都那样献祭自爆了，怎么还有想不明白的？拜托都清醒一点好吧！！”大家对于WeiYan陷入假赛风波的事件怎么看呢？#英雄联盟##weiyan违纪被RW解除协议#,03/25
【官方公告】英雄联盟职业赛事纪律管理团队已在第一时间成立专项调查小组，于今日派遣官方调查人员进驻RW俱乐部，并对整个事件进行全面调查，调查完毕后将会第一时间公布处理结果。在调查期间，联盟将禁止WeiYan选手参与英雄联盟电竞相关的任何比赛及活动。#weiyan违纪被RW解除协议##英雄联盟##LOL#,03/25
【ESPN记者排名S赛冠军：iG仅排第三！】ESPN记者Fionn公布了自己对于S系列赛的冠军排名，具体排名如下：1、SSW（2014年）2、SKT（2015年）3、iG（2018年）4、FPX（2019年）5、SSG（2017年）6、SKT（2016年）7、SKT（2013年）8、TPA（2012年）9、FNC（2011年）英雄联盟#英雄联盟#,03/25
任栋：“我最大的梦想，就是想回到舞台上，做一次谢幕”近期，当初那个以“不灭之握”闻名的任栋，近期又参加了相关电竞节目的录制。在《人民电竞》的采访中，他谈及了这一年的经历和自己的现状。在看守所中的三个月，是我一生中渡过的最漫长的三个月。这段时间，我想了很多事情，也深刻的反省了自己。我刚进去的时候，瘦了大概13公斤，此后我看了十几本书，到最后，我也安静下来了，就这样，三个月过去了，在我的心里像过了三年一样。我现在最大的梦想，就是想回到舞台上，做一次谢幕。这个谢幕不是给我的，是给观众的——因为这是我欠你们的。更多的是，你们看到这个舞台成就了我，但是没有看到结局，这部电影就戛然而止了，甚至没有一场谢幕。你认为他还有机会吗？#春日游戏季##lol玩家的日常#英雄联盟,03/25
明天赛程推荐英雄联盟职业联赛LPL春季赛202014:00FPXVSOMG17:00LNGVSES19:00RNGVSJDG首场是FPX支持一下，加油#lol##英雄联盟#,03/26
这个婧再难看也不想回去竞，英雄联盟把我的心伤透了,03/26
哈哈哈哈哈，那没事了#英雄联盟#,03/26
#骚男##英雄联盟#骚男拿3个撑杆跳僵尸，竟打不过一个小喷菇！L畅游召唤师峡谷的微博视频,03/26
《英雄联盟》邪鸦魅影版诡术妖姬乐芙兰cosplay。,03/26
英雄联盟打不了一辈子的呀，电竞是一个不错东西，但是你要比起念书。。。我这么讲吧，打电竞是念不了书的人打的，但是创造电竞是念书的人打的你们能理解，就你们能理解区别吗？就是你希望当一个创造电竞的人，还是一个打电竞的人，你有知识，你有智慧啊，你能创造这个游戏出来，给别人玩，真的，去念书,03/26
梦龙乐队LOLS4总决赛花絮揭秘！破坏关系的最快最简单的方法就是听信谣言……英雄联盟之纪录片,03/26
【英雄联盟之上海马超英雄志31期无敌妖姬逆风翻盘】,03/26
#2020LPL#我已为@VG英雄联盟送上奖杯，他是我心中的最强战队，快来和我一起为喜爱的战队加油吧！点击送奖杯↓O2020LPL战队势力榜,03/26
#2020LPL#我已为@eStar英雄联盟分部送上奖杯，他是我心中的最强战队，快来和我一起为喜爱的战队加油吧！点击送奖杯↓O2020LPL战队势力榜,03/26
#2020LPL#我已为@VG英雄联盟送上奖杯，他是我心中的最强战队，快来和我一起为喜爱的战队加油吧！点击送奖杯↓O2020LPL战队势力榜,03/26
#2020LPL#我已为@eStar英雄联盟分部送上奖杯，他是我心中的最强战队，快来和我一起为喜爱的战队加油吧！点击送奖杯↓O2020LPL战队势力榜,03/26
打英雄联盟真的好考验人心态,03/26
#2020LPL#我已为@LGD_英雄联盟送上奖杯，他是我心中的最强战队，快来和我一起为喜爱的战队加油吧！点击送奖杯↓O2020LPL战队势力榜,03/26
#2020LPL#我已为@VG英雄联盟送上奖杯，他是我心中的最强战队，快来和我一起为喜爱的战队加油吧！点击送奖杯↓O2020LPL战队势力榜,03/26
#英雄联盟#有一个思路清晰的锤石，团战不是随随便便拿下嘛！L游戏通关宝典的微博视频,03/27
【你觉得游戏里五个位置必须精通的英雄是什么？】虎扑热议贴O网页链接#上虎扑关注英雄联盟#,03/27
深夜闲聊：有哪些英雄是你打不过，然后就选择加入的？#英雄联盟##LOL#,03/27
#云顶之弈套路王#@英雄联盟3⭐🐉👑直接点了好气呀,03/27
第一局（兰博辅助毫无作用，小虎四杀刀妹接管比赛）开局一级团狼行的腕豪位置被逮住，JDG众人一拥而上拿下一血，盲僧收下人头后节奏加快，在争夺小龙的时候，虽然盲僧拿到了水龙，但是RNG在伤害层面显然更足，最终大获全胜，小虎更是拿到了四杀，之后RNG进一步加快节奏，雪球越滚越快，15分钟RNG已经8-1了，兰博辅助已然裂了。#英雄联盟#,03/27
#blgrng##RNG输了##英雄联盟#LPL每日TOP5：小虎惨遭Fofo极限反杀，Zoom腕豪无解一级团！L电竞资讯君的微博视频,03/27
英雄联盟#2020LPL##LOL#看了#周淑怡#和管泽元的“失误名场面”，突然发现当年“尬聊”的一笔姐真的挺好的！近些天，解说Cat和一比姐联手解说LCK的一场比赛，然而由于LCK赛区网络并没有我们这么稳定，竟然一场比赛出现了两次暂停半小时的情况，但在这个期间硬生生被一比姐圆了回来，甚至还有人说：请不要插播LCK比赛，想听一笔姐聊天！,03/27
#2020LPL#我已为@VG英雄联盟送上奖杯，他是我心中的最强战队，快来和我一起为喜爱的战队加油吧！点击送奖杯↓O2020LPL战队势力榜,03/27
#2020LPL#我已为@VG英雄联盟送上奖杯，他是我心中的最强战队，快来和我一起为喜爱的战队加油吧！点击送奖杯↓O2020LPL战队势力榜,03/27
求乌迪尔的心理阴影面积【#英雄联盟最佳电竞##LPL春季赛##2020lpl春季赛#】【素材来源网络侵权私信删】L电竞妞的微博视频,03/27
#2020LPL#我已为@VG英雄联盟送上奖杯，他是我心中的最强战队，快来和我一起为喜爱的战队加油吧！点击送奖杯↓O2020LPL战队势力榜,03/27
iG电子竞技俱乐部难道喜欢IG不是因为喜欢英雄联盟而喜欢电子竞技而喜欢IG吗？整天哥哥这儿哥哥那儿的叫给谁听呢，也不怕迟早把你家哥哥职业生涯给叫没了。IG拿S8冠军之前您在吗，IG拿冠军的时候您是否也在造谣？某人拿FMVP的时候您是否也在质疑？你但凡去网吧坐一下午玩两把游戏多了解了解英雄联盟多了解了解LPL多学学啥叫电子竞技你也不会搁这儿乱吠。有这个时间玩玩游戏不香吗？技术都很好了吗？你哥哥会的英雄你都会了吗小朋友？,03/27
今天终于登上了，等了两年之久的职业联赛的舞台。心里有些话还是想说一说。作为一个播音主持刚刚毕业的学生，我可能是真的非常幸运。17年萌新解说英雄联盟城市赛，18年由浅入深解说王者荣耀次级联赛，再到临阵磨枪解说飞车手游，再到后来为期一年的和平精英解说。我相信我不是最好的，可总是遇贵人相助。这当中遇到过非常多的瓶颈坎坷，和出乎意料的结果。当然，在今天登台之前，职业联赛对于我来说真的是那么遥不可及。可我又多么的想去触碰他。我曾经的确想过放弃，可我放弃了，这不都白费了么，所以我还是坚持了下来。离开吃鸡手游，转战PUBG，这对于我来说是一个莫大的考验，全新的环境让我显得有点生硬。近几次的解说让我逐渐的融入到这个圈子，可说实话没有以前那么舒服，因为这是全新的环境。我会再接再厉，既然来了，就该想想怎么能一直留在这。也告诉所有的朋友，付出真的会有回报。当幸福来敲门，你会发现那是多么的惊喜。#绝地求生##PCL2020#,03/27
【#英雄联盟#】大司马首创卢锡安打野，开局打蓝被机器人骚扰三次！要裂开了#春日游戏季#L皇家通关师的微博视频,03/27
#lol辱华##万人请辞英雄联盟策划#腾讯旗下游戏《英雄联盟》近期推出“王国机神”系列皮肤售卖，该系列皮肤的元素取材自日本战国武士，几款皮肤均带有浓厚的日本风格。但在中国新春佳节来临之际，腾讯游戏策划将“王国机神”系列皮肤强行作为中国鼠年限定皮肤进行高价售卖，利用了国服广大玩家对于lol的,03/27
#2020LPL#我已为@LGD_英雄联盟送上奖杯，他是我心中的最强战队，快来和我一起为喜爱的战队加油吧！点击送奖杯↓O2020LPL战队势力榜,03/28
#2020LPL#我已为@eStar英雄联盟分部送上奖杯，他是我心中的最强战队，快来和我一起为喜爱的战队加油吧！点击送奖杯↓O2020LPL战队势力榜,03/28
英雄联盟这个游戏里我最喜欢的英雄就是不祥之刃卡特琳娜还记得第一次玩卡特的时候就爱上了这个红头发御姐风的刺客卡特有独特的技能刷新机制所以可以在战场中七进七出完成收割当时感觉玩卡特最直观的感觉就是爽遥想老版卡特还可以插眼e非常的灵活可以在对线和团战的时候保护自己后来卡特改版了我也不好说是加强还是削弱刚开始感觉就是不习惯以至于放弃了一段时间卡特不过因为信仰我又重拾信心把卡特这个英雄捡了起来在不断的实战总结出来的经验后我认为新版卡特强于旧版但是操作难度和切入时机的把握又更加困难卡特不像是一个那么容易上手并且无脑的英雄了她有了灵魂有了那种漂移以及灵动所以现在我依旧经常玩卡特卡特已经成为我最拿手的英雄了~O英雄联盟中你最喜欢的一个女英雄是谁？,03/28
#2020LPL#我已为@eStar英雄联盟分部送上奖杯，他是我心中的最强战队，快来和我一起为喜爱的战队加油吧！点击送奖杯↓O2020LPL战队势力榜,03/28
电竞#英雄联盟##LOL#深夜闲聊：克隆模式玩哪个英雄最快乐？,03/28
eStar英雄联盟一想到ES把Fofo爆锤就开心,03/28
#云顶之弈套路王#这版本前期掉血少，卖血攒经济挺好用的。（虽说能连胜谁也不想连败）刺客确实强，但同行太多了，要谨慎。最后附上一张绝活羁绊@英雄联盟,03/28
#2020LPL#我已为@eStar英雄联盟分部送上奖杯，他是我心中的最强战队，快来和我一起为喜爱的战队加油吧！点击送奖杯↓O2020LPL战队势力榜,03/28
英雄联盟#2020LPL##LOL#相信大家都发现，在进入#S10#赛季之后，作为“冠军打野”的小天在春季赛的发挥并不是那么的亮眼，甚至在一些对局中还被新人打野支配过！终于，在近日找到了一些蛛丝马迹，小天疑似有了手伤，在FPX日常更新的选手动态中，正在吃饭的小天手上都要缠着绷带！,03/28
#2020LPL#我已为@VG英雄联盟送上奖杯，他是我心中的最强战队，快来和我一起为喜爱的战队加油吧！点击送奖杯↓O2020LPL战队势力榜,03/28
👨🏻当时直接气炸#英雄联盟#,03/28
eStar英雄联盟大e老e连连乐，明天我还想收获快乐可以吗，大e,03/28
啥b英雄联盟官博控评有一手的就一直装死呗,03/28
#英雄联盟##云顶之奕#诺手:我要打十个!L不明真相的某梁的微博视频,03/28
【PDD正在直播】英雄联盟-房间号101,03/28
死狗和团团今天在一起了吗看不懂英雄联盟的悲哀,03/29
#2020LPL#我已为@VG英雄联盟送上奖杯，他是我心中的最强战队，快来和我一起为喜爱的战队加油吧！点击送奖杯↓O2020LPL战队势力榜,03/29
#2020LPL#我已为@eStar英雄联盟分部送上奖杯，他是我心中的最强战队，快来和我一起为喜爱的战队加油吧！点击送奖杯↓O2020LPL战队势力榜,03/29
"英雄联盟《Fiddlesticks,theAncientFear(新版费德提克主题曲)》KFiddlesticks,theAncientFear(“远古恐惧费德提克”主题曲)（@网易云音乐）现在看到这条的请务必点开听一听（",03/29
LPL春季赛3.30今天先到这里了Jun交流体育迷明天的比赛14：00VGvsLNG17：00V5vsFPX19：00JDGvsSN明天见#LPL春季赛##英雄联盟##2020lck#,03/29
#英雄联盟#大区：比尔吉沃特双排，不是代练就是小号id：故里琉璃北梦甜心雪灬我微博就专门用来挂这些恶心人的东西老子就是恶心这些小号、代练🙂下我进游戏就查战绩，小号🐶，代练🐶你们别被我遇到了，你看老子演不演你们就完了🙂,03/29
！！！啊啊啊啊啊哥哥发绿洲了不想干活了紧张什么？！高考分数只是决定你未来几年在哪个城市打英雄联盟而已，冷静点。紧张什么？！高考分数只是决定你未来几年在哪个城市打英雄联盟而已，冷静点。听说休息不规律，对身体危害很大，吓得我天天熬夜，熬得很有规律。有没有美女想要垫个下巴，请联系我，我有双下巴，打算卖一个。人有没有钱是看不出来的，当我们在街上擦肩而过的时候，你绝不会想到我竟然是超级会员。去了去了,03/29
#2020LPL#我已为@LGD_英雄联盟送上奖杯，他是我心中的最强战队，快来和我一起为喜爱的战队加油吧！点击送奖杯↓O2020LPL战队势力榜,03/29
LOL最佳盘点：Dandy生涯五大成名时刻，皇子赛场首个EQ闪，解说看后大叫出声(via呆梦demo)#英雄联盟#LLOL英雄联盟视频的微博视频,03/29
2020LPL春季赛3月30日首发，Khan首发出战14：00VGvsLNG17：00V5vsFPX19：00JDGvsSN英雄联盟#2020LPL##lpl春季赛#,03/29
上单眼中的各路队友英雄联盟L英雄联盟钻石大师的微博视频,03/29
#2020LPL#我已为@LGD_英雄联盟送上奖杯，他是我心中的最强战队，快来和我一起为喜爱的战队加油吧！点击送奖杯↓O2020LPL战队势力榜,03/29
#2020LPL#我已为@LGD_英雄联盟送上奖杯，他是我心中的最强战队，快来和我一起为喜爱的战队加油吧！点击送奖杯↓O2020LPL战队势力榜,03/29
今天的好心情因英雄联盟结束,03/29
晚上看电影蜘蛛侠，乐乐突然来句：英雄联盟就是英雄一起救世界人民！可能是疫情期间跟着看到太多的感人故事，小伙子有感而发❤️武汉封城六十七天，我们就快胜利了✌️,03/29
【今日赛后合影】偷偷比✌️的蕉蕉不想让我们看眼睛的刘少奇怪打光的jd？#英雄联盟##2020LPL#,03/30
#2020LPL#我已为@VG英雄联盟送上奖杯，他是我心中的最强战队，快来和我一起为喜爱的战队加油吧！点击送奖杯↓O2020LPL战队势力榜,03/30
五个老司机集体开车是什么样的体验@四个九英雄联盟L努力不再气到睡不着的微博视频,03/30
#2020LPL#我已为@LGD_英雄联盟送上奖杯，他是我心中的最强战队，快来和我一起为喜爱的战队加油吧！点击送奖杯↓O2020LPL战队势力榜,03/30
【#英雄联盟#】FPX金贡被弹幕调侃疯狂怒吼：别TM发西八问号！#春日游戏季#L游戏主播日爆社的微博视频,03/30
#2020LPL#我已为@eStar英雄联盟分部送上奖杯，他是我心中的最强战队，快来和我一起为喜爱的战队加油吧！点击送奖杯↓O2020LPL战队势力榜,03/30
我真的太奇怪了，我太吃那种不是长得算大众标准的帅哥但是却挺舒服的男生的颜了，比如meiko跟scout！李多多真的是我目前了解到lpl里面算是我很佩服的一个中单选手了，作为韩援早早就学会中文，实力一直稳定，经常当爹以及我相信人品真的没话说！LCandy-香香的微博视频,03/30
#英雄联盟#玩混分巨兽：线上我唯唯诺诺，支援一来我重拳出击！LLOL-英雄联盟视频的微博视频,03/30
英雄联盟最近新出的问题开局连不上重启电脑也是连不上这已经是第三次了被扣了两次排位分了我就c了,03/30
#2020LPL#我已为@LGD_英雄联盟送上奖杯，他是我心中的最强战队，快来和我一起为喜爱的战队加油吧！点击送奖杯↓O2020LPL战队势力榜,03/30
骚男邂逅小学老师？女人的嘴果然不能信！英雄联盟L英雄联盟钻石大师的微博视频,03/30
滔搏电子竞技俱乐部英雄联盟分部青训队伍TES.C，因4名主力选手为湖北武汉籍，在疫情期间积极配合防疫工作，...【赛训公告】O网页链接,03/30
【观“EDG官博”评论有感，你对自己主队最失望的是什么时候？】虎扑热议贴O网页链接#上虎扑关注英雄联盟#,03/30
#2020LPL#我已为@eStar英雄联盟分部送上奖杯，他是我心中的最强战队，快来和我一起为喜爱的战队加油吧！点击送奖杯↓O2020LPL战队势力榜,03/30
#2020LPL#我已为@LGD_英雄联盟送上奖杯，他是我心中的最强战队，快来和我一起为喜爱的战队加油吧！点击送奖杯↓O2020LPL战队势力榜,03/30
经过暄暄的准许以及铁子的支持我狠心离开联盟一年考研已经慢了一个月必须冲冲冲期待在北京的大学生活一年后见英雄联盟,03/31
【英雄联盟之G联赛线下八强比赛视频回顾EDGvsLGD】,03/31
#2020LPL#我已为@LGD_英雄联盟送上奖杯，他是我心中的最强战队，快来和我一起为喜爱的战队加油吧！点击送奖杯↓O2020LPL战队势力榜,03/31
#英雄联盟#说实话有点香,03/31
【高考延期7月7日，考前拜谁不用我多说了吧？】虎扑热议贴O网页链接#上虎扑关注英雄联盟#,03/31
我提出了问题“LOL的电影什么时候可以出啊好期待，每次看到cg我就热血沸腾。希望有生之年能买到LOL的影票”OLOL的电影什么时候可以出啊好期待，每次看到cg我就热血沸腾。希望有生之年能买到LOL的影票@英雄联盟,03/31
#2020LPL#我已为@VG英雄联盟送上奖杯，他是我心中的最强战队，快来和我一起为喜爱的战队加油吧！点击送奖杯↓O2020LPL战队势力榜,03/31
【#英雄联盟#】王者AD前期打崩下路，后期团战1V4反杀三人#春日游戏季#L游戏主播日爆社的微博视频,03/31
LOL最佳盘点：Ning真香警告！扎克赛场五大经典开团，妈耶弱势打野真香，请叫我扎克王（via呆梦demo）#英雄联盟#L打野的微博视频,03/31
omg英雄联盟从四连胜到现在三连败，队员状态怎么样大家都有目共睹，鬼知道我们这些粉丝的内心经历了什么，好好反思反思吧,03/31
深夜闲聊：克隆模式中哪一个英雄你必办？#英雄联盟##LOL#,03/31
iG电子竞技俱乐部英雄联盟新手玩家问各位大佬一个问题，为什么沙皇不能打上路，手长，有飘移不容易死。不用像传统放中路时去游走，安心发育就好了，后期还是大哥。,03/31
#2020LPL#我已为@LGD_英雄联盟送上奖杯，他是我心中的最强战队，快来和我一起为喜爱的战队加油吧！点击送奖杯↓O2020LPL战队势力榜,03/31
无限乱斗快速叠宝珠教学：不用技能，点一下就一层，点的越快叠的越快（via白开水Ttt）#英雄联盟#LLOL英雄联盟视频的微博视频,03/31
晚安哟各位~英雄联盟,03/31
