#2020LPL#我已为@LGD_英雄联盟送上奖杯，他是我心中的最强战队，快来和我一起为喜爱的战队加油吧！点击送奖杯↓O2020LPL战队势力榜,04/01
LOL当你在看这条视频是你是心酸的，当你打出这种操作是，只会有队友在身边狂喊NB#英雄联盟那点事#L烟花雨诗人泪的微博视频,04/01
VG英雄联盟一想到他们可能进不了季后赛就感觉好难过，没有贬低zeka和小酋长的意思，但感觉扣扣🐴真的头太铁了在大家都看明zeka和小酋长的慢节奏不适合lpl赛区的情况下硬着头皮上他们首发真的丢了好多不该丢的分，哎，还是能爆冷击败小凤凰的话10-6就不愁冲不进季后赛了，希望小伙子们好好打如果只输给凤凰的话9-7也是有很大机会的我真的觉得上中下三人最后是完全可以成长为国产上中下的排面的，而且打野aix和两个辅助也慢慢越来越娴熟了，希望整个队伍磨合得更好状态越来越好，冲就完事了感觉zeka的玩法真的有些问题，在支援上有问题，我和朋友都开玩笑说他玩的是暮光魔灵，诡术投弹手，老在中路嗯刷我真的觉得cube不比369差的，磨练一下至少是lpl的牛国瑞级别的呢最后👴🏻决定配个正经的图大伙不要再骂我上次配的韩金龙加许昊龙双龙羁绊了,04/01
【#英雄联盟#】韩服高玩祖安男孩，有点帅是怎么回事#游戏红人秀#【素材来源网络侵权私信删】L电竞小头的微博视频,04/01
今日新朋友，一只叫凯撒的小可爱。见到了三个月没摸到的大儿砸真是太开心辽！好久不玩英雄联盟，已经垃圾到连魔法猫猫的机制都不熟悉了，不过开心的是新英雄solo一上手竟然把大儿砸搞死了，阿月仔还是很有天分的！今日份伟大理想，希望有一天阿月仔可以成为一个厉害的辅助，保护我的宝贝射手。,04/01
大家还记得自己第一次五杀的英雄是谁吗？#英雄联盟夜聊#,04/01
英雄联盟业绩惨淡,04/01
16年打开英雄联盟跳出来的第一场比赛就是RNG，看了一场比赛就喜欢上了，你说他打的菜，但我还是喜欢，喜欢一个战队有时候就是这么简单。现在想想那么凑巧就刚好是RNG的比赛，那么凑巧就是这样一群人，那么凑巧我就一直喜欢这只战队到了现在，也许就是缘分吧。从那场比赛的looper，香锅，小虎，无心，mata，到现在的RNG，中间有的人走了，有的人来了，有的人遗憾却不得不放下，有的人还在坚持着，很开心喜欢了这样一只战队四年，以后也会继续喜欢下去。2020年，继续加油吧RNG。,04/01
#2020LPL#我已为@eStar英雄联盟分部送上奖杯，他是我心中的最强战队，快来和我一起为喜爱的战队加油吧！点击送奖杯↓O2020LPL战队势力榜,04/01
#英雄联盟#PDD采访ES选手：你在韩服是不是经常排到李哥？LLOL-英雄联盟视频的微博视频,04/01
#英雄联盟#IG四打五团灭OMG，Rookie中路真主名副其实！L游戏动感地带的微博视频,04/01
和平精英招线上游戏陪玩小姐姐，只要女生想了解的小姐姐翻烂我微博再滴滴我谢谢～会lol英雄联盟，绝地求生，王者荣耀，和平精英，云顶之奕都可一单一结不骗人，互相尊重是美德🙆详情看下图,04/01
@英雄联盟#云顶之弈套路王#阵容很强，一旦成型基本无敌，艾克开大招的时候会高喊两级反转，画面科技感十足。版本强势：【6源计划】+【3剑士】,04/01
【英雄联盟日服周周乐】3级恶魔河道单杀绿巨人，7血小丑草丛二戏双人路。L碳酸钦根的微博视频,04/01
愚人节尾巴电信宽带遭遇小区大面积故障我只能躺在床上默默地发一条微博表示还没来得及体验300M的电信网速还没体验打英雄联盟能不能让我陈旧的笔记本焕发第二春,04/01
#2020LPL#我已为@VG英雄联盟送上奖杯，他是我心中的最强战队，快来和我一起为喜爱的战队加油吧！点击送奖杯↓O2020LPL战队势力榜,04/02
O网页链接【PDD正在直播】英雄联盟-房间号101,04/02
你觉得游戏里面哪个英雄最容易上头啊？#英雄联盟#,04/02
#英雄联盟#当提莫遇上亚索，变身为大魔王，能逃过应有的命运吗？L游戏动感地带的微博视频,04/02
#英雄联盟#逆风局尽量肉一点，熔渣巨人加黑切，再出一个石像鬼L畅游召唤师峡谷的微博视频,04/02
英雄联盟真•猛男必备,04/02
美国疫情严重会不会影响游戏进度呢？🤔英雄联盟手游赛事英雄联盟手游,04/02
大家近期有什么关于lol的困扰？说出来评论互相帮助一下#英雄联盟夜聊#,04/02
【英雄联盟之啦啦啦德玛西亚S4第一集英雄进入校园】,04/02
#2020LPL#我已为@VG英雄联盟送上奖杯，他是我心中的最强战队，快来和我一起为喜爱的战队加油吧！点击送奖杯↓O2020LPL战队势力榜,04/02
#2020LPL#我已为@VG英雄联盟送上奖杯，他是我心中的最强战队，快来和我一起为喜爱的战队加油吧！点击送奖杯↓O2020LPL战队势力榜,04/02
【英雄联盟之小漠解说QR秒人瞬间爆炸第一男枪微笑】LQR秒人瞬间爆炸！国服第一男枪微笑,04/02
#搞笑#英雄联盟#笑笑##LOL玩家##lol克隆模式回归##LOL#火车摇司机走起德云色笑笑西卡五努努开火车神罗天征说没就没牛逼了LLOL精分君的微博视频,04/02
#2020LPL#我已为@eStar英雄联盟分部送上奖杯，他是我心中的最强战队，快来和我一起为喜爱的战队加油吧！点击送奖杯↓O2020LPL战队势力榜,04/02
#是什么影响了你玩游戏#影响的太多了，用手机网络时：电话来了，英雄联盟团战时突然卡住，然后回过神来了就黑白了，这不是重点重点是被队友嘲讽。游戏玩的正嗨的时候，那谁帮我去…,04/02
#2020LPL#我已为@LGD_英雄联盟送上奖杯，他是我心中的最强战队，快来和我一起为喜爱的战队加油吧！点击送奖杯↓O2020LPL战队势力榜,04/03
#英雄联盟#支持,04/03
eStar英雄联盟少年往前冲，我们会一直陪着你。L福尔摩斯彭小姐的微博视频,04/03
#2020LPL#我已为@LGD_英雄联盟送上奖杯，他是我心中的最强战队，快来和我一起为喜爱的战队加油吧！点击送奖杯↓O2020LPL战队势力榜,04/03
你的澡堂对我打了烊。#英雄联盟#,04/03
#2020LPL#我已为@LGD_英雄联盟送上奖杯，他是我心中的最强战队，快来和我一起为喜爱的战队加油吧！点击送奖杯↓O2020LPL战队势力榜,04/03
英雄联盟小技巧在10分钟以后，一般来说不建议继续控线(除非打狗头)，这个时间点要更加积极主动。-波成功的游走就可以直接拿下一塔/先锋，这个收益比控线赚的东西是更多的。#每日一善##英雄联盟#,04/03
#英雄联盟#我们只是一天不能玩，可是他们却再也不能了，突然被卡出去看见灰色页面……失落。才知道今天全区停服了，为所有逝去的召唤师哀悼！或许是可敬的对手，或许是跟我互喷过的队友，可是真的谢谢你们曾经出现在这片峡谷！,04/03
舔狗日记3dbq今天又要晚了狗不陪我打游戏然后因为明天清明节的原因英雄联盟服务器关闭了才开始陪我说话有被冷落到太难过了嗷,04/03
#英雄联盟#清明了，腾讯服务器也要维护了？,04/03
#英雄联盟#我寻思着还没到十二点呢,04/03
#游戏停服##英雄联盟#真就奇了怪了，4.4日全国悼念为抗击疫情做出贡献的先烈和逝世同胞们停服一天怎么了微博里yygq的人怎么这么多一个个还觉得没必要生在这样的环境里还不觉得庆幸嘛真怕那一天举国灾难的时候这些人还跑的无影无踪气死了,04/03
明天4月4日是全国哀悼日，停止各种娱乐活动，10点响起防空警报，英雄联盟、王者荣耀、和平精英等游戏停赛1天。春天的花已经开了，但有些人却永远停在了2020年🕯O网页链接,04/03
#2020LPL#我已为@VG英雄联盟送上奖杯，他是我心中的最强战队，快来和我一起为喜爱的战队加油吧！点击送奖杯↓O2020LPL战队势力榜,04/03
eStar英雄联盟稳住心态，继续加油,04/03
英雄联盟之削弱的英雄第三期拳头还我飞天螳螂L削弱的英雄03：拳头还我飞天螳螂,04/04
英雄联盟启动,04/04
"我提出了问题“lol啥时候开服?”,12点能开服吗Olol啥时候开服?@英雄联盟",04/04
我这个算是幸运吗#英雄联盟##LOL#,04/04
@英雄联盟视频菌男生还是忍不住了,04/04
我的第一次仿妆#英雄联盟##防妆#,04/04
英雄联盟我就问问，有没有人蹲时间等开服的。,04/04
#2020LPL#我已为@LGD_英雄联盟送上奖杯，他是我心中的最强战队，快来和我一起为喜爱的战队加油吧！点击送奖杯↓O2020LPL战队势力榜,04/04
@英雄联盟@王者荣耀@和平精英你们的服务器，还有三分钟就要爆了。,04/04
#2020LPL#我已为@LGD_英雄联盟送上奖杯，他是我心中的最强战队，快来和我一起为喜爱的战队加油吧！点击送奖杯↓O2020LPL战队势力榜,04/04
#2020LPL#我已为@VG英雄联盟送上奖杯，他是我心中的最强战队，快来和我一起为喜爱的战队加油吧！点击送奖杯↓O2020LPL战队势力榜,04/04
英雄联盟如何评论新版本稻草人的被动,04/04
"我提出了问题""几点开服?""O几点开服?@英雄联盟",04/04
#英雄联盟手游#英雄联盟手游会传承祖安文化吗？（网图）,04/04
#O网页链接#游戏工作室招线上陪玩小姐姐各位小姐姐可以先翻我微博再滴滴我！！打一单结一单无技术及声音要求20-30元每小时！！会王者荣耀/和平精英/英雄联盟lol/绝地求生/云顶之弈/都可以不骗人互相尊重！,04/04
#_Daily#It'syourreflectionlookingbacktopullyoudown.👊️👊️英雄联盟《涅槃(Phoenix)》K涅槃(Phoenix)@QQ音乐K涅槃(Phoenix),04/05
IG下路撞车FPX下路，Doinb人都懵了呀！（via披萨OB）#英雄联盟#LLOL英雄联盟视频的微博视频,04/05
eStar英雄联盟es好像挺深谋远虑的，似乎提前准备了另外一种风格的阵容。我看上单替补cjj的rank主要是练单带英雄，而另一个辅助替补alu主要练的是一系列软辅，我估摸着在灵活多变的bo5里应该可以看到es的变招,04/05
mlxg你看个比赛也看不明白看个复盘也看不明白打个游戏也菜你还玩英雄联盟干嘛呢？,04/05
#2020LPL#我已为@VG英雄联盟送上奖杯，他是我心中的最强战队，快来和我一起为喜爱的战队加油吧！点击送奖杯↓O2020LPL战队势力榜,04/05
每日舔狗日记4月5号今早起床我一如既往的给你问侯了早安，吃早饭了吗？在干嘛？一天过去了你可能在忙没有回复我、我打开了英雄联盟看见你正在排位，原来真的在忙。我又给你连发了几条信息，你终于回复我了“”你笑起来真好看，像春天的花一样！,04/05
@英雄联盟这bug什么时候能修复好两天了,04/05
上路爸爸打架岂是你这个ADC能参与的？？？#搞笑视频##英雄联盟#L李二大爷A的微博视频,04/05
#2020LPL#我已为@VG英雄联盟送上奖杯，他是我心中的最强战队，快来和我一起为喜爱的战队加油吧！点击送奖杯↓O2020LPL战队势力榜,04/05
【英雄联盟Numen精彩集锦哇靠酒桶也会堕天一击】LNumen精彩集锦：哇靠！酒桶也会堕天一击,04/05
#靠谱夜话#一人一句选手名语录英雄联盟,04/05
我发现英雄联盟这个比赛现在好缺好打野......,04/05
#2020LPL#我已为@VG英雄联盟送上奖杯，他是我心中的最强战队，快来和我一起为喜爱的战队加油吧！点击送奖杯↓O2020LPL战队势力榜,04/05
一个假的金克斯送给大家byLich咩大力#英雄联盟#,04/05
omg英雄联盟明天关键局了，中单要没状态就给老贼整个强势英雄吧，别塞纳塔姆了，上单一个人拖不动的,04/05
#2020LPL#我已为@VG英雄联盟送上奖杯，他是我心中的最强战队，快来和我一起为喜爱的战队加油吧！点击送奖杯↓O2020LPL战队势力榜,04/06
这就是你在英雄联盟里不能安全杀人的原因吗，还能不能愉快的玩联盟了？#英雄联盟##LOL#L电竞综合快报的微博视频,04/06
我正在快手看LoL英雄联盟-老崔诺手的直播，一起来看！#记录世界记录你#OLoL英雄联盟-老崔诺手的快手直播,04/06
重做后的稻草人胜率：43.2%，相当不理想你们用了以后，觉得他哪方面改进的不好？#英雄联盟#英雄联盟,04/06
#英雄联盟#深夜填坑暗影妖狐我狸L阿彦和阿枫的微博的微博视频,04/06
#积极可爱i6#英雄联盟要从娃娃抓起,04/06
对劲了这就是英雄联盟的魅力吧,04/06
我就觉得不玩英雄联盟我的脾气能好很多,04/06
#积极可爱i6#[cp]CXlKwYut最近玩的风女视频，后排辅助也可以带节奏，只是看你怎么玩罢了。#英雄联盟#L玖梦酱的秒拍视频?[/cp],04/06
你是因为什么不玩LOL了？#英雄联盟[]#国产游戏##pubgmobile###春日游戏季##lol玩家的日常#,04/06
小兵去质器到底怎么用效果最佳？英雄联盟,04/06
#2020LPL#我已为@LGD_英雄联盟送上奖杯，他是我心中的最强战队，快来和我一起为喜爱的战队加油吧！点击送奖杯↓O2020LPL战队势力榜,04/06
#2020LPL#我已为@VG英雄联盟送上奖杯，他是我心中的最强战队，快来和我一起为喜爱的战队加油吧！点击送奖杯↓O2020LPL战队势力榜,04/06
#LOL##英雄联盟#在，我亚索超6,04/06
第一扎克被Theshy打的8分钟只补了8个刀？扎克:Shy爹求你当个人吧！（via披萨OB）#英雄联盟#游戏晓酱#LOL#LLOL英雄联盟视频的微博视频,04/06
#2020LPL#快来和我一起给@eStar英雄联盟分部送奖杯，助他登顶2020LPL战队势力榜！点击送奖杯↓O2020LPL战队势力榜,04/07
#2020LPL#我已为@VG英雄联盟送上奖杯，他是我心中的最强战队，快来和我一起为喜爱的战队加油吧！点击送奖杯↓O2020LPL战队势力榜,04/07
@英雄联盟@12315消费者维权投诉买到假货了,04/07
英雄联盟IG两位打野详细数据对比！乐言上场胜率85%，几乎全面碾压ning宁王这边打了12场，乐言打了14场。1红色的标记代表数据领先，可以看到乐言仅有两项数据是落后于宁王的，分别是承伤占比和参团率，不过落后的幅度都不是很大。从整体数据上来看，乐言基本上是全面碾压宁王了。但是数据也只是一方面的，从赛场上的表现来看，乐言现在还是有很多问题存在，还需要继续进步。只不过宁王这边实在也是退步很多。对于这份两人的数据对比，你有何看法？#2020LPL#,04/07
英雄联盟LOL：职业选手的骚话历史，现在再看仍是经典Uzi：17岁我就进全国总决赛的决赛了Deft：这是我职业生涯第一次掉出王者段位Bang：我们就是版本！Khan：全世界上单来到我的面前跪下！TheShy：我喜欢发育White：55开吧，我觉得，我也经常单杀他的。厂长：我已经在研究MSI的对手了。Faker：我觉得Ryu是一个没什么弱点的选手，当然他也没什么优点Doublelift：在场所有人都是垃圾哪一幕你仍历历在目？#电竞圈骚话大赛#,04/07
英雄联盟恩静宣布结婚后韩服并没有迎来想象中的“腥风血雨”，李总上线玩了一把偷男，战绩1-3-4下线了#Faker#,04/07
#2020LPL#我已为@VG英雄联盟送上奖杯，他是我心中的最强战队，快来和我一起为喜爱的战队加油吧！点击送奖杯↓O2020LPL战队势力榜,04/07
#英雄联盟#回家以后分析一下敌方打野的心理L畅游召唤师峡谷的微博视频,04/07
【今日赛后积分榜】iG和FPX位居前两名#英雄联盟##2020LPL#,04/07
#2020LPL#我已为@VG英雄联盟送上奖杯，他是我心中的最强战队，快来和我一起为喜爱的战队加油吧！点击送奖杯↓O2020LPL战队势力榜,04/07
#靠谱夜话#大家追竞最快乐的时间是？英雄联盟,04/07
记录灾难的一天1早上起来发现脸过敏红肿2切菜把做的指甲胶切掉一块3本来还庆幸没切到手结果削土豆把手指削流血4英雄联盟排位三连败,04/07
我打守望先锋的时候你在打csgo现在老娘要玩csgo了你给我说你要打英雄联盟谢谢中国南海,04/07
【ForMySins--JessMills】副歌部分超超超耳熟；可是就是想不起来是哪首歌了；英雄联盟之神探苍实战秘籍第9期奥义影流之主劫,04/07
大家晚安啦~by恭喜发现一只小仙女#英雄联盟#,04/07
电竞推荐：英雄联盟，LFL2020春季季后赛对阵双方：MSFvsGOG比赛时间：00:00比赛赛制：BO5比赛推荐：第一局MSF胜利#电竞推荐##LOL##刀塔电竞#,04/08
#第一次carry队友的英雄#大家还记得自己刚入坑lol时，第一次carry队友用的是哪个英雄吗？#英雄联盟夜聊#,04/08
网友太有才了吧#英雄联盟#,04/08
#2020LPL#我已为@VG英雄联盟送上奖杯，他是我心中的最强战队，快来和我一起为喜爱的战队加油吧！点击送奖杯↓O2020LPL战队势力榜,04/08
发布了头条文章：《LEC：Nemesis助FNC大胜OG晋级，欧成祭出绝食流赛娜》LOL英雄联盟OLEC：Nemesis助FNC大胜OG晋级，欧成祭出绝食流赛娜,04/08
英雄联盟【盘点LOL本赛季五大失败引援，有补充的吗？】第一名：卡萨巅峰时期卡萨曾是把野王麻辣香锅击倒冷板凳的男人，但是加盟TES后水平下降，从曾经的巅峰掉落低谷，希望在TES早日找回状态。第二名Maple与Xx引援过来的Maple和Xx却毫无默契，再加上Maple经常隐身，没有作用导致LNG排名持续下落，曾经的国产第一上单“圣枪哥”也被网友纷纷同情第三名：KhanFPX经典操作就是四包二，放弃上路，在FPX现有战术体系中，显然易见金贡这种工具人的存在更适合FPX体系，但是可汗的加盟让FPX战术体系也多样化，现也处于磨合期，只能期待后面可汗的表现了。第四名：xiye加盟DMO后状态一路下滑，DMO战队也成为了倒数第二第五名:fofo不良言论给BLG造成了很大困扰。#2020LPL#,04/08
#2020LPL#我已为@LGD_英雄联盟送上奖杯，他是我心中的最强战队，快来和我一起为喜爱的战队加油吧！点击送奖杯↓O2020LPL战队势力榜,04/08
#英雄联盟##竞技游戏##LOL#作为一名中立野怪，又是召唤师峡谷的老大哥，被你们这么虐真的好啊？LLOL情报局的微博视频,04/08
#英雄联盟#百万军中取上将首级，卡莎开大飞入龙坑实力一挑四L畅游召唤师峡谷的微博视频,04/08
#云顶之弈#刚打完怪我的装备就不见了？？？凭空消失？？？这他妈是什么bug@英雄联盟,04/08
"我提出了问题""我挂客户端十分钟，回来好就被封七天，给个理由，行?""O我挂客户端十分钟，回来好就被封七天，给个理由，行?@英雄联盟",04/08
【#英雄联盟#】婷婷投食Uzi，你是国服最胖！最胖头衔还没挂满一分钟就没了#游戏红人秀#【素材来源网络侵权私信删】L电竞小头的微博视频,04/08
【至臻系列出了这么多，质量最高的的是哪个？】虎扑热议贴O网页链接#上虎扑关注英雄联盟#,04/08
——《奔腾年代》；你不能因为一点点缺陷就抛弃一个完整的生命、【英雄联盟之Miss排位日记第151期竟阻我发条拿5杀】,04/08
#2020LPL#我已为@VG英雄联盟送上奖杯，他是我心中的最强战队，快来和我一起为喜爱的战队加油吧！点击送奖杯↓O2020LPL战队势力榜,04/08
VG英雄联盟ES>FPXVG>ES所以VG>FPX我就又懂了,04/09
#英雄联盟手游#几大游戏电竞赛事的冠军战队纷纷选择比心陪练合作，是基于对比心陪练深耕电竞行业专业性和对游戏电竞用户影响力的认可。比心陪练作为国内领先的游戏陪练平台，汇聚着3000多万的游戏玩家和300多万的游戏陪练大神，庞大的大神和用户基础以及用户电竞高手的属性。,04/09
#2020LPL#我已为@eStar英雄联盟分部送上奖杯，他是我心中的最强战队，快来和我一起为喜爱的战队加油吧！点击送奖杯↓O2020LPL战队势力榜,04/09
#2020LPL#我已为@LGD_英雄联盟送上奖杯，他是我心中的最强战队，快来和我一起为喜爱的战队加油吧！点击送奖杯↓O2020LPL战队势力榜,04/09
#腕豪##英雄联盟#LLOL英雄联盟-万三拳的微博视频,04/09
英雄联盟LPL首支被淘汰队伍诞生？V5十二连败创纪录作为一支LPL的生力军，V5在本赛季打出了12连败的尴尬战绩。在面对不同敌人时，V5不但没有赢过一场BO3，小局方面只有一个胜场入账。这个战绩创造了队史最差战绩的同时，也刷新了LPL的连败纪录。你认为问题出在哪里？#2020LPL#,04/09
晚安呀各位~#英雄联盟#,04/09
【猛男变身不死战士！《LOL》新版赛恩官方介绍视频】拳头日前宣布《英雄联盟》中的老牌英雄赛恩已经完成重做，在经历了漫长的等待之后，我们终于又可以见到这位“猛男”英雄。为了让玩家对新版赛恩有更多了解，官方还给我们带来了新版赛恩的全新展示视频。LLOL吧翻译组提供新版塞恩官方介绍,04/09
祖安玩家的一天，就是这么朴实无华且枯燥…#英雄联盟#游戏晓酱#LOL#LLOL英雄联盟视频的微博视频,04/09
#2020LPL#我已为@VG英雄联盟送上奖杯，他是我心中的最强战队，快来和我一起为喜爱的战队加油吧！点击送奖杯↓O2020LPL战队势力榜,04/09
但我还是要说崽看看英雄联盟吧,04/09
给朱一龙最强应援🎀#朱一龙LV英雄联盟#♥╣朱一龙╠♥一生一世一双人，半醉半醒半浮生。@朱一龙🐉chz3半城烟雨10评,04/09
【假如还是老酒桶还在，会是什么级别的中单?】虎扑热议贴O网页链接#上虎扑关注英雄联盟#,04/09
#RNG团结#我算是发现了，RNG俱乐部是真的团结，只要有多个分部在同一天一起比赛的话，只要有一个分部赢了，其它分部也能赢，只要有一个分部输了，其他分部也会输，所有分部都算上，英雄联盟，飞车，王者荣耀啥的，我都观察好久了，不信你们自己去翻赛程，我也不知道这到底是玄学还是啥，，，,04/09
现在和平精英的待机bgm总让我有种打开了英雄联盟的错觉,04/09
Pdd停播的原因是要去做手术了，下面是他在直播中给观众们看他的肿瘤图，胆小的别看。希望pdd这次停播时间不要太久，不要像上一次那样停了300多天。但是更希望嫖老师身体健康，毕竟身体要紧🙏🏻🙏🏻🙏🏻🙏🏻#pdd暂停直播##英雄联盟##lol#L游戏大拿的微博视频,04/10
#2020LPL#我已为@VG英雄联盟送上奖杯，他是我心中的最强战队，快来和我一起为喜爱的战队加油吧！点击送奖杯↓O2020LPL战队势力榜,04/10
英雄联盟克隆：女警和劫，你们更看好谁？#英雄联盟##LOL#LLOL放映室的微博视频,04/10
英雄联盟有妹妹姐姐一起五人娱乐车吗我这两个人~男妈妈勿扰~,04/10
英雄联盟LPL冷知识：FPX冠军五人组组建以来没被零封过大约100场比赛，小凤凰冠军五人组从没被零封过，bo3先输一场的情况下必能打满。真不会有人觉得S9世界冠军是运气吧？#2020LPL#,04/10
你觉得你操作起来最困难的英雄是哪个啊？#英雄联盟#,04/10
大家最近在看哪些有意思的主播，互相推荐一下#英雄联盟夜聊#,04/10
#2020LPL#我已为@VG英雄联盟送上奖杯，他是我心中的最强战队，快来和我一起为喜爱的战队加油吧！点击送奖杯↓O2020LPL战队势力榜,04/10
#2020LPL#我已为@VG英雄联盟送上奖杯，他是我心中的最强战队，快来和我一起为喜爱的战队加油吧！点击送奖杯↓O2020LPL战队势力榜,04/10
发布了头条文章：《英雄联盟：德云色说宝蓝已被放弃，这是JKL尸鬼封尽的功劳吗？》O英雄联盟：德云色说宝蓝已被放弃，这是JKL尸鬼封尽的功劳吗？,04/10
英雄联盟【两大野王MLXG和Ning各自巅峰时期的打法有什么区别？】香锅的打法是进对方的野区找对方打野的位置，为队友提供对方打野的信息，干扰对方打野的发育，至少和对方的打野互相自爆，把野区留给本方的c位。他的打法看着很莽但本质上是一种服务队友的打法。好处是队友的发育会比较舒服，坏处是自己就是个工具人，局势不顺的时候因为没有发育容易隐身。宁王的打法是让中上当他的后盾，他就是场上的第四条线，对线的是对方的打野。或者说这时候中上变成gank他这条线的打野，而他变成对线的角色。本质上是中上来服务他，目的是把对方的打野一口气摁死在野区，带起进攻节奏一鼓作气打垮对方。当他进攻的时候，通常Rookie会和他协同。这样打的好处是一旦逮到对方的打野，对方就将面临连绵不断的攻势，对方的上单将会打不下去游戏，将在标志性的ig节奏里窒息，同时宁王自己的发育会很顺；坏处是非常吃线上选手的状态，一旦线上处于逆风，他很容易送掉自己的人头，或者被对方利用视野反蹲到，炸穿的就不止他一个人了，ig的比赛中这种前期小团一波崩的场面大家想必也不陌生了。比较起来，麻辣香锅的打法显得更稳妥，而宁王的打法更加激进，有较高的门槛，他的打法属于高风险高收益的打法。#2020LPL#,04/10
#2020LPL#我已为@VG英雄联盟送上奖杯，他是我心中的最强战队，快来和我一起为喜爱的战队加油吧！点击送奖杯↓O2020LPL战队势力榜,04/10
英雄联盟LPL中最有排面的解说是谁？为什么这么说？#游戏吐槽大会#,04/10
#2020LCK#我已为@GenG_LOL_英雄联盟送上奖杯，他是我心中的LCK的最强战队，快来和我一起为喜爱的LCK战队加油吧！点击送奖杯↓O2020LCK战队势力榜,04/10
#英雄联盟#英雄联盟：德云色说宝蓝已被放弃，这是JKL尸鬼封尽的功劳吗？O英雄联盟：德云色说宝蓝已被放弃，这是JKL尸鬼封尽的功劳吗？,04/10
S9三强FPX、iG、RNG近期都遭遇滑铁卢，RNG更是三连败你觉得三支战队在常规赛结束时排名会是如何？#RNG输了##没有Uzi的RNG#英雄联盟,04/11
它告诉我，我的青春结束了（第一局就没敢出过二塔，第二局大优势硬是队友乱玩给送输了）这游戏不再竞技，而是靠运气#英雄联盟#,04/11
#2020LPL#我已为@eStar英雄联盟分部送上奖杯，他是我心中的最强战队，快来和我一起为喜爱的战队加油吧！点击送奖杯↓O2020LPL战队势力榜,04/11
rank分重要吗？在我看来挺重要的，不代表一切也可以代表一些东西英雄联盟游戏L电竞神谈神龙钢刀的微博视频,04/11
没有UZI的RNG上了热搜，可能对于一个RNG的铁粉来说，S7倒在家门口，S8冷门，S9失利，没了让帝没了香锅之后真的也失望了，剑指S几不重要无论多大等你们一场S赛金色的雨。#RNG##英雄联盟#,04/11
#2020LPL#我已为@eStar英雄联盟分部送上奖杯，他是我心中的最强战队，快来和我一起为喜爱的战队加油吧！点击送奖杯↓O2020LPL战队势力榜,04/11
当英雄联盟的云观众还是很有趣的，大家梗太多了，笑傻了,04/11
#2020LPL#我已为@VG英雄联盟送上奖杯，他是我心中的最强战队，快来和我一起为喜爱的战队加油吧！点击送奖杯↓O2020LPL战队势力榜,04/11
【LPL春季赛：RNGvsRW】第三局MVP-Holder的猴子！七进七出团战统治力爆棚！#上虎扑关注英雄联盟##英雄联盟##2020LPL#,04/11
O4月12日英雄联盟LPL、LCK赛前分析4月12日5场LPL赛事前瞻。#2020lpl##2020lck##英雄联盟#,04/11
#2020LPL#我已为@VG英雄联盟送上奖杯，他是我心中的最强战队，快来和我一起为喜爱的战队加油吧！点击送奖杯↓O2020LPL战队势力榜,04/11
从认识到现在，为了成为一个你喜欢的有趣的人，我一有空就听德云社；为了能跟你嘻嘻哈哈，我变成一个絮絮叨叨的人；为了能跟你有共同话题，我看视频做笔记，学着打英雄联盟。我走了九十九步，你连一步都不愿意走吗？真的累了，爱不动了。双子座，对不起，打扰了。,04/11
#英雄时刻#@英雄联盟星界游神英雄时刻，欢乐模式L星界游神英雄时刻，欢乐模式,04/11
#2020LPL#我已为@VG英雄联盟送上奖杯，他是我心中的最强战队，快来和我一起为喜爱的战队加油吧！点击送奖杯↓O2020LPL战队势力榜,04/11
#英雄时刻#@英雄联盟星界游神英雄时刻，冲呀L星界游神英雄时刻，冲呀,04/11
#2020LPL#我已为@VG英雄联盟送上奖杯，他是我心中的最强战队，快来和我一起为喜爱的战队加油吧！点击送奖杯↓O2020LPL战队势力榜,04/12
英雄联盟无畏开黑来一下？？？有人么#lol开黑#,04/12
开心～我会了我会了英雄联盟LOLLAJIJ丶的微博视频,04/12
【速看LPL】W6D7：SN小将失误频频负于DMO；FPX冠军阵容强强对话战胜EDG；iG刀尖舔血险胜BLG！英雄联盟#英雄联盟##2020LPL#L虎扑电竞的微博视频,04/12
不论电竞初盘推荐在什么时候开始，重要的是开始之后每日LOL推荐就不要停止！不论英雄联盟在什么时候结束，重要的是结束之后王者荣耀就不要悔恨！【评论区】【分析】电竞精品：反恐精英:全球攻势FLASHPOINT双方：MADLionsVSCloud9时间：2020/4/1301:00建议：【第一局MADLions-2.5】【第二局击杀大26.5】【全场小2.5】#反恐精英#CSGO,04/12
#2020LPL#我已为@LGD_英雄联盟送上奖杯，他是我心中的最强战队，快来和我一起为喜爱的战队加油吧！点击送奖杯↓O2020LPL战队势力榜,04/12
#2020LPL#我已为@VG英雄联盟送上奖杯，他是我心中的最强战队，快来和我一起为喜爱的战队加油吧！点击送奖杯↓O2020LPL战队势力榜,04/12
#2020LPL#我已为@eStar英雄联盟分部送上奖杯，他是我心中的最强战队，快来和我一起为喜爱的战队加油吧！点击送奖杯↓O2020LPL战队势力榜,04/12
英雄联盟,04/12
#2020LPL#我已为@VG英雄联盟送上奖杯，他是我心中的最强战队，快来和我一起为喜爱的战队加油吧！点击送奖杯↓O2020LPL战队势力榜,04/12
#2020LPL#我已为@VG英雄联盟送上奖杯，他是我心中的最强战队，快来和我一起为喜爱的战队加油吧！点击送奖杯↓O2020LPL战队势力榜,04/12
#O网页链接#游戏工作室招线上陪玩小姐姐各位小姐姐可以先翻我微博再滴滴我！！打一单结一单无技术及声音要求20-30元每小时！！会王者荣耀/和平精英/英雄联盟lol/绝地求生/云顶之弈/都可以不骗人互相尊重！！,04/12
给朱一龙最强应援🎀#朱一龙LV英雄联盟#♥╣朱一龙╠♥人生如逆旅，我亦是行人。@朱一龙🐉chz3半城烟雨10评,04/12
我正在快手看@英雄联盟⚡九折泽拉斯的直播，一起来吧O英雄联盟⚡九折泽拉斯的快手直播,04/12
大家最近的ban位常驻英雄是哪个？#英雄联盟夜聊#,04/12
和平精英招人啦招人啦~喜欢玩游戏的小姐姐在哪里~游戏陪玩要不要了解一下下~纯线上工资20-30每小时~打完一单结一单~英雄联盟lol，吃鸡绝地求生，王者荣耀，和平精英刺激战场，以上游戏会打一个就可以来(*•̀ᴗ•́*)و̑̑没有段位要求和限制，人皮话多的小姐姐这就是属于你的小金库！打局游戏奶茶钱有了美滋滋！打够300h就返300元！团队还有晋升机制！有意向的小姐姐翻翻我微博再dd我绝不骗人！自己也在打单！绝对不坑！！#和平精英##英雄联盟##绝地求生##lol##王者荣耀#王者荣耀和平精英#O网页链接#,04/13
【ES赛后群访-Wink：挺期待和阿水交手，轻点虐我吧。】Q：下一场比赛对阵TES，要与Jackeylove交手会期待么？Wink：挺期待的，轻点打吧，轻点虐我吧。Q：本场比赛有针对OMG做什么特别的准备么？教练：也没有吧，照训练赛去打就好了。Q：第二局日女为什么会选择出三速鞋？ShiauC：因为五速鞋比较贵。Q：连续两局选出鳄鱼的原因是什么？Xiaobai：这个英雄很厉害，到后面很强。Q：为什么两局都选出了较为后期的中单英雄？Cryin：我们比较喜欢用这种英雄。@eStar英雄联盟分部#斗鱼全程直播2020lpl##2020LPL#,04/13
【2020LPL春季赛eStarVSOhMyGod】第一局结束：比分ES20-6OMG，比赛时长：34:34一血：ES一龙：OMG一塔：ES恭喜ES拿下今日BO3的第一局比赛胜利！你更看好哪支队伍呢？电竞菠菜人BCR17.com为LPL加油助威，亚洲独家主播游戏盘口盛大开启！首存送588仅需一倍水参与竞猜观赛更精彩!参与竞猜，首单白嫖！#菠菜人电竞##电竞##LOL##英雄联盟##2020lpl##2020lpl春季赛##lpl##estar##omg#,04/13
"【英雄联盟】4月13日LPL赛事15：15LPL春季赛将进行OMGvsESES之前每次奶每次死，不奶了每次暴捶对手，真心蛋疼，不过中路最近的状态非常的好，OMG真的只能看马哥有没有好表现，个人感觉两边实力差距还是有的，OMG的上中感觉还需要在加强，打野的表现不错，但是ES如果Cryin暴捶对手真的会比较没有悬念，个人看好会打满局数。。你们觉得如何呢？一起分享你们的看法吧！！个人心水IG2:1ES2:1ES首杀首塔首龙OMG首先锋OMG首杀首塔首先锋ES首龙ES首杀首龙OMG首塔首先锋喜欢博主麻烦点击关注，点赞，再麻烦多多转发哦🥰🥰🥰文章审核需要时间,想要即时了解可以私我哦！！",04/13
【玩加xLPL解说“靠谱/不靠谱”预测·第七周】#2020LPL#第七周的预测来啦！最后一周水鬼之争谁能脱颖而出呢先来看看解说们对常规赛最后一周的看法！RNG依然获得了一致看好！@管泽元对本周OMG的赛程表示了支持，@WE957i也同样支持了今天将要面对ES的OMG！@解说雨童是唯一支持EDG胜iG的解说，并且他和@解说Cat都认为最后一场LGD可以击败JDG！你们怎么看愈发激烈的季后赛之争呢？#英雄联盟#,04/13
《NUMB》是林肯公园最具影响力的歌曲之一，出自于2003年发表的专辑《Meteora》中。 林肯公园成立于1996年，2000年的首张专辑《混合理论》在主流音乐市场上大获成功，并先后两次斩获格莱美奖。2017年，主唱查斯特·贝宁顿在自己的住宅内自杀，一代传奇也随之落幕。 值得一提的是，《NUMB》也是电子竞技游戏《英雄联盟》S1赛季的主题曲。L晓峰音乐公社的微博视频,04/13
【LPL英文流解说本周比赛预测：全员看好RNG本周三战全胜】LPL官推今日在推特发布未来一周LPL英文流解说的赛果预测情况，原文（大意）如下：“Clement在最后一周有微弱优势领先，但是Dogda和Hysterics紧随其后，Clement需要几场稳定的胜利稳住他最佳分析师的头衔！”本周英文流预测几乎呈现一边倒，仅有四场比赛解说意见不一。所有解说一致认为，RNG本周面对LNG，DMO和SN三支战绩位于中下位置的队伍将会取胜。在OMG（7-6）和EDG（8-5）的对决中，5人看好EDG战胜OMG，仅有Clement看好OMG战胜EDG。来源：Twitter#上虎扑关注英雄联盟#,04/13
LEC、LCS目前赛果目前LEC、LCS都进入到了季后赛双败制度决赛前一轮EG进入败者组和FLY打半决赛，胜者和C9打决赛（半决赛决赛时间北京时间4月19日、20日早上四点）（以及为什么还有一轮Bang已经玩起了星露谷物语啊喂！）MAD进入败者组和G2打半决赛，胜者和FNC打决赛（半决赛决赛时间为4月18日、19日北京时间晚上23：00）#英雄联盟##LOL#,04/13
【2020LPL第七周赛事预热：莫失莫忘】一个赛季有多长不同的人有不同的答案或短，有些面孔还未曾留于记忆或长，抵达终点的距离难以丈量17个答案的共同体就是LPL新与老汇聚成源源不绝的力量压力在计分板上勾勒出一道无形的线坚定的身影背后是永不熄灭的战意胜利的喜悦来之不易，失去的苦涩棱角分明迟到的惊喜化作期待，为春日终章的谢幕新添色彩求变、突破、磨合、执行，更好的我们还在前方结果并非所愿，就在尘埃落定前奋力一搏再见时定是新的模样（via.英雄联盟赛事）#英雄联盟##2020LPL#L佛系小玩子的微博视频,04/13
#王一博谢允#wyb#王一博有翡#留链必回mdd4.13【王一博跳舞】【王一博天天向上】【王一博电竞】【王一博英雄联盟】【王一博味全】【王一博lucky】【王一博陈情令】【王一博蓝忘机】【王一博锤子舞】【王一博昨日青空】【王一博年少心事】【王一博腹肌】【王一博摩托车】【王一博fire】【王一博植村秀】@UNIQ-王一博,04/13
英雄联盟鹿晗问：我‎们末法时期，再‎不吃‎素，是不是得‎癌症怪病的会越来越多‎啊？‎答：越来‎越多。‎现在很多科学家‎的报告当‎中，‎很多生物，‎动‎物，海‎里‎的生物，‎因为人家‎乱扔‎垃圾塑‎料，‎那些‎塑料‎吃了之后动物都会‎死掉，所‎以在‎我们澳大‎利亚不许扔‎塑‎料的东西在‎河里。鱼吃‎了这些‎东西跟肉长‎在一起，现‎在澳洲做过‎一‎个检验，‎几‎乎有50%‎以上‎的鱼都有塑‎料。所以人‎吃‎了鱼之后，‎一般的人‎一生可以有8000‎多克‎塑料在‎身上。所以很多‎人生各种各样怪‎病，其实就是‎吃了鱼，鱼吃‎什么你就吃‎什么，鱼吃塑‎料你也‎吃塑料。‎所以人吃塑‎料，也‎有聚氯乙烯什么，‎也‎是‎会有毒的。猪吃什么‎的？猪‎吃‎最脏最臭的东西，‎它长出‎来‎的肉你‎吃了，那你也‎是最脏‎最臭的。它把细菌‎吃进去，‎那你不就也把‎细菌吃‎进去了吗？（‎对，现在搞‎养殖全都‎是用那些‎刺激性‎的‎药物，‎很‎快就长大‎了）对‎啊，疯牛症、禽流‎感不都‎是动‎物身上来的吗？（还有口‎蹄疫，真‎的‎都是动物身上‎来‎的）对啊（师父，‎现在的‎人残忍得‎都吃猴‎子的猴脑）他‎以后报应‎很厉害的，他死的‎时候会‎痛不‎欲生，‎而且很快脑子‎里会长东西。[/cp],04/13
#miao准现场#专访Peanut花絮：超可爱！Peanut：想变亲近的LPL选手嘛……啊……TheShy选手，Doinb选手，Rookie选手，想跟他们变亲近。感觉很可爱的朋友是Betty和Meiko。跟Karsa选手以前大赛里就经常见，没什么距离感。还想跟GimGoon选手变亲近，感觉他很有意思所以想变亲近#lpl深夜档##看LPL来虎牙#peanut@LGD_英雄联盟@小花生Peanut98L大电竞eSportsFocus的微博视频Auther:大电竞eSportsFocus,04/13
在RiotGames公开的十周年特辑之中的最后一个消息，便是宣布将要由《英雄联盟》的动画班底制作原创动画《奥术》（译名，原文：Arcane）。本次推出的系列动画将会细述两名传奇英雄的起源故事，以及拆散他们两人的未知力量。从视频中可以看到，故事将于《英雄联盟》世界之中，以科技及文化艺术而闻名的城市「皮尔托福」，以及其黑暗的反面、地下城市「佐恩」为舞台。短短的数个片段之中，可以看到蓝色及粉红色头发的两名角色多次登场，加上片段尾声登场的《英雄联盟》角色「吉恩珂丝（Jinx）」，相信整部动画将与她及另一名出身佐恩的粉发英雄「菲艾（Vi）」有关。英雄联盟手游L不忧愁的脸是我的童年的微博视频,04/13
我怀里所有温暖的空这个世界仿佛只剩下一个我，傲然地立在风雪里，拥抱着风雪，轻吻着风雪，听风的呢喃，听雪的缠绵。于是红单，记忆拾起了五大联赛，欧冠，西甲，意甲，法甲，德甲，中超，英超，电竞，王者荣耀，英雄联盟，LOL，#2020LPL#，KPL，DOTA2，CSGO，英冠，v澳超，欧联杯，欧洲杯，NBA，CBA，千亿体育，法国杯，霍华德，詹姆斯，戴维斯，水花兄弟，库里，哈登，湖人总冠军，足球，篮球的感觉，不想写温凉与冷暖，只想借一场心灵的春暖花开，把漫天的相思绽放，聆听心跳的声音！丶O绿洲丶气，变成风也不敢和.你相遇，.我的心事蒸发成云，.再下成雨却舍不得淋湿你。..——网易云音乐热[cp]此刻，风夹着雪，雪携着风，无边的狂野一片银白，评《背影.》,04/13
我只能是献上我的膝盖！油管大神Mightyraccoon!自制大片《英雄联盟：冠状病毒》，将悟空、索尼克、一拳超人、瑞克和莫蒂、DC漫威里的超级英雄集结，大战肆虐地球的冠状病毒“怪兽”！！！画风超级棒！建议上院线L人人视频的微博视频@人人视频,04/13
我正在快手看@LoL英雄联盟-老崔诺手的直播，一起来吧#记录世界记录你#OLoL英雄联盟-老崔诺手的快手直播,04/14
#英雄联盟#君克锐雯：虽然我0-3但以此越我锐雯塔就过分了，你们这把没了L游戏动感地带的微博视频,04/14
#2020LPL#我已为@VG英雄联盟送上奖杯，他是我心中的最强战队，快来和我一起为喜爱的战队加油吧！点击送奖杯↓O2020LPL战队势力榜,04/14
别追我啦，我可是会钻洞的【#lpl春季赛##英雄联盟最佳电竞#】L我是大腿快来抱的微博视频,04/14
"英雄联盟之原凉教研室最强辅助robot爸爸布里兹……Pleasebekind,nomatterhowcoldtheworld.请你善良、无论这世界多冷漠",04/14
#2020LPL#我已为@VG英雄联盟送上奖杯，他是我心中的最强战队，快来和我一起为喜爱的战队加油吧！点击送奖杯↓O2020LPL战队势力榜,04/14
#2020LPL#我已为@VG英雄联盟送上奖杯，他是我心中的最强战队，快来和我一起为喜爱的战队加油吧！点击送奖杯↓O2020LPL战队势力榜,04/14
今天遭遇人生滑铁卢，收获英雄联盟7连败。以后还是老老实实练练枪Csgo吧渐变如初见#英雄联盟##csgo我准备好了##csgo开箱#,04/14
英雄联盟克隆：龙龟PK老司机，输的一塌糊涂！#英雄联盟##LOL#L电竞综合快报的微博视频,04/14
#英雄联盟#韩服刀妹教训上野联动，本只想逃生，结果差点反杀！L游戏分享师的微博视频,04/14
终于，在粉了耶啵之后，我今天玩儿上了英雄联盟作为一个不玩儿游戏的我，李老师带我对电脑，突然惊喜地跟我说“你刚才反应很灵啊，在敌方自爆之前给我加护盾了！”我一脸懵“啥？我按错了，我不知道它死了，我要定住它的，按成W了……”李老师说我这波操作，他能记一辈子,04/14
【Rookie：哇~小乐言叫我双排怎么办？】上一局游戏之后Rookie的好友小乐言发来消息Leyan：来双排，Rookie哥Rookie：怎么办？装看不到吗？Rookie（打字）：我感觉还是会排到一起，你相信缘分吗？我信！Leyan：我爬！Rookie：算了算了，原谅一下吧暖心Rookie带孩子上分~#2020LPL#英雄联盟igrookieL靠谱电竞的微博视频,04/14
【乐言土味才艺篇—《爱河》、《惊雷》、《空城》、《小苹果》、《摇花手》】英雄联盟LLOL-英雄联盟视频的微博视频,04/14
英雄联盟Uzi首次回应吃经济，赢了吹输背锅，被喷快哭了哎！L游戏槽F哥的微博视频Author:游戏槽F哥,04/14
#英雄联盟#喜欢打我是吧，看我把你们推回来L畅游召唤师峡谷的微博视频,04/14
【EDG.Jiejie直播：赢一场+17点，那就点首歌庆祝下】点什么歌，当然是万能的《好运来》顺便凭实力嘴了一波一梦是伪二次元@EDG电子竞技俱乐部#2020LPL##英雄联盟#L兔玩游戏的微博视频,04/15
LOL陪玩游戏工作室需要线上陪玩小姐姐一单一结，无技术要求不限时间地点20-50每小时吃鸡，王者，英雄联盟，和平等~,04/15
#2020LPL#我已为@LGD_英雄联盟送上奖杯，他是我心中的最强战队，快来和我一起为喜爱的战队加油吧！点击送奖杯↓O2020LPL战队势力榜,04/15
#厂长直播#@Clearlove-明凯Clearlove明凯曾为EDG夺得一个又一个荣耀：2012年，IPL5英雄联盟项目冠军2014年，LPL赛区历史上首个春夏连冠2015年，LPL赛区首个MSI季中邀请赛冠军2016年，帮助EDG斩下德玛西亚杯“五连冠”2017年，LPL总决赛舞台首个让二追三的奇迹夺冠2018年，EDG战胜对手，LPL实现洲际对抗赛两连冠明凯退役代表了一个时代的结束，明教练代表了另一个时代的开端！,04/15
英雄联盟克隆：亚索，这也太欺负人了！#英雄联盟##LOL#L电竞综合快报的微博视频,04/15
[LCK]【全场集锦】DWGvs.SB第三场丨2020LCK春季赛丨2020.04.15#英雄联盟##2020LCK#L大木GameDayLoL的微博视频,04/15
【为了感谢Meiko送的一块钱，给你们看点好东西吧】@Clearlove-明凯：兄弟们谁能告诉我，一个排面多少钱？一块钱？！感谢Meiko送的一块钱好吧~#2020LPL#EDG英雄联盟L靠谱电竞的微博视频,04/15
#英雄联盟##竞技游戏##LOL#给你个盲僧你是否能够花里胡哨，秀的天花乱坠？LLOL情报局的微博视频,04/15
#英雄联盟##竞技游戏##LOL#RNG教练什么时候让UZI上场，不然没有机会进季后赛，粉丝们跪求！LLOL情报局的微博视频,04/15
#LOL银河战争#暗星俄洛伊！章鱼妈也要有春天！孩子太难了，一看今天截稿只画完了线稿的我，一晚上涂色涂涂涂（好喜欢我的小头饰）dbq想画的小章鱼没有画完先就这样吧，画渣我也蹭蹭看看会不会中奖@英雄联盟同人,04/15
#2020LPL#我已为@LGD_英雄联盟送上奖杯，他是我心中的最强战队，快来和我一起为喜爱的战队加油吧！点击送奖杯↓O2020LPL战队势力榜,04/15
#2020LPL#我已为@eStar英雄联盟分部送上奖杯，他是我心中的最强战队，快来和我一起为喜爱的战队加油吧！点击送奖杯↓O2020LPL战队势力榜,04/15
【明凯带粉丝看鬼畜之二，EDG全员倾情上演----“电宝”】阿布：你为什么不放大招啊，他有点蒙的太远了，这个时候我一定要做一个非常过激的事情，把他骂醒！明凯：虽然说心里面很不爽，但是找不到什么反驳的理由~@Clearlove-明凯：不行了不行了，太脑残了，太脑残了#2020LPL#EDG英雄联盟L靠谱电竞的微博视频,04/15
发布了头条文章：《文森特带妹上分惨遭老婆拉黑！网友：鲍飞带妹了，我的青春结束了》文森特#文森特虎牙#LOL英雄联盟德莱文虎牙直播O文森特带妹上分惨遭老婆拉黑！网友：鲍飞带妹了，我的青春结束了,04/15
【十六岁的刘少还在贴吧分享自己的锤石心得，六年后已经有自己的皮肤了】虎扑热议贴O网页链接#上虎扑关注英雄联盟#,04/15
好巧啊，遇到一个和自己同月同日的人。爱好也那么相似，就像一个多年未见的朋友。我99你98，这也太巧了吧。想考研的学校也是一个城市，喜欢的歌手也差不多，林俊杰，周杰伦，都喜欢英雄联盟，喜欢看游戏比赛。但是聊起天来，感觉他没有那么在意。只是有空回回。是不是我自作多情了,04/16
#2020LPL#我已为@VG英雄联盟送上奖杯，他是我心中的最强战队，快来和我一起为喜爱的战队加油吧！点击送奖杯↓O2020LPL战队势力榜,04/16
英雄联盟2020LCK春季赛常规赛收官战DRX对阵APK，DRX2比1拿下比赛胜利，下面是三局的数据分析和mvp,04/16
#2020LPL#我已为@VG英雄联盟送上奖杯，他是我心中的最强战队，快来和我一起为喜爱的战队加油吧！点击送奖杯↓O2020LPL战队势力榜,04/16
招人啦招人啦~喜欢玩游戏的小姐姐在哪里~游戏陪玩要不要了解一下下~纯线上工资20-30每小时~打完一单结一单~英雄联盟lol，吃鸡绝地求生，王者荣耀，和平精英刺激战场，以上游戏会打一个就可以来(*•̀ᴗ•́*)و̑̑对段位不做硬性要求，人皮话多的小姐姐这就是属于你的小金库！打局游戏奶茶钱有了美滋滋！打够300h就返300元！团队还有晋升机制！有意向的小姐姐翻翻我微博置顶再dd我绝不骗人！自己也在打单！绝对不坑！！大家出门记得戴口罩哟！！奥利给！！#英雄联盟##绝地求生#,04/16
#2020LPL#我已为@VG英雄联盟送上奖杯，他是我心中的最强战队，快来和我一起为喜爱的战队加油吧！点击送奖杯↓O2020LPL战队势力榜,04/16
英雄联盟克隆：诺克的大招放的好爽啊，厉害了我的大哥！#英雄联盟##LOL#L电竞综合快报的微博视频,04/16
#2020LPL#我已为@VG英雄联盟送上奖杯，他是我心中的最强战队，快来和我一起为喜爱的战队加油吧！点击送奖杯↓O2020LPL战队势力榜,04/16
【#英雄联盟#】猴哥克隆模式玩五猴子，团战一开，敌人在空中就没下来过！#游戏咱是认真的##游戏红人秀#【英雄联盟云顶手游交友群】L电竞小头的微博视频,04/16
#2020LPL#我已为@VG英雄联盟送上奖杯，他是我心中的最强战队，快来和我一起为喜爱的战队加油吧！点击送奖杯↓O2020LPL战队势力榜,04/16
OIG生气后果太严重！WE要被踢出季后赛，旧梦0.1秒大招看饱观众！#英雄联盟#,04/16
盘点英雄联盟峡谷之巅国服第一第一克烈刘小又第一青钢影张柏澜/逍遥第一炼金小风风/阿德隆/一口锅第一艾克单排艾克/小老板第一锐雯雯神第一武器虎神第一狮子狗狮子汪第一男刀至强第一琪亚娜北枫第一沙皇沙皇King第一剑姬十四剑姬/JJKing第一鱼人芒果鱼/摇摆第一卡萨丁芒果鱼第一吸血鬼小草包/皮皮马/地球胖第一盲僧李青强第一劫空大/天堂第一船长浪D,04/16
[囧]#自汉化##文科漢化組##火影忍者ol手游#海贼王，龙珠本子，约会大作战，我的英雄学院，一拳超人王者荣耀，崩坏学园，少女前线，斗破苍穹，崩坏3，英雄联盟，超神学院，守望先锋，O网页链接龙珠同人本子动漫,04/16
#2020LPL#我已为@VG英雄联盟送上奖杯，他是我心中的最强战队，快来和我一起为喜爱的战队加油吧！点击送奖杯↓O2020LPL战队势力榜,04/16
因为刚刚LOL服务器崩溃，一些小伙伴账号都没了！有多少是这样的？#英雄联盟崩了#,04/16
建议英雄联盟入选年度折寿游戏@英雄联盟,04/17
[LPL]【全场集锦】LNGvs.WE第三场丨2020LPL春季赛丨2020.04.17#英雄联盟##2020LPL#L大木GamedayLOL的微博视频,04/17
【#英雄联盟#】看了这德莱文的操作后，我感觉文森特都没有他秀！#游戏咱是认真的#【英雄联盟云顶手游交友群】L英雄联盟飞纵君的微博视频,04/17
英雄联盟克隆：在诸多的突击战士中他是最强的，你们知道是谁吗？#英雄联盟##LOL#L电竞综合快报的微博视频,04/17
英雄联盟太好玩了我太喜欢玩了,04/17
毕竟LV联名款，真香说真的这屁股我爱了，绝对峡谷第一翘臀，没意见吧#英雄联盟##LOL#,04/17
【用脚操控游戏人物的外设】近日，Stelulu公司推出了一款名为StinkyFootboard的硬件设备。通过触发分布在脚趾、脚跟以及面板两侧的四个CherryMX感应器，来完成游戏人物的移动操作。像魔兽世界、英雄联盟这样的战略游戏，不仅能降低这种学习成本，还能让你有种身临其境的感觉。,04/17
#2020LPL#我已为@LGD_英雄联盟送上奖杯，他是我心中的最强战队，快来和我一起为喜爱的战队加油吧！点击送奖杯↓O2020LPL战队势力榜,04/17
给力#英雄联盟魔女皮肤#,04/17
[LPL]【全场集锦】LNGvs.WE第二场丨2020LPL春季赛丨2020.04.17#英雄联盟##2020LPL#L大木GamedayLOL的微博视频,04/17
派克把发条写入了族谱。#英雄联盟#英雄联盟L电竞vlog的微博视频,04/17
#2020LPL#我已为@eStar英雄联盟分部送上奖杯，他是我心中的最强战队，快来和我一起为喜爱的战队加油吧！点击送奖杯↓O2020LPL战队势力榜,04/17
英雄联盟启动！我尽量做到不被追着锤,04/17
就算没打断你的第三段Q照样能杀你英雄联盟L游戏通关宝典的微博视频,04/17
#2020LPL#我已为@VG英雄联盟送上奖杯，他是我心中的最强战队，快来和我一起为喜爱的战队加油吧！点击送奖杯↓O2020LPL战队势力榜,04/17
LOL最佳盘点：Ning真香警告！扎克赛场五大经典开团，妈耶弱势打野真香，请叫我扎克王（via呆梦demo）#英雄联盟#L打野的微博视频,04/18
#英雄联盟#放长线钓大鱼，拿自己的血条疯狂试探！L英雄联盟超凡大师的微博视频,04/18
删除一个文件提升LOL帧数#英雄联盟#电脑#记录世界记录你#L疾风电脑diy知识大全的快手视频,04/18
英雄联盟克隆：卡牌面对此情景超级无奈，我感觉我都快打不下去了！#英雄联盟##LOL#L电竞综合快报的微博视频,04/18
#2020LPL#我已为@VG英雄联盟送上奖杯，他是我心中的最强战队，快来和我一起为喜爱的战队加油吧！点击送奖杯↓O2020LPL战队势力榜,04/18
#2020LPL#我已为@eStar英雄联盟分部送上奖杯，他是我心中的最强战队，快来和我一起为喜爱的战队加油吧！点击送奖杯↓O2020LPL战队势力榜,04/18
#2020LPL#我已为@VG英雄联盟送上奖杯，他是我心中的最强战队，快来和我一起为喜爱的战队加油吧！点击送奖杯↓O2020LPL战队势力榜,04/18
看个小说都尼玛出现英雄联盟，竞你能不能放过我！！！,04/18
#2020LPL#我已为@VG英雄联盟送上奖杯，他是我心中的最强战队，快来和我一起为喜爱的战队加油吧！点击送奖杯↓O2020LPL战队势力榜,04/18
#2020LPL#我已为@VG英雄联盟送上奖杯，他是我心中的最强战队，快来和我一起为喜爱的战队加油吧！点击送奖杯↓O2020LPL战队势力榜,04/18
给自己设定的论文DDL前一天，英雄联盟了12把。,04/18
#英雄联盟#我就想知道如果错过这次至臻石头人，他还会再出现🐴？现在两千个币子很纠结啊刚玩半年#石头人##lol至臻锦鲤#,04/18
#2020LPL#我已为@LGD_英雄联盟送上奖杯，他是我心中的最强战队，快来和我一起为喜爱的战队加油吧！点击送奖杯↓O2020LPL战队势力榜,04/18
原色与炫彩对照版你更喜欢原色还是炫彩？感觉要点像假面骑士#英雄联盟#L打野的微博视频,04/18
#2020LPL#我已为@LGD_英雄联盟送上奖杯，他是我心中的最强战队，快来和我一起为喜爱的战队加油吧！点击送奖杯↓O2020LPL战队势力榜,04/18
英雄联盟#OMG掉线##替我谢谢你的男朋友##LPL春季赛#已经完全失去晋级季后赛名额的WE，是否会成全OMG晋级季后赛呢？这场比赛对OMG事关重大，SMLZ和骇客必然会全力以赴！个人比较看好一个绝地求生状态下的OMG，争取来个黑八奇迹！,04/19
英雄联盟克隆：这个女皇还挺凶，估计是个女汉子！#英雄联盟##LOL#L电竞综合快报的微博视频,04/19
#2020LPL#我已为@eStar英雄联盟分部送上奖杯，他是我心中的最强战队，快来和我一起为喜爱的战队加油吧！点击送奖杯↓O2020LPL战队势力榜,04/19
我正在快手看@LoL英雄联盟-老崔诺手的直播，一起来吧#记录世界记录你#OLoL英雄联盟-老崔诺手的快手直播,04/19
#英雄联盟##rng#RNG的这次失败，让我才明白，原来现在的这些人，已经不是当初的那些人了，聚若磐石，散若星辰。怀念当年，你们的传说，RNG初代目！日子过的真快啊！@mlxgzzz@UziQAQ@RNGLetme@rngming@Zz1tai姿态@xiaohuOuO@卡萨,04/19
哎呦，不错哦！我在omg英雄联盟超话荣升LV.10等级，获得了知名粉丝头衔！想和我一样晋级么？~想知道就来omg英雄联盟跟我聊聊吧~,04/19
#2020LPL#我已为@LGD_英雄联盟送上奖杯，他是我心中的最强战队，快来和我一起为喜爱的战队加油吧！点击送奖杯↓O2020LPL战队势力榜,04/19
omg英雄联盟怎么感觉骇客没信心呢？在硬币哥直播间唉声叹气,04/19
【《EVE》首席设计师跳槽Riot从事LOL开发】《星战前夜》首席设计师KristofferTouborg在其Facebook主页上宣布，他将离开CCP加盟RiotGames，从事《英雄联盟》的开发工作。“对所有在CCP的同事们，能够认识你们是我三生有幸。对所有在Riot即将和我共事的同事们，期盼见到你们”。,04/19
实力说话电竞预测三场全收#电竞推荐##英雄联盟#要时时刻刻拿到预测的看置顶我会安排,04/19
好好能赢得局非要把人骂挂机就因为ad治疗没给到太难了英雄联盟就是个运气游戏,04/19
"小学生看图写话劳资在网吧玩英雄联盟，旁边两个8.9岁小学生，各种玩各种骂，中路蛮王对球女，下路死歌对爱希，一口一句你吗，b,我直接都没客气，拿起我的半瓶脉不动走过去问他们，网黑见过没，结果有人报警了，不说了，派出所蹲着写经过呢，超过20赞,我出去还干他俩",04/19
王者荣耀招线上游戏陪玩小姐姐，只要女生想了解的小姐姐翻烂我微博再滴滴我谢谢～会lol英雄联盟，绝地求生，王者荣耀，和平精英，云顶之奕都可一单一结不骗人，互相尊重是美德🙆,04/19
#2020LPL#我已为@VG英雄联盟送上奖杯，他是我心中的最强战队，快来和我一起为喜爱的战队加油吧！点击送奖杯↓O2020LPL战队势力榜,04/19
#2020LPL#我已为@eStar英雄联盟分部送上奖杯，他是我心中的最强战队，快来和我一起为喜爱的战队加油吧！点击送奖杯↓O2020LPL战队势力榜,04/19
VG英雄联盟休赛期说长不长，前段班的队伍都在积极训练、准备季后赛，你们也不要放松！我们这个赛季打了全LPL最多的小场，犯懒了就看看那些遗憾输掉的bo3，多赢一小局就进季后赛了。输了比赛，新队伍需要磨合什么的都是借口，加练加练加练，更要带脑子练！现在别想着放松，等以后光荣退役了有的是时间放松。PS：感觉以后我会是个很啰嗦的妈妈，这不是我想要的,04/20
eStar英雄联盟eStar英雄联盟首先，lpl一支新队，闯到季后赛应该知足了。第二，菜星还有好几套传说中的体系没拿出来呢，常规赛只是在练体系。皇子锤石放不出来了，还有好多其他的呢wink的辛德拉德莱文都很强的、还有cryin的妖姬、小c的莫甘娜。等着吧这样的季后赛才有意思,04/20
缘分让你我相遇，给彼此一个机会，主动双方才会有故事不是吗？2020LPL春季赛英雄联盟对阵双方：LGDVsLGD比赛时间：04月19日15：15比赛赛制：BO3比赛推荐:第三局RW首五杀总时长大于32分钟RW+3.5人头#王者荣耀##电竞推荐##春季赛王者荣耀##2020春季赛王者荣耀##英雄联盟##lol##刀塔2#,04/20
英雄联盟#2020LPL#春季赛#RWLGD#第一局各位看官怎么看这场比赛呢队员英雄选择RWLGDCrazy.鳄鱼Killua.泰坦Haro.巨魔Kramer.赛纳Wuming.塞拉斯Fenfen.飞机ZWuJi.维鲁斯Peanut.盲僧Ley.莫甘娜Lies.奥恩#上快手看LPL#,04/20
#云顶之弈套路王#终于上钻石啦！！！从14号白金4到今天一共6天20把左右。分享一下心得，现在版本最强的一定是星守女团！星守女团！星守女团！重要的事情说三遍！开局只要有眼泪就往女团走，准没错，不要担心同行多，装备很好的话放心玩;装备勉强可以的话试着稳住血量狗到同行去世，我有一局就是三个同行，装备都比我好，但血量都不健康，最后我拿了第二（没同行应该就第一了）至于怎么运营就不多说了，攻略很多可以去看看或者多去看直播。下面说说其他阵容。星守实在不糊，还可以玩的阵容有赌剑、暗星、未来寒冰、源计划、斗枪。其中最稳的是赌剑，但有同行不建议玩，反正我赌剑只吃鸡一局是在没同行的情况下，有同行我烂分都恰不到，同行也是四五六七，有同行千万不要玩，除非你够胡，这里的胡不仅是装备，更重要的是牌一定要胡，没三星剑圣就凉凉。剩下推荐的是斗枪，因为现版本斗枪很少，一局大几率没同行，运气够好金克丝可以追到3，装备站位都合理的话有机会恰鸡。再往下是暗星和未来寒冰，这两个我这两天玩碰到挺多，所以同行大几率有，看谁够胡，谁胡谁能恰烂分，特别胡可以恰鸡，怎么运营我就不说了，可以去看掌盟攻略或者直播，但个人理解这两个阵容中期一定要连胜，稳住血量和经济，最后才有机会和星守、赌剑碰一碰，因为这两个阵容前中期都挺强的，稳住血量的话后期有血量容错，如果前期连败掉血多很难走下去。最后一个推荐的阵容是源计划，为什么把这个放最后，因为我抽不到艾克！！！我可能玩源计划就很非，就算前期连胜，经济血量都很好，8人口还是很晚才滴出艾克，选秀都碰不到艾克，除非打工的质量特别高，否则在艾克来之前前中期的优势会迅速变成劣势掉几波大血，然后艾克来了，就四五名了，能勉强恰烂分。所以相比上面的阵容，个人不是太推荐源计划，顺带一提，如果是自然之力星系，且打小兵掉的装备适合刀妹，可以去走源计划。以上就是这几天的心得，建议大家还是多看云顶高分主播的直播，去学一下怎么运营，学会灵活应变，当然也可以跟着主播学学山术，吸吸欧气，比如@GoDlike_神超@英雄联盟,04/20
【Mlxg微博回应：真没有瞧不起选手和队伍的意思】针对昨日复盘RNGvsSN时的部分言论造成的影响，RNG前打野Mlxg在微博做出回应，原文如下：没想到哥们复个盘节奏这么大，真没有瞧不起选手和队伍的意思，只是单纯的把自己的一些见解给说了出来，可能有些地方哥们说法方式会让人产生误会，当我是nt丈育口嗨就好英雄联盟,04/20
#游戏区练习生##LPL创作大赛##FPX冠军皮肤#我剪辑了一下这次FPX冠军皮肤的视频背景音乐是涅槃（2019年英雄联盟全球总决赛主题曲）这个皮肤做的还是很具有创意的特效处处蕴含火焰和凤舞回城和技能也极具有特色我个人比较喜欢薇恩的摇花手真的秀啊希望今年我们LPL会再次捧起奖杯加油L炉石传说海曼阿兰贝尔的微博视频,04/20
【英雄在干嘛：理发师小白料理师蛇蛇轮番上线，小花生营业分享队员初印象】记录俱乐部选手的日常生活，看看我们的选手在干嘛。料理师蛇蛇上线，拉面炒年糕秘诀“一起都放进去”；LGD队员分享初印象，你竟然是这样的“小花生”；ShiauC被现场抓包，展现真正的切屏技巧，最后是谁愿意为了Xiaobai的理发事业献身呢？cr.英雄联盟赛事#英雄联盟#L英雄联盟赛事的微博视频,04/20
根据海外知名的第三方情报网站MMOChampion的介绍，在《魔兽世界：暗影国度》全新的冒险系统中，基于过去的随从（追随者）系统，官方开发了一个特殊的模式玩法。经过专业人士分析，这个新系统的玩法非常像自走棋！玩家们可以在该玩法模式中选择任务并开始对战，游戏过程中需要分配上场对战的随从（追随者），这些随从（追随者）都会自动攻击并拥有主动的特殊能力，玩家无法对自动战斗过程进行额外的干涉，只能等待最终的战斗结果出炉。虽然细节上描述得非常笼统模糊，也没有真实的游戏截图，但是其玩法本质上确实非常像自走棋。当然，MMOChampion提到：游戏测试版的档案资料中可能包含了许多的实验项目和废弃计划，所以在《魔兽世界：暗影国度》中未必会正式推出，但是暴雪有这份心意，玩家们也是非常高兴的。说起自走棋，暴雪去年就在《炉石传说》上更新了与自走棋玩法相似的“酒馆战棋”模式，并获得了成功。这一次，针对《魔兽世界：暗影国度》中的自走棋玩法，不少玩家表示看好，并留言表示：“这玩法比那种把小兵送出去然后等着回来好多了”、“多加入一些打发时间的小游戏也不错”、“期待，如果做得好会让任务变得很有趣”、“至少比现在的系统好很多”等等。我们知道：随从（追随者）系统从“德拉诺之王”开始就有了，经过“军团再临”，再到“争霸艾泽拉斯”都继承了这个系统。这个系统可以收收菜，做做任务，可玩性有限。如果加入自走棋玩法，让玩家们收集的随从有更多用武之地，显然有趣很多。虽然如今市面上，自走棋玩法的“独立”游戏慢慢都凉了，但是只把它作为游戏的一种小模式还是非常不错的，比如：《炉石传说》中的“酒馆战棋”，《英雄联盟》中的“云顶之弈”。,04/20
【2020LPL春季赛常规赛最佳阵容投票情况】截止到今天上午11点，最佳阵容投票情况如下上单前三名：iGTheShy、FPXGimGoon、RNGLangx打野前三名：FPXTian、iGLeyan、LGDPeanut中单前三名：iGRookie、FPXDoinb、EDGScoutADC前三名：iGPuff、FPXLwx、OMGSmlz辅助前三名：iGSouthwind、FPXCrisp、RNGMing其中，中单排名第四的小虎，AD排名第四的Hope即将进入前三，而辅助位的Crisp有望冲击第一。#2020LPL##英雄联盟#英雄联盟,04/20
新项目游戏箪来啦🎊🎊喜欢打游戏的你有福力啦☞王者，吃鸡，英雄联盟和小游戏等等玩玩就有💰歌唱有偿挣米和电台聊天也是同步进行，一个月1500左右是可以滴，在于你自己，总之可以这么说：多玩多玩多唱多说=💰多王者荣耀最低10元/局和平精英最低15元/半小时音乐最低20元/首英雄联盟最低15元/局绝地求生最低25元/小时云顶之弈最低20元/局穿越火线最低20元/小时电台统一50元/小时改成5元下10单,04/20
【赛季胜率高达92%C9无悬念拿下LCS春季赛冠军】今早结束的LCS决赛中，C9三场轻松零封FLY，夺得2020LCS春季赛冠军，这也是他们自2013年夏季赛夺冠后再次获得的第一个联赛冠军！恭喜！赛后C9官推更新：“LCS春季赛冠军LCS青训春季赛冠军赛季最佳教练赛季最佳MVP五人全入选LCS最佳阵容常规赛第一名”同时，本赛季的C9也已超高的胜率打破了LCS历史胜率记录，高达92.9%！看到好兄弟夺冠，隔壁G2也很开心，C9现任当家ADZven上上个东家就是G2#英雄联盟#,04/20
LPL春季赛线上赛4月20日首发名单公布，WE和OMG谁赢谁进季后赛！第一场RW和LGD均无缘季后赛，这时候便可以放开打了！第二场WE对阵OMG是季后赛争夺战，谁赢谁进季后赛！第三场是2020LPL春季赛的收官之战，对阵的双方是FPX和TES，小兲面对“神”和“偶像”会有什么样的发挥呢？15：00RWvsLGD第二场WEvsOMG第三场FPXvsTES#英雄联盟##2020LPL#,04/20
【2020年LCK春季赛季后赛赛程】：4月18日，16：00，外卡战（BO3）——KTvsDWG；4月20日，16：00，季后赛第一轮（BO5）——DRXvs外卡战胜者；4月22日，16：00，季后赛第二轮（BO5）——T1vs第一轮胜者；4月25日，16：00，春季赛决赛（BO5）——GENvs第二轮胜者#LCK直播##英雄联盟##2020LCK##LOL##lck#L英雄联盟LCK直播的微博视频,04/20
#云顶之弈套路王##云顶之弈#这里给大家一套很快乐的阵容：圣盾闪电⚡霞。@英雄联盟装备：核心c霞，电刀＋电刀＋伏击/水银/复活甲。次c赵信，反甲+龙牙+泰坦。羁绊：四圣盾（赵信，洛，皇子，妮蔻），四秘术（琴女，卡尔玛，奶妈，露露），四星神（霞，赵信，洛，露露）玩法介绍：因为以快乐为主，电刀为核心装备，开局抢泪滴，目前版本星守法玩家多，泪滴的优先级大于攻速，如果打野曝出攻速，合出电刀，基本可以保证连胜，霞根据其他玩家阵容选择一套防装，其余防装就给赵信，前期过度尽量三源计划，其余留需要的棋子。运营：这套阵容核心为霞和赵信，所以霞必须得要三星，不然中后期输出乏力，石头人处先别升五级，打完石头人开搜，尽力搜出三星霞后，基本中期无敌，就可以挂机存钱在五人口时去找其余圣盾棋子。后期再补出四个秘术小姐姐。总结：电刀的加强让攻速收益高的英雄有了更好的体验，就想出这套闪电霞阵容，配合四圣盾，四秘术和四星神的完美羁绊，能不快乐，如果其余玩家不怎么胡，吃鸡是完全没问题的保底也能吃烂分，重点是快乐快乐。,04/20
@英雄联盟#英雄联盟#终于发现，英雄联盟为什么会出云顶之奕这个模式了！原来是给那些想玩联盟却不及以前的人来玩的。看着里面的英雄，还真是，年轻时我们操作他们，跟不上以前后，我们看着他们操作。刚不久和一个朋友solo，我输的很惨。我没怀疑过，直到有一波，我的瞎子Q摸眼R的时候是的我摸了眼，但挺留了一秒没R回去，踢歪了。本命三千多场的瞎子我这点操作不会失误，8年的老玩家，也不止是这一波，我们solo了很多把。我都输了，当然也有人是认为我真的菜，打不过的原因是我这几把里面自己都看到自己的失误次数。也是我上面的那一把，是我们最后的一把因为我不相信我的瞎子拿不出好成绩，也在我升6的时候，几乎能踢回塔下完成击杀时，我真的被触动了。不过现在有了云顶，该换英雄为我们好好战斗一次了！！非常感谢英雄联盟热爱联盟谢谢,04/21
艾欧尼亚仍然是英雄联盟人口最多的大区，达到1041万。女玩家方面，而黑色玫瑰和男爵领域均以30%的占比，位居首位。但根据人口基数，黑色玫瑰应该是英雄联盟妹子最多的大区。而男爵领域不打排位的玩家占到30%——估计跟妹子多有很大的关系。英雄联盟有以下大区：1.电信有艾欧尼亚、祖安、诺克萨斯、班德尔城、皮尔特沃夫、战争学院、巨神峰、雷瑟守备、裁决之地、暗影岛、均衡教派、水晶之痕、影流、守望之海、征服之海15个区；2.网通有比尔吉沃特、德玛西亚、弗雷尔卓德、无畏先锋、恕瑞玛、扭曲丛林6个区；3.教育网专区体验服还有两个区。排名11——20位的人口情况。巨神峰以13%的女玩家比例，成为英雄联盟所有大区里面女玩家占比最少的！在巨神峰，女玩家是个稀罕物件。#英雄联盟#O英雄联盟哪一个服务区的女性玩家最多？,04/21
#英雄联盟#LCS春季赛C9夺冠，Zven成为首位捧起过LEC和LCS奖杯的选手在今日进行的LCS决赛中，C9战队发挥出色击败FLY战队并摘得2020LCS春季赛冠军的头衔。C9官方也发推恭喜队内ADC选手Zven成为了历史首位同时获得过LEC和LCS冠军的选手：“第一位在NA和EU同时夺冠的男人。Zven就是王。”随后Zven的老东家G2战队也发来祝贺：“首位同时获得欧洲和北美赛区冠军的选手，你的救赎之路值得一看。恭喜你，我们很快就会再见的。”,04/21
#王一博星光助益榜#wyb#底气全开一博到底#畅想环保，守护自然，保护环境，绿色出行。人与自然和谐与共。@UNIQ-王一博悦木之源，绿色与纯天然的结合，值得拥有。王一博不负少年心气，为爱博此一生。你好你坏，我们都在【王一博跳舞】【王一博天天向上】【王一博电竞】【王一博英雄联盟】【王一博lucky】【王一博陈情令】【王一博蓝忘机】【王一博锤子舞】【王一博昨日青空】【王一博年少心事】【王一博腹肌】【王一博摩托车】【王一博fire】LOrigins悦木之源的微博视频,04/21
昨天陪伴我十年的qq号(2049146619)莫名其妙被冻结了永久。殊不知里面有多少重要的文件，好友和联系群组，经过无数次申诉都没有结果。既然说我违规麻烦就把违规的证据摆出来，然我看看到底哪里违规!@腾讯公司@腾讯客服均不是本人所为!!!本人毫不知情!!随随便便就给永久冻结，账号里面免费黄砖，会员，红砖等多项服务都是官方途径开通的，均未过期，还有在该qq号绑定的腾讯旗下的多项游戏(英雄联盟，地下城，和平精英，qq飞车等)多项游戏都有充值不菲的金额。消费者的权益谁来维权@12315消费者维权投诉将我账号永久冻结给我照成了很大的经济损失和生活上的不便，那么又谁来赔偿我的损失。要么给我的账号解冻，要么就把我在该账号充值过的所有金额赔偿给我!!!,04/21
电竞#凯恩电竞#【拳头卡牌游戏《LOR》港澳台服中文版将在五一上线】今日中国台湾电信企业台湾大哥大今日宣布将独家代理拳头公司的卡牌游戏《LOR》。《LOR》为拳头公司发行的首款卡牌对决类游戏，游戏将会在5月1日在中国台湾、中国香港、中国澳门上线。啥时候国服上线勒？英雄联盟,04/21
【GRF官宣新成员：前G2辅助Wadid正式加盟】上周前LCK分析台嘉宾Wadid宣布自己即将加入格里芬的消息，他表示自己很想跟Viper打游戏，等不及想重登舞台。今天下午GRF官方终于官宣了Wadid选手的加盟，将会担任辅助位。LCK常规赛结束，季后赛的到来，不过对于GRF来说，春季赛也还未结束，因为排名倒数前二，他们还需要打升降级赛，28号正式开打。关于Wadid：生涯大多数时间在欧美赛区度过，S8随队伍打到世界赛四强，不敌iG，随后离队去到RGE#英雄联盟#,04/21
这就离谱！Theshy春季赛常规赛主要数据六项排在上单第一！MVP总数8个，上单第一总击杀128个，上单第一分均伤害670，上单第一伤害转换率162.72%，上单第一场均压刀46.7，上单第一对位经济领先2369.1，上单第二伤害占比28.65%，上单第一有网友表示Shy哥的死亡数应该也不低吧哈哈哈，确实！iG电子竞技俱乐部#英雄联盟#,04/21
#英雄联盟#四月份最佳阵容，上单——JDG.Zoom打野——JDG.Kanavi中单——IG.RookieADC——FPX.Lwx辅助——JDG.LvMao月MVP选手——JDG.Kanavi月最佳新秀——SN.huanfeng最终进去季候赛八支队伍排名是IG_JDG_FPX_TES_ES_EGD_RNG_WE将在4月22号开始季后赛追逐，大家更看好那支队伍呢？,04/21
【LPL春季赛4月最佳阵容：JDG上野辅三人入选】上单——@JDG京东电子竞技俱乐部Zoom打野——@JDG京东电子竞技俱乐部Kanavi中单——@iG电子竞技俱乐部RookieADC——@FPX电子竞技俱乐部Lwx辅助——@JDG京东电子竞技俱乐部LvMao月MVP选手——@JDG京东电子竞技俱乐部Kanavi月最佳新秀——@苏宁电子竞技俱乐部huanfengcr.英雄联盟赛事#2020lpl##英雄联盟#,04/21
EDG所以edg超话该是什么样的呢难道所有人都只能有一种想法？都要一根筋的支持教练组？有其他想法的就统统归为异类？关于打野位置人选的问题说几句就是阴阳皇杂？就是杰杂？说上junjia会输的粉丝都不怕被打脸甚至希望被打脸除了真正的hz这个超话里谁不希望edg第一轮能赢下来（我游戏段位不高白银140+级游戏理解不够由于考研的原因很久没打排位了现在就打打娱乐模式无限火力克隆啥的放松一下几乎每天都玩一两句只玩英雄联盟一个游戏会看比赛会看版本变化不是云玩家）图片这种人身攻击的biss,04/21
#著作权侵权#【广州互联网法院发出首份“云游戏”诉讼禁令】--4月16日，广州互联网法院针对深圳市腾讯计算机系统有限公司（下称腾讯公司）起诉某云平台著作权侵权及不正当竞争纠纷案中所提出的诉讼行为保全申请作出裁定，某云公司应立即在“某惠云电脑”删除《英雄联盟》游戏的全部，立即停止借助《英雄联盟》游戏宣传、推广、介绍“某惠云电脑”。据介绍，该禁令是国内首例“云游戏”案禁令。（via：人民网）O广州互联网法院发出首份“云游戏”诉讼禁令,04/21
【Knight回应比赛鸣金收兵：我气得都想把金身卖了，但被队友拦住了】Knight在和FPX的比赛中两次错按金身“鸣金收兵”，他直播的时候说到了这个事情，他说总以为是推推棒，金身用不习惯。“鸣金收兵吗？出意外了，我老以为是推推棒！”“我按错了气得我都想把金身卖了，但是被队友拦住了。”#英雄联盟##2020LPL#L佛系小玩子的微博视频,04/21
【Tian深夜打工，帮Knight直播间谢礼物~】Tian：我帮你谢礼物吧~这里面一部分礼物是送给我的吧~Knight：你帮我谢吧，谢不动了，快快快，快谢！Tian：感谢松松的宝贝女儿的送上的火锅，感谢咕咕兔粮送的钞票枪Knight：这个我有印象，松松的心上人还可以~Tian：我在说咕咕兔粮你个啥B~Knight：你这有延迟你个啥B，快谢~Tian：感谢松松的心上人，hhh，对不起，确实有延迟hhh#英雄联盟##lpl创作大赛##2020LPL#L靠谱电竞的微博视频,04/21
Peanut：夏季赛会努力，谢谢大家为我加油20日的比赛中LGD以1:2落败，最终以5-11的战绩结束自己春季赛之旅。赛后打野Peanut更新微博：（我来LPL粉丝们对我的期待和应援很多但是没有达到粉丝们所预期的成绩夏季赛的话我个人会努力比春季赛打得更好更好的表现谢谢大家为我加油希望大家都身体健康每天幸福快乐）Peanut：夏季赛会努力，谢谢大家为我加油同队的两位中单也更新微博：抱歉让大家春季赛失望了大家夏季赛再见Peanut：夏季赛会努力，谢谢大家为我加油春天结束了Peanut：夏季赛会努力，谢谢大家为我加油#英雄联盟##2020lpl#,04/21
斗鱼梨落1血经典逆袭，六暗星四刺泽拉斯伤害恐怖如斯LOL英雄联盟云顶之弈#云顶之弈套路王##云顶之弈第三赛季##云顶之弈手游##云顶之弈最强阵容##云顶之弈攻略#云顶之弈手游#云顶之弈手游上线外服##斗鱼直播平台#斗鱼直播平台L电竞撸圈老司机的微博视频,04/22
【瑞信发布2012年3月份中国游戏行业排名报告】3月排名前十的游戏较上个月没有变化，腾讯游戏占据头五名。《穿越火线》（CrossFire）仍然是最热门的游戏，综合份额较上一季度增长1.22个百分点。《英雄联盟》（LeagueofLegend）维持强劲的增长态势。腾讯的C9首次跻身网络游戏的前20名。#游戏行业#,04/22
【中国组建电子竞技国家队就是玩游戏？】近日，国家体育总局决定成立一支17人的电子竞技国家队，出战第四届亚洲室内和武道运动会。据报道中国将参与《英雄联盟》、《星际争霸2》、《FIFA》和《极品飞车》等项目。有人称玩游戏也算体育？支持者认为，都是付出努力的，应互相尊重。中国电竞，你怎么看？,04/22
eStar英雄联盟1.新人新军不是菜的借口，we的这几个人其实也算是职业赛场上的新人，新人新军只能说是理由之一，春季赛高开低走的确证明了一些问题，体系不完备，英雄池浅，对对手的研究明显没有对手对我们的研究深。2.希望学费不要白交了。该复盘就复盘，BP上也要进行调整（我始终不明白我们对红色方的执念，经常最后counter位把自己counter了），英雄池也要加深。如果故步自封，不自我进步的话，总会有被淘汰的一天。3.但其实我很高兴，我看见了韧性。对于一个从没有打过正式bo5的队伍来说，在被2比0的情况下，失去了优先选边权来到了自己不熟悉的蓝色方的情况下，打出了自己的血性。证明队员们的心态调整还是比较快的。最后，电子竞技成绩说话，问题很多，很多决策做的也有问题，玩的不好，接受一切批评。夏季赛加油，期待星宝们的好消息。,04/22
【恕瑞玛的风景】1.重建后的太阳圆盘悬在纳施拉美的街道之上2.沙粒退去，而恕瑞玛重生了。3.恕瑞玛从沙砾中升起，又一次沐浴在太阳的光辉下4.恕瑞玛的人民回到了他们先祖的家园。5.恕瑞玛的废墟，它曾经宏伟的宫殿和城堡都化为废墟6.瑟塔卡之女，祖瑞塔的飞升圣职者7.髓印集市8.索昂萨沙瀑9.吟歌谷#英雄联盟##LOL##英雄联盟宇宙：城邦传说#,04/22
eStar英雄联盟从输的第一把我就有点担心英雄池，尤其是wei的打野英雄池，希望各个队员都能多练练英雄吧，感觉现在被研究……可能夏季赛就很难了吧。嗯，感觉输了也没有太生气吧，毕竟是新队伍，能打成这样已经不容易了，后来努努力就行了。而且值得庆幸的是，小白也获得了自己心心念念的第一个MVP。还有，既然都比赛结束了……vlog和直播能不能多搞点,04/22
【WE.Missing赛后采访】@解说Remember_记得：今天锤了ES下一轮怎么看？@WEmissing：下一轮接着锤吧@WE_微笑：有一波小龙团你为什么空Q了两下，当时什么情况？那波团你空了三个钩，第三个钩你是勾到了那个柱子上了，因为我觉得那波团你只要中一个我们就能赢了@WEmissing：好像不止两个（峰峰瑟瑟发抖）@WE_微笑：后面的比赛加油，反正不管结果怎么样都说好带你去吃夜宵@WEmissing：谢谢老板#英雄联盟##2020LPL#teamweLScore赛高的微博视频,04/22
【打破垄断！JDG.Kanavi成为LPL历史首位非中路常规赛MVP选手】在今日英雄联盟官方公布的2020LPL春季赛常规赛MVP评选结果中，JDG打野选手Kanavi在评选得分与FPX.Doinb相同的情况下凭借第一选票数的微弱优势战胜Doinb当选本赛季MVP。自2017年LPL常规赛MVP成立以来均由中单选手当选，本次Kanavi打破了此垄断，成为LPL历史首个非中单常规赛MVP。历届LPL常规赛MVP：2017年春季赛常规赛MVP——Doinb2017年夏季赛常规赛MVP——Xiaohu2018年春季赛常规赛MVP——Rookie2018年夏季赛常规赛MVP——Rookie2019年春季赛常规赛MVP——Doinb2019年夏季赛常规赛MVP——Knight2020年春季赛常规赛MVP——Kanavi#2020LPL##上虎扑关注英雄联盟#,04/22
身既死兮神以灵，魂魄毅兮为鬼雄。很遗憾，荆楚少年首次季后赛之旅，止步首轮。一路走来，非常感谢大家的支持与鼓励。少年们明白，此番入世追梦，绝不会是一片坦途。剑已出鞘，仍需打磨，前路漫漫，还望大家相伴。出不入兮往不反，平原忽兮路超远。我们夏季赛再见！感谢支持我们的粉丝以及赞助商@斗鱼直播平台@比心陪练@CHERRY中国@AutoFull傲风电竞椅的支持。#2020LPL#eStar英雄联盟#斗鱼全程直播2020lpl#,04/22
灿白我又嗑到糖了……灿烈：“如果男朋友玩英雄联盟是玩辅助，一定要和他在一起。”众所周知小啵在之前的直播里说过他lol铁辅助位，辅助时光玩得挺不错的（忽略虎子随缘补刀的adc）而且鱼说他打lol喜欢玩上单吸血鬼，懂了原来啵玩辅助这么爱游走是习惯了去支援队友，你们平常双排都是这么个模式吗,04/22
英雄联盟发布2020LPL春季赛季后赛宣传片：落子英雄银龙为界，八强对弈为兵者既闻钟鼓之声，见旌旗之列何不奋勇向前，竞赴敌场兵七进一，卒子过河禁回头不弃之人能否重回旧日辉煌新老更替，灵石重组重炮强弩之下，怎样跨过楚河直击腹地马踏斜日，成长总要经历荆楚少年将碰壁停歇，亦或冲破万难车行坦途，前程似海屡求不得，又该如何为自己正名坐镇中军，慧眼识人方可为帅辉煌过后，是否也会难做抉择飞象开局，跨越原野名列前茅仍有质疑，成为一流还差什么将者，智、信、仁、勇、严也#2020LPL#@jbo竟博新生战戟终点会是何方L英雄联盟赛事的微博视频,04/22
omg英雄联盟看来那天输we输的不冤，今天看we和es的比赛就能看出差距，we打得有理有序，第一把拿到优势会滚雪球扩大优势，第二把知道自己的阵容拖到后期绝对打得过对面，前期一直避战不给机会，每个人都很沉稳，反观我们每次一拿后期阵容前期就一直想打架，疯狂白给送机会，不到20分钟就玩烂了，这个问题出现太多次了，打igedg的第一把前期优势挺大，但就是上头白给机会，打tes第一把本来很稳，结果最后一波又白给，这赛季唯一打的好的就是和fpx的第一把，前期有优势，然后不停找机会把雪球扩大，如果每把都像这样打的话omg才具有打赢强队的可能，当然这也需要教练组和分析师团队的指导，我们就一个教练一个分析师，夏季赛多买几个吧，教练最好严厉一点，冷少上头的时候一定要骂，现在最容易上头的就是冷少，只要冷少不上头全队都会稳很多,04/22
#云顶之弈套路王#超级吃烂分玩法，不追求装备。只追求三星，女警，霞，肾都是超级冷门英雄，很容易恰到三星。赵信和洛现在玩的人也少很多（基本都是玩女团和暗星），在五级疯狂d，尽量升三星。寒冰最后存钱升星。@英雄联盟前期尽量保持高血量，游戏目标就是不求吃鸡，争二保三，稳健上分。试过这么多组合，最稳健的。1、寒冰神装青龙刀，破败，羊刀。2、霞一个电刃就行，非要给神装就加上羊刀和复活甲。3、女警，两个暴击手套或者羊刀，蓝色手臂或水银。4、肾，三传送门5、赵信，龙牙，荆棘护甲，羊刀/还有那个护甲+短剑的装备。6、洛，恰剩下的烂装备，有啥给啥，主要给法力值或者防御装。,04/22
【2020LPL春季赛最佳新秀颁奖仪式】这特殊的时期，能看到这样的仪式，又亲切又感动，恭喜ShiauC拿到赛季最佳新秀，继续努力呀~小C：“我玩这个游戏的时候就研究过很多这类的英雄，也玩过很多勾子类的英雄，所以就比较擅长。”@eStar英雄联盟分部#斗鱼全程直播2020lpl##2020LPL#L兔玩游戏的微博视频,04/22
【Doinb：职业选手的理解，打LWX没有压力可以出工资装】Doinb：别人的韦鲁斯和你的韦鲁斯完全不一样LWX，你的韦鲁斯是来送分的~哇，这个飞机是真的看不起我！他竟然出萃取，这种装备什么时候可以处呢？好好听好好学，这是职业选手说的话，打LWX这种人，线上完全没有压力就可以出~英雄联盟LLOL动图菌的微博视频,04/22
#影讯##上海提出促进娱乐消费措施#上海市官方发布《关于提振消费信心强力释放消费需求的若干措施》通知，包含“促进文化旅游娱乐消费”：上海市将聚焦市民文化节、国际艺术节、国际影视节、上海旅游节、英雄联盟S10全球总决赛等5大文旅节事重大活动，拉动吃、住、行、游、购、娱等延伸消费。由此可见，2020年上海国际电影节、上海电视节依旧会举行，但受疫情影响，日期目前未定，我们静候佳音。,04/23
#英雄联盟#【RNG对EGD】第四局#2020lpl季后赛#RNG今天操作是各种下饭，RNG下路真的下饭，RNG射手拿维鲁斯被EGD得女枪打爆了，EGD拿出维鲁斯RNG拿女枪又被打爆了，个人认为RNG以前小狗在RNG还知道做什么，就是上路抗压，中路打野保护这下路打，现在小狗不在RNG已经不知道怎么打了开始迷茫了，每个队都需要一个队魂在队伍劣势时候或者在指挥得时候需要果断，现在RNG真的问题很大指挥问题BT问题。对线打不过，中路小虎各种谜之下饭，下路AD各种被压，狼行开团跟队伍脱节，中路小虎加里奥各种空大，或者不开大，下饭吃饱了，不知道各位怎么看呢？#2020lpl#恭喜EGD3：1带走RNG一年更比一年差L电竞圈狗哥的微博视频,04/23
rng#RNG永不言弃#很抱歉在刚刚结束的比赛中，我们以1比3的成绩惜败于EDG战队，提前结束了我们的春季赛旅程。 比赛结束后，我们不再重返基地，就地解散。不再反思春季赛中存在的诸多不足，也不会从中总结经验与教训，继续藏着月开思绪，永不上场。自此RNG电子俱乐部英雄联盟分部解散，人生有梦，各自精彩。最后感谢粉丝们在棺材里一直以来对RNG的陪伴以及赞助商@惠普精灵联盟 @东鹏特饮 @罗技G系列 @虎牙直播 @中信银行信用卡 @七彩虹科技 @AutoFull傲风电竞椅 和合作品牌@梅赛德斯-奔驰 的大力支持！,04/23
第一把大人头少一个#英雄联盟##2020LPL##EDG#第二把小时间多30秒这怎么可以这么恶心的剧本啊，胆王真吐了。反冲侠胆继续冲了，第二把算大收了，被多出的30秒恶心的不能再恶心了第二把跟了的绝对补回来了，第三把继续反冲！上上上高水串子上RNG！别再拿千珏了，反冲一手RNG一定上上上！,04/23
#鱼儿_roxanne#最近一直被屏蔽我的文章鱼儿都快委屈死了每天都写的文章阿。。。今天季后战两只战队状态成迷真的是让人只想吃瓜看戏04/23-LPL2020英雄联盟春季季后赛EDGvsRNG鱼儿说：全场地图小4.5其他每局的推荐欢迎加鱼儿危信询问【yurongsie】#rngedg##2020LPL#,04/23
【ES.Cryin荣获2020LPL春季常规赛击杀王，成JackeyLove后第二位新人击杀王】ES中单选手Cryin以204总击杀，5.5场均击杀荣获2020LPL春季常规赛击杀王，这也使他成为继2018春季赛JackeyLove后第二位新秀赛季获此荣誉的选手。尽管在昨日的比赛中ES1-3不敌WE，但未来仍可期！#2020LPL##上虎扑关注英雄联盟#,04/23
ESPN记者：金教练在带上单这方面一直有一手在昨天的LCK季后赛中，T1以3-1击败了DRX战队，比赛中上单选手Canna发挥出色，多次完成对位单杀。赛后ESPN记者Fionn更新了推特，称赞了T1教练金晶洙：CuveeKhanTheShyNuguriCanna金教练带出了很多世界级的上单选手，Canna的表现也让Doran感到很难堪你同意Fionn这次的观点么？#英雄联盟##2020lck#,04/23
"【反英雄联盟】游戏中，你所处的世界就如同狄更斯笔下徘徊在崩溃边缘的维多利亚时代小城，民不聊生，一片疮痍。作为窃贼公会的头目，你要不断培植街边混混儿，将其纳入你的势力范围，渗透到各座大楼,成为不可或缺的眼线。当然，一切的一切都是为了最终成功盗得那些精英、富人的财富。",04/23
拳王邹市明在线召唤“李白”，还大赞“稳”！是要和邓亚萍一起开黑吗？错啦！错啦！其实他是通过智能语音打开长安CS35PlUS空气净化系统和为长安CS35PLUS的乘坐感受点赞噢！由凤凰网与“小型SUV销量领跑者”长安CS35PLUS联合制作播出《中国体育英雄联盟》特辑，于4月23日全网上线，受访嘉宾拳王邹市明，不仅将在节目现场“拳释”冠军拳法的不传之秘，还与主持人邓亚萍展开一场一对一的现场教学！L时尚名车志的微博视频,04/23
【2020LPL春季赛季后赛每日TOP5：Jiumeng韦鲁斯疯狂输出斩获五杀】TOP1：@WE_Jiumeng：韦鲁斯疯狂输出斩获五杀TOP2：@ESTARXiaobai：奥恩刀枪不入强势进场一撞四TOP3：@WEmissing：泰坦致命控制一钩制胜TOP4：@WEbeishang：巨魔寒霜之咬连斩两人完美节奏TOP5：@ESTARXiaobai：奥恩一马当先暴力头槌cr.英雄联盟赛事英雄联盟#2020LPL#L乐玩电竞Lewan的微博视频,04/23
Lwx排到TheShy：这把我是Shy哥的狗，直接开冲Lwx：卧槽排到Shy哥了，兄弟们，我是Shy哥的狗这把！小兲：真的是TheShy，你直接打字说你是Lwx，跟他说我想加你好友Lwx：直接开冲这把！小兲：哇！翔哥他知道Lwx是谁，Shy哥知道Lwx是谁，卧槽！Lwx：那不知道也太抽象了吧，我已经说了这把我是Shy哥的狗！老打野了，上把刚C了一把！Doinb：Lwx排到Shy哥了吗？他排到了吗？小兲：别演Shy哥答应我！别上头条好吗？Lwx：卧槽秒了，出事了兄弟们！没事，在对面我也是Shy哥的狗！fpx#英雄联盟#L最爱游戏菌的微博视频,04/23
电竞三月全球游戏营收统计：英雄联盟下降至PC端第二，如果皮肤再出多一点...据Superdata统计：英雄联盟的全球收入跌至PC端第二位，而DNF则超越英雄联盟上升至第一PC端游戏收入前十非别为：DNF、英雄联盟、穿越火线、梦幻西游OL2、毁灭战士：永恒、反恐精英：全球攻势、无主之地3、半衰期：爱莉克斯、魔兽世界、坦克世界。#英雄联盟##LOL#,04/23
春季赛季后赛D1每日TOP5：Jiumeng韦鲁斯疯狂输出斩获五杀TOP1：@WE_Jiumeng：韦鲁斯疯狂输出斩获五杀TOP2：@ESTARXiaobai：奥恩刀枪不入强势进场一撞四TOP3：@WEmissing：泰坦致命控制一钩制胜TOP4：@WEbeishang：巨魔寒霜之咬连斩两人完美节奏TOP5：@ESTARXiaobai：奥恩一马当先暴力头槌英雄联盟#2020LPL##英雄联盟#L尚牛电竞的微博视频,04/23
【主机也要玩MOBA《神之浩劫》登陆Xbox】MOBA类游戏是近年来PC上新流行的游戏类型，《英雄联盟》和《DotA2》等游戏在国内乃至全世界都有广泛的用户。在刚刚结束的科隆游戏展微软发布会上，MOBA类游戏《SMITE》宣布将登陆XboxOne，成为次世代主机上首个公布的这一类型的游戏。,04/23
#掌游资讯#根据SuperData数据显示，三月全球游戏收入榜如下：PC前三：《地下城与勇士》、《英雄联盟》、《穿越火线》主机前三：《集合啦！动物森友会》、《FIFA20》、《美职棒大联盟20》移动端前三：《王者荣耀》、《梦幻花园》、《糖果粉碎传奇》值得一提的是，《集合啦！动物森友会》一共卖出超过500万份数字版游戏，成为史上单月主机数字版销量最多的游戏！,04/23
电竞#凯恩电竞#【TES369赛后采访】猴哥赛后采访问的这两个问题大家觉得在第几层？第一个问题：你TP会和队友沟通吗？369一脸问号：会啊第二个问题：你几次绕后的眼是knight插的吗？369：？最后还是要恭喜TES战胜WE，进入季后赛四强，他们将在下一场对阵iG！英雄联盟#teswe#,04/24
teamwe那波大龙真的不该rush的，虽然真的很生气，也挺自闭的。但是，真的很感谢这个赛季的3.0小朋友们，对于我而言你们都是比我小的弟弟了。我一直以为双c走了，我也就走了，可是我发现我最关注的还是we，从第一次玩英雄联盟就关注的we。你们这个赛季已经很棒了，虽然难受，但是你们真的超出预期了。夏季赛我们从头再来我永远相信we，也谢谢we,04/24
英雄联盟2020LPL春季赛#TESWE#第三局各位看官怎么看这场比赛呢队员英雄选择TESWE369.奥恩Missing.宝石骑士Karsa.盲僧Jiumeng.卡丽丝塔knight.辛德拉Teacherma.兰博JackeyLove.维鲁斯beishang.奥拉夫yuyanjia.布隆Morgan.鳄鱼#上快手看LPL#,04/24
【里程碑】TES.JackeyLove迎来自己LPL第200次出场北京时间4月24日，伴随TES与WE的春季季后赛六进四对决来到第三局，TES战队ADC选手JackeyLove将正式迎来他在LPL出场的第200小局比赛。在本局比赛之前，JackeyLove已在LPL赢下140局比赛，胜率高达70.35%，是目前LPL所有现役登场ADC选手当中的胜率“领跑者”。在如今的LPL，一位职业选手平均的LPL生涯大约在2.5年，而从他2018年1月的第一次出场，至今为止也有两年有余。这是JackeyLove第三年的LPL生涯，而他也改换了门庭重新出发。当曾经的“新人”已不再是“新人”，对于现在的滔搏来说，JackeyLove就是让他们争锋雄起的最有力强心剂。#英雄联盟##2020LPL#TOP_ESPORTS,04/24
"LOL#英雄联盟周边##fpx冠军皮肤#【里程碑福利再度解锁！】FPX冠军迷你手办套装预售活动全渠道分享助力已超100,000人次，召唤师们的热情再次点燃了里程碑，现第二阶段福利也随即解锁！这意味着，每一位预购了#fpx冠军手办#召唤师，除了可以获得专属的FPX冠军周边图标与随机皮肤宝箱外，均可免费额外获得FPX选手卡卡包与FPX冠军皮肤鼠标垫各一份！里程碑仍有最终福利等待着召唤师们解锁！还没下单的召唤师记得下单嗷~~进入活动页面给大伙分享，一同享受福利吧~最终阶段：200,000人次，开通【限定】FPX冠军专属键帽，仅在预售阶段售卖！",04/24
当妮说你的微博怎么全是英雄联盟，于是我克制了自己点赞关于LOL的手，当妮儿说你多发些微博，我想看。于是我昨天到今天一直在发微博，但妮儿没有点赞也没有评论，妮儿是没看微博吗？结论是：妮儿觉得你的微博朋友圈没有她！你知道我写不出什么华丽的句子，我叫你妮儿的时候是最温柔的时候了（看到这条的朋友肯定要吐槽我了）。妮儿我想你～@是梦乜,04/24
英雄联盟：ES从冠军杀手到季后赛1轮游，PDD判断还是靠谱的从冠军杀手到季后赛1轮游，PDD法拉利不用送了LPL又现伪强队，从冠军杀手到季后赛1轮游，PDD法拉利不用送了。坦率地说eStar这支战队从一开始，就带给LPL粉丝们全新的感觉。原来新军还可以这么玩，原来新军还可以打得S8和S9两支冠军战队，毫无还手之力。甚至身为ES老板的PDD，在直播中都开玩笑的表示，要是ES能夺冠，他就把他的法拉利给抽了。虽然明知这是一个善意直播效果，但也看得出来，PDD作为...O网页链接,04/24
"【免费公开课】JohnPark+JoonAhn，5月3日周日下午1点开始，不见不散！JohnPark老师将为大家做一些日常练习的示范与讲解，并回答大家在学习中遇到的问题！JoonAhn老师则将为大家分享他在英雄联盟的设计工作中积累的宝贵经验！B站关注OneMarkCG,或者加入我们的QQ讨论群720091280，以免错过这次干货满满的直播~5月3日B站见！",04/24
24～26日的三场直播，24上网课，26还是上网课好烦安利一个作者，名字“乱”（粉丝觉得一个字的笔名太尬了，就叫“乱胖”，“乱叔”...），“鱼的天空”是他的小号（早期作品都用的这个笔名）代表作有《全职法师》（大魔王莫凡～反正好看就对了）、《宠魅》（书名不娘！不娘！不娘！正在追，炒鸡好看，就是结局有点悲）、《牧龙师》还在连载中、《英雄联盟之与谁争锋》（凭借这一作品的巨大人气一书成名，成为2013年创世中文网的最佳新人。超优秀！！）彩虹屁：乱那是玉树临风，风流倜傥，英俊潇洒，文采奕奕，才华横溢，才高八斗，博学多才....（编不下去了省略号后的自行想象）,04/24
在4月24日17：00，迎来了2020年英雄联盟职业联赛(LPL)春季赛季后赛的第三个比赛日，当天的比赛是WE对阵TES。TES是LPL春季赛常规赛排名第四的队伍，自从JackeyLove加入队伍后，完全体阵容势不可挡。WE则是从季后赛第一轮赛事中脱颖而出，大换血后的全新三代WE阵容，在最近比赛中默契十足。#LPL外围#O网页链接,04/24
75清晨，我在海陵岛乡村的道路上晨练。......突然被附近民居里飘出的炊烟所陶醉，多么亲切的炊烟啊！O绿洲多年不见了五大联赛，欧冠，西甲，意甲，法甲，德甲，中超，英超，电竞，王者荣耀，英雄联盟，LOL，#2020LPL#，KPL，LCK，DOTA2，CSGO，韩K联赛，韩K联，英冠，澳超，欧联杯，欧洲杯，NBA，CBA，千亿体育，法国杯，霍华德，詹姆斯，戴维斯，水花兄弟，库里，哈登，湖人总冠军，足球，篮球它缥缈如云，朦胧似梦，此刻，它让我不知自己身在何处何时，恍惚又回到了故乡，回到了童年……,04/24
【4月24日不停机云顶之弈更新公告】我们将于4月24日12:00进行不停机更新，以调整云顶之弈的平衡性。云顶之弈平衡性改动【暗星】额外攻击力和法术强度：25/35/45⇒25/30/35萨科攻击力：50⇒70萨科初始/最大法力值：0/60⇒30/80萨科技能强度：300/325/350%⇒200/225/250%辛德拉最大法力值：50⇒65高玩点评：1、暗星羁绊强度小削弱，小丑基础攻击力大加强，但技能伤害大削弱，输出能力大砍。最大蓝量提升到80，释放第一个R快，但持续放R变慢，容易被击杀，吸血吸不上来。故6暗星阵容可以放弃小丑，装备养烬：轻语，饮血，春哥。也更好打剑圣和赵信，故强度不弱，依然可以玩。2、因小丑大削弱，机甲刺强度变弱。故被刺客克的虚空斗法提升，如没同行依然可以玩。3、辛德拉最大蓝量提升到65，放R基本要慢2秒，故女团强度较大削弱。如有2家女团，可能都会出局。女团对暗星，斗枪，赌剑都不好打。BUG修复·修复了在带着【自然之力】的凯隐生成时的所有BUG。·修复了一个BUG，该BUG曾导致：泽拉斯可以在【守护天使】的复活期间施放他的技能。英雄联盟#英雄联盟#,04/24
TES刚好今天有比赛便网友曝出JackeyLove加入TES的瓜？？？来TES真就唯一的选择了？？？首先说明这个瓜不保熟，反正我是看呆了！需要知道的是关于“意向合同”这个问题当初很多人都有曝！还有TES这个“拯救大兵杰克爱”的群就有点奇怪，“拯救”也可以有多种理解！最后希望阿水和TES不要受到外界因素干扰，今天比赛加油！（图源：虎扑）jackeylove#英雄联盟#,04/24
【韩国“最美电竞女主持”赛场美照紧身超短裙不惧走光】自从主持了《英雄联盟》S4世界总决赛，韩国美女主持赵银郑就一直备受广大宅男们的关注，更是被誉为最美电竞女主持。日前，这位OGN美女主持也是活跃在各大《LOL》赛场上，标志性的笑容加上火辣的紧身超短裙，女神魅力尽显，一起来看看吧！,04/24
Letme谈RNG不敌EDG：只要RNG夏季赛能进世界赛，就还有机会夺冠RNG输了比赛之后，letme表示：这也不能说是惜败吧，RNG已经做到了他们能做到的一切了，大家等待夏季赛吧，夏季赛冲刺一下还有希望的。这只是春季赛，春季赛失利的话夏季赛还有机会，世界赛失利这一年的努力就白费了，所以春季赛失利还好，只要夏季赛能够以第三名的身份进入世界赛，就有机会能夺冠。这番话也遭到了很多弹幕的嘲讽，很多人表示就这还想着夺冠呢？你怎么看？#2020LPL#英雄联盟,04/24
【EHOME彻底解散？经理71称退出电竞圈】自从国士无双称无法联系俱乐部，并且萌生退役打算后，我们已经很长时间没有听到EHOME的消息，而俱乐部经理71也逐渐淡出了众人的视野。近日71在微博上更新了一篇耐人寻味的博文，称自己已经90%退出电竞圈，这次EHOME真的是一波彻底GG的节奏吗？#英雄联盟#,04/25
#英雄联盟#TES赛后群访JackeyLove：希望iG的兄弟轻点捶我，让我少死几次在今天的LPL季后赛中，TES以3：1的成绩击败了WE，赛后TES队员接受了群访。Q：下一轮就对iG了，要不要对老队友们放个话？要打他们现在是什么感觉？JackeyLove：怎么说呢，就希望iG的兄弟捶我的时候轻一点，让我少死几次，要不容易出问题。Q：TheShy之前说你喜欢他，下一场对iG会不会变身粉丝狂抓上，证明一下自己的喜欢？Karsa：会多关照一下Shy哥吧。Q：为什么每局都出杀人书？knight：因为太顺了嘛，钱刚够，也不知道出什么，就顺便出一个。Q：后天要对阵TheShy，有没有什么想对Shy哥说的？369：对Shy哥没啥说的，我说他应该听不懂吧（笑）。Q：请问为什么一直选择穿甲流韦鲁斯呢？JackeyLove：就单纯觉得穿甲流韦鲁斯对线的话比较厉害。Q：拿到了在TES的季后赛首胜，晋级四强心情如何？你觉得现在和队友们磨合的怎么样？JackeyLove：刚来打到季后赛，能进四强还是比较开心的吧。跟队友的配合现在来说，暂时还是还不错，但是还有很大的提升空间。Q：今天达到了LPL的200局，听到这个数据有没有什么感慨？对于之后更多的比赛，有怎样的期待？JackeyLove：200局的话就觉得，好像确实打得也有点久。后面的话就希望后面还是赢的比输的多。,04/25
#英雄联盟#在直播的时候有弹幕询问EDG的比赛为什么不上Clearlove（什么，主教练换下了西装正在热身？！）明凯解释了自己的原因。以下为原话内容。以后吧，以后如果我的Rank打上去了，状态回来了，可能有机会吧。比起教练肯定更想当选手啊，只是现实是残酷的，主要是现在年轻的打野选手太顶了，我现在做了教练也没太多机会Rank了，有时候一天两三把有时候一把都打不了。,04/25
2020全球总决赛再度来到中国，决赛城市落地中国上海，上海副市长宗明代表上海市政府发表致辞：“全球英雄联盟选手和召唤师们，我代表上海市政府，04FSWxC25，烈欢迎第十届英雄联盟全球总决赛正式落户上海，让我们2020相约上海，共同感受电竞激情，一起为电竞加油，SeeyouinShanghai！”2020全球总决赛，将是...全文,04/25
【赛后群访】Q：怎么评价自己卡牌今天的表现？跟其他人的卡牌相比有什么不同？@doinb金咕咕：卡牌今天表现是满分吧。因为前几天我排位卡牌都是蓝牌大师、红牌大师，今天全都是黄牌。给自己满分吧。Q：对于今天拿到五杀这件事有什么想说的吗？第二局五杀那波，队内有没有沟通交流说给你留五杀？@doinb金咕咕：我只能说LWX才是好兄弟，其他人都是表面兄弟。因为那时候只有LWX一个人说给五杀，其他人都没有反应，没有说什么。然后那时候我都不知道我是五杀。只有LWX知道，就一个LWX发现的。#斗鱼全程直播2020LPL#英雄联盟L靠谱电竞的微博视频,04/25
【云顶之弈10.9：增添新的星系亚索和未来战士重做】近日，云顶之弈官方推特上放出了关于云顶之弈10.9版本的消息：第一是加强的羁绊和英雄棋子，羁绊包括重装战士，英雄棋子包括安妮、剑姬、船长、石头人、兰博、龙王、卡牌和吉格斯第二是要削弱的羁绊和英雄，羁绊包括剑士、强袭枪手、星神、源计划、银河魔装机神、奥德赛、法师、星之守护者、女武神，英雄棋子包括日女和琴女第三是要调整的羁绊和英雄，羁绊包括斗士、刺客、圣盾使，英雄棋子包括男枪和洛第四是重做的羁绊和英雄，羁绊是未来战士，英雄棋子是亚索第五是新的内容，即treasuretrovegalaxy（宝藏星系）、starclustergalaxy（星团星系）cr.TFT#英雄联盟#云顶之弈,04/25
官宣：取消2020年季中冠军赛英雄联盟赛事粉丝们，在这个艰难而迷茫的时刻，我希望你们和你们的家人一切都好。COVID-19新型冠状病毒给全世界带来了巨大的挑战。国际旅行限制和全球各区域的强制措施每天都在变化。但不管是何种评估都表明，本次疫情都会对今夏的大型群体聚集活动产生巨大的影响。过去几个月中，全球英雄联盟电竞赛事团队一直在努力对这些变化做出响应，我们的各赛区联赛均已成功的转变成线上赛的形式进行，并尽可能的来保障我们的下一项大型国际赛事季中冠军赛的顺利举办。其中的一项工作就是我们决定将季中冠军赛从五月推迟到七月，以期待在届时危机能够得到缓解，出行限制也可放开，从而让我们举办一届出色的季中冠军赛。然而，根据外部风险专家的分析模型表明，在目前季中冠军赛的原定日期（7月3日至7月19日）前，新冠冠状病毒在全球的传播和影响大幅降低的可能性微乎其微，针对危机作出的出行限制和公共集会限制全面解除的可能性同样微乎其微。在这一模型下，根据卫生部门、各地政府、各个赛区和战队、出行专家等的建议下，我们做出了一个艰难的决定：取消2020年季中冠军赛的举行。我们相信，为了保证选手、战队、工作人员、合作伙伴、媒体和粉丝的健康和安全，这是一个非常必要的决定。季中冠军赛作为让全球英雄联盟粉丝齐聚一堂的全球性赛事，今年以任何其它形式举办的季中冠军赛，都无法满足我们的标准。令人欣慰的是，我们的12个赛区联赛还在持续运营、坚持创新。我们的游戏和电竞赛事是数百上千万玩家和粉丝每天重要的娱乐来源，我们会继续努力坚持下去。随着我们做出这一决定，各赛区联赛将继续原定的夏季赛的日程安排，而无需被七月持续数周的国际赛事打断。我们会全力支持我们各赛区每周的联赛，而各赛区战队现在不仅要为夏季赛的夺冠而战，同时还要争取2020年英雄联盟全球总决赛的入围资格。同时，拳头游戏内部各个团队还在紧密合作，对各种潜在的季中冠军赛的替代方案进行评估。我们希望在接下来的几周内能够制订足够成熟的计划，与大家分享。在做出这一决定的同时，也让我们有了机会把全球电竞赛事团队和资源集中到2020年全球总决赛的筹划上。我们将尽全力在中国举办一次前所未有的盛大赛事，庆祝这项运动迎来它的10周年纪念。尽管在制定计划时仍需保持谨慎，但我们迫切地希望通过一场令人难忘的2020全球总决赛，来充分展现我们对于英雄联盟的全部热爱。今天，我们还将公布全球总决赛24个入围名额在各个赛区中的分配情况，这一分配结果是基于各大赛区以往的比赛成绩。而随后，我们还将分享全球总决赛的更多信息，包括种子队伍的分组情况等等。感谢你们在这样一个特殊时期的不断支持和理解。我们始终将选手、粉丝以及所有赛事参与者的健康与安全放在第一位。电竞赛事在这样的危机中仍能坚持运转，令我们倍感欣慰。期待未来的每一周，每一月，每一年都能和大家在召唤师峡谷相会。,04/25
我们能从游戏中学到什么？1、英雄联盟：你一个人靠谱能做的很好，但一群人靠谱才能走的更远2、阴阳师：你永远不知道运气什么时候会砸向你3、魔兽世界：能陪你走过十二年的，不止朋友，还有艾泽拉斯4、贪吃蛇大作战：长大的我们渐渐失去了横冲直撞的勇气5、纪念碑谷：面对困难多转几个弯，总会遇见柳暗花明6、守望先锋：生活中并不缺少美，只是确实发现美的眼睛，热火朝天的战场中也有靓丽的风景7、愤怒的小鸟：失败时总有一群猪在嘲笑你，而他们不知道有再来一次8、俄罗斯方块：犯下的错误会积累，而成功会消失9、王者荣耀:削宫本10，DNF：氪金使你强大,04/25
【阿水表哥更博：向Jackeylove及粉丝致歉，阿水春季赛无法上场的原因与iG无关】在昨日王思聪开团手撕阿水表哥的NT操作后，刚刚阿水表哥再次更博向阿水及全体粉丝道歉，内容如下：在转会期第二天“我们”和“某俱乐部”签下了一份非常笼统的意向书，签意向那天凌晨三四点喊阿水来签字，过了两天签主合同的时候阿水发现条款太离谱后被吓到不敢签约。后来立刻告知该俱乐部这样的合同“我们”没法签，整个过程没有任何违反联盟规定和法律规定的违约操作，也不存在任何耽误任何队伍的说法。最后阿水为了能上场比赛，自己承担损失解决了这个问题，然后才继续找队最后完成了和滔搏的签约。#王思聪阿水表哥##Jackeylove#英雄联盟,04/25
【10.8版本五大最强中单：加里奥、佐伊、卡萨丁、蛇女和泰隆】这份榜单中的最强中单英雄会受到多方面的影响。有时版本会莫名其妙地变化，但通常其背后都有平衡改动的原因。想要一直使用一位长期强势的英雄是十分困难的，所以让我们来为你化繁为简吧。来源：DotEsports翻译：克鲁克山是皮蛋#上虎扑关注英雄联盟#O[翻译团]10.8版本五大最强中单：加里奥、佐伊、卡萨丁、蛇女和泰隆,04/25
【为让玩家更好地准备冠军杯赛，拳头将移除灵活组排的段位限制】“从冠军杯赛发布开始，我们发现更多玩家在灵活组排中进行五人组排了，”Meddler表示，“为了让灵活组排变得更为有用，我们将会移除灵活组排的段位限制，让队伍更容易一起玩。”为了补偿可能导致的段位差距过大情况，拳头表示整个队伍的隐藏分将会倾向于段位最高的玩家。这可以一定程度上避免高段位玩家通过和低段位玩家一起游戏来滥用该系统。冠军杯赛也是如此，任何段位的玩家都可以一起游戏。但队伍整体段位将会倾向于段位最高的玩家。来源：DotEsports#上虎扑关注英雄联盟#,04/25
【别闹了拳头】英雄联盟制作负责人Safelocked分享了关于游戏现状、排位赛、英雄、事件、游戏模式、皮肤等等方面的新消息。#LOL皮肤#0:00-引言0:36-游戏的现状1:44-排位赛与冠军杯赛2:38-英雄3:38-事件和游戏模式4:37-皮肤5:27-《云顶之弈》英雄联盟L尚牛电竞的微博视频,04/25
#电竞#2020全球总决赛名额变动：LPL和LEC赛区将有4支种子队伍参赛由于近期疫情在全世界范围内的影响，拳头决定增加LPL和LEC赛区在世界赛的种子名额，具体内容如下。在2020全球总决赛开始之前，我们将对各个赛区战队的参赛名额分配进行调整。以往英雄联盟季中冠军赛对全球总决赛的参赛名额分配有着多方面的影响，包括哪个赛区的1号种子队会进入1号种子池以及可得到额外名额的单参赛名额赛区。由于今年季中冠军赛的取消，以及LMS赛区和LST赛区的合并，今年，我们将对各赛区战队的全球总决赛参赛资格进行一些调整。LPL赛区和LEC赛区（欧洲赛区）过去两年的战绩分列第一和第二名，因此这两个赛区都将有四支战队获得全球总决赛参赛名额。此外，在所有全球总决赛单参赛名额赛区中，VCS赛区（越南赛区）在国际赛事中表现最为出色，因此我们将为其分配第2个参赛名额。VCS赛区在过去两年凭借季中冠军赛的表现均获得了额外赛区参赛名额。2020全球总决赛的赛区参赛名额分布如下：●LPL赛区、LEC赛区（欧洲赛区）：各4支战队●LCK赛区（韩国赛区）、LCS赛区（北美赛区）：各3支战队●PCS赛区（东南亚赛区）、VCS（越南赛区）：各2支战队●CBLOL（巴西赛区）、TCL（土耳其赛区）、LJL（日本赛区）、LLA（拉丁美洲赛区）、OPL（大洋洲赛区）、LCL（独联体赛区）：各1支战队更多关于2020年全球总决赛的信息，包括所有参赛种子队伍的小组分布情况，小禾将在赛前择期公布。,04/25
【2020LPL春季赛季后赛每日TOP5：JackeyLove韦鲁斯一箭穿云逆风翻盘】TOP1：@JackeyLoveasdzz：韦鲁斯一箭穿云逆风翻盘TOP2：TES.Karsa：盲僧伺机而动回旋踢瞄准C位TOP3：WE.Teacherma：奥瑞利安龙回头极限反杀TOP4：@滔搏-knight：辛德拉操控法球毁灭伤害TOP5：WE.Teacherma：辛德拉弱者退散接连捕捉战机cr.英雄联盟赛事英雄联盟#2020LPL#L乐玩电竞Lewan的微博视频,04/25
2019年IG不顺，阿水合同到期成自由身，年轻有实力，像相亲市场上的女神，IG沦为备胎选项。阿水经纪人表哥，贪财吸血不专业，想太多，手握香饽饽，想坐地起价大捞一笔。RNG的澡子哥可能退役，俱乐部想入手阿水，有利可图的表哥忽悠阿水稀里糊涂签了意向合同。澡子哥没退役续约了，意味着阿水只能替补。再加上RNG引援不顺，走了大腿卡萨，阿水不愿去RNG了。表哥在几个俱乐部之间坐地起价，由于要价太高，sn们觉得肉疼接受不了。王校长亲自出马想和阿水续约，女神阿水眼见年龄越来越大，看备胎前男友IG条件也可以，准备续约。一纸合同摔到王校长面前，女神阿水和相亲对象RNG短暂订过亲，IG想领证得给RNG赔偿金……给女神的彩礼另算……等于迎娶女神要给双份彩礼＋窝囊气，王校长是接受不了的，火速拿蕉太狼换了实惠过日子的南孚。女神阿水又剩下了，眼到春季赛打了一半，土豪tes家的p小将太坑，花了双份彩礼迎娶女神入门。大结局。#英雄联盟##王思聪阿水表哥#,04/25
邓瑞龙说真的很希望这个时候有能联系到小龙的人能开导开导这个犟孩子，是非对错，若不及时纠正，还有在未来的人生路上有更大的挫折。想到了曾经LOL的北美职业联赛第一adc死亡宣告，也是因为自己脾气暴躁，砸了训练室的电脑，被英雄联盟全球禁赛，这么多教训摆在这里，邓瑞龙你千万不能一条道走到黑。,04/26
"#英雄联盟#阿水转会事件后续：阿水凌晨签字并未细看在昨天，阿水表哥发博称是因为自己的操作而影响到阿水上场，而在今天阿水表哥再次发博，声明签订意向书并不是阿水的责任，也不是IG的锅。关于昨天的微博.我只是想为我的nt操作道歉承担责任.阿水春季赛无法上场的原因和ig无关.但对于有些黑粉拿换队的事抹黑阿水我忍不了了.在转会期第二天我们和某俱乐部签下了一份非常笼统的意向书.签意向那天是我nt凌晨3,4点喊的阿水来签字.过了两天签主合同的时候阿水发现条款太离谱后他就被吓到不敢签了.别说他不敢签了我觉得tm这么扯淡的合同是个正常人都不敢签.当时我们就立刻告知该俱乐部这样的合同我们没法签.不存在任何耽误任何队伍的说法.从头到尾我们没有任何违反联盟规定和法律规定的违约操作.但因为这份意向书导致了阿水很难签约队伍.最后阿水为了能上场比赛.自己承担损失解决了这个问题.然后才继续找队最后完成了和滔搏的签约.对于因为我的nt操作让阿水签下的意向书给阿水带来的损失.我感到非常愧疚自责才发的昨天的言论.真的非常抱歉.我们nt.经过这件事情我们也付出了代价吸取了教训专业的事情还是要找专业的人来做.再次真诚的给阿水和阿水的粉丝道歉.",04/26
iG电子竞技俱乐部一个个都干嘛了，振作一点，想当年es暴打了我们，结果研究透了也就那样，等tes再打几把研究透了也就那样，打tes就打中野按住完事，既然冰皇能这么折磨ig的野辅，等他要离开tes了，那些水鬼迟早爆破tes辅助加打野，慌个啥。对于igshy哥真的好好反思一下，也该拿拿版本强势的，教练的身份应该强势一点，感觉全靠个人能力，英雄联盟是一个团队游戏，总是选一些逆版本的英雄就离谱，教练能不能去设计一下，比如开野路线，中野联合游走，以及在什么时候干啥，我记得金教练不就教rookie变得团队化打法。小乐言，也是拉夸，感觉被打懵了，就不知道该干什么，ig沟通上应该有个总指挥，不能等谁浪死了，屏幕黑白了，再决定是撤还是继续打，今天打tes是真的可惜，第一把浪，第二把被抓崩了，第三把还好，第四把就凯南败笔，打野辅助那一波迷路葬送了之前的好局，ig很少选那种打团的，就是缺少开团，以前还有洛开团，牛头（版本也是弱势），现在就很被动，选个莫甘娜就是摸奖了，选个上路奥恩中路发条，辅助来个控制，打野选个强势的，不断滚节奏不好吗，非要选个考验选手极限的英雄，非要走钢丝，选手再厉害，操作也是有极限的，真的希望能改正，这是一个团队游戏，感觉ig短板已经很明显了，就是联动少，就打你前期把你按住，就没有抵抗能力，有控制的阵容就是王道啊，希望ig夏季赛继续加油吧,04/26
我要给朱文静笑死了我在看lplIG打Tes然后我老婆突然也打开了直播我好感动老婆是不是要陪我一起看比赛了然后她说:这个是在禁老夫子么为什么要禁老夫子呀我:……老婆我们看的可能不是一个比赛朱文静:怎么可能我可是直接打字找的呢肯定是我:…………老婆我看的是英雄联盟你看的是王者荣耀一个是电脑游戏一个是手机游戏不太一样呢然后朱文静:那就是你看错了我不管就是这个我哭笑不得😂好好好宝贝我们就看这个然后我也打开了王者荣耀一起看了毕竟我的宝贝只会打王者又不玩英雄联盟陪我一起看我已经很开心了😄还有一个很绝的朱文静打开的王者荣耀比赛也不是直播是打完之后的回放她还是不承认哈哈哈哈哈哈朱文静怎么这么可爱好喜欢,04/26
我与LGD战斗到底S10英雄联盟全球总决赛赛区名额公布，LPLLEC各四只队伍。单单从LPL来说，这将会让夏季赛的引援变得更加动荡激烈。因为多出一个S赛名额，况且又是家门口的赛事。各家俱乐部一定会为了多出的一份希望卯足了劲。上游队伍一定会更加的查漏补缺，中游队伍则会拼命补强短板而下游队伍，说不定就会是一次大换血。也许我们会在春季赛结束之后的转会期，看到各种各样的魔幻转会，和各式各样让人惊讶连连的夏季赛大名单！然后关于将四强变成LPL内战的想法，很美好，也很实在。因为S7在鸟巢举行的LCK秋季总决赛，成了太多LPL粉丝当年的意难平。如今重来一次，谁不想上海体育场响彻LPL粉丝发自内心的呐喊但是，但是，但是回望S2到S9，希望越大，失望越大的例子不用我举了。反倒是S8的IG，S9的FPX，这两支队伍在S10开赛之前却并不被看好，最后逆转夺冠。我并不是看衰LPL，只是希望我们不要重蹈曾几何时梦想一片大好，最后摔得惨痛的覆辙。机会越大，希望越大，失望也越大LPL加油夺下三连冠。#2020lpl#,04/26
#小唐杂谈#我姐居然问我动森里面可不可以结婚，让我想起了我之前问别人英雄联盟里的英雄能不能一起结婚一样，我想我们都被一款叫模拟人生的游戏同化了，问完游戏好不好玩的第二句就是问里面的人能不能一起结婚。说到游戏结婚，还让我想起了初中还是小学玩QQ飞车系统送了我一个戒指，有个男的找我求婚最后把我戒指骗到手后反手就把号给卖了，那也是我第一次开始认真地思考两性问题...,04/26
"关于昨天的微博.我只是想为我的nt操作道歉承担责任.阿水春季赛无法上场的原因和ig无关但对于有些黑粉拿换队的事抹黑阿水我忍不了了.在转会期第二天我们和某俱乐部签下了一份非常笼统的意向书.签意向那天是我nt凌晨3,4点喊的阿水来签字.过了两天签主合同的时候阿水发现条款太离谱后他就被吓到不敢签了别说他不敢签了我觉得tm这么扯淡的合同是个正常人都不敢签.当时我们就立刻告知该俱乐部这样的合同我们没法签.不存在任何耽误任何队伍的说法从头到尾我们没有任何违反联盟规定和法律规定的违约操作.但因为这份意向书导致了阿水很难签约队伍.最后阿水为了能上场比赛.自己承担损失解决了这个问题然后才继续找队最后完成了和滔搏的签约.对于因为我的nt操作让阿水签下的意向书给阿水带来的损失.我感到非常愧疚自责才发的昨天的言论.真的非常抱歉我们nt.经过这件事情我们也付出了代价吸取了教训专业的事情还是要找专业的人来做.再次真诚的给阿水和阿水的粉丝道歉.英雄联盟：JKL表哥——主合同太离谱JKL当时就拒绝了，没耽误队伍",04/26
【英雄麦克疯：挺进四强】@Wink0v0：没法帮，走走走@ESTARXiaobai：你把我弹下去了，兄弟@Cryin00：我傻了，没看那个@ESTAR小威OwO：尴尬@WEbeishang：这盲僧没W的，开盲僧WE.Teacherma：保我们AD@WE_Morgan：你们来下吧@WE_Jiumeng：可以一波，我拆塔贼快@WEmissing：拆拆拆，奈斯EDG.Scout:打团都很乱，我们冷静一点EDG.JunJia：不要想杀人@Meiko田野：我有治疗，可以操作吗？EDG.Hope：这都没死EDG.Aodi：我撞起来了@滔搏-knight：感觉很好赢@JackeyLoveasdzz：靠你了这把@Aseer：这框住直接死啊，十个灯笼救不了TES.Karsa:没事慢慢来@滔搏-369：献祭了，来来来@doinb金咕咕：我就选个瑞兹应该能发育起来@lqscrisp：好，你一个打五个@翔翔QAQ：五杀五杀，给他@FPXTian9：嘴巴一张就要输了@FPXGimGoon：打我的儿子cr.英雄联盟赛事L极电竞的微博视频,04/26
【《魔兽世界》上季度流失60万玩家】动视暴雪发布的最新数据显示，上一季度《魔兽世界》的玩家人数下降60万，从此前一个季度的830万降至770万。《魔兽世界》玩家人数的下降主要是由于中国市场，一些免费且具有竞争力的游戏，例如《英雄联盟》正快速发展。#指环王男主上岛卖大头菜#,04/26
【欧美熟女COS《英雄联盟》阿狸细长腿、妩媚眼超强诱惑】《英雄联盟》里面的阿狸人气太高，引来各国美女玩家纷纷COS该角色。现在就让我们感受一下欧美玩家带来另一种风格的阿狸。这个国外的金发美女，相比亚洲风格的COS，可以说是有了更多成熟妩媚的气质、身材和皮肤也是完美。#迷惑行为大赏#,04/26
【转发+评论这条微博，抽2个人送出限量周边一份】《主播开饭啦》第二期：Doinb骇客solo父子局，洞主食神归位进化i12芯片@doinb金咕咕：昨天doinb赛场五杀，场下金咕咕硬核父子局？@dsm大司马解说：你反我野怪，是要付出代价的@胡凯利_洞主：战术沉默，故事肯定就不简单英雄联盟@英雄联盟L斗鱼游戏直播的微博视频,04/26
【火辣洋妞COS《英雄联盟》不祥之刃迷人电眼摄人心魄】英雄联盟》中的阿卡丽和卡特这两位女英雄是撸友们的最爱，两位刺客型妹子不仅身手矫捷、更重要的是身材好、颜值高，让宅男们爱不释手。今天小编为大家带来了两大刺客美女的精彩COS，如此美丽动人的妹子，宅男们还能安耐得住吗？#漫展#,04/26
【2020LPL春季赛季后赛每日TOP5：Doinb瑞兹掌控雷电极限五杀】TOP1：@doinb金咕咕：瑞兹掌控雷电极限五杀TOP2：@翔翔QAQ：韦鲁斯百步穿杨箭箭穿心TOP3：@FPXGimGoon：波比铁锤旋风精确制导TOP4：@Meiko田野：瑟提绕后抱摔势如破竹TOP5：@FPXGimGoon：波比圣锤守护改变战局以多打少cr.英雄联盟赛事英雄联盟#2020LPL#L乐玩电竞Lewan的微博视频,04/26
【春季赛季后赛D4每日TOP5：Doinb瑞兹掌控雷电极限五杀】TOP1：@doinb金咕咕：瑞兹掌控雷电极限五杀TOP2：@翔翔QAQ：韦鲁斯百步穿杨箭箭穿心TOP3：@FPXGimGoon：波比铁锤旋风精确制导TOP4：@Meiko田野：瑟提绕后抱摔势如破竹TOP5：@FPXGimGoon：波比圣锤守护改变战局以多打少cr.英雄联盟赛事L超凡电竞LOL的微博视频,04/26
LOL#电竞##英雄联盟#Letme参加节目，别人穿短袖上台，只有他一人穿着羽绒服瑟瑟发抖！这次他们被邀请来参加访谈节目也是很有趣，letme爆料了RNG很多有趣的事情，而这次大家关注的重点不是这个，大家关注的是他们两人上场的时候有很大的不同，我们看到别人穿短袖上台，只有letme一人穿着羽绒服展开全文c,04/26
fpx不知道怎么搞的有点看完比赛逛了超话特别想写点东西，就当跟喜欢小凤凰的粉丝分享下自己入坑全过程和一点心里的感受吧。我不玩儿游戏，接触到英雄联盟这个游戏是因为我头像这个我喜欢的小爱豆去八周年的庆典上表演了节目，然后顺便看了那天那场冒泡赛的比赛。那个时候我还不认识任何一个选手，现在回想起来也是缘分，那是我第一次看doinb的比赛，虽然已经不记得细节了。我没看过电竞比赛，但我从小是个体育迷，从三大球到冬季项目各种比赛没有我不看的，所以那一场冒泡赛那种热血和刺激的感觉，把我拉进了这个坑里，追完了整个s8幸运的见证了lpl第一个冠军。到这个时候，我依旧不知道有一支队伍叫fpx，也不了解lpl究竟是怎么一回事。再次看比赛已经是s9夏季赛了，一开始只是无聊在腾讯视频上找东西看随便翻到了，后来就每天都看直播，也不认识选手，不知道队伍，就跟着比赛慢慢认识英雄，符文，装备。慢慢的，才注意到有一支队伍叫fpx，不是因为成绩好，是因为他们的采访太有趣了。就这样被他们吸引，发现他们的比赛打的特别流畅，团队配合特别的好，发现doinb英雄池好像和别人不太一样总选一些没见过的英雄，再然后，一步一步跟着他们拿到常规赛第一名，夏季赛冠军，s9总冠军。在这个过程中，了解他们每个人的经历，了解五个正确的人如何化身为不死的凤凰。直到这个时候我觉得自己真的开始成为fpx的粉丝，我不知道这算不算冠军粉，他们也没给我机会让我去想“如果他们没有夺冠，我会不会成为粉丝”的可能。S10开始以后我开始跟玩儿游戏的朋友全方位的去了解lol这个游戏，讨论每一场比赛。年前两场失利感觉落差挺大的，不是因为输了，是fpx没打出s9给我的感觉，到后面一波9连胜，一切看着又好了起来，再到后面几场2-1，打的让人心惊肉跳的翻盘局，总觉得fpx今年的比赛打的怪怪的。前期控制力下降，优势滚不起来，后期经常输出不够伤害不足。和朋友讨论，我俩的结论是fpx是一个需要doinb去游走做事的队伍，但是在现在的版本里打野和下路的削弱又需要他后期接管比赛，如果拿前期阵容，就会造成后期伤害不足，如果拿后期阵容前期又没办法很好的做事，在寻找这个平衡的过程中就会看起来很奇怪。当然这只是我俩的结论。其实在赛程后期，我是不想看比赛的，我怕fpx输，不愿意接受fpx确实已经不是最强的队伍的事实。在这个时候我觉得我的心态其实就是个冠军粉吧，把自己架在那个高度上，放不下身段，也可能这就是拥有主队的烦恼。没有主队的时候，可以客观的看待所有队，给他们恰当的等级评价，拥有了主队，尤其是刚走上过巅峰的主队，总希望他们可以一直都是最好的。还好，我是个真正的体育粉，多看了几场jd和阿水加入tes的比赛就释然了，承认别的队伍目前要更好也没有那么难。竞技体育，从来没有绝对的胜负，更何况，lol一代版本一代神。心态放平了，就可以好好的看待今年的fpx了。季后赛前我给fpx的预期定位是就是第三，现在还差一场季军赛要打，虽然对手和预期有差别，但是结果无论如何都可以接受的，因为这就是目前我认为的fpx的实力等级。不知道后面还会经历什么样的版本变动，不知道夏季赛开始后又会走向何方，但是我相信曾经见过最低谷的人那颗想获胜的心！我相信现在的问题不是他们实力的问题，只是他们和现在版本的匹配程度的问题，而这只是个需要时间就一定可以解决的问题。我不知道未来如果fpx不是这几个人的fpx后我还会不会继续喜欢，但是现在我知道，我愿意看着他们一直往前走。,04/27
童谣又抓了块饼干塞进嘴里，暂时不知道怎么回复大概还在气头上的朋友，所以她干脆点开了电脑桌面上英雄联盟的游戏图标——界面都是韩文的，她最近都在打韩服，因为韩国的电竞行业发展更成熟，所以相比较来说，韩服的高手也就更多，于是搞得全世界的职业选手都在往韩服挤。童谣曾经也遇见过几个。登入游戏，还没正式开始排队等待匹配对手，这个时候左下角就跳出一个对话框，是一个英文的id，童谣微微眯起眼想看看这人说的啥，结果发现对方非常开门见山——【?】——你好，大兄弟，请问你想要来中国打职业吗？&#8943;&#8943;三毛钱英语。童谣叼着块饼干笑出声。顺手回复——【（我是中国人）。】,04/27
#英雄联盟#第一局jdg的决策完爆fpx。在确定了fpx为后期卡萨丁单核之后，开始全线避战，因为没有人头经济的入账，卡萨丁想发育就必须去吃线上的资源，变相拖慢了fpx另外四人的发育。小天和贡子哥被影响最大，下路更是直接隐形，导致中期小龙完全没有竞争力，在卡萨丁迎来16级的时候，飞机的发育却完全不差被四线让经济的卡萨丁。因为fpx其它人发育太差，jdg甚至可以在打团时无视正面四人，集火卡萨丁，不论卡萨丁是否被秒，只要卡萨丁离场，jdg打团必胜。还有一点就是，因为没有额外的人头经济入账，这个卡萨丁装备没有优势，秒不掉人，在打团时的威慑并不够大。,04/27
【阿布打野小课堂开课啦全程高能头给笑掉】阿布：我最早带明凯，他刚进WE的时候，那一盘玩盲僧，出门连死了两次我就在天台跟他说，做打野第一个要会计算，第二个就是还要会算计，就是他现在跟你说的，多沟通！打野就是投资者，你帮他你要得到什么，就像你和我玩游戏，你帮我就是啥B，因为你帮我我还是打不赢！Jiejie：我相信队友，队友都很棒！阿布：你真会说啊！但是你也可以投资你自己！你要投资！Jiejie：就是谁厉害帮谁呗阿布：EDG作为一个职业理财俱乐部，在你职业期间，要教你理财！Jiejie：懂了，就帮厉害的英雄联盟#2020LPL#L靠谱电竞的微博视频,04/27
很般配啊，苏志燮是韩国男神级别的人物了吧，我童年印象里就有他的记忆了，年轻的时候真的很帅，俞承豪不是还被说是小苏志燮吗哈哈哈哈我觉得他真的可以算很有型的成熟帅哥！赵恩静我知道她是因为faker哈哈哈，李哥倒了，我没有冠军也没有你。开玩笑啦李哥有的是冠军赵恩静长的很好看，性格也挺好的，是英雄联盟LCK的主持人，我知道的是这个身份，感觉还是挺配的，郎才女貌。而且年龄啥的这都什么年代了，早就没啥关系了，只要他们真心相爱幸福快乐就好了！希望相差17岁的苏志燮和赵恩静开心快乐幸福美满，长长久久白头偕老吧哈哈哈哈哈O你认为相差17岁的苏志燮和赵恩静两人般配吗？有什么祝福的话想对他们说吗?,04/27
斗鱼赛事卡片现已入驻#华为智慧助手·今天#，桌面下拉或主屏右滑，在#智慧搜索#搜赛事关键词（如“英雄联盟”），新鲜比分、实时赛况一搜掌握！点击卡片更可观看#2020lpl春季赛#赛事直播或回放，让你随时随地抵达“战场”~评论说出你最想在智慧搜索看到的比赛，5月15日我们将在@微博抽奖平台抽一位花粉送华为AI音箱1台！@斗鱼直播O抽奖详情,04/27
害英雄联盟真的能轻而易举地勾起我的网瘾要不是还得准备复试我又能刚到肩周炎了,04/27
@CallmEtrash，你好！我已接收到你的信号。在玩云顶之弈时，你得意于自己的“世界名画”，于你的对手而言，这却是地狱绘卷。你对游戏的了解不少，从波兰蠢驴的《巫师3》，到常青树《英雄联盟》，你都有梗可玩。你是《毒枭》的忠实粉丝，魔幻现实主义和饱满的人物深深的吸引了你，你也为此写了一篇小作文。当然，没什么比你在《绝地求生》里1v3绝地反杀更魔幻的了。你的城市不大，我想人文气息会更为浓厚。有时在河边钓鱼，好不惬意；或是在一个下午，以“一代土块”的身份，在外面打打牌；以九段棋手身份下军棋，或是听着雨声吃炸鸡，都是慢节奏生活的小幸福。有趣而从容，永远是最美好的生活方式。再见，祝你度过美好的一天。,04/27
电竞#凯恩电竞#【宁王又出轨？徐姨娘微博怒斥：狗改不了吃屎！】徐姨娘（宁现女友）突然发布微博表示：没想到你是这种人，真是狗改不了吃屎！疑似宁王再度出轨。而德云色@西卡_李浩宇也现身评论表示徐姨娘又犯病了.....更多网友则是表示，iG正处于风口浪尖，徐姨娘又出来跳，看来是巴不得宁王死......大家怎么看呢？英雄联盟iG电子竞技俱乐部igning,04/27
lpl春季赛英雄联盟17：00JDG-FPＸJDG的王牌绝对是他们的野核Kanaｖi，在战队因Zoom缺席实力大减有可能无法进入季后赛的时候，就是Kanaｖi站出来了，他是这个赛季打野输出占比全LPL最高的选手，一手招牌千珏以及相关的围绕体系也使各大强队头疼不已甚至将其ban掉封锁，。得一提的点就是Yagao的崛起。这版本最适合围绕打野，帮助打野打出前期优势的英雄即妖姬和佐伊，而这两个都正正是Yagao的招牌英雄，只要前期上下两路稳住，等待中野联动估计很容易打出较大的优势。FPX目前的战术储备相当之深，尤其是第四局Gimgoon拿出波比这一首操作，一人Counter对方五人完美反制EDG阵容就可以看到，FPｘ在春季赛反复拿到的体系并非一招鲜，而是隐藏战术体系，而且只要中下路能够稳定发育起来，后期就能双C起飞，碾压对手。推荐：第一局人头数27.5小#足球滚球推荐##NBA#,04/27
【LPL春季赛季后赛昨日TOP5：JackeyLove伊泽瑞尔精准技能斩获四杀】TOP1：JackeyLove：伊泽瑞尔精准技能斩获四杀TOP2：knight：辛德拉恐怖伤害瞬间蒸发TOP3：knight：辛德拉残局收割逆风翻盘TOP4：Rookie：乐芙兰完美连招必杀锁链TOP5：Rookie：乐芙兰草丛埋伏阴影刺杀英雄联盟LLOL动图菌的微博视频,04/27
17：00电竞推荐赛程LPL春季赛季后赛JDGVSFPXFPX成立5个赛季以来，第四次进入季后赛，季后赛中所有赢下的BO5均是以3-1取胜，FPX成立至今的BO5胜率为78%，仅输掉两场，输掉的两场BO5都是输给了自己将要面对的对手JDG，所以仅从数据上来看，JDG或许是FPX在BO5赛事之中最强大最难缠的对手，在这一次双方又是在BO5中碰面，JDG仍会给FPX带来数据上最大的改变，让我们拭目以待吧#2020LPL##英雄联盟##LOL赛事每日推荐#,04/27
【CvMax直播透露DRX原可能为银河战舰】根据韩国记者放出的CvMax的直播片段中所述：“我之前不是说过了吗？我们的阵容最初组成设定是Khan-Kanavi-Chovy-Deft-Keria五名选手。我们已经和这五名选手都谈过了，就在准备和他们签约的时候，我被Riot处罚无限期停赛了。”各位对这支原本有可能成为现实的LCK战舰怎么看#英雄联盟##LCK#,04/27
【Mlxg：我其实不算退役算自由人，但有合同限制只能回RNG】Mlxg：哥们其实不算退役你们知道吗，我其实不符合那个规定的，那个规定对我没用，我其实算是自由人现在，你们懂什么意思吧我其实是自由人但是我只是有另外的东西在，有另外的比选手约，更大更猛的东西在。真的呀我真不是退役现在，我不是退役状态，因为当时我签的那个是...这个应该不是机密吧，我想一下这个能不能说，这个应该可以说的，就我现在是其实算是自由人身份，但只是有...打个比方让我回皇族是可以回的，但是其他那边肯定是去不了的，因为有直播合同你们懂吧但是你让我回去是概率基本为0状态太差了。贵族自由人嘛？确实但是一般来说是不会回去。#英雄联盟##Mlxg#L助手哥有点6的微博视频,04/27
#2020LPL#【17:00JDGvsFPX】今晚上流晚宴即将开启究竟哪只战队能冲进决赛直面TES？FPX面对JDG的BO5魔咒，今晚能否打破本次线上直播间邀请到上流解说@Zz1tai姿态与大家共品盛宴🍷同时虎牙观赛团邀请到昊凯与致幻坐镇二路解说～赶紧准备好你的燕尾服，跟赛事君一起观赛吧主直播间：660000姿态直播间：333003昊凯致幻直播间：660137#看LPL来虎牙#英雄联盟,04/27
好久不玩，起步就输一晚上心态崩了#英雄联盟#,04/28
在“男人戏”《英雄联盟》中，王珂所扮演的地下党员金蔓，起着穿针引线的作用，并和王挺所扮演的男主角欧天泽谈一场战火中的绝恋。有意思的是，由于是剧中唯一女主角，在戏内扮演女侠的王珂，在戏外如“女神”版被众多男演员悉心照顾。#电视剧特战荣耀#,04/28
艰难产出了一点视频唤潮鲛姬天下第一！#小雨的lol日常##英雄时刻#英雄联盟L唤潮雨姬的微博视频,04/28
为啥感觉好看的姑娘变多了？因为你单身太久了……#英雄联盟#,04/28
英雄联盟我想问问呢，现在的排位机制是不是有问题？青铜局我排了50分钟？我还是在艾欧尼亚，总共排进去2把，都是重开局，没🐎了都。,04/28
4/29LPL电竞联赛IGVSFPX推荐：FPX胜IG对FPX，可以看出英雄联盟官方有意安排。这两队在去年S9四强的交手，直接将比赛打成了一部LPL的宣传片。其中IG是揭幕战出现次数最多的队伍，在以往的赛季，他们不是王者就是王者最具威胁的挑战者。有他们在，比赛永远不会缺少悬念和激情。作为两只风格截然不同的队伍，他们在游戏中能展现的风采也是完全不一样的，IG的核心就是个人实力的强大，在线上的能力要强于FPX的对线。但是就团队运营来看IG就显得美中不足了，在中后期的小规模交手中这可能是最影响胜负的一个关键。本场比赛的核心选手我们给到了两边的中单选手，从实力上来看两位选手是不相上下但是风格却不经相同，弱鸡更多的是偏向于打线上的压制，以前有阿水在还会选择下路为核心来做保护。如今的中核打法给了他更多的发挥空间，单杀就显得不那么罕见了。而doinb更多的是以中路的线权来获得游走的机会，这里就更加的需要打野小天的gank，这对于rookie来说本身就是一种压力的存在，如果不能再面对中野联动的情况下也游刃有余，就很容易被FPX带起节奏。本场比赛OPE更加看好FPX取得最终的胜利，不仅是S赛的冠军同时也因khan的加入使战术变的多样化，而且只要FPX取得巨大领先，进入凤凰节奏，几乎没有对手能翻他们的盘。,04/28
4/29LPL电竞联赛IGVSFPX推荐：FPX胜IG对FPX，可以看出英雄联盟官方有意安排。这两队在去年S9四强的交手，直接将比赛打成了一部LPL的宣传片。其中IG是揭幕战出现次数最多的队伍，在以往的赛季，他们不是王者就是王者最具威胁的挑战者。有他们在，比赛永远不会缺少悬念和激情。作为两只风格截然不同的队伍，他们在游戏中能展现的风采也是完全不一样的，IG的核心就是个人实力的强大，在线上的能力要强于FPX的对线。但是就团队运营来看IG就显得美中不足了，在中后期的小规模交手中这可能是最影响胜负的一个关键。本场比赛的核心选手我们给到了两边的中单选手，从实力上来看两位选手是不相上下但是风格却不经相同，弱鸡更多的是偏向于打线上的压制，以前有阿水在还会选择下路为核心来做保护。如今的中核打法给了他更多的发挥空间，单杀就显得不那么罕见了。而doinb更多的是以中路的线权来获得游走的机会，这里就更加的需要打野小天的gank，这对于rookie来说本身就是一种压力的存在，如果不能再面对中野联动的情况下也游刃有余，就很容易被FPX带起节奏。本场比赛OPE更加看好FPX取得最终的胜利，不仅是S赛的冠军同时也因khan的加入使战术变的多样化，而且只要FPX取得巨大领先，进入凤凰节奏，几乎没有对手能翻他们的盘。,04/28
#英雄联盟#看起来很肉，却脆皮的像张纸的英雄L我和游戏恋爱啦的微博视频,04/28
#2020LPL#我已为@VG英雄联盟送上奖杯，他是我心中的最强战队，快来和我一起为喜爱的战队加油吧！点击送奖杯↓O2020LPL战队势力榜,04/28
欢迎来到英雄联盟听着闹阔痛,04/28
#2020LPL#我已为@VG英雄联盟送上奖杯，他是我心中的最强战队，快来和我一起为喜爱的战队加油吧！点击送奖杯↓O2020LPL战队势力榜,04/28
英雄联盟霸哥是老果农了，抗压抗的果子啥时候熟都记住了#英雄联盟#LLOL搞笑菌的微博视频,04/28
#2020LPL#我已为@VG英雄联盟送上奖杯，他是我心中的最强战队，快来和我一起为喜爱的战队加油吧！点击送奖杯↓O2020LPL战队势力榜,04/28
#2020LPL#我已为@VG英雄联盟送上奖杯，他是我心中的最强战队，快来和我一起为喜爱的战队加油吧！点击送奖杯↓O2020LPL战队势力榜,04/28
我免费围观了@管泽元的回答，问题价值88.00元，快来一起免费围观~O微博问答,04/28
❀没人能在你一需要的时候立马就出现#英雄联盟##晋升#,04/29
用实际行动诠释，提莫必须死！英雄联盟LLOL-英雄联盟视频的微博视频,04/29
#英雄联盟#这剑圣谁也挡不住L游戏通关宝典的微博视频,04/29
#英雄联盟#不用麻烦大家了，我把电饭煲带来了L畅游召唤师峡谷的微博视频,04/29
发布了头条文章：《英雄联盟：369上单卢锡安杀疯了，粉丝：致敬shy哥？》O英雄联盟：369上单卢锡安杀疯了，粉丝：致敬shy哥？,04/29
五一小长假马上就要开始了，留下大区和id，假期一起开黑吧#英雄联盟夜聊#,04/29
英雄联盟#你心中的LPL牌面担当#你知道uzi背后的故事吗？2014-08-10UZI5杀vn一战封神2017-12-11Uzi成功卫冕Solo王！LPL梦之队登顶全明星赛2018-05-21RNG拿下MSI冠军！2014-11-29TGA《英雄联盟》SOLO精英挑战赛冠军2014-12-13最佳年度MVP2014-12-13最佳ADC2015-12-2英雄联盟全明星2016-11-14最受欢迎选手2016-12-12获得全明星SOLO冠军2017-11-26获得年度最佳ADC2017-11-26获得年度最受欢迎选手2017-11-26获得全明星赛SOLO冠军2018-10-24英雄联盟LPL赛区全明星投票结果出炉，Uzi以21.96%的得票率排名第一，1759265票，蝉联LPL赛区票王，入选全明星赛。2018-12-01英雄联盟颁奖盛典上，Uzi蝉联年度最佳AD获得年度最佳ADC。没有一位选手是完美的，荣誉的背后是无数的心酸血泪，他们的职业生涯很短，他们给我们的欢乐要珍惜、回味，他们失利了我们需要理解和陪伴与支持，加油吧！rngUzi,04/29
#英雄联盟#史上最奇葩的玩家，游戏居然还能这么玩？L游戏动感地带的微博视频,04/29
#英雄联盟#孙悟空的一个技能，竟然帮助俄洛伊完成了乌鸦坐飞机？L游戏玩家必看的微博视频,04/29
#TheShy道歉##英雄联盟#FPX零封3:0IGTheshy感觉惭愧发文向粉丝道歉,04/29
#2020LPL#我已为@eStar英雄联盟分部送上奖杯，他是我心中的最强战队，快来和我一起为喜爱的战队加油吧！点击送奖杯↓O2020LPL战队势力榜,04/29
#英雄联盟未来战士#潘森视频效果预览！#英雄联盟那点事#LLOL英雄联萌的微博视频,04/29
每日一问英雄联盟什么时候出电影cg真的太好看了,04/29
"igbaolan羽毛球脑袋明天见七个世纪的直播我准备好了加油ヾ(•ω•̀)o羽毛球脑袋的虎牙直播间，主播iGBaolan正在【英雄联盟】直播播""sanwu""，搜索房间号990716，O网页链接",04/29
英雄联盟【#iGFPX#TheShy状态】Pentaq分析师对IG战队现状的评价大家觉得他说得在理嘛？,04/29
#英雄联盟魔女皮肤#看看三姐妹我好了举止优雅身材性感特效拉满,04/30
石头:亚索你个垃圾。亚索:我淹水了呀，铁子！#英雄联盟##LOL#L电竞练习生的微博视频,04/30
英雄联盟开黑网一每天白天都在一个人除了下棋都能玩能不能加点好友🦷自己真的没意思求求大🔥了,04/30
有哪些技能看似简简单单，但实际上想要精通却很难的英雄？#英雄联盟手游##英雄联盟#,04/30
#2020LPL#我已为@VG英雄联盟送上奖杯，他是我心中的最强战队，快来和我一起为喜爱的战队加油吧！点击送奖杯↓O2020LPL战队势力榜,04/30
有没有不论哪个版本都很拉垮的英雄？#英雄联盟手游##英雄联盟#,04/30
#2020LPL#我已为@VG英雄联盟送上奖杯，他是我心中的最强战队，快来和我一起为喜爱的战队加油吧！点击送奖杯↓O2020LPL战队势力榜,04/30
#靠谱夜话#一人一个追竞路上让你感动的小事#lpl吐槽大会#英雄联盟,04/30
按顺序写出你常出的三件套，让大家猜猜你玩的是什么英雄？#英雄联盟手游##英雄联盟#,04/30
林小北云顶之弈32：星神男团出道！8连跳斩！10.9最稳定上分阵容！（via林小北Lindo）#英雄联盟#LLOL英雄联盟视频的微博视频,04/30
太久太久没有玩LOL了，今天登录游戏一看，游戏好友列表那么些人，居然没有一个在线的。当年一起驰骋峡谷的人都结婚生子、工作挣钱去了吗？#英雄联盟#,04/30
哈哈哈哈哈哈哈#英雄联盟##英雄联盟手游#,04/30
【英雄联盟】集火成凰凤鸣四方！FPX冠军皮肤重现S9巅峰时刻凤凰起飞，今年LPL三年冠#英雄联盟#L打野的微博视频,04/30
【超次元召唤师】游戏采取了独具特色的正视角战斗模式，玩家作为召唤师，位于我方召唤体身后来观看整场战斗。游戏玩法操作简单，能很快上手进行游戏。游戏穿梭中国古代各时空领略各朝代经典的故事，200多副本玩家尽情探索。#英雄联盟#,04/30
【撸啊撸英雄联盟】成大事者，必先跳过一个又一个坑，必须要能神装救世界，什么？神装的定义？我想应该是4把多兰吧。游戏试玩：O网页链接EDG##电子竞技#,04/30
