#英雄联盟#以为自己很帅？？？L超爱吃的糖18的微博视频,02/01
【#英雄联盟#】青蛙王者局塞娜，下路一波团满嘴说赚，结果却愣了！L畅游召唤师峡谷的微博视频,02/01
#万人请辞英雄联盟策划#真是好算计，不做任何回应就这么拖着，等外界其他事情把玩家的目光吸引走，然后到时候再搞点小活动拉拢人心，以为大家会把事全忘了，啧啧啧，热度是下去了但这件事在大多玩家心中已经是个疙瘩了，这个游戏迟早被你们弄凉，估计是想趁着游戏还火热的时候多圈钱吧那赶紧让我看看你还能做出什么更卑劣的举动来，死🐴ch,02/01
#2020LPL#我已为@VG英雄联盟送上奖杯，他是我心中的最强战队，快来和我一起为喜爱的战队加油吧！点击送奖杯↓O2020LPL战队势力榜,02/01
#2020LPL#我已为@eStar英雄联盟分部送上奖杯，他是我心中的最强战队，快来和我一起为喜爱的战队加油吧！点击送奖杯↓O2020LPL战队势力榜,02/01
透一下设计了一个娜美的觅心猎手皮肤还没完成#英雄联盟##娜美##唤潮鲛姬#,02/01
在家待着无聊？让周淑仪带你一起去旅行吧！英雄联盟L英雄联盟钻石大师的微博视频,02/01
英雄联盟LCS赛区的赛事演播厅宣传大屏幕上，用8和24来致敬科比！#科比去世#,02/01
#2020LPL#我已为@VG英雄联盟送上奖杯，他是我心中的最强战队，快来和我一起为喜爱的战队加油吧！点击送奖杯↓O2020LPL战队势力榜,02/01
我喜欢那个人是因为他带给我正能量，他带给我的暖意并不能被别人三两句不好的话抵消，我还是会一直爱他，我喜欢他，不求所得。我看那个节目也是因为它带给我快乐，只要他有趣我就会看，不想牵扯其他的。我喜欢的英雄联盟战队，只要你还能打赢，战队的每一个人我都不会骂。,02/01
英雄联盟我也曾是个温柔的人，如果没有一直输的话,02/01
LCS解说Azael发表推特，LCS演播厅外大屏幕用洛杉矶湖人队经典的紫金色展示出8和24两个数字，以此来致敬科比，今天在湖人队主场斯坦普斯中心也将举行赛前科比纪念仪式英雄联盟,02/01
Theshy怒斥韩服队友调侃疫情，shy哥和粉丝为武汉慷慨捐赠英雄联盟iG电子竞技俱乐部,02/01
要不是守望先锋C位得排队排个十分钟谁他妈愿意玩英雄联盟段位低就算了人还蠢还倔…我太难了跌入了泥潭一天天跟一帮弱智在一起,02/01
#英雄联盟#这几天如果LOL手游开测，说实话，我觉得宅在家，让我一个月不出门一点问题都没有！感觉这次腾讯错过了个最佳时机啊#lol手游##英雄联盟手游#,02/01
我正在快手看英雄联盟❤️小二的直播，一起来看！O网页链接,02/02
#2020LPL#我已为@VG英雄联盟送上奖杯，他是我心中的最强战队，快来和我一起为喜爱的战队加油吧！点击送奖杯↓O2020LPL战队势力榜,02/02
#2020LPL#我已为@eStar英雄联盟分部送上奖杯，他是我心中的最强战队，快来和我一起为喜爱的战队加油吧！点击送奖杯↓O2020LPL战队势力榜,02/02
#2020LPL#我已为@VG英雄联盟送上奖杯，他是我心中的最强战队，快来和我一起为喜爱的战队加油吧！点击送奖杯↓O2020LPL战队势力榜,02/02
【助手哥晚安话题】大家如果打游戏连输好几天了，你会用什么方式去赢得胜利呢？或者说你输了好多天直接就弃游了助手哥一般佛系，输赢看淡，能赢则赢～你们呢#O网页链接#,02/02
终究还是一个人扛下了所有#O网页链接##英雄联盟#O网页链接,02/02
OMG！美国独立摇滚乐队ImagineDragons新单《Warriors》高清MV首播释出啦！此新单是梦龙乐队为《英雄联盟》游戏的主题曲。mv以游戏动画的方式呈现，梦龙主唱DanReynolds依旧用他那气势磅礴的高音，将歌曲的旋律逐渐进入高潮。一起进入游戏世界，感受血雨腥风吧！O网页链接,02/02
K/DA卡莎和阿卡丽至臻即将加入星穹耀夜奖池，1800星穹币兑换，你会兑换吗？RLOL英雄联盟视频的微博投票#英雄联盟##O网页链接##LOL#,02/02
#LOL大腿##英雄联盟#LOL伤害高还打不死的坦克，龙龟不愧是AD亲爹！O网页链接,02/02
我正在快手看英雄联盟-棋王欧了的直播，一起来看！#记录世界记录你#O网页链接,02/02
#英雄联盟#LOL未来战士限时半价：伊泽瑞尔最适合入手，连死亡特效都好看O网页链接,02/02
整容失败还是焕然一新？#英雄联盟#,02/02
#2020LPL#我已为@VG英雄联盟送上奖杯，他是我心中的最强战队，快来和我一起为喜爱的战队加油吧！点击送奖杯↓O2020LPL战队势力榜,02/02
垃圾英雄联盟就是喜欢乱搞匹配规则，当你胜率大于60%开始。你匹配的人全是垃圾队友。所以不是组队玩的基本上一直输要么一直赢。问题就出在瞎搞的匹配规则。,02/02
今天在网吧里面看到一个女孩子玩英雄联盟，操作很菜，战绩就那种见不得人的那种，一看就是个菜🐤，可是她很认真努力。我默默地站在旁边看了一会，看她在微信群里喊了很久，结果没有人带她一起，她说自己玩这个游戏好久了，还是很菜，但是还要继续玩，看着她那坚定的眼神，我感觉挺心疼的。我默默记下了他的游戏ID：绘谁丶希望大家可以去加她的好友，带她上上分，这么执着努力的样子，我真的不忍心看着她一个人在召唤师峡谷里闯荡，太孤独了。如果可以介绍几个哥哥给她认识或者送她两个皮肤激励她继续努力，那也极为不错。,02/02
英雄联盟真好玩,02/03
#2020LPL#我已为@VG英雄联盟送上奖杯，他是我心中的最强战队，快来和我一起为喜爱的战队加油吧！点击送奖杯↓O2020LPL战队势力榜,02/03
#2020LPL#我已为@VG英雄联盟送上奖杯，他是我心中的最强战队，快来和我一起为喜爱的战队加油吧！点击送奖杯↓O2020LPL战队势力榜,02/03
2020年至今，有让你感到快乐的事情吗英雄联盟,02/03
【LPL百大经典战役特辑节目单】2月5日每天中午12:00开始放松LPL经典场面缓解宅家无聊必备节目单！#英雄联盟#,02/03
英雄联盟#电竞##英雄联盟#“远古套路”重现峡谷？#上单奶妈#胜率爆表由于今年春节假期不能出门，相信各位玩家都在家里玩英雄联盟。而且官方在这段时间开启了无限火力，所以玩家们也能再次体验到疯狂释放技能的快乐。不过除了无限火力以外，很多玩家也在正常的排位，而最近一个“远古套路”再次出现在了召唤师峡谷中，那就是上单奶妈。早在好几年前的时候，奶妈就曾经统治过上路一段时间，当时奶妈的Q技能可以对附近所有单位造成伤害，而且W技能可以对自己释放，所以无论是清兵还是消耗都十分强力，线上基本没有英雄可以耗得过她。不过随着之后官方的削弱，以及对技能的重做，所以这个玩法也逐渐消失了。而由于这段时间很多英雄都被削了一轮，所以不少英雄的强度都大幅削弱，导致奶妈再次出现在上路。从现在上路的登场率、胜率来看，奶妈可以说是不折不扣的T0级上单英雄，胜率甚至比新英雄瑟提还要高，登场率也并不算低，可见这个英雄的火热程度。,02/03
亚索怎么进来的#英雄联盟#LOL电竞L游戏铲屎官的微博视频,02/03
#英雄联盟#峡谷黑铁...,02/03
#2020LPL#我已为@VG英雄联盟送上奖杯，他是我心中的最强战队，快来和我一起为喜爱的战队加油吧！点击送奖杯↓O2020LPL战队势力榜,02/03
【#英雄联盟#】TheShy招牌剑姬，细节打满轻松1v2#游戏红人秀#L皇家通关师的微博视频,02/03
反向亚索#英雄联盟#LOL电竞L电竞吐槽怪的微博视频,02/03
刚对线单杀，控线你就非要推，自己刷了几分钟不做视频，钻4分段真的什么都不懂吗？英雄联盟L游戏团的微博视频Auther:游戏团,02/03
给对象英雄联盟买了个400的皮肤他激动的👏于是他开心的玩电脑去了没空理我哈哈哈,02/03
#健身##瘦身视频#英雄联盟：PDD完美融入青铜，大呼：哇！比王者局还难打。L女王减肥健身的微博视频,02/03
艾克：欢迎来到祖安英雄联盟L英雄联盟钻石大师的微博视频,02/03
你觉得LOL哪款皮肤手感最棒英雄联盟,02/04
#2020LPL#我已为@VG英雄联盟送上奖杯，他是我心中的最强战队，快来和我一起为喜爱的战队加油吧！点击送奖杯↓O2020LPL战队势力榜,02/04
英雄联盟我称之为克隆模式,02/04
英雄联盟2020年春季赛IGvsFPX，RookiLwxTheShyNing王，表现突出，精彩团战！英雄联盟L剪辑威先生的微博视频,02/04
冯提莫提莫和蘑菇们，瞧一瞧看一看了。今天晚上刷着b站突然刷到关于英雄联盟卡牌游戏的视频，其中讲的是下载方法和玩法，花了花了一个多小时的努力我终于玩到了这个游戏，美服账号，ID也是第一个呢。玩这个游戏呢主要还是无聊，提莫以后几天也不直播了，lol战绩太好看了搞得我太无聊，无限火力把把两位数的人头，提莫和蘑菇们可以和我一起玩哦。谢谢大家！@提莫的小卖部唯一老板@冯提莫@哑巴一样00@小肥鹅丶嘟嘟嘟嘟嘴,02/04
戏命师烬改动趋势：Q技能曼舞手雷伤害不再叠加烬被认为是英雄联盟中最平衡的AD之一，自从四年前上线以来几乎没有遭到过多的改动，但在最新的版本补丁中却遭到了削弱。烬原本的Q技能：曼舞手雷每击杀一个单位，后续伤害就会提高，最多增加105%，如果目标在下一次弹跳前死亡，伤害会自动增加，这意味着玩家并不一定要最后击中目标才能获得最大伤害。目前尚不清楚是机制还是bug，但是精通烬的玩家一直在使用他。但是在最新的版本中，Q技能曼舞手雷将不会再增加伤害，而是固定的伤害。,02/04
玩英雄联盟这个游戏很多年了，没想到第一次上大师居然是在云顶之弈这个模式，这件事虽然不是很难做到，但对我来说却非常有纪念意义。哈哈哈，还是很开心喔:-O继续努力吧！,02/04
电竞#凯恩电竞#【Ctrl+5可以触发的英雄变化】1，剑魔展翅原本，右手握拳一副天下我有的中二感；Ctrl5触发展翅，摆好对战姿势，后面有缥缈的翅膀；2，派克亮刀刀可以看出有沼泽一样的光芒，很符合派克的人设；3，佐伊跳绳原本的佐伊就不是很安分，她有时会拿起耳机听歌，有时像跳舞一样摇晃。Ctrl5触发跳绳，佐伊老婆鼓起脸，努力跳特别可爱，而且嘲讽力MAX；4，卡莎武装Ctrl5触发武装后，脸会被面罩挡住。还有很多皮肤都可以触发Ctrl+5的彩蛋，而且以上列举的四个不同的皮肤效果也会不同，都很好玩。英雄联盟,02/04
英雄联盟每年的CG我都太爱了！今年这个至少看了有30遍！卡点完美镜头超燃！！真的太棒了，啥时候真的能出电影啊我真的爱！不仅做游戏的公司，每次音乐也超级棒！疯狂打Call！就算是有一天不玩这个游戏了但是看到每次出的短片依然会热血沸腾！这就是所谓的情怀吧！#英雄联盟##lol#,02/04
我要打英雄联盟了,02/04
拳头为什么不出漂亮的英雄了？设计师不喜欢美女？英雄联盟L英雄联盟钻石大师的微博视频,02/04
crisp刘青松我今天下午刚睡醒点进直播间发现10分钟前直播了英雄联盟我伤心欲绝然后跳进lwx直播间弹幕说上一把他们撞车了我这简直错过了全世界然后超话看见你们说4个小时直播只说了2句话谢谢有被安慰到(在别人直播间的天马山小球才是真的天马山成员在自己直播间就是自闭就完事儿,02/04
中单丛刃剑圣二级斩杀线【#英雄联盟最佳电竞##2020lpl春季赛#】L游戏最强音的微博视频,02/04
#2020LPL#我已为@eStar英雄联盟分部送上奖杯，他是我心中的最强战队，快来和我一起为喜爱的战队加油吧！点击送奖杯↓O2020LPL战队势力榜,02/04
#2020LPL#我已为@VG英雄联盟送上奖杯，他是我心中的最强战队，快来和我一起为喜爱的战队加油吧！点击送奖杯↓O2020LPL战队势力榜,02/04
今天和吴飞打了十四把英雄联盟感觉眼睛已经不是我自己的了...@清水丸子君,02/05
峡谷深处遇对手，章鱼大妈显身手。#英雄联盟#,02/05
哈哈哈哈哈哈哈这个剑姬咋回事啊英雄联盟L游戏男孩阿威的微博视频,02/05
LOL最佳盘点：船长赛场五大恐怖操作，毫不夸张地说，theshy这个卡点犹如开挂（via呆梦demo）#英雄联盟#游戏晓酱#LOL#LLOL英雄联盟视频的微博视频,02/05
英雄联盟有哪些皮肤的手感是特别差的？来吐槽下Author:LOL日常秀,02/05
#2020LPL#我已为@eStar英雄联盟分部送上奖杯，他是我心中的最强战队，快来和我一起为喜爱的战队加油吧！点击送奖杯↓O2020LPL战队势力榜,02/05
omg英雄联盟,02/05
#英雄联盟##竞技游戏##LOL#我严重怀疑这个草丛是专门给小丑设计的LLOL情报局的微博视频,02/05
【助手哥晚安话题】大家从除夕开始几天没出门了？助手哥12天出门一次（采购吃的）下面配图是今天新出来的Q版钟南山，希望大家也能领悟这些话的真谛！武汉加油！英雄联盟,02/05
恶意挂机，求封号@英雄联盟微博视频,02/05
这部戏没有剑圣没法演【#英雄联盟最佳电竞##2020lpl春季赛#】L游戏最强音的微博视频,02/05
#2020LPL#我已为@VG英雄联盟送上奖杯，他是我心中的最强战队，快来和我一起为喜爱的战队加油吧！点击送奖杯↓O2020LPL战队势力榜,02/05
#2020LPL#我已为@VG英雄联盟送上奖杯，他是我心中的最强战队，快来和我一起为喜爱的战队加油吧！点击送奖杯↓O2020LPL战队势力榜,02/05
#2020LPL#我已为@VG英雄联盟送上奖杯，他是我心中的最强战队，快来和我一起为喜爱的战队加油吧！点击送奖杯↓O2020LPL战队势力榜,02/05
英雄联盟谁要号，满英雄，全皮肤，各种限定，年定全有。,02/05
有多少人害怕被睡（broken.league）#游戏趣图##英雄联盟#,02/06
这波不亏……#英雄联盟#LOL电竞L游戏铲屎官的微博视频,02/06
#2020LPL#我已为@VG英雄联盟送上奖杯，他是我心中的最强战队，快来和我一起为喜爱的战队加油吧！点击送奖杯↓O2020LPL战队势力榜,02/06
我正在快手看英雄联盟-老任的直播，一起来看！#记录世界记录你#O英雄联盟-老任的快手直播,02/06
#2020LPL#我已为@VG英雄联盟送上奖杯，他是我心中的最强战队，快来和我一起为喜爱的战队加油吧！点击送奖杯↓O2020LPL战队势力榜,02/06
#2020LPL#我已为@VG英雄联盟送上奖杯，他是我心中的最强战队，快来和我一起为喜爱的战队加油吧！点击送奖杯↓O2020LPL战队势力榜,02/06
洞主卢锡安嚣张压制【#英雄联盟最佳电竞##2020lpl春季赛#】L游戏最强音的微博视频,02/06
LOL英雄联盟手游，三测试服，全平台都可以，下载游玩了，百位英雄你挑选，人物模型真好看，被称为手游一号，虚拟摇杆走四方，四个技能战八荒，为英雄联盟手游点赞！！！。UP主：崩坏学院三偶像爱酱#bilibili#OLOL英雄联盟手游，三测试服，全平台都可以，下载游玩了，百位英雄你挑选，人物模型真好看，被称为手游一号，虚拟摇杆走四方，四个技能战八荒，为英雄联盟手游点赞！！！（哔哩哔哩客户端下载O网页链接）,02/06
#英雄联盟#2020年情人节限定皮肤确认金克斯和魔法猫咪，拳头又来抢钱啦L游戏无敌手的微博视频,02/06
#2020LPL#我已为@VG英雄联盟送上奖杯，他是我心中的最强战队，快来和我一起为喜爱的战队加油吧！点击送奖杯↓O2020LPL战队势力榜,02/06
【JR发问：控魔（蓝量）是不是LOL最基本的操作？】亮回复：“这个说话方式，楼主是台湾人？😂控蓝是很基本的操作啊”“你是台服吧，我们这边叫蓝，反正我看doinb他就很喜欢用蓝推线，没蓝就多回家补蓝，卡好炮车线就不会亏太多兵”原贴链接：O网页链接#上虎扑关注英雄联盟#英雄联盟,02/06
#英雄联盟#若风：知道要完还赶着去送？直接送了对面劫三杀！L游戏主播日爆社的微博视频,02/06
说说你们的英雄池吧英雄联盟,02/06
#英雄联盟#2020春季赛BLG-RNG：小龙堡节奏起飞收获颇丰！L游戏动感地带的微博视频,02/06
这是你们喜欢的KDA女团吗英雄联盟,02/06
主播炸了超神篇302：Doinb克烈王重出江湖，下路1V2细致反#英雄联盟#@英雄联盟L聚印象视频的微博视频,02/07
我关注了英雄联盟超话，小伙伴们快来加入超话一起聊聊吧~超话传送门→http://t.cn/z82P6Lp,02/07
【索先生的幸福生活】河神居然送给了ez一个亚索？祖安大区竟然在疯狂排队？（viaB站城東巨頭）英雄联盟http://t.cn/AiBeEC95#cj228#,02/07
【至臻英雄研究院】AD的逆袭之路，烬的四披风出装套路（viaB站冬雨QAQ）#英雄联盟#http://t.cn/AiedUlNG#cj228#,02/07
电竞#英雄联盟##LOL#当辅助偷偷补了AD一个炮车以后...L电竞召唤师的微博视频,02/07
【DRX官推发布2月7日赛场返图】抱在一起的两位单场MVPKeria和Pyosik还有Pyosik选手的Wink~cr.Twitter-Dragonx#英雄联盟#,02/07
在线收合租英雄联盟：200皮肤起（黑铁青铜不需要皮肤）火影：3S以上王者荣耀：50皮肤起飞车手游端游：5A以上穿越火线端游手游：20V以上火影：3S以上合租第一个月不收分成，租金都您的,02/07
LOL5种队友，你是哪一种#英雄联盟#LOL电竞L游戏铲屎官的微博视频,02/07
#符文之地传奇##英雄联盟#卡牌游戏营地牌组与新闻简报200207，新的表情公布，未来新地区及英雄提前知道O【符文之地传奇】牌组与新闻简报200207,02/07
电竞之王、极限操作，英雄联盟好书都在这里！@塔读文学O本本精华，字字动人！,02/07
现在的游戏太多素质低下的人了我玩的是英雄联盟幸好现在说不文明会被屏蔽不然这个游戏早就满是污言秽语一进来玩一些骚套路明明套路弱的要死自己的操作也烂的要死玩也就算了k别人的人头有点发育也就算了开始bb其他队友问候其他队友的全家队友好心和他说话起不到一点效果还有一些情况队友顶着0-12的战绩疯狂骂队友不会玩我也是服了看到他们的操作我真的吐了这个游戏以前是这样的吗？什么导致了这样的情况大家玩游戏都不开心骂人自己开心？一些玩游戏的人的素质低到让人发指简直不可理喻这里希望看到的人在游戏里就算玩的不好也不要把情绪发泄到别人身上实力是慢慢练出来的可是素质是内在的不要让别人从一个简简单单的游戏反映出你肮脏丑陋低下的内心,02/07
英雄联盟手游就是辣鸡，明明最好的时机大家在家无聊得发霉时候，还不推出来内测，真几把无语，再等就等到黄花菜都凉了,02/07
新英雄Par'Xzi即将到来一个通过吞噬获得永久能力的虚空英雄（via游戏大联盟）#英雄联盟#http://t.cn/Aisov5Go#cj228#,02/07
#2020LPL#我已为@LGD_英雄联盟送上奖杯，他是我心中的最强战队，快来和我一起为喜爱的战队加油吧！点击送奖杯↓O2020LPL战队势力榜,02/07
你觉的你能打过我吗？【#英雄联盟最佳电竞##英雄联盟##2020lpl春季赛#】L游戏最强音的微博视频,02/07
孩子够不够够不够#英雄联盟#LOL电竞L游戏铲屎官的微博视频,02/08
#英雄联盟##你最爱的游戏主播#毒纪：诺手在我面前秀W闪？你是在搞笑吗？L游戏玩家必看的微博视频,02/08
返工时间已到，你目前是什么状态英雄联盟返工时间已到，你目前是什么状态,02/08
#英雄联盟#虚空之女卡莎，需要操作比较细腻的人玩LLOL-英雄联盟之家的微博视频,02/08
#2020LPL#我已为@VG英雄联盟送上奖杯，他是我心中的最强战队，快来和我一起为喜爱的战队加油吧！点击送奖杯↓O2020LPL战队势力榜,02/08
周杰伦#周杰伦##音乐#《英雄》是周杰伦作词、作曲并演唱的歌曲，收录于周杰伦第14张专辑《周杰伦的床边故事》中，也是《英雄联盟》中国品牌主题曲。《英雄》以悬疑重拍摇滚嘻哈曲风，塑造出游戏世界里英雄们各个身怀绝技、武功高强的音乐形象！编曲充满紧张刺激，急促的鼓点让人热血沸腾，血脉喷张。L考拉Koala雪的微博视频,02/08
想要一个妹子一看就会加好友的id#英雄联盟#LOL电竞L游戏铲屎官的微博视频,02/08
#2020LPL#我已为@eStar英雄联盟分部送上奖杯，他是我心中的最强战队，快来和我一起为喜爱的战队加油吧！点击送奖杯↓O2020LPL战队势力榜,02/08
叮咚！我是今日份的小奖章！我在英雄联盟超话等级达到LV.10，获得远近闻名头衔，想知道我是怎么获得的吗？来英雄联盟找我聊聊吧~,02/08
LPL加油英雄联盟冷知识大科普！在男枪的台词中，“上上下下左右左右baba，哈哈，我有三十条命”这句台词是致敬的科乐美老四强之一的《魂斗罗》游戏的，相信这个游戏大家伙都最熟悉不过了吧儿时的快乐源泉啊，最开心的事就是放学后和朋友一块打魂斗罗了！#英雄联盟##魂斗罗#,02/08
#cj228##英雄联盟S9#Doinb赛前采访，最不想见的上路选手TheShy！LLOL英雄联盟视频的微博视频,02/08
一切都会好起来。全民抗疫。中国人的信仰就是我是中国人。中华民族。英雄联盟。,02/08
#2020LPL#我已为@VG英雄联盟送上奖杯，他是我心中的最强战队，快来和我一起为喜爱的战队加油吧！点击送奖杯↓O2020LPL战队势力榜,02/08
国服最强王者组团战集锦（viayizhilugou）#英雄联盟#游戏晓酱#LOL#LLOL英雄联盟视频的微博视频,02/08
【英雄联盟之原凉教研室周免不坑如何让锤石当爸爸】L原凉教研室周免不坑锤石爸爸是怎样炼成的,02/08
【PDD正在直播】英雄联盟-房间号101,02/09
我正在快手看LoL英雄联盟-老崔诺手的直播，一起来看！#记录世界记录你#OLoL英雄联盟-老崔诺手的快手直播,02/09
#2020LPL#我已为@LGD_英雄联盟送上奖杯，他是我心中的最强战队，快来和我一起为喜爱的战队加油吧！点击送奖杯↓O2020LPL战队势力榜,02/09
#2020LPL#我已为@LGD_英雄联盟送上奖杯，他是我心中的最强战队，快来和我一起为喜爱的战队加油吧！点击送奖杯↓O2020LPL战队势力榜,02/09
#新浪看点#英雄联盟：大师段位投降率比青铜还要高，为什么会出现这种情况O英雄联盟：大师段位投降率比青铜还要高，为什么会出现这种情况,02/09
这一单点的超值，智勋都快受不了了英雄联盟L英雄联盟钻石大师的微博视频,02/09
#新浪看点#英雄联盟：在一级的solo当中，哪位英雄是最强的？O英雄联盟：在一级的solo当中，哪位英雄是最强的？,02/09
【JR吐槽，为何英雄联盟越等级击杀如此困难？】亮回复：“你都落后等级了凭什么给你杀？你这不是白给么”“中后期你还落后对面一两级，除了辅助之外，任何一个位置有这样的等级差距，都代表天崩！”原贴链接：O网页链接#上虎扑关注英雄联盟#英雄联盟,02/09
【PDD正在直播】英雄联盟-房间号101,02/09
#2020LPL#我已为@LGD_英雄联盟送上奖杯，他是我心中的最强战队，快来和我一起为喜爱的战队加油吧！点击送奖杯↓O2020LPL战队势力榜,02/09
已被删除的召唤师技能，你见过吗？【#英雄联盟最佳电竞##英雄联盟#】L游戏最强音的微博视频,02/09
英雄联盟有没有一区无限火力的车,02/09
回血流诺手#英雄联盟#LOL电竞L游戏铲屎官的微博视频,02/09
AF.Spirit赛后采访（2月9日）【来源Inven】Q：首先恭喜你们获得了胜利，说说连胜的感想吧。A：在之前的采访中说到希望能在HLE战中获得胜利，很开心赢了下来。Q：在K杯夺冠之后队内的气氛怎么样？A：在那次比赛之后没有接着其他的比赛感觉还可以点可惜。那时候队伍的状态好像特别好来着。所以有点可惜吧。但大家都还是很努力。Q：在今天的比赛中自己担当的作用是什么？完成了多少？？？A：今天比赛的目标是复仇HLE，在第一局中没能做到10%，在第二三局中完成了50-70%左右。比赛中拜托队友拿了一些很具有主导权的英雄，比如潘森。可以说是一些能主导和破坏比赛的一些英雄。但其实这样的英雄也有很高的风险，谢谢队友们的帮助。Q：是为了迎战HLE而准备的Pcik吗？A：最开始好像不是这样进行BP的，也可能继续这样，不这样的可能性也是很大的。Q：在直播中说很想战胜前教练所在的HLE，原因是什么？A：不好说，只能说是单纯不想输给前教练的队伍。Q：下一场比赛对战APK，预测一下。A：APK这样的对话，虽然后期会有一些处理的不好的地方，但是也是一击制胜的队伍。不会掉以轻心的努力准备。Q：最近一直是队伍的首发，很幸福吧。A：我认为选手更替从战术角度考虑的话是很好地。我们队伍的另一名打野选手的状态也很不错，随时可能上场。Q：最后想说的话？A：之前说的目标已经实现一半了，希望在第二轮中还能战胜HLE。#2020LCK##英雄联盟##Spirit#,02/09
#英雄联盟#LCK春季赛战报：AF2:1HLE赢得比赛的胜利～,02/09
有一说一，马老师这波操作什么水平？via：大司马解说英雄联盟L游戏台的微博视频,02/10
英雄联盟#电竞##英雄联盟#呆妹儿主动和#智勋#组CP，却被智勋吐槽身高太矮，两位约德尔人直播行业里面无时不刻都在更新换代，很多老主播慢慢的离开了大家视线，有些新主播慢慢成为了主力军，比如我们看到现在LOL主播里面，大司马的人气越来越低，而最近有一位主播人气越来越高，他就是智勋。智勋平时就有魔教教主的称号，平时的直播非常搞笑，而且有一些脑回路是让大家想不到的，大家也知道智勋一直都有电竞霍建华的外号，本来以为会比较傲娇，但是大家发现他并不会自认为高高在上，反而还经常自黑。比如前段时间斗鱼的嘉年华里面，智勋参加线下活动，结果被发现身高太矮，保守估计只有160左右，别看他这么矮，他可从来不自卑，比如最近呆妹儿主动想要和智勋组CP，并且各种主动邀请连麦的举动更是证实了这一点，可能呆妹儿看到了智勋的前途很光明，所以主动献殷勤。大家也知道呆妹儿长得不错，智勋应该会中招，但是呆妹儿的主动出击却被智勋直接拒绝，而且拒绝的理由也很扯，智勋吐槽呆妹儿的身高太矮，和自己一点都不搭，跟个土行孙似的。,02/10
【PDD正在直播】英雄联盟-房间号101,02/10
日女：风墙漏水？#英雄联盟#LOL电竞L游戏铲屎官的微博视频,02/10
#2020LPL#我已为@VG英雄联盟送上奖杯，他是我心中的最强战队，快来和我一起为喜爱的战队加油吧！点击送奖杯↓O2020LPL战队势力榜,02/10
#英雄联盟#网吧开门之日，王者归来之时！！！,02/10
各位大神我想问一下这是什么英雄？#英雄联盟#LOL电竞L游戏铲屎官的微博视频,02/10
《英雄联盟》阿狸偶像歌手cosplay。,02/10
呜呜呜呜太久没拿五杀了未来一段时间基本上每天会都英雄联盟有人开黑记得call我疫情被困在家里除了看看盘就是打打游戏了,02/10
英雄联盟为什么取消了回蓝瓶？英雄联盟,02/10
#2020LPL#我已为@LGD_英雄联盟送上奖杯，他是我心中的最强战队，快来和我一起为喜爱的战队加油吧！点击送奖杯↓O2020LPL战队势力榜,02/10
#英雄联盟举报#无限火力冰鸟无限w卡队友在泉水怎么弄？回城被w无限卡断怎么弄？想找个截图结果回放还回放不了，真的是服了。如果举报没用的话，那大家以后随机到冰鸟的时候都祸害队友去吧。,02/10
#2020LPL#我已为@LGD_英雄联盟送上奖杯，他是我心中的最强战队，快来和我一起为喜爱的战队加油吧！点击送奖杯↓O2020LPL战队势力榜,02/10
#王国机神贺新春#@英雄联盟同人拖延症末班车的娜美一枚~~祝福大家新的一年平平安安健康顺心,02/10
#英雄联盟#虎牙全明星阵容《仙剑奇侠传三》@霸哥a@虎牙芜湖神L塔莉垭的路的微博视频,02/10
最强六羁绊来临！守护神！云顶之弈#英雄联盟#守护神护甲加成：150%/300%/450%⇒150%/300%/999%,02/11
#英雄联盟#小智：解说小龙操作，好龙哥上了，龙哥被兰博烤熟了！L游戏主播日爆社的微博视频,02/11
#2020LPL#我已为@VG英雄联盟送上奖杯，他是我心中的最强战队，快来和我一起为喜爱的战队加油吧！点击送奖杯↓O2020LPL战队势力榜,02/11
卓定弟弟今天登顶国服(手子哥，永远滴神)小天：70ping冲第一(给他冲喽)英雄联盟,02/11
云顶之奕S2赛季以后，你讨厌哪些改动英雄联盟云顶之奕S2赛季以后，你讨厌哪些改动,02/11
【LOL新闻速递】关于职业选手的私人空间及感情问题，大家有什么看法呢？最近网络上关于BLG电子竞技俱乐部英雄联盟分部中单选手FoFo的不当个人言行，俱乐部进行了详尽的核实，核实情况和处理办法通告如下图所示：电竞菠菜人Djbcr658.com为电竞赛事加油助威，主播游戏盘已经开启，现在加入领取58体验金！参与竞猜，首单白嫖！#菠菜人电竞##电竞##LOL##BLG##英雄联盟#,02/11
电竞腥红之月阿卡丽cosplay（i_chios）#英雄联盟##LOL#,02/11
英雄联盟信仰-LOL2020《战士》CG自制实况,02/11
LOL《英雄联盟》众星之子索拉卡cosplay。,02/11
安妮诺提勒斯悟空皮肤新特效预览#英雄联盟#游戏晓酱#LOL#LLOL英雄联盟视频的微博视频,02/11
【必闻电竞聊天室】LPL百大经典战役系列中哪些比赛你记忆深刻________________________________英雄联盟#英雄联盟##必闻电竞聊天室#,02/11
@英雄联盟排位难上分给点建议,02/11
你可以永远相信你可爱的辅助哟，嘻嘻～#英雄联盟#,02/11
英雄联盟shg锐雯1v5，这波团战细节拉满了#游戏#L林浔·的微博视频,02/11
我正在快手看英雄联盟❤️小二的直播，一起来看！O英雄联盟❤️小二的快手直播,02/11
今天跟老朋友打了许久电话，他接电话的时候熟悉的键盘声我就知道他刚打完英雄联盟。我问他最近有进步吗，他跟我说还是有进步的，又问我怎么最近陆平川没有上线了一直都是黑的，我回答他说我不玩了，得考虑一下自己的未来了，不能总是打游戏了，我没有那个顶尖选手的天赋，总不能在家里天天玩游戏吧。电话那头沉默许久，声音略带了一丝沙哑的跟我说还记得两年前小学弟你刚来和我们参加高校比赛的模样，斗志昂扬的情绪如同旭日初升的朝阳般。我又问他还在打职业吗？他跟我说还想在最后努力一年，不想妥协，如果实在不行就放弃吧。我便鼓励了他一番结束了这个沉重的话题，和他扯了扯家常。结束通话后，我心情异常复杂，思绪飞速的回到了17岁那个年纪，好像对什么事情都充满着希望和向往，但我没有小明他们那种顶尖天赋，还是得回归普通人的生活轨道中，面对着柴米油盐的生活方式，因为我仅仅也是一个普通人。,02/12
#2020LPL#我已为@VG英雄联盟送上奖杯，他是我心中的最强战队，快来和我一起为喜爱的战队加油吧！点击送奖杯↓O2020LPL战队势力榜,02/12
我看我弟打游戏自己玩手机太无聊惹我弟打完英雄联盟说眼睛好痛然后拿起手机开始玩王者荣耀一边玩还一边给我当解说员然后还会吐槽队友技术垃圾给我讲什么人物各种东西其实我屁都不懂我不玩游戏但是我喜欢看别人打游戏hhhhhh,02/12
【#英雄联盟#】诺手：之前拿不到五杀，所以我出了金身复活甲，可事实就是这么残酷！L皇家通关师的微博视频,02/12
#英雄联盟#钻石分段锐雯五杀L游戏通关宝典的微博视频,02/12
没人懂我多么想打英雄联盟,02/12
#英雄联盟##云顶之弈#上分阵容月下剧毒水晶游侠掠食者主C老鼠可以考虑一手蒙多换炼金，八人口成型67血吃鸡，贼鸡儿稳,02/12
#2020LPL#我已为@VG英雄联盟送上奖杯，他是我心中的最强战队，快来和我一起为喜爱的战队加油吧！点击送奖杯↓O2020LPL战队势力榜,02/12
#英雄联盟#等到他回头的时候，就是反杀你的时候L提莫队长正准备待命的微博视频,02/12
狗妹想问一下铁汁们有没有见过那些一个英雄玩到千场次的玩家。什么一千场提莫，两千场瑞文，三千场蛮王。。难道不会腻的吗？#英雄联盟#,02/12
发布了头条文章：《PDD也是祖安玩家？自称喷人没输过，LBW也不行，但被1个人给制裁》#PDD##英雄联盟##lpl百大经典战役#OPDD也是祖安玩家？自称喷人没输过，LBW也不行，但被1个人给制裁,02/12
【#英雄联盟#】就喜欢这种摇摆的感觉，让敌人分不清南北，世人皆醉我独醒！#游戏红人秀#L皇家通关师的微博视频,02/12
在天赋上新增额外技能，你觉得以下哪个最实用英雄联盟,02/12
#英雄联盟#一进一退就能收割，在这方寸之地我能掌握乾坤！L英雄联盟超凡大师的微博视频,02/12
【GRF2:1SB】MVP毫无悬念给到了Ucal奇亚娜，完美大招锁定胜局。赛后数据如下图。#2020LCK##英雄联盟#英雄联盟,02/12
【三分钟赛事集锦】KTvsT1第二场双方PickKT：酒桶、赛纳、塔姆、剑魔、佐伊T1：奥恩、霞、洛、奥拉夫、维克托比赛开始5分钟酒桶配合佐伊击杀掉维克托，佐伊拿到一血。紧接着T1奥拉夫去上路gank击杀掉剑魔，KT塔姆TP上路支援也被击杀。10分钟T1上线再次击杀剑魔，KT佐伊支援上路闪现到奥拉夫脸上被击杀。最终T1带着大龙buff直接推掉高地赢下今日比赛！应用商店搜索Score，更多精彩比赛视频数据随时观看#英雄联盟##赛事三分钟##2020LCK#LScore赛高的微博视频,02/13
我正在快手看英雄联盟❤️小二的直播，一起来看！O英雄联盟❤️小二的快手直播,02/13
【#英雄联盟#】进一步开疾跑怒砍光头，退一步冲泉水勇助五杀！#游戏红人秀#L皇家通关师的微博视频,02/13
消遣一下~头昏脑涨，睡觉睡觉……LOL#英雄联盟##游戏##临夏##甘肃#,02/13
人民卫士#抗击新型肺炎我们在行动##武汉加油#祖国忠诚卫士维稳尖兵@人民武警抗击疫情，我们有英雄联盟武汉加油！中国加油！L户外蜀黍的微博视频,02/13
我，内瑟斯，我不是混子。#英雄联盟##无限火力#L韩大宝很强的微博视频,02/13
#英雄联盟#移动工具人L游戏通关宝典的微博视频,02/13
#2020LPL#我已为@LGD_英雄联盟送上奖杯，他是我心中的最强战队，快来和我一起为喜爱的战队加油吧！点击送奖杯↓O2020LPL战队势力榜,02/13
女孩子玩任何游戏都会很在意颜值的哈哈哈#英雄联盟#L一颗星刹车的微博视频,02/13
你最想哪位游戏角色陪你过情人节英雄联盟,02/13
#英雄联盟#残血了，血怒了，打野来抓了，也是时候开始操作了，别都吓跑了！L英雄联盟超凡大师的微博视频,02/13
买吗？#英雄联盟#,02/13
#英雄联盟#你强任你强！遇上张良的控真滴哭了！L游戏主播日爆社的微博视频,02/13
#英雄联盟#感谢官方取消金铲铲,02/13
#2020LPL#我已为@LGD_英雄联盟送上奖杯，他是我心中的最强战队，快来和我一起为喜爱的战队加油吧！点击送奖杯↓O2020LPL战队势力榜,02/13
LPL百大经典战役，王牌选手逆天时刻英雄联盟,02/14
情人节快乐#英雄联盟##情人节#,02/14
喜迎六连胜~LOL#英雄联盟##游戏##临夏##甘肃#,02/14
老子为了你努力学习英雄联盟下nm个steam现在打游戏卡得要死当时硬要睡前和我玩一把的是你在我玩游戏私信我的是你现在爱理不理的也是你呵呵滚吧,02/14
英雄联盟网一找个只玩打野的朋友一起玩匹配或者灵活我们上中下都有经常一起玩就是缺少个jug正常点的来就行了反正就是开心玩游戏组个队伍一起玩主要是灵活吧有的话可以留个联系方式现在都出不了门每天下午晚上都玩下面是之前打的排位的战绩图不然没人来.....我们都不菜的正常点的来就行了一起上分一起进步,02/14
#LOL大腿##英雄联盟#不大后排算我输！这亚索团战必秒后排！L我是大腿快来抱的微博视频,02/14
小饱看了都哭了，希望设计师可以按照这个将泰坦加强！#英雄联盟##lol#L英雄联盟游戏台的微博视频,02/14
英雄联盟之枪炮粗品薇恩无伤打野教学教野怪做人L枪炮粗品-薇恩无伤打野教学!教野怪做人!,02/14
#2020LPL#我已为@eStar英雄联盟分部送上奖杯，他是我心中的最强战队，快来和我一起为喜爱的战队加油吧！点击送奖杯↓O2020LPL战队势力榜,02/14
抓住情人节的尾巴，送你们一份情人节礼物。你们的魔法少女厄加特女友拿走！#英雄联盟##情人节#,02/14
我正在快手看LoL英雄联盟-老崔诺手的直播，一起来看！#记录世界记录你#OLoL英雄联盟-老崔诺手的快手直播,02/14
如果让我二选一，我毫不犹豫选择媳妇儿；英雄联盟，我弃坑了，再见！#放弃英雄联盟#,02/14
头像自取qwq抓住情人节的尾巴_(:з」∠)_摸了个金克丝喜欢的炫彩太多不知道画哪个好悄悄艾特一下反正也不会被翻@英雄联盟同人#英雄联盟##lol##金克丝##jinx##没有暴走的##暴走萝莉##LOL情人节#,02/14
我正在快手看英雄联盟-棋王欧了的直播，一起来看！#记录世界记录你#O英雄联盟-棋王欧了的快手直播,02/14
没有花这刹那被破坏吗，无野火都会温暖吗，无烟花一起庆祝好吗.....皇马，巴萨，尤文，电竞，黄环球详解五大联赛，西甲，意甲，法甲，德甲，中超，英超，英冠，欧联杯，欧洲杯，欧冠杯，NBA，CBA，欧洲篮球联赛，世预赛，国际友谊赛，法国杯，英甲，足球，篮球，英雄联盟，LPL春季赛，王者荣耀，C罗，梅西，内马尔，霍华德，詹姆斯，戴维斯，水花兄弟，库里，哈登，湖人总冠军为何不浪漫亦是罪名，为何不轰烈是极坏事情，从来未察觉我每个动作，没有声都有爱你的挚证。O网页链接,02/14
#2020LPL#我已为@VG英雄联盟送上奖杯，他是我心中的最强战队，快来和我一起为喜爱的战队加油吧！点击送奖杯↓O2020LPL战队势力榜,02/15
#2020LPL#我已为@VG英雄联盟送上奖杯，他是我心中的最强战队，快来和我一起为喜爱的战队加油吧！点击送奖杯↓O2020LPL战队势力榜,02/15
还不知道怎么玩儿超话？我都在英雄联盟超话是LV.5啦，还获得了初见美名头衔，来英雄联盟找我聊天，我来给你划重点~✌️,02/15
#英雄联盟#冰女交冰爪想杀宝石，大司马维克托疾跑一开拿双杀L英雄联盟超凡大师的微博视频,02/15
#2020LPL#我已为@LGD_英雄联盟送上奖杯，他是我心中的最强战队，快来和我一起为喜爱的战队加油吧！点击送奖杯↓O2020LPL战队势力榜,02/15
#英雄联盟#L花落飘肩的微博视频,02/15
#2020LPL#我已为@VG英雄联盟送上奖杯，他是我心中的最强战队，快来和我一起为喜爱的战队加油吧！点击送奖杯↓O2020LPL战队势力榜,02/15
英雄联盟有吗L用户7045212636的微博视频,02/15
#2020LPL#我已为@VG英雄联盟送上奖杯，他是我心中的最强战队，快来和我一起为喜爱的战队加油吧！点击送奖杯↓O2020LPL战队势力榜,02/15
#英雄联盟##lol#余小C究竟有多贪？想逃跑却已经来不及，遭惨对手4枪打爆L诸神的精彩瞬间的微博视频,02/15
刚才看了几个视频有点小感慨，有没有人将英雄联盟拍成电影的意向啊，特别是关于LPL的，2018年洲际赛，亚运会S赛感觉都很不错的素材啊，要热血有热血，要流量有流量的。zz1tai#uzi#@英雄联盟,02/15
我要蓝色球球！！你们欺骗消费者！！！！！@英雄联盟,02/15
#2020LPL#我已为@VG英雄联盟送上奖杯，他是我心中的最强战队，快来和我一起为喜爱的战队加油吧！点击送奖杯↓O2020LPL战队势力榜,02/15
#2020LPL#我已为@VG英雄联盟送上奖杯，他是我心中的最强战队，快来和我一起为喜爱的战队加油吧！点击送奖杯↓O2020LPL战队势力榜,02/15
#2020LPL#我已为@VG英雄联盟送上奖杯，他是我心中的最强战队，快来和我一起为喜爱的战队加油吧！点击送奖杯↓O2020LPL战队势力榜,02/15
#英雄联盟##阿卡丽##真实伤害#涂一涂，画一画TRUEDAMAGEAKALI,02/16
喜大普奔！○(＾皿＾)っHiahiahia…我在英雄联盟超话等级达到LV.4，获得小有名气头衔，快来英雄联盟夸我优秀！,02/16
#英雄联盟手游#,02/16
#2020LPL#我已为@VG英雄联盟送上奖杯，他是我心中的最强战队，快来和我一起为喜爱的战队加油吧！点击送奖杯↓O2020LPL战队势力榜,02/16
#英雄联盟##lol#余小C对线上头了？越塔强杀武器大师，事后反遭对手嘲讽！L诸神的精彩瞬间的微博视频,02/16
英雄联盟手游这得什么时候啊,02/16
连续玩了十几二十天的游戏再见了，曾陪伴我度过了大半个大学和小半个研究生生涯的英雄联盟再见了，曾经那些青葱岁月，那些一同在峡谷里畅游的召唤师们踏入江湖岁月催，归来不再是少年好好学习，好好工作，好好生活，早日实现财富自由！,02/16
#2020LPL#我已为@VG英雄联盟送上奖杯，他是我心中的最强战队，快来和我一起为喜爱的战队加油吧！点击送奖杯↓O2020LPL战队势力榜,02/16
我今年还能玩上英雄联盟吗,02/16
英雄联盟你别牛（昨晚到今晚的匹配，或许这就是成长吧）,02/16
分享一个我的经典回答《英雄联盟》霞会下蛋吗?👉O网页链接来源：@知乎,02/16
#英雄联盟##LOL大腿#选VN就会输？看看高手VN都是如何操作的！L我是大腿快来抱的微博视频,02/16
#2020LPL#我已为@VG英雄联盟送上奖杯，他是我心中的最强战队，快来和我一起为喜爱的战队加油吧！点击送奖杯↓O2020LPL战队势力榜,02/16
英雄联盟太难了！！！太难了！,02/16
#2020LPL#我已为@VG英雄联盟送上奖杯，他是我心中的最强战队，快来和我一起为喜爱的战队加油吧！点击送奖杯↓O2020LPL战队势力榜,02/16
发布了头条文章：《S9冠军中单带RNG新打野竟双双超鬼，是doinb太菜还是小龙堡不行？》#FPX##英雄联盟##Doinb#OS9冠军中单带RNG新打野竟双双超鬼，是doinb太菜还是小龙堡不行？,02/17
#2020LPL#我已为@LGD_英雄联盟送上奖杯，他是我心中的最强战队，快来和我一起为喜爱的战队加油吧！点击送奖杯↓O2020LPL战队势力榜,02/17
韩国画师팬텀크로自行绘制了一组英雄联盟主题扑克牌，作品此前在Reddit广受好评，目前作者已经联系拳头，希望能够得到授权发布,02/17
萌新来报道，希望英雄联盟超话里的大佬多多支持！超话传送门→http://t.cn/z82P6Lp,02/17
【LOL新闻速递】Doinb诉苦：最近很累身体很不舒服而且还瘦了来自Doinb的心里话：最近很累身体很不舒服而且还瘦了，之前一个月回一次家现在每天都在家里...并且每天吃那么多东西而且还瘦了不觉得很奇怪吗？终于可以回基地了很开心，每天晚上终于能好好休息了。晚上播到凌晨4点，下播之后还要看比赛，看完比赛还要锻炼身体，有点难受，真的一滴都没有了！电竞菠菜人Djbcr658.com为电竞赛事加油助威，主播游戏盘已经开启，现在加入领取58体验金！参与竞猜，首单白嫖！#菠菜人电竞##电竞##英雄联盟##LOL#doinb,02/17
【英雄联盟】龙血武姬cosplay。,02/17
@英雄联盟超话游戏吵嘴很正常。情绪上来了都会吵几句。但是这个人这么说是什么意思武汉怎么了。火神山怎么了？这都是值得我们骄傲尊重的地方。他把这个当作一种侮辱词汇。@武汉网警巡查执法希望能有人教育一下这种人如何尊重他人。,02/17
#2020LPL#我已为@LGD_英雄联盟送上奖杯，他是我心中的最强战队，快来和我一起为喜爱的战队加油吧！点击送奖杯↓O2020LPL战队势力榜,02/17
来斗鱼看英雄联盟；众多好礼等你来拿O网页链接来自#斗鱼#全球领先的综合直播平台！,02/17
#英雄联盟超话#王校长那个眼的皮肤下架了？,02/17
来斗鱼看英雄联盟；众多好礼等你来拿O网页链接来自#斗鱼#全球领先的综合直播平台！,02/17
昨日赛果回顾，LCK第二周的比赛到这里就结束了，DWG以2：0轻松战胜经验宝宝KT；T1以2：1战胜银河战舰Gen.G;目前积分榜排名如下，DRX净胜4场，积分5，排名第一，Gen.G积分4排名第二，T1积分3排名第三，APK和KT一场未胜，-6积分包揽倒数前二。#英雄联盟##游戏#,02/17
每次听老公讲英雄联盟炉石传说里面的东西逻辑性极强还带规律总结似的认知表达的时候，就觉得他好沉着冷静又酷炫喔✨嘻嘻别的女孩子炒鸡不喜欢老公打游戏可能也是因为他们老公没有数但我老公超级好的呀喜欢这些东西但是从不会因为他们忽略到宝宝，也不会耽误自己重要的事情所以有什么不放心不支持的呢尽管喜欢但从没有在宝宝面前玩过记得只在长S见过他玩，老婆要做什么时，还会主动退出游戏陪老婆，也不会因为贪玩忘记对老婆的承诺，从没有因为这些减少对老婆的陪伴和🪐还可以给老婆讲这些我从没有了解过的新奇小故事真可爱呀,02/17
#英雄联盟#Doinb发现糖小幽LOL账号跟一个人多次双排！直播间满屏的绿了LLOL-英雄联盟视频的微博视频,02/17
【助手哥晚安话题】近期不少小伙伴都开始在线上上课，都在家里上网课，大家在家里上课的时候会不会偷偷的打游戏嘞英雄联盟#助手哥夜谈#大家在家里上课的时候会不会偷偷的玩游戏呢？,02/17
2020英雄联盟职业联赛春季赛O网页链接,02/18
大家最近在看哪些有趣的主播？互相推荐一下#英雄联盟夜聊#,02/18
英雄联盟屏幕小了点，但是网吧没开门LCat小迷弟的微博视频,02/18
#2020LPL#我已为@VG英雄联盟送上奖杯，他是我心中的最强战队，快来和我一起为喜爱的战队加油吧！点击送奖杯↓O2020LPL战队势力榜,02/18
嘿，鱼骨头我们该引爆些东西么！#英雄联盟##cosplay##金克斯#,02/18
#2020LPL#我已为@VG英雄联盟送上奖杯，他是我心中的最强战队，快来和我一起为喜爱的战队加油吧！点击送奖杯↓O2020LPL战队势力榜,02/18
我提出了问题“无限火力开到什么时候?”O无限火力开到什么时候?#英雄联盟#,02/18
#2020LPL#我已为@VG英雄联盟送上奖杯，他是我心中的最强战队，快来和我一起为喜爱的战队加油吧！点击送奖杯↓O2020LPL战队势力榜,02/18
#Faker续约##Faker成为T1股东#传奇电竞选手Faker已经迎来了他在T1（SKT）的第8年，今天T1官方宣布，与Faker完成续约，Faker将以选手及合作伙伴的身份与T1并肩作战！英雄联盟LT1_Official的微博视频,02/18
英雄联盟我是真的服nmd🐎服，lznmd一个劝架的就说了句都少bb两句，你警告lz不正当发言?我tm真的服了这sb🐎服。另一局我玩个泰坦，看到js开r杀人后还冷静跑开w回血，开玩笑说了句绝对是挂(狗头)，结果nm又警告我违规发言?tmd本来我都不想说脏话的，你这服务器是真的垃圾，谁tm在哪里乱喷不知道?lz打这么多年lol就没怎么主动骂过人，更不会主动先说脏话，我真tmd服了,02/18
O网页链接来斗鱼看英雄联盟；众多好礼等你来拿,02/18
#2020LPL#我已为@VG英雄联盟送上奖杯，他是我心中的最强战队，快来和我一起为喜爱的战队加油吧！点击送奖杯↓O2020LPL战队势力榜,02/18
✨一条置顶🎀这儿小羊(ꐦ´͈ᗨ`͈)162cm（我不管我就有这么高），95斤💖甜娘，粉色控，今年是入lo坑的第六年啦~也喜欢把jk制服穿出软妹服的感觉✨长得丑，照片一般都是美图秀秀p的，贴纸是wecut（强推！）英雄联盟主区在黑色玫瑰和班德尔城，一区和征服之海也有号_(:τ」∠)_，主玩ad和中单的，喜欢和脾气好的小姐姐扯扯皮~,02/18
#2020LPL#我已为@VG英雄联盟送上奖杯，他是我心中的最强战队，快来和我一起为喜爱的战队加油吧！点击送奖杯↓O2020LPL战队势力榜,02/18
英雄联盟你闻起来像烧焦了一样！L电竞综合快报的微博视频,02/18
玩了一晚上英雄联盟玩的我头疼这游戏上头啊～～#玩游戏崩溃的瞬间#,02/19
#英雄联盟##LOL#来了来了，他带着最强的组合向我们走来了！L游戏动感地带的微博视频,02/19
O网页链接来斗鱼看英雄联盟；众多好礼等你来拿,02/19
今天因为uzi和龙哥与弟弟展开了激烈的讨论。果然让弟弟认同另一个男生（他姐夫@朱一龙）最直接的办法就是向他（弟弟）展示他（龙哥）对于游戏的热爱。和弟弟一起看龙哥看英雄联盟决赛的视频，肉眼可见的弟弟对于龙哥的认同感上升,02/19
【#英雄联盟#】没有视野你敢乱蹲人吗，血的教训！L皇家通关师的微博视频,02/19
【LCK英雄联盟赛事精华Gama2】GEN.GvsHLEL傲娇小仙女电竞菲菲的微博视频,02/19
LOL里谁是富二代？#英雄联盟#,02/19
无内鬼，小GO献上深夜福利英雄联盟#lol##魔法少女#大家觉得魔法少女厄加特可爱吗？,02/19
我正在快手看英雄联盟-猩猩诺手的直播，一起来看！O英雄联盟-猩猩诺手的快手直播,02/19
#英雄联盟##亚索#瞎子摸眼回旋踢qr闪行云流水亚索二级e小兵在敌方穿梭自如妖姬两段w在野区秀得敌人牙痒痒沙漠皇帝eq二连我能推五个薇恩一把羊刀+攻速鞋我能1V5德莱文蛇皮走位一刀一个小朋友光辉猥琐一局三条大龙收入囊中小提莫隐身偷家扭转战局反败为胜狮子狗野区一霸谁喷就让他出不了泉水螳螂蜻蜓点水直取ad首级梦魇开大灯亮之后敌我4V5铁男一言不合就关小黑屋一顿暴打其实这些我都不会，我就会吹牛皮英雄联盟的意义在于快乐，在于团结合作，这是一个团队游戏，一人的快乐不值一提。打得了逆风局这才叫英雄联盟。虽然我一波兵漏五个但我依然快乐！O你现在的英雄联盟技术水平怎么样？,02/19
【LCK英雄联盟赛事精华Gama1】GEN.GvsHLEL傲娇小仙女电竞菲菲的微博视频,02/19
#扑妹杂谈#平常你习惯怎么称呼选手#上虎扑关注英雄联盟#,02/19
#英雄联盟##lol#康特之神洞主惨遭制裁，网友：你刚说你是什么神来着L诸神的精彩瞬间的微博视频,02/19
玩个英雄联盟，上路一打二反杀两个，下路打一个都打不过，服了,02/19
这个ID是认真的吗？我们四个已经全部举报了，但还是越想越气重新打开电脑截图发微博，不知道有没有用，希望能够尽快处理吧。我不知道是什么样的脑子才能想出取这个名字，根本不知道尊重两个字怎么写吧@英雄联盟@腾讯公司#武汉日记##武汉#,02/19
发布了头条文章：《英雄联盟：最容易拿5杀的英雄，一半以上都是诺克萨斯阵营的！》。。。#最容易拿5杀的英雄##5杀##德莱文##卡特##派克##诺手##英雄联盟#O英雄联盟：最容易拿5杀的英雄，一半以上都是诺克萨斯阵营的！,02/20
游戏陪玩要不要了解一下下~英雄联盟lol，吃鸡绝地求生，王者荣耀，和平精英刺激战场，以上游戏会打一个就可以来(*•̀ᴗ•́*)و̑̑20-30/h，有会费介意勿扰不用全天在线，只要你有时间就可以打单，随时随地都能赚钱，没有段位要求和限制，人皮话多的小姐姐这就是属于你的小金库！#和平精英##英雄联盟##绝地求生##lol##王者荣耀#王者荣耀和平精英#O网页链接#,02/20
#英雄联盟#Faker玩瞎子抢大龙，惩戒比康帝离谱，还抢到了L英雄联盟超凡大师的微博视频,02/20
#英雄联盟#星际争霸2：英雄联盟和绝地求生玩腻了？来玩玩更硬核的星际2吧O星际争霸2：英雄联盟和绝地求生玩腻了？来玩玩更硬核的星际2吧,02/20
如何用一句话激怒打野玩家英雄联盟,02/20
关于faker大魔王的一些梗，你知道多少？#电竞播报##faker##英雄联盟##LOL#L电竞召唤师的微博视频,02/20
#英雄联盟##竞技游戏##LOL#盲僧的“R”键，应该被扣了吧【素材来源网络侵权私信删】L电竞小头的微博视频,02/20
#无限乱斗延长##英雄联盟#很久没有玩了，以前玩琴女五杀过O英雄联盟无限乱斗延长，你最想用哪个英雄一战到底？,02/20
#2020LPL#我已为@VG英雄联盟送上奖杯，他是我心中的最强战队，快来和我一起为喜爱的战队加油吧！点击送奖杯↓O2020LPL战队势力榜,02/20
#2020LPL#我已为@VG英雄联盟送上奖杯，他是我心中的最强战队，快来和我一起为喜爱的战队加油吧！点击送奖杯↓O2020LPL战队势力榜,02/20
#2020LPL#我已为@LGD_英雄联盟送上奖杯，他是我心中的最强战队，快来和我一起为喜爱的战队加油吧！点击送奖杯↓O2020LPL战队势力榜,02/20
好大一只塞拉斯#英雄联盟#,02/20
#英雄联盟最佳电竞#,02/20
来赌一波三星劫？#英雄联盟#,02/20
弟弟想放弃高中打电竞，要支持吗?#英雄联盟##LOL#,02/20
#2020LPL#我已为@VG英雄联盟送上奖杯，他是我心中的最强战队，快来和我一起为喜爱的战队加油吧！点击送奖杯↓O2020LPL战队势力榜,02/21
#2020LPL#我已为@VG英雄联盟送上奖杯，他是我心中的最强战队，快来和我一起为喜爱的战队加油吧！点击送奖杯↓O2020LPL战队势力榜,02/21
#英雄联盟#韩服第一亚索PzZZang团战镜头，全是细节怪！L英雄联盟超凡大师的微博视频,02/21
O网页链接来斗鱼看英雄联盟；众多好礼等你来拿,02/21
来斗鱼看英雄联盟；众多好礼等你来拿O网页链接来自#斗鱼#全球领先的综合直播平台！,02/21
#英雄联盟##LOL#一个嘲讽引发的血案，这螳螂是怎么做到的？L游戏动感地带的微博视频,02/21
【PCS官宣：2月29日开赛新队伍MachiEsports加入】我们很荣幸的宣布2020LOLPCS春季赛将于2020年2月29日开赛。联盟将会持续确保战队与工作人员的健康与防疫安全，同时遵守目前各区域的旅行限制。最后我们也欢迎来自台北的MachiEsports作为第10支队伍重返英雄联盟职业电竞联赛参加PCS。希望喜爱电竞的玩家们，能跟我们一起帮所有的PCS队伍加油！cr.FB-PCS#英雄联盟#【素材来源网络侵权私信删】,02/21
#2020LPL#我已为@VG英雄联盟送上奖杯，他是我心中的最强战队，快来和我一起为喜爱的战队加油吧！点击送奖杯↓O2020LPL战队势力榜,02/21
#英雄联盟#英雄联盟爆炸伤害瞬间秒杀L你是我的本名英雄的微博视频,02/21
#英雄联盟#这狼人抓错了人！真的是笑死我了！L电竞赛事大围观的微博视频,02/21
英雄联盟也崩了？？？？？还是只有我的崩了？？？？,02/21
一场疫情荒废了篮球打上了网游以前每天打篮球现在每天英雄联盟窝凑吃野味的748,02/21
#2020LPL#我已为@LGD_英雄联盟送上奖杯，他是我心中的最强战队，快来和我一起为喜爱的战队加油吧！点击送奖杯↓O2020LPL战队势力榜,02/21
守望先锋和英雄联盟这是一个问题,02/21
【LPL百大经典战役2015MSISKTvsEDG】看到一个好玩的，米勒当时解说激动：关键是Easyhoon发条大招拉空了，非常漂亮！#英雄联盟##lpl百大经典战役#L靠谱电竞的微博视频,02/21
#2020LPL#我已为@VG英雄联盟送上奖杯，他是我心中的最强战队，快来和我一起为喜爱的战队加油吧！点击送奖杯↓O2020LPL战队势力榜,02/22
#2020LPL#我已为@VG英雄联盟送上奖杯，他是我心中的最强战队，快来和我一起为喜爱的战队加油吧！点击送奖杯↓O2020LPL战队势力榜,02/22
#2020LPL#我已为@VG英雄联盟送上奖杯，他是我心中的最强战队，快来和我一起为喜爱的战队加油吧！点击送奖杯↓O2020LPL战队势力榜,02/22
抖音太懂我了已经给我推了几首打拳神歌了hard风格的太炸了harecore200bpm直接起飞这个英雄联盟主题曲整挺好原地复活今日单曲循环,02/22
【#英雄联盟#】韩服女主播第一次拿五杀，在线COS大嘴！L畅游召唤师峡谷的微博视频,02/22
Mlxg峡谷撞车小虎，看我打不打你就完事儿了#英雄联盟#L打野的微博视频,02/22
最近情绪真的太差了打个英雄联盟排位都能打到情绪崩溃,02/22
UNINEl#李振宁深得我心#小可爱投稿李振宁x英雄联盟『给我一把好刀，再给我一个目标就行了，他们谁都别想阻止我。』“迅猛又致命”我自己做主，想怎样就怎样。@UNINE_李振宁cr：是你的圈圈呀xxLUNINE资源博的微博视频,02/22
【Perkz发推：还不增强塞拉斯啊？】G2战队的中单选手Perkz关于版本改动表达了自己的想法：“增强一下塞拉斯对小兵的伤害吧，要不然还是玩不了。#英雄联盟##2020LEC#【素材来源网络侵权私信删】,02/22
【#英雄联盟#】北美第一刀妹TFBlade，贾克斯爆锤奥恩L畅游召唤师峡谷的微博视频,02/22
请用一句话证明你是《英雄联盟》老玩家,02/22
英雄联盟最鬼畜的英雄L我不叫肉丸的微博视频,02/22
【助手哥晚安话题】最近有不少的兄弟给助手哥介绍了方便面的多种吃法，其中有一种花里胡哨的就是鸡蛋炒肉炒方便面大家觉得方便面如果不是煮的，还可以有哪些吃法呢？（能炒东西了谁还吃方便面啊）#英雄联盟##助手哥夜谈#,02/22
#游戏#在英雄联盟里，你有什么可豪横的#LOL豪横操作#Lmlxgzzz的微博视频,02/22
打团跑那么快是要去参加你🐴的葬礼吗？#骂架##英雄联盟##王者荣耀骂人语录#,02/22
#LOL大腿##英雄联盟#有些队友从一开始就应该卖了，知道吗？L我是大腿快来抱的微博视频,02/23
EDGEDG突然发现过了年，再过几个月就24了，玩英雄联盟的时间越来越少，从一个喜欢打野位置的玩家变成了一个偶尔下棋的选手，意识操作都有所下降了。最近想了很多，才发现自己过去的那些年，没有什么特别值得铭记的事情，唯一可以记住的就是EDG。我没有漏掉从14年建队开始的所有比赛，每位队员，商城里的每个EDG头像，螳螂的皮肤。我庆幸在这短短的几十年生命中遇见了英雄联盟这款游戏，遇见了EDG这支队伍。我的青春里，没有那么多狗血剧情，唯一有的只有EDG，数不尽的胜利和荣誉，每一位队员的精彩发挥，以及输掉比赛的不甘心。如果可以的话，我想见证EDG的世界冠军，让我的青春可以完美收尾，这是我的信仰。,02/23
#2020LPL#我已为@VG英雄联盟送上奖杯，他是我心中的最强战队，快来和我一起为喜爱的战队加油吧！点击送奖杯↓O2020LPL战队势力榜,02/23
《撸时代》第5集，《撸时代》是一部描述时下年轻大学生日常生活的国产动漫，以火热的竞技游戏《英雄联盟》为切入，把大学生们所有会遇见的蠢事和妄想用动漫的形式展现给大家。L撸时代第一季第5集,02/23
"【LCK嘉宾和解说心中的超级阵容】LCK翻译KevinKim更推发布了LCK嘉宾和解说心中的超级阵容：Bitdory:Kiin,Spirit,Chovy,Viper,LehendsKangQui:Kiin,Spirit,Faker,Deft,LehendsKimDong-jun:Kiin,Clid,Chovy,Deft,LehendsCloudTemplar:Kiin,Clid,Chovy,Deft,Lehend#英雄联盟#【素材来源网络侵权私信删】",02/23
来斗鱼看英雄联盟；众多好礼等你来拿O网页链接来自#斗鱼#全球领先的综合直播平台！,02/23
#2020LPL#我已为@VG英雄联盟送上奖杯，他是我心中的最强战队，快来和我一起为喜爱的战队加油吧！点击送奖杯↓O2020LPL战队势力榜,02/23
来斗鱼看英雄联盟；众多好礼等你来拿O网页链接来自#斗鱼#全球领先的综合直播平台！,02/23
今日份战绩……#游戏人生##游戏##临夏##甘肃#LOL#英雄联盟#,02/23
来斗鱼看英雄联盟；众多好礼等你来拿O网页链接来自#斗鱼#全球领先的综合直播平台！,02/23
#英雄联盟#PDD：无限火力之骚猪受虐记，从来没死过这么多次！L英雄联盟超凡大师的微博视频,02/23
我也好想能写出好的故事被你看到@英雄联盟宇宙#英雄联盟宇宙#,02/23
#2020LPL#我已为@VG英雄联盟送上奖杯，他是我心中的最强战队，快来和我一起为喜爱的战队加油吧！点击送奖杯↓O2020LPL战队势力榜,02/23
【英雄研究院】全网最细，偷钱流琴女套路的正确玩法（via冬雨QAQ）#英雄联盟#游戏晓酱#LOL#LLOL英雄联盟视频的微博视频,02/23
我在王者局#英雄联盟#,02/23
#2020LPL#我已为@VG英雄联盟送上奖杯，他是我心中的最强战队，快来和我一起为喜爱的战队加油吧！点击送奖杯↓O2020LPL战队势力榜,02/25
这几天心情总在难过生气两种情绪之间来回切换，只有在和一群憨憨一起玩游戏时才能忘却烦恼了，相当于听别人讲相声……今天改邪归正重回老本行打辅助去了所以晚上狂玩璐璐…希望英雄联盟多出一些璐璐的皮肤啊！！！今年冰雪节的都没开，别遗忘了这个小可爱！！,02/25
呆妹儿把南波儿介绍给智勋，却被智勋怼的遍体鳞伤！英雄联盟L英雄联盟钻石大师的微博视频,02/25
#英雄联盟#英雄联盟：ESPN发布战队排行，SKT老板说没有LPL的排名没意义O英雄联盟：ESPN发布战队排行，SKT老板说没有LPL的排名没意义,02/25
#LOL大腿##英雄联盟#细节决定成败，单杀绝非偶然！L我是大腿快来抱的微博视频,02/25
英雄联盟：十大ADC暴躁输出，顶尖AD个个都像UZI当刺客打？设计师：ADC这么强，还得削啊！LLOL老灰的微博视频,02/25
#2020LPL#我已为@LGD_英雄联盟送上奖杯，他是我心中的最强战队，快来和我一起为喜爱的战队加油吧！点击送奖杯↓O2020LPL战队势力榜,02/25
IG新下路这辅助锤石有点强，期待春季赛#英雄联盟#  【素材来源网络侵权私信删】L电竞小头的微博视频,02/25
#英雄联盟#中野保下Uzi本命VN完美发育难挡失利，事后一语让人扎心O中野保下Uzi本命VN完美发育难挡失利，事后一语让人扎心,02/25
英雄联盟假如让英雄联盟的英雄去送外卖哪个会月入过万呢？1：慎.2：卡牌.梦魇.瑞兹.加里奥.潘生3：龙王.龙龟.人马.乌迪尔.鸟姐我觉得梦魇最快没人反驳吧，你们觉得呢？,02/25
【奇怪的辅助攻略：钻石扎克辅助带你上分】原贴链接：O网页链接英雄联盟#上虎扑关注英雄联盟#,02/25
翻了下我小号的发言吗的我嘴怎么这么臭是英雄联盟造就了我,02/25
#2020LPL#我已为@VG英雄联盟送上奖杯，他是我心中的最强战队，快来和我一起为喜爱的战队加油吧！点击送奖杯↓O2020LPL战队势力榜,02/25
#日常##英雄联盟#太猛了我的亚索超级逆风翻盘之无敌亚索绝了！我都该去打职业,02/25
蓝buff：感谢寒冰老铁送来的穿云箭！#英雄联盟#,02/25
@拳头游戏亲爱的拳头游戏：您好！我是一名英雄联盟玩家，S3就开始玩到现在。因为玩的菜，经历了不少人身攻击。队友的素质总是能令我心态不好。可是如果选择屏蔽队友，又怕漏掉重要信息，导致我失去游戏的胜利。所以衷心建议英雄联盟出一个可以由玩家自己设定的屏蔽关键字出现的那句话的功能。最好还能特别地屏蔽队友‘××英雄存活’还有‘敌人不见踪影’的标记。因为队友的举动会很大地影响到女玩家的玻璃心。很抱歉打扰您了。祝联盟越来越好！,02/26
发布了头条文章：《电竞选手收入排行出炉！Uzi不敌宁王宝蓝，排名两百开外真的离谱》#英雄联盟##Uzi##宝蓝#O电竞选手收入排行出炉！Uzi不敌宁王宝蓝，排名两百开外真的离谱,02/26
【#英雄联盟#】一级卡住Q技能的CD，锐雯就能为所欲为。#游戏红人秀#L皇家通关师的微博视频,02/26
怀念2017年3月到5月玩狼人杀打英雄联盟的日子5月底虽然有一点不开心但是六月份我终身怀念！虽然很热但是真的很开心,02/26
你以为马老师菜，其实都是为了节目效果#英雄联盟##LOL#L电竞练习生的微博视频,02/26
LOL赛事官推又发了一组过去和现在的对比图，Sneaky以前就很嫩，Caps看起来好青涩！第二位是G2老板，第三位是Aphromoo。#英雄联盟#,02/26
宝蓝的自我救赎：你可以说我打得烂，但是你上你真不行#英雄联盟超话#【素材来源网络侵权私信删】L电竞小头的微博视频,02/26
【Scout&Haro爆笑双排：过几天一群钻石崽上去打比赛】Haro：没有电脑(应该是训练电脑)啥的，每天打几局就看电视看韩剧，过几天就要打比赛了，一群钻石崽上去打比赛，一群钻石带师。“明凯没回来吧？杰杰呢？打野呢？”“没回来啊，回来不了，还有打野，我们有三个，明凯在武汉OB。”Haro：基地怎么这么安静？Scout：隔离啊，一个人一个房间。Haro：那你很爽啊，你还在那叫什么叫。Scout：我不爽！Scoutharo#英雄联盟#L兔玩游戏的微博视频,02/26
喜欢了好多年的韩国组合：【《英雄联盟》“大龙”现身上海凶悍长相竟受到市民喜爱】“魔都”上海是个什么都有可能出现的地方。除了早前砸落在陆家嘴的《魔兽世界》血吼外：跳舞唱歌都超棒……KBrandNew-神话、《BrandNew》神话！,02/26
英雄联盟这个辣鸡游戏浪费时间，浪费青春，浪费生命。果断卸载，珍爱生活。,02/26
【官宣！#英雄联盟全球总决赛不受影响#】2月26日下午2:00，上海举行新闻发布会，会上提到将全力办好英雄联盟全球总决赛S10等重大赛事，并正在积极部署新一轮的国际头部赛事落沪。O线下电竞受影响，英雄联盟全球总决赛还办#上海战疫#L澎湃新闻的微博视频#上海正全力筹办S10#,02/26
#O网页链接#团队现在需要游戏陪玩小姐姐🙋有会费介意勿扰20-50+每小时🙋一单一结不拖工资🙋会绝地求生吃鸡，英雄联盟lol，云顶之奕，和平精英，王者荣耀🙋我不骗人，就这样#王者荣耀##英雄联盟##和平精英##游戏陪我##云顶之奕##比心##比心陪玩#,02/26
#英雄联盟#@英雄联盟同人#LOL情人节#画了维鲁斯。嘴上说着要画要画，没想到就真的画了这个皮肤。,02/26
【逢年过节胖三斤！当LOL的英雄们变成萌萌哒Q版胖纸】俗话说得好，逢年过节胖三斤，虽然现在还没到最适合大吃大喝的春节，但是相信各位在刚刚过去的圣诞节和元旦也没少吃吧。这一点就连游戏中的角色们都不能幸免，来欣赏下这组Q弹的胖版《英雄联盟》同人画作吧，有没有“同病相怜”的感觉呢？,02/26
#英雄联盟#Doinb激情开麦，我还是喜欢听三语rapL电竞圈那些事的微博视频Auther:电竞圈那些事,02/26
【死亡颂唱者：Uzi激情献（对）唱（嘴）《歌剧2》】Uzi为直播间的观众们激情“献唱”《歌剧2》，高难度海豚音“信手拈来”。Uzi：这一首《歌剧2》展现给大家。我唱了吗？这个嘴型对的还不够到位？这明显就是我唱的《歌剧2》，演唱者：Uzi这首歌的灵魂，都在小狗舞动的身体里#英雄联盟#L兔玩游戏的微博视频,02/27
阴谋！！！！所以英雄联盟多久转服半价我想跟姐妹快乐双排淦,02/27
长期招人！有会费！！考虑清楚在dd我谢谢！！！欢迎喜欢玩游戏的小姐姐游戏陪玩要不要了解一下下~纯线上20-30每小时~打完一单结一单~24小时派单~英雄联盟lol，吃鸡绝地求生，王者荣耀，和平精英，云顶之奕，守望先锋，csgo都有单！！现在在比心平台基础上增加合作平台刀锋电竞！专业的线上陪玩团队，期待你的加入绝地求生王者荣耀英雄联盟#和平精英##和平精英##王者荣耀##英雄联盟##绝地求生##LOL##守望先锋#副业#O网页链接#,02/27
#weet12#单开2分58秒光速升4，死歌极限拉野速升教学！！via：打野king#英雄联盟那点事#LLOL英雄那点事的微博视频LLOL英雄那点事的微博视频,02/27
【#英雄联盟#】钻石局诺手五杀都这么简单，是掌握了什么秘诀吗？L皇家通关师的微博视频,02/27
来斗鱼看英雄联盟；众多好礼等你来拿O网页链接来自#斗鱼#全球领先的综合直播平台！,02/27
#英雄联盟#上单遇到凯南怎么办，手怪长的，教你一手攻守兼备瑞文！L英雄联盟超凡大师的微博视频,02/27
#卖家对买家无语的瞬间#我想起来了，上次我看联想笔记本问客服带不带得动ps，他说能玩英雄联盟，我????,02/27
#英雄联盟##lol#心理学小丑，重拳出击L游戏就要这么玩的微博视频,02/27
英雄联盟为什么没有隐身功能,02/27
#云自习挑战#day61⃣️练字一张2⃣️有氧30分钟3⃣️常规的上课备课催作业（腰酸背痛想出去走走）4⃣️今天打了几把王者几把英雄联盟所以没看书争取周末补上！,02/27
O网页链接来斗鱼看英雄联盟；众多好礼等你来拿,02/27
ljy推荐的黑铁局ob让我打开了英雄联盟的新世界,02/27
【三分钟赛事集锦】HLEvsDWG第二局双方PickHLE:瑟提、蜘蛛、兰博、赛纳、塔姆DWG:剑魔、皇子、蛇女、厄斐琉斯、宝石应用商店搜索Score，更多精彩比赛视频数据随时观看#英雄联盟##2020LCK#LScore赛高的微博视频,02/27
【三分钟赛事集锦】HLEvsDWG第一局双方PickHLE：瑟提、巨魔、沙皇、维鲁斯、悠米DWG：索拉卡、奥拉夫、艾克、女枪、女坦应用商店搜索Score，更多精彩比赛视频数据随时观看#英雄联盟##2020LCK#LScore赛高的微博视频,02/27
英雄联盟这个游戏，但凡智力健全，也不至于段位上不了黄金。,02/28
#陪伴你超过三年的游戏#英雄联盟、刺激战场和天涯明月刀吧，一个要技术，一个要运气还有一个要充钱刚好我一个都没有～也许社交才是所有游戏的核心吧。,02/28
#2020LPL#我已为@LGD_英雄联盟送上奖杯，他是我心中的最强战队，快来和我一起为喜爱的战队加油吧！点击送奖杯↓O2020LPL战队势力榜,02/28
#英雄联盟#闪现接技能，这种操作都有的吗L提莫队长正准备待命的微博视频,02/28
#2020LPL#我已为@eStar英雄联盟分部送上奖杯，他是我心中的最强战队，快来和我一起为喜爱的战队加油吧！点击送奖杯↓O2020LPL战队势力榜,02/28
来斗鱼看英雄联盟；众多好礼等你来拿O网页链接来自#斗鱼#全球领先的综合直播平台！,02/28
#陪伴你超过三年的游戏#三年太短了，我英雄联盟都快八年了,02/28
#英雄联盟#非常喜欢#逆羽霞#这个英雄@英雄联盟同人,02/28
#英雄联盟##竞技游戏##LOL#把伤害最大化，也是秀。LLOL情报局的微博视频,02/28
英雄联盟【赛事预测英雄联盟】LEC春季赛英雄联盟,02/28
【PDD正在直播】英雄联盟-房间号101,02/28
#英雄联盟#姿态晋级赛终极超鬼战绩心态爆炸，粉丝：Rita需要你O姿态晋级赛终极超鬼战绩心态爆炸，粉丝：Rita需要你,02/28
英雄联盟真是个垃圾游戏,02/28
#英雄联盟#,02/28
小天和圣枪哥双排偶遇KnightTian腕豪vsKnight薇恩Knight：“来，1v1”小天“好”字打到公屏上，转身跟圣枪哥说，你们谁来一个蹲他一波？一边说着“1v1怎么打的赢他”一边赢了Knight小天的腕豪中期秀了，可惜结局还是被Knight吃了分#英雄联盟#L玩加电竞LOL的微博视频,02/28
#英雄联盟#好家伙一上来就给我来个米其林三星大厨微博视频#英雄联盟#,02/29
#LOL玩家的日常##春日游戏季#@英雄联盟辅助锤石五杀我能吹一年,02/29
#英雄联盟#李哥招牌妖姬，分身妙用回头收割，对手当场投降！L英雄联盟超凡大师的微博视频,02/29
#2020LPL#我已为@LGD_英雄联盟送上奖杯，他是我心中的最强战队，快来和我一起为喜爱的战队加油吧！点击送奖杯↓O2020LPL战队势力榜,02/29
Uzi建议封号，id苏宇1@英雄联盟,02/29
最终还是向自己妥协，还是想有点仪式感。昨晚调的今早6:30的闹钟，不是要起床，是为了用关闹钟那一会儿时间听听楼下的动静。哥哥7:40去长沙的大巴。之前一直不屈地叫嚷着风口浪尖不能回公司，可最终还是低头了啊。这让我有点伤感。毕竟再重逢受他不停闹腾要用我电脑玩英雄联盟的时光，又得等上一年了。又或许是长大这个字眼，参杂过多身不由己了。下午和奶奶出门去超市买了很多东西。我和她并排走着，她的白头发快要越来越藏不住了，越来越多地往外冒。她一直让叨着让我把想吃的都买上。说话的同时就会把把那个钱包拿出来。那是我初二还是初三时候央同学姑姑针织的，毛棉线很耐用。她一直用着，4年之久。回来的路上我俩说了好多好多话，她很急地要我快点走，下了雨的天色比平常暗沉地早些。她走在前面，我看着她的背影，越来越小。我的视线有点模糊，我和自己说是口罩的原因。晚上回来吃了妹妹买的火鸡面🍜。我发给文婷看了，她被刺激得不轻。当然出来混是要还的，我被辣的吐了足足几分钟口水。现在打完字，快要一天结束了。我想记录下来，许是为了一个约定吧。,02/29
听说今天四年一次？那我写个东西留个纪念四年后看看吧！现在23:40现在我在想什么嘞就是明天要出去打球距离我高考还有99天了还搁家待着有点慌这个假放的我有点恶心了都什么时候我能跟李相赫55开呢？你在想屁吃哈哈还有4年后英雄联盟倒闭了没没有我估计都王者1000点了吧我高考能考上不还有点悬啊现在天天看宝哥斗鱼叫父早出晚归人已虚拉酷旭不知道你4年后还火不火我还看不看如果火我肯定给你刷次礼物你个🐶吊每天的快乐源泉暂时就想这么多，再想一会儿今天就过去啦抓紧发喽吧4年后的你好好读读从中也学点东西别叫我白写喽OK👌over重复over23:58,02/29
今天玩英雄联盟选的卡莎，这英雄我玩了快300盘了，用的弹幕天使皮肤，这皮肤我估计也用了200多盘。玩到一半的时候，她突然说了一句“我曾经亲眼见过你们难以置信的事物，战船在猎户座的……”，我惊了，这不是银翼杀手的台词嘛，没想到我最喜欢玩的英雄竟然致敬了我特爱的一部科幻电影，而我和这英雄皮肤相处了快100小时后才发现这个梗。,02/29
RNGXLB直播效果起飞，这也太能搞了吧，你细品#英雄联盟超话#【素材来源网络侵权私信删】L电竞小头的微博视频,02/29
模特级小姐姐想和智勋网恋？智勋：你不配！英雄联盟L英雄联盟钻石大师的微博视频,02/29
高强度连续战斗12小时的航哥喜提十七连败。（在下有幸少打了一句，十六连败，告辞）#四年一度的2月29来了##英雄联盟#L喝酸奶不舔盖ccheng的微博视频,02/29
#2020LPL#我已为@VG英雄联盟送上奖杯，他是我心中的最强战队，快来和我一起为喜爱的战队加油吧！点击送奖杯↓O2020LPL战队势力榜,02/29
#英雄联盟##LOL大腿#你听过土拨鼠叫吗？Letme现场学给你听真的一模一样！L我是大腿快来抱的微博视频,02/29
#英雄联盟##锤石#L国主OvO王鸽的微博视频,02/29
#英雄联盟#doinb遇五个SKT选手排位心态爆炸，直言对面都开挂的L电竞综合快报的微博视频,02/29
