#2020LPL#我已为@VG英雄联盟送上奖杯，他是我心中的最强战队，快来和我一起为喜爱的战队加油吧！点击送奖杯↓O2020LPL战队势力榜,05/01
@VG英雄联盟安排直播给我安排直播签个直播平台有那么难吗啊？,05/01
#是r1se不是rise#左竞粉右壶粉有让我笑到@Lu南南音音音Vv谢谢你们#RISE(登峰造极境—英雄联盟2018全球总决赛主题曲)#,05/01
【提到LPL的梗，你脑海中最先想到的是什么？】虎扑热议帖O网页链接#上虎扑关注英雄联盟#,05/01
#lol##英雄联盟#PDD到底还是飘了，这一手空大追杀被反杀秀的不行L诸神的精彩瞬间的微博视频,05/01
骚男和miss双排开车，miss直播间大飞机，miss表白骚男#英雄联盟#@头条新闻@头条新闻@马叉虫@娱乐八卦,05/01
#2020LPL#我已为@VG英雄联盟送上奖杯，他是我心中的最强战队，快来和我一起为喜爱的战队加油吧！点击送奖杯↓O2020LPL战队势力榜,05/01
【PDD】ap卡莎VSad卡莎？pdd自立flag是真的快！#游戏主播##PDD##英雄联盟#L诸神的精彩瞬间的微博视频,05/01
#2020LPL#我已为@VG英雄联盟送上奖杯，他是我心中的最强战队，快来和我一起为喜爱的战队加油吧！点击送奖杯↓O2020LPL战队势力榜,05/01
#2020LPL#我已为@VG英雄联盟送上奖杯，他是我心中的最强战队，快来和我一起为喜爱的战队加油吧！点击送奖杯↓O2020LPL战队势力榜,05/01
#2020LPL#我已为@eStar英雄联盟分部送上奖杯，他是我心中的最强战队，快来和我一起为喜爱的战队加油吧！点击送奖杯↓O2020LPL战队势力榜,05/01
#LOL#软辅的露露打出硬辅的控制L游戏动感地带的微博视频,05/01
【音乐律动】这款游戏的操作比较简单，只有跳跃和攻击两个功能按钮。玩家将控制一个角色跟随音乐的节奏攻击阻挡的敌人，每次攻击的时机都必须和音乐的节奏相匹配，过早或者过晚的攻击都会失败。游戏并不需要玩家控制角色的移动，玩法有些类似横版跑酷游戏。#英雄联盟#,05/01
#2020LCK#我已为@GenG_LOL_英雄联盟送上奖杯，他是我心中的LCK的最强战队，快来和我一起为喜爱的LCK战队加油吧！点击送奖杯↓O2020LCK战队势力榜,05/01
求求你删了亚索这个英雄吧@英雄联盟,05/01
夜宵时间到了！来点开胃的～英雄联盟L英雄联盟钻石大师的微博视频,05/02
英雄联盟我吐了真的20分钟全队3个人头还都是我拿的玩辅助不配赢,05/02
这俩1/111/16太顶了，还贼有电竞精神，死命不点#英雄联盟#,05/02
#2020LPL#我已为@VG英雄联盟送上奖杯，他是我心中的最强战队，快来和我一起为喜爱的战队加油吧！点击送奖杯↓O2020LPL战队势力榜,05/02
这是一个自己不C就赢不了的游戏#英雄联盟#,05/02
#2020LPL#我已为@VG英雄联盟送上奖杯，他是我心中的最强战队，快来和我一起为喜爱的战队加油吧！点击送奖杯↓O2020LPL战队势力榜,05/02
#2020LPL#我已为@VG英雄联盟送上奖杯，他是我心中的最强战队，快来和我一起为喜爱的战队加油吧！点击送奖杯↓O2020LPL战队势力榜,05/02
#LOL#女枪一箭双雕，闪现很完美L游戏动感地带的微博视频,05/02
#英雄联盟#菲奥娜五杀秀，可怜的蛮仔！L英雄联盟至臻玩家的微博视频,05/02
#英雄联盟#BLG中单FoFo在微博正式发声！声称自己不是台独！今天，BLG的中单FoFo在微博发表了一条声明，里面详细的公布了自己最新的一些骂声和声波，并声称自己不是台独正式图片在下面,05/02
#英雄联盟##2020lpl#2020LPL春季总决赛FMVP—@JDG_LvMao,05/02
@英雄联盟同人英雄联盟,05/02
#英雄联盟#T1再次营业！李总第三弹他lei了！📸FakerXWorldCone03世界级的相遇，FakerXWorldCone拍摄现场！冰淇淋还是要吃WorldCone才带劲！毕竟是李总了嘛，也要为自己的财产去打拼了，李总也是要恰饭的嘛，不过有一说一还是有点小帅的,05/02
#英雄联盟#Esports在推特公布了LOL观赛巅峰人数！众所周知LPL不被算在内在今日，EsportsCharts在推特上公布了今年LOL各赛区观看人数的巅峰榜单LCK107万LEC81.7万LCS38.7万VCS33.3万下面为各赛区春季赛决赛时间表LPL5月2日LLA5月2日PCS5月3日LJL5月4日TCL5月9日CBLOL5月9日,05/02
#英雄联盟#公爵左手高脚杯右手银龙杯！恭喜JDG取得了2020LPL春季赛冠军！在刚刚结束的LPL春季总决赛，先拿下一分的JDG被TES连追回两分，但是JDG没有放弃，在后面连追两把取得冠军！而最终的FMVP也是给到了JDG的辅助lvmao，在最关键的第五局中，lvmao的巴德在关键团战大招定住TES四个，后挖掘机配合卡萨丁直接秒杀JKL的厄菲琉斯，直接取得了最关键的团战的胜利！在赛后，lvmao也被人们称为“巴德王！”,05/02
程序员？#英雄联盟#英雄联盟L电竞vlog的微博视频,05/03
电竞瓦罗兰大陆由我来守护你们放心征战吧，瓦罗兰大陆由我来守护#英雄联盟#L电竞秀的微博视频,05/03
英雄联盟吸血鬼：就是不要脸，你们有什么办法！#英雄联盟##LOL#LLOL放映室的微博视频,05/03
英雄联盟：都看到了吗，这就是看不起努努的后果！#英雄联盟##LOL#L电竞综合快报的微博视频,05/03
#2020LCK#我已为@GenG_LOL_英雄联盟送上奖杯，他是我心中的LCK的最强战队，快来和我一起为喜爱的LCK战队加油吧！点击送奖杯↓O2020LCK战队势力榜,05/03
#lol##英雄联盟#姿态克烈开车支援，别说对手连自己都不知道会往哪开L诸神的精彩瞬间的微博视频,05/03
刚刚在看选手视频朋友（不看英雄联盟的）走过来在我背后一起看了会儿放到水子哥的时候突然问：“这个人开了大头特效吗？”我：“嘎嘎嘎嘎嘎嘎嘎嘎嘎嘎”,05/03
探寻LOL的十万个bug@英雄联盟L吴刘健雄的微博视频,05/03
王稳健弗雷尔卓德有没有带躺的#英雄联盟##弗雷尔卓德#,05/03
#2020LPL#我已为@LGD_英雄联盟送上奖杯，他是我心中的最强战队，快来和我一起为喜爱的战队加油吧！点击送奖杯↓O2020LPL战队势力榜,05/03
【2020全球总决赛LPL赛区即时积分】随着2020LPL春季赛总决赛的结束，JDG成功捧得冠军奖杯，根据全球总决赛积分规则，LPL赛区获得2020年全球总决赛积分的第三批队伍已经确定，至此2020LPL春季赛1-6名积分的队伍已全部确定。#LPL赛区S10积分##英雄联盟S10##2020LPL#,05/03
#LOL#大司马：男枪是愣头小青年？一个人和对手多人运动？L游戏动感地带的微博视频,05/03
我正在快手看@英雄联盟-荣一鸣荣考拉的直播，一起来吧我的鸣宝终于舍得直播了O英雄联盟-荣一鸣荣考拉的快手直播,05/03
别对自己灰心、事情并不像你表面所看到的那样……更不要嘲笑别人；【英雄联盟之最强反手辅助风女有钱任性】……#中国传统文化#,05/03
#2020LPL#我已为@VG英雄联盟送上奖杯，他是我心中的最强战队，快来和我一起为喜爱的战队加油吧！点击送奖杯↓O2020LPL战队势力榜,05/03
【T1监督金晶洙回应：上单引援失败指续约Khan和引援TheShy失败】关于上单引援的失败这个我有说过，大家也都知道，和Khan的续约失败，引援TheShy失败，这之后也和好几名选手接触了，但都以失败告终。我说的是这个过程，并不是说签约Roach，Canna是失败。关于和TheShy、Flame不和：我与这两位选手关系很好，到现在一直都保持联系，当时只是按照实际情况坦率的说出事实。关于离开DWG：选手们去打世界赛时太开心了，导致发挥不好，并非与队伍不和才离队，回答记者提问时也是按实际情况来说。#英雄联盟#,05/04
【Uzi到底有多强？来听听英雄联盟顶尖ADC对他的评价】今年是Uzi生涯的第九个年头，在九年中Uzi有过辉煌和低谷。但是不可否认的Uzi已经来到了他职业生涯的最后阶段，让我们来听听英雄联盟顶尖ADC对他的评价。#英雄联盟##Uzi#L助手哥有点6的微博视频,05/04
#LOL#有个这样的辅助，何愁不上天！L游戏动感地带的微博视频,05/04
#刷单#长期招人💕欢迎喜欢玩游戏的小姐姐（男孩子不可以哦⭕️游戏陪玩要不要了解一下下鸭！！！⭕️纯线上20-30每小时，打完一单结一单，24小时都有单子可以接⭕️英雄联盟LOL，吃鸡绝地求生，王者荣耀，和平精英，云顶之弈，QQ飞车。以上游戏会打一个（划重点）就可以来。⭕️没有段位要求和限制不暴露个人隐私！,05/04
【Rookie直播：我为什么喜欢在LPL打？因为喜欢这里的气氛】Rookie：中国和韩国的文化不太一样。我认为在中国只要是你和他地位差不多，根本不看年龄，除非你比我特别大特别大。比如你30我21，但是咱俩地位差不多，一个行业的情况下，我感觉大家都是朋友一样的感觉。我想法对了还是错了你们和我说一声哈~韩国的话只要你是比我大，我什么都要给你跪下来，为什么我喜欢在LPL打就是因为我喜欢这里的气氛。#英雄联盟##Rookie#L助手哥有点6的微博视频,05/04
晚上和立立连麦打英雄联盟，他的儿女一岁多，刚学会说话，他就让女儿跟我打招呼说叔叔好，女儿害羞，一直没说话，后来奶奶哄她去睡觉，她奶声奶气的跟我说了一句“拜拜”，好可爱啊，有个女儿真的好开心哦，🙊🙊🙊,05/04
【T1为《LOL》“Faker”ID申请商标涵盖多个产品类别】据韩媒bizhankook独家报道，T1电子竞技俱乐部已经为《英雄联盟》分部选手李相赫（Faker）的ID提交了商标申请。需要注意的是，是俱乐部而不是Faker本人拥有这个商标。根据专利信息网站Cyprice，T1在4月13日为Faker这个ID申请了商标，囊括了多个产品类别，包括16（纸张/印刷）、35（广告）、30（咖啡）、25（服装）、32（饮料）、09（照片）、38（通讯业务）、24（纺织）、41（教育行业）、21（食品）、11（照明）以及28（玩具）。根据流程，在申请人提交相关文件后将会进入审查阶段。如果审查通过，将会执行通知程序；如果审查过程中发现申请不符合注册要求，申请将被拒绝且申请人不会收到通知。正式公布三个月内，如果无人对此商标提出异议，那么整个商标注册流程才算结束。据国际专利法办公室的专利律师表示：“在商标注册过程中，需要李相赫本人的同意。”因此如果Faker本人未同意的话，这次申请不会通过审查。T1的官员表示：“目前无法透露Faker商标申请的背景以及业务进行与否。”#英雄联盟##Faker#,05/04
#2020LPL#我已为@VG英雄联盟送上奖杯，他是我心中的最强战队，快来和我一起为喜爱的战队加油吧！点击送奖杯↓O2020LPL战队势力榜,05/04
#英雄联盟##竞技游戏##LOL#打野盲僧，节奏大师，没有他踢不回来的人，非常carry。LLOL情报局的微博视频,05/04
英雄联盟之原凉教研室莫甘娜应对超强突脸组合；她能带走不爱你的人；小三是个好东西#往后余生#,05/04
#你微笑时很美抄袭##你微笑时很美融梗#我愤怒的不是融梗抄袭，是作者根本没有尊重电子竞技和职业选手，草草几笔就带过职业选手的血汗泪，却浓墨重彩了训练室里荒唐的爱情故事我见过英雄联盟带来的无数感动和遗憾是那个没有按出来的闪现是一步之遥的世界赛奖杯是20岁的年龄却遍体鳞伤是退役时那个流不尽的眼泪是拼尽全力了以后的那个胜利是训练室里凌晨四点钟初升的太阳是被要求需要完整讲一句说现在是一名绝地求生的职业选手时，Godv的那一句“我不想讲”无论那种，都是书里找不到的,05/04
#电竞趣聊#一人分享一个英雄联盟上分的心得体会#英雄联盟##LOL#,05/04
#英雄联盟#JKL本命德莱文惨遭针对双手离开键盘？赛后一语竟无法反驳OJKL本命德莱文惨遭针对双手离开键盘？赛后一语竟无法反驳,05/04
发布了头条文章：《JKL本命德莱文惨遭针对双手离开键盘？赛后一语竟无法反驳》LOL英雄联盟jackeylove#JackeyLove德莱文##tes双c二打五##tesjdg#JDG#jdg获春季赛冠军#JDG斗鱼直播平台OJKL本命德莱文惨遭针对双手离开键盘？赛后一语竟无法反驳,05/04
#2020LPL#我已为@LGD_英雄联盟送上奖杯，他是我心中的最强战队，快来和我一起为喜爱的战队加油吧！点击送奖杯↓O2020LPL战队势力榜,05/04
#2020LPL#我已为@VG英雄联盟送上奖杯，他是我心中的最强战队，快来和我一起为喜爱的战队加油吧！点击送奖杯↓O2020LPL战队势力榜,05/05
尼玛，原来老中医们也是LOL的铁粉#英雄联盟#,05/05
英雄联盟#FPX冠军皮肤首秀#你们感觉哪个好看哪个好看,05/05
【为什么GRF麦哥没发现kanavi比泰山强?】虎扑热议帖：O网页链接#上虎扑关注英雄联盟#,05/05
英雄联盟赔我头发！！！！！,05/05
我先介绍一下我的情况。从没玩过英雄联盟，以前一直以为英雄联盟是和和魔兽红警一样的游戏，需要建房子建低，因为我不喜欢建设类策略游戏，所以一直没关注。直到后来看同事玩王者，才开始玩这个类型的。王者主要玩上单，例如：白起吕布夏侯八戒狂铁老夫子。刺客玩不来，其他位置也可以补位。一直单排，多排次数不超过一只手。万年星耀，最高也没超过十星。我听说英雄联盟英雄很多，光了解这些英雄的机制就需要一段时间。我现在入坑还来得及不？,05/05
【英雄联盟】轩Cc新手教学S3最强上单之诺克萨斯解说：简单、暴力、完克所有近战，打爆一路即可逆天的人头王！O网页链接#穿越火线#,05/05
#2020LPL#我已为@VG英雄联盟送上奖杯，他是我心中的最强战队，快来和我一起为喜爱的战队加油吧！点击送奖杯↓O2020LPL战队势力榜,05/05
#英雄联盟##班德尔城#来哇，晋级赛！,05/05
#FPX冠军皮肤首秀#Lwx模仿薇恩的摇花手，翔宝真是豁出去了！#英雄联盟模仿大赛##LOL摇花手#LLOL游戏攻略的微博视频,05/05
#2020LPL#我已为@eStar英雄联盟分部送上奖杯，他是我心中的最强战队，快来和我一起为喜爱的战队加油吧！点击送奖杯↓O2020LPL战队势力榜,05/05
#2020LPL#我已为@VG英雄联盟送上奖杯，他是我心中的最强战队，快来和我一起为喜爱的战队加油吧！点击送奖杯↓O2020LPL战队势力榜,05/05
#英雄联盟#最强王者薇恩精彩集锦，同条件下用剑圣能打赢这个英雄吗？LLOL饭堂的微博视频,05/05
#英雄联盟#Uzi带婷婷打大乱斗，一手德莱文疯狂屠杀L英雄联盟超凡大师的微博视频,05/05
英雄联盟【Rookie直播：被人误解了意思私信看的有点难受】Rookie在直播的时候看，有很多粉丝想让rookie复盘FPX和ig的比赛，而rookie说不用复盘，bp没有问题。然后呢，rookie就看粉丝留言板发现有很多粉丝都在说IG宁王和小乐言垃圾说要让IG把他们换掉，还有人说ig的bp非常烂，也要把ig的教练换掉。Rookie看到这些回复：我没有说复盘零作用，好多人把我的话误会了，我的原话应该是我们输的最大原因不是BP上，我们先把基本做好，我没有说复盘无作用吧，这些人怎么听我说话的，难受，这些人就想把我们战队拆开呗，哎还是输了什么都不好说，说实话。我说都有锅啊，没分锅啊，对吧，还是大家懂得都懂吧。#2020LPL#英雄联盟,05/05
#O网页链接#游戏工作室招线上陪玩小姐姐各位小姐姐可以先翻我微博再滴滴我！！打一单结一单无技术及声音要求20-30元每小时！！会王者荣耀/和平精英/英雄联盟lol/绝地求生/云顶之弈/都可以不骗人互相尊重！！,05/06
和杨某打英雄联盟，今晚玩得不好，杨某玩着玩着去别的路打了（我也不知道为什么，问他你去哪了，告诉我去别的路了，问完还不跟我一路），我被对面的怪追着打，放了三次大招，第三次好像没出来，怪快追上我了，为了自保按了技能，结果被怪打死了，杨某说我玩得不好还不听他的，还乱叫。结果我第二把听他的，被怪追着就一直逃跑，被打死了，我就说：“你看我听你的还是死了。”他说我犟，就不愉快的结束了游戏，说以后再也不和我玩了我跟他解释，他说我有理，说我玩得不好还生气还乱叫说我玩的还不如隔壁脑血栓五大爷（虽然有点好笑，但是还是很贬低人吧）我才接触这个游戏四五天玩了不到十五次跟女朋友玩游戏不讲究情趣讲究上分吗？？？现在电话断了，给我静音了打不过去真的是无语明天绝对不跟他主动说话不知道有什么毛病,05/06
嘘，没有矫情的小作文^^可能还是有。这是我认识你的第2个生日，与第1次不同，那个时候，我还没有像现在这样追逐你。我记得我很早的时候就认识你了，是因为我总听哥哥说Faker是一个中单大魔王。我13年的时候开始玩英雄联盟，初心是Mystic，后来开始追逐IG，追逐Theshy。其实我一直一直都知道你，但是我从来没有了解过你，我知道你是英雄联盟第一人，我知道你身上背负着很多很多东西，有荣誉，有责任，我知道你一直是孤儿院院长。在真正认识你的时候，我真的很难以相信这个世界上真的有这样如此纯粹地渴望着胜利的人-那个人是你。我花了很多时间把我之前错过了那么多年关于你的比赛录像全都看了，我看到最后只剩下你一个人了，连Kkoma都走了，你还留在这儿，和新的成员一起冲击冠军。在你更年少的时候，你总是喜欢用刺客英雄，后来因为团队你的选择逐渐偏向了团战型。我一直在后悔没能早点认识你，可是这个世界上后悔的人太多了，我也是其中之一。这是你的生日啊，我看到弹幕上每个人都在祝福你，每个人都在为你加油，我竟然看着看着就掉下眼泪。不止一次的期望着，希望你参加的每一场比赛都是优胜，希望你能够拿到冠军。祝福的话太多太多，也不知道怎么说完。你是T1的过去，现在和未来，也是大多数英雄联盟玩家的青春。沟通大多数粉丝一样，坚定不移地向你走去，会长长久久的爱你。生日快乐，李相赫。,05/06
#英雄联盟##lol#姿态峡谷偶遇王者质检员诗仙女，姿态：妹妹好顶！【素材来源网络侵权私信删】L电竞妞的微博视频,05/06
【英雄联盟之起小点多看点报最后一期终点也是起点】L[起小点]多看点报：终点是另一个起点#王者荣耀iOS还在维护#,05/06
#英雄联盟##竞技游戏##LOL#打野盲僧，节奏大师，没有他踢不回来的人，非常carry。LLOL情报局的微博视频,05/06
【一身黑袍更具死亡气息！《英雄联盟》死歌重做归来】拳头公司公布了《英雄联盟》死亡歌颂者--卡尔萨斯重做的最新消息，同时还放出了死歌的全新模型及技能特效演示。重做后的死歌更具黑暗、死亡的气息，比起之前的“红袍教主”形象，现在的造型更加适合他的称号了！L游迅网的优酷视频#,05/06
看完卓定玩斗地主，deceit和csgo的水平，我深深的感谢英雄联盟给口饭吃,05/06
#英雄联盟#我一打四你们不去拿塔拿龙还说我送？L游戏分享师的微博视频,05/06
祝李瓜皮生日快乐！！！#英雄联盟#,05/06
#2020LPL#我已为@VG英雄联盟送上奖杯，他是我心中的最强战队，快来和我一起为喜爱的战队加油吧！点击送奖杯↓O2020LPL战队势力榜,05/06
【感觉大部分英雄都是主Q，主E和主W的英雄有哪些呢？】虎扑热议贴O网页链接#上虎扑关注英雄联盟#,05/06
苏小冉英雄联盟-电玩女神厄运小姐cosplay。#樱桃小丸子#,05/06
小道消息圣枪哥已经在RNG基地了#英雄联盟#L打野的微博视频,05/06
欢迎来到英雄联盟    #搞笑行为大赏#L段八爷的微博视频,05/06
小猪要回学校啦，我肯定会超级想她的。我5月份有最后的一次大考，小猪回学校也要准备考试，我们就打算等考试都考完了，就好好地没有顾虑地一起玩，在此之前都要认真地学习和备考哦。我之前跟她说很想她看我玩一次英雄联盟，因为之前我们都是玩王者的，但她从来没见过我用电脑玩游戏，就会很想要让她看看，感受一下小猪崇拜的眼神然后我也很想教她一起玩，我觉得男女朋友一起玩游戏真的蛮有意思的，而且可以在游戏中保护她。以前每次玩王者我都会好好地让着她保护她，虽然我们也有因为打游戏不开心过，不过在我的心里，我觉得开心多于其他的。我们就说想一起去一次电竞酒店，那里可以有两台电脑跟像普通的酒店一样，那样子我就可以亲身教她怎么玩游戏，还可以看到她玩游戏时的样子了。我真的很喜欢什么事也不做，就静静地看着她，有时候她会有很多事情跟我分享，我就会不说话，先安静地听她把想说的说完了，我才会开口告诉她我的看法啥的。我看着她就是会满心欢喜呀。,05/07
#英雄联盟#牧羊奥恩空大，诺手R闪，结局亮了！L游戏通关宝典的微博视频,05/07
#登封生活#出道7年，3次世界冠军，Faker被誉为英雄联盟当之无愧第一人，5月7日Faker24岁生日，一起来祝李哥生日快乐！#中日韩三国电竞大赛11月举办#期待到时候李哥的精彩表演吧！,05/07
鹏鹏酱是不是除了英雄联盟和嗦粉其他啥也不会啊,05/07
#2020LPL#我已为@eStar英雄联盟分部送上奖杯，他是我心中的最强战队，快来和我一起为喜爱的战队加油吧！点击送奖杯↓O2020LPL战队势力榜,05/07
【PDD】我这边就没队友呗！我这边就坏人当定了呗！#游戏主播##PDD##英雄联盟#L诸神的精彩瞬间的微博视频,05/07
解说不会打的团，RNG教你打，不得不说究极体的RNG团战真的强#春日游戏季##lol玩家的日常#英雄联盟L游戏团的微博视频,05/07
英雄联盟冲冲,05/07
此前我们曾报道过中日韩三国将合力举办国家间的电子竞技对抗比赛一事，最新消息比赛将在11月举办#中日韩三国电竞大赛11月举办#英雄联盟,05/07
【请宠爱我吧英雄联盟众多女英雄性感COS赏】今天小编给大家带来了《英雄联盟》中美女英雄的性感COS，护士装的阿卡丽、歌手装的阿狸、黑暗荆棘的莫甘娜...无论是Coser自身还是道具都让人眼前一亮。最后吼一下阿狸的台词：“请宠爱我吧！”#大数据#,05/07
猜猜，我口音是哪里人呀L余晖不染霞的微博视频,05/07
【英雄联盟之神探苍实战秘籍第六期：疾风剑豪亚索】L【神探苍实战秘籍】第六期疾风剑豪亚索#梦幻模拟战手游#,05/07
#英雄联盟#自认为是加里奥最帅的皮肤L我和游戏恋爱啦的微博视频,05/07
英雄联盟绝地求生那些主播是怎么做到实力那么强的我打起来像用脚在玩,05/07
#英雄联盟##LOL##竞技游戏#闺蜜团申请出站，可以把成都闺蜜团比下去吗L电竞赛事大围观的微博视频,05/07
#英雄联盟#,05/08
"""世界会逼迫人做出选择和觉悟，请享受这些,然后挺身直面一切。""#运动就是坚持##英雄联盟#",05/08
社区有糕友投稿，港诡战队成立，大家看看这个阵容谁carry？#糕友讨论##英雄联盟#,05/08
#英雄联盟#BOXBOX差点命丧防御塔，丝血逃生真是刺激L英雄联盟超凡大师的微博视频,05/08
连看了三本电竞文勾的我好想打英雄联盟不行啊我是有娃的人娃一会渴了一会饿了一会拉了一会尿了我没有大块时间坐在电脑前就连小鸣魔兽打个本都得连哄带骗外加深夜加班才能完成本周任务当父母之后就不再是自己小鸣说咱俩看个电影去吧我说看啥带翩翩看动画片啊小鸣说她咋还不上幼儿园……,05/08
#英雄联盟##电竞少女的菜比操作集锦#好运🍀,05/08
我滴队友是真的牛批#英雄联盟#,05/08
对面诺手绝望啊，就是杀不死，还被血怒5连斩！L电竞赛事大围观的微博视频O网页链接,05/08
艰难产出了一点视频唤潮鲛姬天下第一！#小雨的lol日常##英雄时刻#英雄联盟L唤潮雨姬的微博视频,05/08
老曹英雄联盟被封了三年（原因骂人🤬）可怜巴巴🥺一直叨叨.申诉又不好使嗝儿……,05/08
@英雄联盟我日死你血马怎么能出屏蔽这么司马的功能？一群司马杂种只会开屏蔽精神胜利,05/08
你觉得一级团最强的英雄是？英雄联盟#超凡夜话#,05/08
终于有时间，打开爱了八年的英雄联盟，发现好友列表已经都是灰色的了,05/08
重做后的沃利贝尔即将归来cr.英雄联盟#英雄联盟#L巴拉巴拉游戏姬的微博视频,05/08
关+评，你最喜欢的LOL职业选手是谁？明天评论抽1人，100r买皮肤吧~#英雄联盟#O抽奖详情,05/08
【助手哥晚安话题】大家平时都有哪些烦恼呢？助手哥近期玩云顶不管玩啥都会撞到同行，甚至一些冷门阵容都会有同行来卡牌，实在是恶心，大家平常在玩云顶的时候碰到同行卡牌的情况多不？反正助手哥十把里十一把都有人卡牌，就感觉被狙击了啊~！#英雄联盟##云顶之弈#,05/09
英雄联盟盘点英雄联盟最稀缺的十款皮肤，你见过几个？1.莲花之令卡尔玛（早期是心悦会员专属LOL皮肤，后取消。）2.奥斯曼大帝普朗克（早期是心悦会员专属LOL皮肤，后取消，直到2016年的国服六周年庆典，完成大师挑战赛的最高难度，才可以获得）3.元老会议马尔扎哈4.万夫莫开贾克斯（在LOL网吧职业联赛真的取得冠军，才会奖励你一款cdk）5.诸神黄昏泰达米尔6.摄魂使者薇恩（国服暂时没有任何关于这款皮肤的获取方式，及任何消息）7.守护者雕像瑞兹（在2011年5月25日凌晨3点之前激活过不删档资格的玩家，才可获得一个守护者雕像瑞兹皮肤。）8.青年瑞兹（全大区只有50人有）9.战熊骑士瑟庄妮10.地底世界，卡牌大师（现在极为罕见的限定皮肤。）#2020LPL#英雄联盟,05/09
《PPAP》、《咻一咻》、《极乐净土》、《老司机带带我》、《一人我饮酒醉》、《张士超你到底把我家钥匙放在哪里了》、《甜蜜具现式》、《全世界都在说东北话》、《我是全英雄联盟最骚的骚猪》、《五环之歌》。1、《告白气球》2、《晴天》3、《不要在我寂寞的时候说爱我》4、《walkinginthesun》5、《请先说你好》6、《爱你》7、《父亲》8、《曹操》9、《别了疯子》10、《大家一起叫》11、《complicated》12、《soundofmydreamdj》13、《thetideishigh》14、《安全感》15、《残废》16、《火柴天堂》、17、《曝光》18、《十字架》19、《鼻敏感》20、《捞月亮的人》20、《想你总是很甜蜜》21、《包容》22、《亲爱的你在哪里》23、《鱼的眼泪在海心里》24、《一个人的寂寞两个人的错》25、《哥哥妹妹》26、《想你啦》27、《错错错》28、《绿色》29、《该死的温柔》30、《一万个舍不得》O深夜里睡不着有什么歌曲推荐?,05/09
英雄联盟LOL历史上最著名的几次“笑”，哪个你仍历历在目？1.Piglet用VN将敌方酒桶定在墙上成功逃生后，漏出了这一抹迷之微笑2.在当年的世界赛小组赛上，阿光在BP的环节被抓拍到了一个伸出舌头的迷之笑容3.厂长本笑的合不拢嘴的厂长突然戴上耳机一脸严肃进入比赛模式，脸上丝毫看不到任何笑意4.S8全球总决赛8强抽签仪式上，当抽到了G2作为自己的对手时，RNG全队上下都笑的无比开心。#2020LPL#英雄联盟,05/09
#英雄联盟#这个游戏充分证明，只要不放弃，总有一种办法能赢！@英雄联盟,05/09
给朱一龙最强应援🎀#朱一龙LV英雄联盟#♥╣朱一龙╠♥人生如逆旅，我亦是行人。@朱一龙🐉chz3半城烟雨5评,05/09
接下来就是问候加里奥家人时间！内容转自：LOL吧主大人L游戏圈的日常的微博视频O网页链接,05/09
求网友们爆破这个小可爱#英雄联盟#巨龙之巢的一场普通的青铜局排位，上路自己选个抗压英雄，没稳住不怪你，责骂打野不来，自己还不做眼嗯压线兰博就是你的不对了，去下路tp直接白给，中期退出游戏，到后面连上就一直送，还扬言说自己前期给我们拖了发育，怪我们没起来，本来下路都起飞了，还是去骂人，本来有个卡萨丁可以去拖的，但你不参团一直单带是要把你的吗去送了吗？真的没见过这样你的人，自己的错要去怪别人这样的人就该留在黑铁，谁让你上来的？,05/09
#2020LPL#我已为@VG英雄联盟送上奖杯，他是我心中的最强战队，快来和我一起为喜爱的战队加油吧！点击送奖杯↓O2020LPL战队势力榜,05/09
#英雄联盟#TheShy的剑姬这波操作，什么水平？L畅游召唤师峡谷的微博视频,05/09
#Uzi##英雄联盟#关于最近uzi的合约问题闹的沸沸扬扬各种传闻出现1.小狗身体不行了，要退役了2.降薪签约半年rng3.转会ig(这我听起来都觉得很荒谬，但好多人在说，而且IG水哥走了，IG确实缺个跟JackeyLove一样的顶级AD选手。就以RNG与IG的旧恩怨来说就很不可能，王思聪之前被RNG粉丝嘲讽之后怒喷UZI电竞巨婴简灯笼。还有RNG在几年前与IG的对战互喷环节，UZI说:我17岁就进S赛决赛了，你呢？(那年RNG国内彻底压制IG不料之后IG拿下S8冠军，英雄官方给的更是暗讽UZI，那时JKL下的标语是这样的:我17岁就拿世界冠军了，你们呢？先撇下这些恩恩怨怨的话其实是不错的选择期待过几天后释出的消息,05/09
说一个最近你不是很懂的梗，懂的朋友在评论里解答一下#英雄联盟夜聊#,05/09
#2020LPL#我已为@LGD_英雄联盟送上奖杯，他是我心中的最强战队，快来和我一起为喜爱的战队加油吧！点击送奖杯↓O2020LPL战队势力榜,05/09
近来没有什么他事，每天依旧是在进行着快乐的游戏，说来也惭愧，我又捡起来了英雄联盟，之前我一直以为云顶之弈能带给我快乐，后来发现自己始终卡在黄金二动弹不得，离开了一段时间。那天和老何通了一通电话后他问问我家里的情况，电脑网络怎么样鼠标和键盘都在吗诸如此类，突然喊我玩起了联盟，这么多年过去了操作什么的一点不如当年犀利，当年虽说c不了，但是还可以稳定。也许是何新华他们几个太强了，匹配到队友比较厉害，我玩任何一路几乎必炸，我给华哥辅助华哥都快哭了，后来大家都给我让位置，我打起了孤儿上单，结局还是一样把把被爆，再后来我就玩起了石头混了起来。真的应了那句话，帮我我不c不帮我必炸。昨天他们喊我去市里，说要安排我，晚上住个电竞酒店好好玩玩，我嫌贵，再加上前几天确实脑袋疼，就说自己被隔开了十四天，因为自己的头疼脑热。其实也不是很贵，就是怕自己进了城乱花钱控制不住自己，每回至少花三百才回家，想想真的有些后怕。这两天开始打起了王者荣耀，深深的感觉自己是个彩笔，玩啥都会炸，感觉真的有些无所适从。讲真，我真的好怀念曾经的高一高二的时光，倒不是说我在那段时光有些难忘的人难忘的故事，而是高一高二的时候是我玩游戏最好的时候，那时无论是意识还是操作我都是一流的，风头无两，这么形容自己也不足为过，后来就一直变捞，结果越菜还越爱玩。我当时真的有点沉迷，把自己锁在屋里，不想去上课，过年时总想着玩完今天再去学，明日复明日，后面的事情我不说大家应该都懂。我这两天一直在打，几乎每天保持八小时的王者荣耀的时间。段位浮浮沉沉，甚至没有班里的女孩段位高，班里的cjjcyh还有别的我之前认识的女性朋友，人均20多星，我以前真的不太在意段位这个东西，人强就够了，要分干嘛，我把人锤的死去活来还不能够说明问题吗。或许是有了王者荣耀和英语课，我和cjj的话题越来越多了，也不知道自己是什么情绪驱动着自己去和她聊天，和她玩游戏。之前l喜欢过她，或许也许不是喜欢，仅仅是看人家漂亮单纯的见色起意，请人家吃了顿饭之后就了无生息了，还常常借口说人家太爱玩游戏了，借以当做结束也可能是搁置的借口，不过有一说一她确实很爱玩游戏，我睡觉前想到这件事，常常在想自己是否抱着报复l的心态去和人家聊天，想着自己会不会和她在一起然后l感到很生气，我深感这样对女孩子很不公平，凭什么人家好好地生活为什么要背负上的我报复心，不过转念一想，自己还是想太多，我我人长得不帅，游戏打得也不够好，更别提有钱了，人家不可能喜欢上我的，渐渐心中有了一些平衡。很多时候我都搞不清自己究竟是什么在控制着自己，时常会感觉自己的智商和逻辑不在线，说出或者做出自己都感到匪夷所思的事情，说话的时候常常把自己绕进去，有够庆幸自己没有加入辩论队，这个真的不能抱着试一试的心态去加入，不然只会带崩全队，包括写文章也是如此，在网上写的话可以按住键盘左键跑到前面去，修改一下自己的前言不搭后语，在纸上就只好打个前后置换的符号，或是来一个添加的小箭头，卷面常常错乱不堪,05/09
#2020LPL#我已为@LGD_英雄联盟送上奖杯，他是我心中的最强战队，快来和我一起为喜爱的战队加油吧！点击送奖杯↓O2020LPL战队势力榜,05/09
#2020LPL#我已为@VG英雄联盟送上奖杯，他是我心中的最强战队，快来和我一起为喜爱的战队加油吧！点击送奖杯↓O2020LPL战队势力榜,05/10
#2020LPL#我已为@eStar英雄联盟分部送上奖杯，他是我心中的最强战队，快来和我一起为喜爱的战队加油吧！点击送奖杯↓O2020LPL战队势力榜,05/10
#2020LPL#我已为@VG英雄联盟送上奖杯，他是我心中的最强战队，快来和我一起为喜爱的战队加油吧！点击送奖杯↓O2020LPL战队势力榜,05/10
【英雄联盟之最强反手辅助风女有钱任性】L原来是凉的最强反手辅助风女有钱任性不回家#如何勾搭游戏大佬#,05/10
#英雄联盟#狗熊这玩意不是有手就行？？L吃饱不想家·的微博视频,05/10
Kerry余音未散开播啦，今天播非主流打野打法，晚点中野双排，O网页链接！#英雄联盟#,05/10
但凡有点失误这把都赢了#英雄联盟##rng#L巴拉巴拉游戏姬的微博视频,05/10
《英雄联盟》MLG达拉斯秋季联赛结束，来自韩国的Azubu.Blaze在与同样来自韩国的Najin.Sword的争夺中，勇获冠军。一个美国本土举办的比赛，冠亚军被韩国瓜分想必是主办方没有想到的。韩流又将成主宰？#英雄联盟##DNF#,05/10
我再也不上网了中午打了几个小时英雄联盟之后到现在还在头痛痛的要炸那种还想吐,05/10
我正在快手看@LoL英雄联盟-老崔诺手的直播，一起来吧#记录世界记录你#OLoL英雄联盟-老崔诺手的快手直播,05/10
#2020LPL#我已为@VG英雄联盟送上奖杯，他是我心中的最强战队，快来和我一起为喜爱的战队加油吧！点击送奖杯↓O2020LPL战队势力榜,05/10
你微笑时很美召唤师们请锁定英雄联盟三大官方渠道，英雄联盟电视台，英雄联盟赛事官网，手机收看请前往掌上英雄联盟。除了以上官方渠道之外您还可以选择虎牙直播斗鱼直播战旗直播哔哩哔哩企鹅电竞腾讯体育来收看，还可以选择打开电视机通过iptv电竞世界和vspn收看。,05/10
对面劫就是Faker啊，现L小吐槽君咩的微博视频在在隔离，在酒店里和我们打。你们看Faker就是Faker，大家都在杀人，就他在推塔。【英雄联盟】#游戏#L兔玩游戏的微博视频,05/10
#2020LPL#我已为@VG英雄联盟送上奖杯，他是我心中的最强战队，快来和我一起为喜爱的战队加油吧！点击送奖杯↓O2020LPL战队势力榜,05/10
【英雄联盟之谁才是最强锐雯？两韩国职业选手大比拼】L【英雄联盟】谁才是最强锐雯？韩国职业选手实力大比拼#游戏评测#,05/10
英雄联盟之改版后崛起Dyrus演绎新版上单策士统领LGosu_pro的优酷视频EDG#,05/11
#英雄联盟#下路游走，直接越塔双杀，这操作是真的厉害！L游戏就要这么玩的微博视频,05/11
【天下3八大门派登场】八大门派展示打斗技能。#游戏视频#L各路英雄齐聚《天下3》，八大门派震撼登场#英雄联盟#,05/11
快乐风男快乐法，管好自己就行了，何必在乎别人的问号！#英雄联盟##LOL#LLOL饭堂的微博视频,05/11
看英雄联盟职业选手和绝地求生职业选手玩pummelparty感觉好不一样,05/11
别到最后只是感动了自己却还要怪别人不给回报、两韩国职业选手大比拼】：掏心掏肺之前最好先搞清楚别人是否需要、【英雄联盟之谁才是最强锐雯#旧时光是个美人#,05/11
前段时间断网很久不看国内综艺也不追剧还以为周震南是打英雄联盟的还是RISE战队的突然看的2g周震南热搜之后还寻思着这电竞选手还能这样断网？？不愧是专业的电竞选手专心磨游戏也没有在去搜关于他的内容终于在今天追创造营2020才发现人家是唱跳选手可能我才是真正的2g少女吧,05/11
腾讯游戏安全中心昨天晚上英雄联盟账号异地登录打了两把大乱斗然后今天就被封了三年就很莫名其妙,05/11
#演唱会#英雄联盟S10大型赛事官方回应场馆：上海体育场8万人场馆演唱会也快来了。刘德华陈奕迅周杰伦林俊杰吴亦凡有你喜欢的吗开始预定，要预定早安心,05/11
好像时隔多年陪伴很久的也就只有英雄联盟也从当初那个只会打人机或者盖伦石头人辅助的少年成长到了现在的铂金崽也因为英雄联盟而分手了两三任了以前也想过能找个会玩英雄联盟的女朋友这样就可以有共同的话题可以一起两个人甜蜜双排可以在不想出门逛街的时候打游戏可以在节日里送一张她心心念念很久但是没舍得买的皮肤也可以两个人一起看一个相同的主播来消遣时间也可以打累了lol一起去看看电影或者玩别的游戏解解闷但是啊也都是自己的想象而已到最后还是一个人其实呢现在确实也没那么多思想也只想每天能和一群好兄弟能打打游戏了尽管当初的好兄弟都退出了但是啊现在还认识好多朋友呢起码以后得日子也不会那么无聊了！最后呢希望能冲上一次峡谷之巅崽！圆一下梦了😁,05/11
亲爱的女孩们：如果你的男友在玩《英雄联盟》的时候回复了你，说明他是真的爱你。因为在玩LOL时右手是离不开鼠标的，左手是离不开键盘的，眼睛是离不开屏幕的。他为了你，被反杀，塔倒营灭，连4个队友都出卖了。输掉战斗，输掉游戏，输掉队友的信任，为了你，他可以输掉一切。。。#摩尔庄园#,05/11
我正在快手看@LoL英雄联盟-老崔诺手的直播，一起来吧#记录世界记录你#OLoL英雄联盟-老崔诺手的快手直播,05/11
#英雄联盟#阿卡丽怒拿五杀的原因，竟然是因为她的脚本走A？L畅游召唤师峡谷的微博视频,05/11
今天对水子鸽真的太不友好了英雄联盟不能玩斗地主一直输PUBG带不起玩个CSGO还把直播给关没了水子鸽实惨,05/11
#2020LPL#我已为@LGD_英雄联盟送上奖杯，他是我心中的最强战队，快来和我一起为喜爱的战队加油吧！点击送奖杯↓O2020LPL战队势力榜,05/11
#频繁聊天会产生恋爱错觉吗#会。我和我高中同桌在学校的时候基本都在一起，他打球我会去看，课间休息聊天也一起，晚间跑操结束会一起散步，周末哪怕他出去玩了也会给我发很多消息，周天回来的晚自习一定会给我分享他周末游戏的战绩(那时候他们玩英雄联盟)和他遇到的事情。放假在家的时候我们会互道早安晚安，他会陪我聊会天才会去打游戏，我会监督他早睡监督他学习。所有人都以为我们在一起了，他说没有，或许是有几丝暧昧的朦胧，或许他曾经也有一点点喜欢我吧。那时候的我是有一点自卑内敛但大胆喜欢你的我，那时候的我们没有在一起。,05/12
以前看哈利波特看到迷情剂那里想自己能闻到的或许是什么味道后来我写下烟草味烟草味烟草味是手指上的淡淡烟草味我怀念好多个一起醒来的清晨我怀念牵手走过的路我怀念的好多好多我在夜里想起来的时候总是不自觉地扬起嘴角我常常责怪自己为什么这么没用轻易地就把你弄丢了后来的我再也没打开过王者荣耀打英雄联盟只玩辅助练了好多个辅助可是ad都不是你你不喜欢猫可是我还是固执地养了猫然后我突然想通了为什么会把你弄丢了,05/12
我的确有很多男生朋友，因为我喜欢篮球喜欢英雄联盟，看比赛的时候我拍桌子比谁都激动，打游戏的时候喷到对面没妈。我的确收到好多人的表白，因为我长得还行，没有架子不高冷，能够接上对方的每句话不会让对方尴尬，可我不喜欢就会说清楚，明明白白地说清楚。我的确有喜欢了好久好久的人，在一起四年，明朗炙热温暖的喜欢，全世界都知道的喜欢，天天秀恩爱被屏蔽的喜欢。我们才认识几天，所以你真没道理说我渣。,05/12
张恒久来自一位默默关注久哥的小波比的心里话。已经记不清具体是从什么时候开始喜欢上久哥了。从最初的朋友推荐，到最后每天的默默陪伴。从学生时代到步入社会。从271934到521999。不知不觉，久哥已经陪伴我3，4年了。是打游戏，吹牛b，厨艺，颜值，还是久哥身上的正能量，也说不清具体喜欢久哥哪点。其实我特别感谢英雄联盟这款游戏，因为喜欢同一款游戏，让我知道有久哥这样一位活宝主播，相比之下久哥带给我的快乐要比游戏带来的多得多。不知道有多少人跟我一样，久哥直播的时候一直看到睡着，在久哥不直播的时候，在b站看久哥的录播，听着久哥的声音睡觉已经变成了一种习惯。还记得19年11月份（当时和女朋友一起生活女朋友还在边上，乐的像个傻子，哈哈哈）有幸能和久哥在一场排位赛遇到，虽然不是同一个阵营，虽然最后那场游戏输了，但还是激动了一晚，还和身边朋友炫耀了好长一段时间。那个时候觉得人生到达了巅峰，不知道有多少人向往这样的生活，20出头的年纪，一间小房，两台电脑，心爱的女孩在身边，至少曾经我真的很喜欢这样的生活，虽然最后没能和心爱的女孩一直走下去，但还好，在伤心难过的时候还有久哥逗我笑，陪我走过那段最难受的日子。久哥说很感谢小波比的陪伴，其实小波比何尝不感谢你的陪伴呢？谢谢你给我们带来的欢乐，但是也请你在给我们带来快乐的同时，多注意身体，爱你久哥❤️来自一位只刷过1块钱卡牌子的小波比的心里话。,05/12
文化传媒职业学院英雄联盟校园对抗赛已经开始为了提高社团成员的积极性，丰富全校同学的课余生活，现以举办文传英雄联盟校园对抗赛，有兴趣的小伙伴快快叫上自己身边的小伙伴一起为班争光。比赛时间：5月12日-O5月13日14：00-19：00比赛地点：四川文化传媒职业学院实训室比赛项目：英雄联盟参赛人员：文化传媒职业在校学生比赛奖励：冠军：20个小时实训卡亚军：10个小时实训卡季军：05个小时实训卡报名时间：5月5日-5月6日报名方式：加入QQ群：123456789抖音快手哔哩哔哩均有宣传，本次对抗赛将在各个平台发放，一夜成名不是梦。只要你有技术，只要你有运气，只要你有配合，那么冠军，非你们莫属，快来参加吧少年们，为你的班级争光吧,05/12
#TSM总裁泄露选手隐私#北美赛区的知名AD选手Doublelift在twitch直播中发生了意外情况，Doublelift的同居女友——TSM现任总裁LeenaXu在门外打电话意外透露了打野Dardoch的转会消息：“跟我没关系，没人想要Dardoch，这不是我的错。”而这一切都被Doublelift直播间的观众听到了，对此直播间的观众大为震惊，Doublelift也紧急关停了此次直播。由于外界已经知道Dardoch没有被各大俱乐部看中，他的身价会跌到谷底。在舆论发酵下，LeenaXu在推特为此事郑重道歉，最后说一句，这难道是我的女友是总裁的剧本嘛！#英雄联盟#,05/12
#TSM总裁泄露选手隐私#裂开！TSM总裁Leena（大师兄同居女友）在大师兄实况中意外泄漏转会情况~舆论发酵下，Leena本人已发表推特郑重道歉。随后群众号召拳头及选手工会介入此事，但有趣的是，目前LCS的选手工会副主席是比尔森和DL，秘书长是Biofrost（全部都是TSM自己人）。英雄联盟#2020LCS#,05/12
"家人是什么？郑州新型家庭聚会模式告诉你家人是，当你生病了放下一切照顾你直到你好转才休息的人；　　家人是，就算全世界都不相信你了，还是一直支持你的人；　　家人是，你得到了所有人的否定还可以帮你挑出优点的人；　　家人是，长时间相隔经常会没有话说，但是从来不觉得尴尬的人；家人是，外出一再强调不用带礼物，害怕你在路上累着，当看到礼物是又异常激动的人；　　家人是，可以读懂你的心思，你的感触，就算读不明白，他们也会在身边静静地听你诉说，给你最好的意见；我们都有这么好的家人，而我们总是把家人对我们的好当成理所应当，把所有不好的情绪，脾气都给了他们。所以大家有没有想过一大家人去聚一聚，这一次你来安排，你来关心关心他们，让他们好好享受享受。而且现在聚会的形式不再是以前那么的单一的吃饭，唱K，而是把它集体化了——别墅轰趴，新型聚会模式，十来个人甚至四五十人聚集，都可以来到郑州别墅轰趴别墅轰趴馆，小孩儿可以玩XBOX,来几盘三国杀、英雄联盟，或者三二个人切磋台球球技，妈妈们们可以准备做饭用餐的东西。年轻人还可以一起躺着看电影，一起看看鬼片多刺激呀！",05/12
【TL战队打野Broxah：直播的时光很快乐但是要准备夏季赛了】TL战队的打野选手Broxah今日更推称直播的快乐时光要结束了~队伍开始准备夏季赛，从今天开始我们将会满满开始夏季赛的准备工作、队伍练习。这意味着我之后将不会进行太多的直播啦~尽管过去一个月几乎每天都进行直播确实很愉快，但是我很高兴还能够重新开始，一旦夏季赛开始，我们就会有足够的时间确保我们重回正轨！所以我们最好充分利用这段时间吧兄弟们！~值得一提的是，在2020的春季赛中，Broxah所在的TL战队表现并不是很好，仅取得了7-11的战绩，位列联赛的倒数第二！#英雄联盟#,05/12
网友爆料创造营2020第二次公演不完整选曲🍉不负责搬运K/DA-POP/STARS（英雄联盟虚拟乐队2018英雄联盟全球总决赛开场曲）欅坂46-沉默的大多数（中文译名）王心凌-想你想你R1SE-谁都别吝啬（印度风电子舞曲抡大锤）蔡依林-玫瑰少年鱼韵乐队-新宝岛（中文译名漫改真人电影爆漫王主题曲）火箭少女101-撞周杰伦-发如雪刘亦菲-自己梦飞船-不值得第一次公演还没播第二次公演选曲的🍉就出来了所以大家就看看吧，倒是英雄联盟和创2男团的歌能看出🐧真的有在培养平台粉#创造营2020#,05/12
【GRF官方：正在和选手们讨论合同】今日GRF官方的Facebook更新：“Griffin正在核选手们讨论合同终止或者其他的选择，一旦有任何决定，我们将通过我们的社交平台通知进一步的消息。我们对多年一直支持Griffin的粉丝们深表遗憾和感谢，我们会以新的GRF的身份归来，感谢大家~”大家觉得未来的GRF格里芬的表现会怎么样呢？#英雄联盟#,05/12
【致敬白衣天使：向疫情中奋战在一线的医护人员们致敬】他们不顾安危，挺身而出；他们直面病毒，坚守在战“疫”最前沿；他们关爱患者，无私奉献；他们是最可爱的人，是最美的“逆行者”。值此国际护士节来临之际，向疫情中奋战在一线的医护人员们致敬。英雄联盟#2020LPL##此刻敬英雄#cr.英雄联盟赛事L尚牛电竞的微博视频,05/12
#英雄联盟S10总决赛官宣如期举行，LPL战队出绝招：夏季赛见#官方宣布了英雄联盟S10总决赛如期举行，将在10月拉开战幕，上一次在家门口的比赛我们遗憾了，这一次LPL绝不认输。IG和FPX给LPL带来了两年的冠军，让LPL成为了第一赛区，今年世界赛的名额也增加为四位，竞争异常激烈，各大战队都为了世界赛进攻。#英雄联盟#,05/12
【Condi回应直播与比赛问题：我愿意诚恳的承担所有后果】“一直有很多人问我什么时候直播还会不会打比赛，关于这两个事情统一和大家说一下，禁赛期间是不可以直播的，不能播英雄联盟，这是官方给我的处罚规定，我也说过愿意陈恳的承担所有后果，也有很多粉丝说希望看我播点别的聊聊天都可以，这个事情我还在考虑所以暂时还不确定。还有就是很多粉丝说希望我重返赛场的事情，我没法知道到那个时候还有没有队伍愿意要我，但至少不管以后怎么样，我每天都会尽力保持好竞技状态，争取等到下一次你们看到我的那天，我还是很强”#英雄联盟#,05/12
LPL选手年龄图引热议，“EDG拿下第一，Rookie比Uzi还大”目前的lpl赛区依旧是一些老选手的天下，现在的00后选手虽然有几个代表，但是并不能够承担起赛区的重任，比如fpx战队，ig战队和jdg战队的主力选手，几乎没有一个是00后的玩家，这也就证明了一些老选手在赛场上存在的价值，当然，目前在lpl赛区已经没有了，95年以前的选手了，微笑若风的那个时代，已经一去不复返了，但是我们看到了一个全新的LPL，一个积极向上，蓬勃发展的lpl。#2020LPL#英雄联盟,05/12
【马哥：和明凯双排是比吃饭更重要的事】这头和马老师说有事不能排了，并说是比吃饭更重要的事，原来是被明凯召唤了。这局明凯的打野位让给了别人，给马哥打起了辅助。上一把是中单给马哥打辅助，这一把是打野给马哥打辅助，马哥，强。#英雄联盟#L兔玩游戏的微博视频,05/13
爷吐了算了下未来战士通行证如果想至臻卢锡安+100至臻点全拿得一天赢十把匹配@英雄联盟想要肝直接说不用这么委婉还得爷动脑子算数,05/13
#英雄联盟##lol#血港鬼影在无限火力，是真的可以为所欲为L游戏就要这么玩的微博视频,05/13
无限火力以及未来战士15日开启、同时5月28日LPL和LCK季中杯赛到来！！！#英雄联盟#LLOL手游圈的微博视频,05/13
【风暴之灵超神是一种态度】L功夫林肯dota2风暴之灵第一视角：超神是一种态度！#英雄联盟#,05/13
#LOL#英雄联盟Doinb：这就是电竞的魅力！心怀希望，永不言弃！L畅游召唤师峡谷的微博视频,05/13
【英雄联盟】#游戏#如果不出意外，这是我最后一次跟你双排了LLOL手游圈的微博视频,05/13
英雄联盟终于凑够九宫格了！嘉慧与选手们不得不说的故事！有一些选手没图片是因为并不害怕，还有一些选手没有图片是因为，我们到场的时候，现场只留下了电竞椅！Author:靠谱电竞,05/13
#英雄联盟#,05/13
【英雄联盟之进击的小学生系列第5期潘森娜美的故事】O网页链接#梦幻模拟战手游#,05/13
佳慧还是漂亮妹妹的时候，弔人已经吓成这样了#录屏机器BB机##英雄联盟#zz1taiL电竞毒奶BB机的微博视频,05/13
FPX冠军皮肤首秀麦克疯：这就是企业文化！英雄联盟LLOL英雄联盟视频的微博视频,05/13
大家现在最期待哪种模式回归？#英雄联盟夜聊#,05/13
我正在快手看@英雄联盟-棋王欧了的直播，一起来吧#记录世界记录你#O英雄联盟-棋王欧了的快手直播,05/13
【英雄联盟闯天关第2期：猴子无限暴击激情1V5】L英雄闯天关第2期：猴子无限暴击1V4夺5万点券#食物语#,05/13
#英雄联盟##战争学院服务器#这服务器又给崩盘了吗,05/14
打英雄联盟被路人夸了，还组队了，我的天，不可思议，我也有今天。,05/14
#游戏主播##英雄联盟#坑人就要先从身边人开始？骚猪真不愧是计划通！L诸神的精彩瞬间的微博视频,05/14
劫如果把能量改为蓝条那是增强还是削弱呢？#英雄联盟#,05/14
那天下午打了一局英雄联盟，所以毕业照也就没去照了,05/14
人在塔在@英雄联盟同人#LOL玩家#,05/14
和学弟打英雄联盟他玩的不是很好一直和我道歉说不要生气不要生气（可我态度超好的）虽然我最近没有和心态不好的朋友玩过游戏但是我还是要说打游戏凶人的都是臭猪,05/14
#英雄联盟#钻石定位24杀配合我好兄弟英雄联盟，给螳螂的心态点赞L畅游召唤师峡谷的微博视频,05/14
#英雄联盟#金克丝的大招，很考验运气，运气不好你就等死吧！L电竞综合快报的微博视频,05/14
Uzi也许我是说也许也许有一天大家会对英雄联盟失去信心因为韩国的宰制到现在还没有结束但不是今天今天rng浴血奋战rng加油uzi加油你是那个绕后的vn你是那个5抓一反杀一人的vn是那个丝血狂秀酒桶的小炮是那个无缝走a的大嘴是那个团战能找到最不合理输出位置的adcarry你是adcarry位的神是大哥位中最强的男人,05/14
【Puff暴露小时候证件照，夫人赶紧打电话来提醒】Puff玩《你画我猜》的时候，QQ游戏的头像用的是自己小时候证件照，Puff夫人赶紧打电话来提醒。Puff（看到手机显示立马摘掉耳机）：喂幺儿，我换了的呀，为什么是这个头像？没得事的，本来就是我小时候的照片呀，小时候的证件照。#英雄联盟#L兔玩游戏的微博视频,05/14
【助手哥晚安话题】大家觉得英雄联盟中最鸡肋的英雄是哪个？#英雄联盟#大家觉得英雄联盟中最鸡肋的英雄是哪个？,05/14
【英雄联盟被评为年度最成功游戏】美国最大的游戏杂志GameInformer最新一期中对年内的事件做了盘点。《英雄联盟》成为2012年中的十大成功事件，GI对此写道：要说亚洲范围以外最受欢迎的PC游戏，不是《魔兽世界》，《激战2》，也不是《我的世界》，而是在今年获得爆炸性成功的《英雄联盟》。#steam游戏#,05/14
【胸猛女警官手持镣铐把你俘虏！一周大师级COS作品欣赏】小编立刻奉上新一期的大师级COS欣赏，这里汇集了《最终幻想》《英雄联盟》《初音未来》《罪恶皇冠》等知名游戏动漫大作，美丽的Coser们将那些二次元角色演绎的淋漓尽致，一起来欣赏下吧。#绿洲#,05/14
看完吃播乌兹再来瞧瞧小狗的7/0/9的不死VN✨一开始先吐槽了一波跟婷婷出去玩本来是想吃三碗牛肉面的～在？请问这是大胃王主播的直播间吗？Cr见水印Uzi#RNG##英雄联盟#L峡谷江湖GO的微博视频,05/14
#英雄联盟##lol#小姐姐疯狂撩S男，马面竟成柠檬精？L游戏就要这么玩的微博视频,05/15
在《英雄联盟》职业赛场上LCK赛区很长一段时间都处于统治地位，直到S8全球总决赛的时候被LPL赛区的IG终结，不过另有些观众遗憾的是，IG和FPX在最终的决赛中都没能和LCK赛区的对手进行决战。特别是FPX，在S9几乎没有遇到LCK的队友。无论是IG、FPX、TES，还是新王JDG，都应该特别希望与今年的LCK春季赛冠军SKT一战。英雄联盟#英雄联盟##LOL中韩友谊赛#,05/15
英雄联盟手游体验服签到,05/15
明天开始十点准时睡觉，脸上长痘啦，已经开始失调了。不能再熬了。英雄联盟之Zn幽魂出品逗逼联盟大王叫我去巡山#内涵搞笑#,05/15
#英雄联盟##战争学院服务器#贵族学院，别人放假我开学，别人开学我放假,05/15
2012年6月29日，波罗的海物体第二异常现象被探索家发现，又给波罗的海添加了一层迷雾！O网页链接#英雄联盟#,05/15
我的乐芙兰又改回来了~~开心~~~#英雄联盟##诡术妖姬#,05/15
终于有好消息了！🔥下个月英雄联盟手游将在巴西和菲律宾地区进行规模极小的测试。5月底将会有更多的消息放出！英雄联盟手游#英雄联盟手游#,05/15
AD刮痧#英雄联盟#晚安玛卡巴卡,05/15
我正在快手看@英雄联盟-棋王欧了的直播，一起来吧O英雄联盟-棋王欧了的快手直播,05/15
VG英雄联盟麻烦没有官宣的事也就别带节奏了不要随便去揣测了没意义，一切等官宣不好吗？也没那么难吧,05/15
英雄联盟想知道怎么可以看选手们的编号就是他们注册的编号呀,05/15
我笔记本带不动gta5，想去网吧玩玩，md他内存不够，人傻了，然后又玩了一晚上英雄联盟,05/15
#英雄联盟##lol#姿态峡谷偶遇王者质检员诗仙女，姿态：妹妹好顶！【素材来源网络侵权私信删】L电竞妞的微博视频,05/15
英雄联盟#2020LPL##Uzi##uzi官宣#在昨天“UZI官宣”之后，G2战队也参与整活：如果不是想念澡子哥，谁会想到开团？看来G2战队对澡子哥重回赛场也非常期待呀！我觉得近段时间一直网传Uzi的动向，应该是在为澡子哥重回赛场进行预热，夏季赛之前退役应该希望不大，静静等一个回归的官宣！,05/15
#英雄联盟手游#下个月将在巴西和菲律宾开启小规模内测，本月底将会公布更多信息，你们期不期待？,05/16
#英雄联盟#不要相信诺克萨斯人的血条L游戏通关宝典的微博视频,05/16
#英雄联盟#千速流蝎子竟然如此粗暴？对方要崩溃了L英雄联盟超凡大师的微博视频,05/16
有没有一种就是本来你挺丧但是你喜欢的人也很丧于是你就没事了并且还想开导他我和谷天玩游戏我玩的不好然后老输我也战绩差劲因为这个我本来心情不爽了结果一看谷天都气死了我就突然觉得一个游戏而已不值得生气于是我好了我是觉得游戏无所谓了真的英雄联盟练出来我心态了可是常胜将军谷天今天跟我六连败玩游戏就是为了开心所以我不跟他大乱斗了人机还行起码不要因为游戏影响了他的好心情就当我做善事大发慈悲饶了他吧我50级以前绝对不再轻易出关了,05/16
#英雄联盟##竞技游戏##LOL#上单天使单挑诺手，被诺手的一个蛇形走位骗了，直接一个大杀四方！LLOL情报局的微博视频,05/16
发布了头条文章：《RNG小龙堡训练数据更新，请给他多一点时间》英雄联盟rng@小龙堡cORNG小龙堡训练数据更新，请给他多一点时间,05/16
雨果CP🐟说等下要去打英雄联盟不会是跟🍎把！！！哈哈哈哈哈哈哈哈哈哈哈,05/16
某幻给每个植物取了个英雄联盟的名字逗死我了,05/16
#O网页链接#游戏工作室招线上陪玩小姐姐各位小姐姐可以先翻我微博再滴滴我！！打一单结一单无技术及声音要求20-30元每小时！！会王者荣耀/和平精英/英雄联盟lol/绝地求生/云顶之弈/都可以不骗人互相尊重！！,05/16
对游戏一窍不通的我，今天在男票的指导下玩英雄联盟，从人机到真人，懵了#我是表情帝#,05/16
我的心只是碎成了很多片，爱上了不同的英雄#英雄联盟#英雄联盟L吃西瓜不吐西瓜皮儿丶的微博视频,05/16
我正在快手看@英雄联盟-棋王欧了的直播，一起来吧O英雄联盟-棋王欧了的快手直播,05/16
把这些现实人物加上英雄联盟英雄称号以后，酷炫感妥妥的！！！#荒野行动#,05/16
（键盘破碎声）兄弟们把害怕打在公屏上#2020LPL##英雄联盟#L靠谱电竞的微博视频,05/16
#英雄联盟#艾克化身终极打工仔，一秒便让中单成爆发富，这得加钱LLOL-英雄联盟视频的微博视频,05/16
人在塔在@英雄联盟同人#LOL玩家#,05/17
#英雄联盟##LOL#我的神仙队友我一奶妈实打实的无语了,05/17
盘点英雄联盟里面那些因为太强而被官方删除的装备NO.5:杀人甲利维坦之甲，又称杀人甲，这绝对算的上一件古董级别的装备了，知道这件装备的玩家很多可能已经从英雄联盟退游了。这件装备在那个时候可以说是坦克英雄的神器，拿到优势之后可以为自己叠加很高的生命值，而且还可以获得15%的免伤效果。可能官方觉得这个装备太影响平衡了，所以在早期的版本中就把它删掉了。NO.4:自然之力自然之力，这件装备作为当时最强的法抗装备，可以说是法师英雄的克星；如果蒙多做一件这个装备，就可以直接追着对面法师砍，对面法师都不想打蒙多。因为你打的血还不如他回的的多。或许这件装备就是因为在当时太强了，然后就被官方给删除掉了。NO.3:阿塔玛之戟阿塔玛之戟应该是很多老玩家们都比较怀念的一件装备，在那个时期，上单英雄几乎都是以这件装备唯核心的，既有坦度又有输出。特别只这个装备的特效，简直是皇子、武器这些英雄的最爱。18年的时候网上曾经爆料这件装备已经回归体验服，但是到如今都没有重新回到正式服的消息。NO.2:绿爪麦瑞德列血手套，又被玩家们称之为绿爪，虽然售价是3800金币，几乎是当时最贵的一件装备；但是它提供的属性却对得起它的这个价格，30攻击力、40%的攻速、25点护甲，百分比伤害的被动。这件装备简直就是一件切坦克的神器，像武器大师这种魔物双修英雄，出完这件装备就可以在峡谷横着走了。NO.1:冥火之拥冥火之拥，老玩家们比较公认的一件强力装备，高爆发的法师在做完这件装备之后，秒人能力简直不要太强。就拿妖姬来讲，妖姬出完这件装备之后，技能既可以获得减CD，还可以大大加强她的秒人能力，一套技能坦克英雄都扛不住，脆皮英雄直接变没。这样的英雄联盟几乎变成了“互秒联盟”，不是我秒你，就是你秒我。所以最后官方干脆把这件装备给删掉了。,05/17
【小天唱乃万的《风的颜色》】等刘青松排位出来的时间段，小天玩了把无限火力。跟着BGM唱了两句说这歌难唱不好唱，要给观众唱个好唱的，然后放了首《上学威龙》，尬唱了两句被自己尬到了，放弃了#英雄联盟#L兔玩游戏的微博视频,05/17
电竞#英雄联盟##LOL#当你点完菜以后，你打算和谁坐一桌？,05/17
#英雄联盟##lol#百因必有果，你的克星就是我！L游戏就要这么玩的微博视频,05/17
不打英雄联盟day1,05/17
重新发一遍投稿哦#LOL情人节#@英雄联盟同人,05/17
V5英雄联盟zzz,05/17
为啥我的队友每把都像是人机啊@英雄联盟,05/17
【少林伏魔录】《少林伏魔录》采用了3D游戏设计引擎，开场动画便展现了气势恢宏的少林山门，场景渲染突出，无论是忽远忽近的镜头亦或是空中飞舞的枫叶都给人一种身临其境之感。游戏角色采用3D视角，360°镜头旋转可比拟PC主机的镜头感，场景色彩艳丽又不失少林的庄重。#英雄联盟手游#,05/17
刚刚玩云顶之弈，有个弟弟因为别人选秀抢了他想要的，后面应该全程都在辱骂他人（我是开头就屏蔽了，但是下场的人越来越多，最后我只能全员屏蔽）忘了截图拍照了，但是ID还是能找到的，我从掌盟举报了他，其他人应该也是吧。。但是想找找能不能从英雄联盟举报，我就搜了一下他的ID，摁了个回车变成添加他为好友了，他可能会觉得我想私信跟他对骂，还没加我，别加了，我一点都不会骂人,05/17
打匹配练阵容下一半退了四个???一个跟我打完秒退了?剩下三个选秀完又退一个??最后一个说那我也撤了我还在纠结吃不吃这利息就鸡了？全员刷代币?@英雄联盟报告🙋我毫无游戏体验,05/17
真•滑板鞋#英雄联盟#,05/17
【改名卡将在明日下架重新上架时间未定】英雄联盟官方今日发出公告，因后台技术原因，改名卡将在5月14日12:00下架。有改名想法的小伙伴在5月14日11:59前使用哦！另外具体的重新上架时间还没有确定，错过明天之后就只能等待官方公告公布重新的上架时间啦。,05/17
"【Knight每天45点睡有拖延症没事干就是不想睡】Knight：""怎么这么累啊，一天天的好累啊，可能睡太晚了。我有拖延症，干什么都想拖一会。我就是没事干都不想睡觉怎么办？我的生物钟没乱，每天都45点才睡，怎么可能乱？12点或者1点起来。""K皇应该早点睡了，鼻子上都上痘痘肿了~#英雄联盟#L兔玩游戏的微博视频",05/18
海拔1300米的高山上，竟遍布着几百亩石头群，而更大规模的奇石群则“藏”在了幽深的灌木丛中。在彭水雷公盖山，当地电视台意外发现了一片天然石林。据估计，这片石林占地约300亩，其中成规模的达100余亩。雷公盖山距彭水县城约20公里，海拔1300多米，除了一些到山上采药的人很少有人到过雷公盖山山顶。#英雄联盟#,05/18
【那些酷爱LOL的明星们baby最爱金克斯、周董本命是皇子】明星也爱玩游戏，继昨日我们细数了那些酷爱玩《DOTA2》的明星们后，今天我们再来看看那些喜欢玩《英雄联盟》的英雄。众所周知，Angelababy有“国服最强金克斯”的称号，那么其他明星又最擅长玩哪个英雄呢？他们的段位和ID又是什么？#FPXEDG#,05/18
【君泽：感谢浩轩、小虎送的藏宝图】“滔搏电竞-Karsa送你1个虎牙一号”君泽：感谢浩轩的藏宝图！我还发信息问karsa要不要一起出来吃饭呢，他说他们开始训练了“RNG丶Xiaohu送你1个虎牙一号”君泽：感谢虎哥送的两个藏宝图！诶小虎，飞机怎么打得过瞎子啊，我打不过他怎么办啊#录屏机器BB机##英雄联盟#严君泽LetmeL电竞毒奶BB机的微博视频,05/18
求求姐妹们b站搜搜苏芮琪cover吧！宝藏女孩标签:男团舞/宽松衬衫/川妹子/帅到骨子里/vocal舞蹈rap全能/弹舌/时尚/rng粉丝翻跳过很多大众听说过的舞蹈包括exo的英雄联盟那个pop/stars，刚刚看到一八年还作为迷妹采访了uzi？？？？？？？？害羞口胡到不行？？？？？？？？我对这个妹妹实在是有无尽的好奇，还需要继续补课。带个刚刚超话拿的美图，侵删侵删💗💗💗,05/18
【君泽&小虎：佳慧只是节目效果】君泽：我听他们说你玩佳慧很怕啊，你有什么好怕的啊？小虎：没什么好怕的啊～就是节目效果啊君泽：对啊，就节目效果啊，我也觉得没什么好怕的啊小虎：对啊，我懂你，就是节目效果，让观众们好玩一点，自己一个人玩有什么好怕的#录屏机器BB机##英雄联盟#严君泽Letme[超话]#L电竞毒奶BB机的微博视频,05/18
欧洲次级联赛简介——从一个T1用他照片做头像的男人说起没有哪个赛区的次级联赛会像欧洲一样声势浩大引人注目。如果你在推特上关注英雄联盟相关内容，大概不会错过5月10日的一场狂欢。那一天，欧洲赛区许多选手、解说、工作人员，以及无数粉丝都换上了同一个头像——一位ID为PukiStyle选手的照片。滚动条一拉，满屏幕整齐划一的头像蔚为壮观。即使是MSI或者全球总决赛时为欧洲队伍加油也没有出现如此盛况。到后来甚至连北美战队C9、TSM、LCK战队T1也纷纷加入到这场狂欢中来。而这一切，只是为了向2020EUM春季赛总决赛队伍之一的K1CK和他们的AD选手PukiStyle表示支持。#lol##英雄联盟#O欧洲次级联赛简介——从一个T1用他照片做头像的男人说起,05/18
论中学时期的话，那就是LOL了。那时候一到放假，就想到和朋友同学约到一起去开黑，那种感觉现在也只能用来回忆了，偶尔有时候和同学一起去网吧开黑，网吧五连坐，从来没赢过那个时候真的很喜欢英雄联盟这个游戏，总是想着怎么能多玩一会儿。等到高中毕业了（上大学前的那个暑假还是经常玩LOL），上大学之后因为有自己的手机了，最开始没有买笔记本（主要是手机配置也还可以）最经常玩的就是王者了，经常几个寝室的朋友们在一起串寝开黑，没课的时候一玩就是半个下午加一个晚上（中间赶紧点个外卖继续打）因为没笔记本，自己也懒得去网吧，然后觉得王者也属于MOBA类手游，就渐渐的把它当作LOL的替代品了。我觉得吧，我最喜欢玩的还是MOBA类游戏，不论是最开始的魔兽争霸的澄海3c，后来的浩方对战平台里的dota1地图，再到大型网络游戏英雄联盟，最后是随时随地都可以玩的手游王者荣耀，都是自己的最开始的对游戏的一种热爱吧O你玩最久的游戏是什么?,05/18
【生日快乐！EG.Bang选手迎来24岁生日】今天是Bang的第24个生日24岁的Bang已经拿下了：2座S赛冠军奖杯、2座MSI冠军奖杯以及4个LCK联赛冠军在2020年春季赛@100ThievesBangJunSikBae也跟随@EvilGeniuses电子竞技俱乐部拿到了LCS季军的成绩，希望夏季赛的Bang可以和EG一起为我们带来更加精彩的发挥！生日快乐！#英雄联盟#,05/18
英雄联盟国籍：韩国ID：Peanut（翻译过来就是“微不足道的人”）外号：小花生（也是ID翻译过来的）真名：韩旺乎（한왕호）出生日期：1998年1月3日所属战队：LGD曾效力战队：Najin、ROXTigers擅长英雄：蜘蛛、盲僧、挖掘机、男枪、豹女获得荣誉：2016年LCK春季赛亚军和2016年LCK夏季赛冠军#英雄联盟那点事#抖音关注火眼竞技LKOK电竞君的微博视频,05/18
【敢占我便宜！腾讯怒封17万作弊玩家LOL账号】国服《英雄联盟》近期推出了名为“无限火力”的新模式。然而，百密一疏，近来有玩家发现并利用BUG在“无限火力”模式中选出那些被BAN掉的角色来进行游戏。随后腾讯向那些利用BUG作弊的玩家开出罚单。此次被涉及的玩家账号数量多达17万！#梦幻西游#,05/18
娱乐今天是我喜欢的女明星之一王珂的生日，在这里，我衷心的祝福薛敏的扮演者王珂37岁生日快乐，自从看了你拍的抗日电视剧铁血使命之后，我就开始关注你，喜欢你，感觉你的气质属于出尘脱俗端雅大方最喜欢看你拍的五部电视剧。铁血使命，英雄使命，英雄联盟，我要当八路，游击英雄。祝王珂生日快乐🎂🎂🎂🎂,05/18
【LCK春季赛观赛报告：日均观赛人次达463万】5月18日，Riot公布了今年#2020LCK#联赛的部分观赛数据：与2019年LCK赛季相比，2020LCK春季赛的日均净观众人数增长了13.4%，达到463万余人次。而日均同时观看人数最高值也同比增长4%，达到82万余人。在此82万余人中，有大约62%为海外观众。最受关注的是2020LCK决赛的T1vsGEN，春季赛决赛的最高同时观看人数超过215万余人，平均每局游戏的同时观看人数达到约120万。#英雄联盟#,05/18
【5.16日PBE更新部分AD回调、狂热加强】英雄改动不灭狂雷沃利贝尔基础攻击力由60降低至57狂雷渐起(被动)每层的攻速由3%提高到5%擂首一击(Q)基础伤害由25/50/75/100/125降低至20/45/70/95/120天声震落(R)冷却时间由160/140/120秒降低至140/130/120秒复仇之矛卡莉斯塔基础生命值由565回调至正式服的534生命值成长由102回调至正式服的100圣枪游侠卢锡安基础生命值由600回调至正式服的571生命值成长由88回调至正式服的86暗夜猎手薇恩基础生命值由545回调至正式服的515生命值成长由91回调至正式服的89装备改动狂热唯一被动：移动速度由5%提高到7%幻影之舞移动速度由5%提高到7%疾射火炮移动速度由5%提高到7%斯塔缇克电刃移动速度由5%提高到7%卢安娜的飓风移动速度由7%提高到9%英雄改动(云顶之弈)吉格斯(吉格斯的改动为热补丁改动，直接上线于正式服)技能伤害由300/400/700降低至300/400/550cr：NGA#英雄联盟#,05/18
罗云熙说自己的电竞梦，得被你们一群英雄联盟没玩过的嘲讽罗云熙想发专辑想开演唱会，得被你们一群脚都踮不起来的人嘲笑他不如去跳芭蕾就连拍个戏，还得被从月上骂到皓，说剧组配置不行说他浮躁说他前途堪忧我说你们是他爹妈还是他公司啊宁要是有钱，能给他投资让他拍剧让他火，我都不说啥了问题是宁有吗,05/18
发布了头条文章：《沙盒战队新教练分析IG：缺少一个好打野，打得不像一个团队》#英雄联盟#O沙盒战队新教练分析IG：缺少一个好打野，打得不像一个团队,05/19
"【蛮荒之地：杜兰戈】游戏中玩家可以进行自由的战斗冒险，玩家可以收集食材、砍伐树木、锻造钢铁来建立自己的营地,这是一个人类与恐龙共生的年代，玩家可以自由的猎杀恐龙，收集采用材料，这一点类似于怪物猎人的设定相信也会让很多玩家感到满意。#英雄联盟手游#",05/19
深夜食堂，开饭啦~英雄联盟#英雄联盟#L甜如梦的微博视频,05/19
【#周淑怡#】罕见素颜直播艳绝群芳可惜了#lol主播##英雄联盟#L诸神的精彩瞬间的微博视频,05/19
皮肤压制？？#英雄联盟#L鸭蛋头的微博视频,05/19
#2020LPL#我已为@VG英雄联盟送上奖杯，他是我心中的最强战队，快来和我一起为喜爱的战队加油吧！点击送奖杯↓O2020LPL战队势力榜,05/19
今日英雄联盟日记我也太会骂了吧！#英雄联盟#,05/19
#2020LPL#我已为@VG英雄联盟送上奖杯，他是我心中的最强战队，快来和我一起为喜爱的战队加油吧！点击送奖杯↓O2020LPL战队势力榜,05/19
#英雄联盟#不接谁的花不陪谁长大,05/19
#十年前夏天和现在的区别#十年前的夏天是上初中的时候在家打着英雄联盟，要么和同学逛街唱k🎤作业总是喜欢留着8月再写,05/19
9.我的笑点特别特别奇怪王硕给我讲他之前打英雄联盟时十分钟对面就补了三个兵队友开语音说龙龟（她）刚十分钟你怎么还让对面补了三个兵哈哈哈哈哈哈哈哈哈哈哈哈哈哈哈哈哈哈哈哈哈哈哈哈哈哈哈哈哈哈哈哈哈哈哈哈哈哈哈现在想起来还想笑关键那个游戏我只在很早之前玩过几次,05/19
值了#英雄联盟#L鸭蛋头的微博视频,05/19
既然如此我就不客气了@英雄联盟,05/19
#英雄联盟##云顶之弈#嗯！很细玩熟了冲分真舒服,05/19
#「HH」#刚恋爱时我们经常会去学校对面的一个猫咖，点两杯喝的，撸撸猫，打打游戏。店老板是一对年轻夫妻，客人不多的时候他们会放放电影或者打英雄联盟，他们研制出新品也会让我们尝尝提提建议。虽然那里的饮品确实很一般，但是那段时光是甜蜜而难忘的，还记得大黄那时候偷拍了我一张玩猫的照片做手机屏保。暑假过后我们很少去了，那个店子经过装修改成了酒吧风，但好像生意还是不怎么好，偶尔几次路过发现没有开门，以为做不下去了，有些遗憾。很久以后有一次在学校路上碰到老板，很惊喜地问他怎么好久不见了，店子还在开吗？老板说“在呀，你们好久没来了，不会关门的，起码等到你俩毕业再关”虽然这句话可能是开玩笑说的，但还是有点感动。,05/19
英雄联盟网曝Iboy在VG受尽委屈？（理性吃瓜）近日有网友爆料：其实VG的管理层以及部分粉丝根本就看不上Iboy，他们还是只看好别的AD选手！VG的管理层出现了内讧，Iboy已经很久没有打训练赛了。#2020LPL#,05/20
玩了一段时间王者荣耀回去玩英雄联盟：这路咋这么黑啊！,05/20
主持人：“说一下今年的计划吧~”Karsa：“不要唱《上学威龙》了。”369：“上！学！威龙！上学威龙！”阿水：“别上了！”（被后面369和Karsa指使）Knight：“滔搏肯定会一年比一年强。”#英雄联盟#L兔玩游戏的微博视频,05/20
#英雄联盟#theshy偶遇小迷弟Khan一脸宠溺，却突然感觉哪里不对L我和游戏恋爱啦的微博视频,05/20
兄弟们，制作不易可以帮我点个赞吗#英雄联盟召唤师们该回来了#记录世界记录你#L꧁༺联盟༒信仰༻꧂的快手视频,05/20
英雄联盟#游戏吐槽大会#你认为青龙刀的移除，对哪些英雄相当于巨大的削弱？#2020LPL#,05/20
发布了头条文章：《Uzi的版本到了？卢锡安成AD之神，下路英雄全面加强》#uzi##英雄联盟##游戏#OUzi的版本到了？卢锡安成AD之神，下路英雄全面加强,05/20
英雄联盟之JY解说最远射程泽拉斯让对手无处可逃LLovejyForSc2的优酷视频#,05/20
#英雄联盟#峡谷烧烤摊开业了，请队友打开麦克风交流L畅游召唤师峡谷的微博视频,05/20
#2020LPL#我已为@eStar英雄联盟分部送上奖杯，他是我心中的最强战队，快来和我一起为喜爱的战队加油吧！点击送奖杯↓O2020LPL战队势力榜,05/20
【英雄联盟】新手必看！gank路线的选择技巧教学。O网页链接#梦幻西游手游#,05/20
英雄联盟开黑有无开黑，电一网二滴滴～,05/20
#英雄联盟#亚索每次等着接大就完事儿了。L我和游戏恋爱啦的微博视频,05/20
你们能相信吗，庞屁猪打了一晚上英雄联盟，现在还在打，他说现在有个什么无限火力，你说英雄联盟在520这天搞个什么无限火力是想干嘛,05/20
卡萨在谈UZI和阿水的时候，说“UZI是大爷选手必帮的下路，而JKL是自己的大头儿子”。这样看来，卡萨认为UZI是一名非常优秀的队友，而阿水则是自己的好儿子。emmm，海贼王白胡子即视感。话说FPX这种队内阴阳怪气，重拳出击，一致对外的企业文化，现在已经在LPL流传开了啊。如果你和UZI排到了一起，你会选择一直帮下路吗？#英雄联盟##阿水##UZI#,05/20
在英雄联盟背景故事中，卡特琳娜属于哪个阵营？#LOL知识竞赛#英雄联盟背景故事中，卡特琳娜属于哪个阵营？,05/21
【如果这次中韩对抗赛我们LPL没拿到冠军，大家能够接受吗？】这次中韩对抗赛如果我么lpl的队伍真的没有拿到冠军，到时候论坛的呼声会是怎样吗？大家能够接受这个事实吗？#上虎扑关注英雄联盟#,05/21
【英雄联盟LOL每日悲剧TOP3第291期安妮隔墙四杀】LLOL每日悲剧TOP3第291期安妮隔墙四杀#闪耀暖暖#,05/21
#英雄联盟#在圣者面前动武，会被株连队友的！L我和游戏恋爱啦的微博视频,05/21
O网页链接【PDD正在直播】英雄联盟-房间号101,05/21
#2020LPL#我已为@VG英雄联盟送上奖杯，他是我心中的最强战队，快来和我一起为喜爱的战队加油吧！点击送奖杯↓O2020LPL战队势力榜,05/21
【动物园饲养】作为休闲娱乐小游戏，本作的背景音乐采用轻松、明朗、欢快的小曲来搭配，像似由多种乐器巧妙组合而成，音乐门外汉的西瓜也听不清是由那几种乐器演奏，时不时从远处传来的虫鸣鸟叫音，让大家感受到了鸟语花香。#英雄联盟手游#,05/21
#2020LPL#我已为@eStar英雄联盟分部送上奖杯，他是我心中的最强战队，快来和我一起为喜爱的战队加油吧！点击送奖杯↓O2020LPL战队势力榜,05/21
微博忘记发辽#英雄联盟#L抠脚发qaq的微博视频,05/21
在英雄联盟背景故事中，卡特琳娜属于哪个阵营？#LOL知识竞赛#英雄联盟背景故事中，卡特琳娜属于哪个阵营？,05/21
【如果这次中韩对抗赛我们LPL没拿到冠军，大家能够接受吗？】这次中韩对抗赛如果我么lpl的队伍真的没有拿到冠军，到时候论坛的呼声会是怎样吗？大家能够接受这个事实吗？#上虎扑关注英雄联盟#,05/21
【英雄联盟LOL每日悲剧TOP3第291期安妮隔墙四杀】LLOL每日悲剧TOP3第291期安妮隔墙四杀#闪耀暖暖#,05/21
#英雄联盟#在圣者面前动武，会被株连队友的！L我和游戏恋爱啦的微博视频,05/21
O网页链接【PDD正在直播】英雄联盟-房间号101,05/21
#2020LPL#我已为@VG英雄联盟送上奖杯，他是我心中的最强战队，快来和我一起为喜爱的战队加油吧！点击送奖杯↓O2020LPL战队势力榜,05/21
【进来跟李汭燦学理财】Scout：重新买个加速器，100块2300小时，好赚啊，赚60元，充100元赚60元，相当于我花了40元，很赚很赚。金星宇给我报销，快点快点！金星宇：报什么销啊！什么都要报！Scout：不报销我不玩了！玩一个小时我不玩了（这一个小时是免费送的）明凯：你平时玩充一个小的不就完了吗？Scout：第一个跟第四个是一样的！两个都是40元，用第一个可以赚60元！明凯：你充1w，一辈子都用不完，你充不充Jiejie：充一万送一万，一万一万一万！Scout：所以说免费啊哈哈哈哈哈哈哈哈#英雄联盟#L兔玩游戏的微博视频,05/22
#2020LPL#我已为@VG英雄联盟送上奖杯，他是我心中的最强战队，快来和我一起为喜爱的战队加油吧！点击送奖杯↓O2020LPL战队势力榜,05/22
#英雄联盟#卡特这个神反应的细节扭身帅呆了。L畅游召唤师峡谷的微博视频,05/22
我希望我们国家有好的桌面系统老百姓能用的上的比如在网吧能安装大型游戏英雄联盟完美世界东方财富大智慧各大银行的APP多好O网页链接,05/22
周淑怡染粉色头发，撞脸女装姿态？英雄联盟L英雄联盟钻石大师的微博视频,05/22
#英雄联盟无限火力#沙皇在里面太舒服，漂移的感觉贼好,05/22
双马尾小姐姐邀约教主520奔现，钢铁直男被征服了？【#英雄联盟最佳电竞##英雄联盟s10##2020LPL#】L我是大腿快来抱的微博视频,05/22
【突发奇想，LWX性格如果跟死亡宣告一样会怎样？】JR脑洞大开：加入Lwx拥有了死亡宣告的性格那FPX会怎么样啊？#上虎扑关注英雄联盟#,05/22
我喜欢英雄联盟喜欢电竞喜欢你们。L路明非圈外女友的微博视频,05/22
【红警帝国复仇】作为一款坦克为题材的军事手游，坦克等机械化载具部队战力强弱，决定着基地的存亡;而坦克战力的组成，则分为科技、装备、战车数量、指挥官统帅力、坦克修理五大方面。以科技作为至关重要的第一要素，不仅关系着基地的发展，更加关系着坦克技术的高低、基地生产坦克的强弱水平。#英雄联盟手游#,05/22
eStar英雄联盟我，乐言走我倒心放的很宽，哭宝走了，我心里堵得慌,05/22
#王者荣耀#这种塞拉斯游戏早晚要凉皮肤抄袭原画抄袭台词抄袭狠起来自己原画都抄改那么多英雄能掩盖你们这种抄袭行为盗版游戏别以为拳头不发声游戏群体都是瞎的皮肤还增加属性符文这东西LOL丢下多少年了别提dotaLOL多少原创英雄没点数是有抄了但是你这塞拉斯游戏也是孙子辈早晚凉#英雄联盟#,05/22
#lol#文森特这么暖心的故事你知道吗？L游戏动感地带的微博视频,05/22
游戏陪玩游戏陪玩王者荣耀代打代练陪玩陪练#王者荣耀陪练陪打#LOL陪玩游戏工作室招线上陪玩小姐姐各位小姐姐可以翻我微博滴滴我！！打一单结一单无技术及声音要求20-30元每小时！！会王者荣耀/和平精英/英雄联盟lol/绝地求生/云顶之弈/第五人,05/22
#英雄联盟#纪念一下哈哈哈哈哈哈,05/22
【航海大时代】《航海大时代》是一款拥有舰队战斗、贸易、航海冒险的手机网游，游戏拥有战斗贸易双视角操作，战斗、赚钱两不误，还可对世界100多个海港城市发起争夺、收集特色船只组建无敌舰队、与各色传奇船长并肩战斗，让您体验波澜壮阔的大航海时代。#英雄联盟手游#,05/23
【英雄联盟之Faker大魔王教你新毒瘤中单沙漠皇帝】LSKT1Faker沙漠皇帝中单VS卡特#电子竞技#,05/23
加里奥：这样的队友，不要也罢……英雄联盟L英雄联盟钻石大师的微博视频,05/23
#游戏#FPX的文化输入：当Tian学会韩语。FPX韩国人说中文，中国人说韩文，文化输出无敌！英雄联盟L游戏主播社的微博视频,05/23
下午d给我讲英雄联盟里的各种英雄的时候，我试图幻想了一下，如果我玩英雄联盟会什么样的场景。然后丁丁劝我珍惜生命，不是被骂死就是被气死。我：[冰雪奇缘雪宝]说到阿木木的时候，他说你就特别它。我说为什么呀。因为你哭包，又小又委屈，呀，越看越像。看了那么多反正到最后我也没记住几个。就记住了一个阿木木，还有几个长得好看长得可爱的女性角色，哦，有一个胡子像鼻毛一样长在鼻孔里的爷爷。,05/23
我没看懂，你留个大招干啥？#英雄联盟#英雄联盟L电竞vlog的微博视频,05/23
先禁他一个月，啥时候削了再放出来#英雄联盟#英雄联盟L电竞vlog的微博视频,05/23
英雄联盟夜宵来了，这塔姆是真的饿了你吃过了没#英雄联盟#LLOL搞笑菌的微博视频,05/23
网络知名的LOL犀利硬姐小冉解说英雄联盟视频时居然遇到了大神级别的战队，这让妹纸情何以堪啊？！硬姐解说到一半突然暴走，反而将对面的“小苍老湿”给干翻了~这你敢信？O网页链接#刺激战场#,05/23
原来最初uzi差点就进了IG了英雄联盟#pdd##uzi#L电竞24小时的微博视频,05/23
比tm杨永信都可怕#英雄联盟#英雄联盟L电竞vlog的微博视频,05/23
可能它会打篮球，一般打篮球的都比较高。#英雄联盟#英雄联盟L电竞vlog的微博视频,05/23
#英雄联盟##诺克萨斯之手##星之守护者#XIAN#英雄联盟诺克萨斯之手神王强行cp阿狸星之守护者,05/23
英雄联盟早期捕捉野生诺手的珍贵影像资料#英雄联盟#英雄联盟L电竞vlog的微博视频,05/23
快乐的钥匙找到了#英雄联盟无限火力#英雄联盟,05/23
#英雄联盟#5月28日将会迎来万众瞩目的季中杯赛，这是春季赛结束后第一个国际赛事，也是体现LPL与LCK赛区实力差距的赛事。两个赛区的春季赛四强队伍分别出战，他们分成了两个小组，进行精彩有趣的BO1小组赛，同时在半决赛以及决赛上都将有一个盲选局，让玩家备受期待。分组情况如下：T1、TES、FPX、DWG一组；JDG、Gen.G、DRX、IG一组。,05/24
D33给大家强烈推荐一下百草味的红枣，甜而不腻，超级无敌好吃今天看唐迟老师讲阅读搞的我以为我无敌了看阅读读懂句子的感觉也太好了吧下午又以为自己可以两点去教室学习结果还是两点半到教室算了也有不挣扎了以后下午就都两点半学到六点半吧晚上想着早点回宿舍配佳琪搞点英雄联盟搞搞的，结果苏州网吧爆满导致我两活动取消了其实有点后悔买660了发现1800和1000已经够我做的了，那660买回来就浪费钱财,05/24
吐个槽吧。一个是经常一起玩的人，有个人就总是用那种像是开玩笑但又听起来让人很不舒服的语气“萧萧好像只会卡莎霞”来阴阳怪气我，我除了也用同样的语气回“是啊我颜狗嘛”之外也没别的可以说了，但在后面再选英雄的时候就会犹豫一下。最近ez玩得多了点，他又说“你怎么又拿ez啊”，就无语。（非说自己ad厉害吵着要solo，被杀成筛子了又来了句“我没认真啊”非要再来一次，幼不幼稚啊。）今天就没再跟他一起了，其他一起玩的都是好朋友，结果就碰到了更让人无语的路人队友。要么就是在队友亮了英雄的情况下给ban了，要么就是自己线上被打爆之后挂机，要么就是把对面喂得天肥之后吵着要换线。还有就是不管是同边还是对面，每次在游戏最后互动的基本都是全队最菜的那个。这都什么人啊。玩什么英雄联盟，星露谷不快乐吗,05/24
【Uzi：玩VN一定要心脏大】“玩VN这个英雄你一定要心脏大，因为每个在你对面的人，不管打野来不来都会揍你，因为你打野来都不一定能打得过他们”“所以你玩VN一定要想好人家会一直追着你打，但你要有反手的机会你才要选，如果你一直想着挨打，就选不了了，因为这个英雄打野来了都不一定帮得到你”“你要跟他们换点血，要把对面打得难受，他们才会失误”#录屏机器BB机##英雄联盟#UziL电竞毒奶BB机的微博视频,05/24
"春季赛推荐看导语→#lol电竞app#英雄联盟比赛【生日快乐！科比妻子纪念二女儿14岁生辰】2日是科比二女儿Gigi14岁的生日，#詹姆斯纪念科比二女儿#，晒出自己手环。科比妻子瓦妮莎在社交账号晒出女儿大笑的照片，隔空表白女儿为其庆生：祝我的宝贝女儿gigi14岁生日快乐。妈妈远比所表现出来的更爱你。你永远是我灵魂的一部分。我每天都很想你。我希...全文：O网页链接@""""",05/24
【《英雄联盟》日本战队の野望：打进S5总决赛吊打中韩！】中国和韩国一直是电子竞技领域强国，从星际、魔兽到如今的DOTA2、LOL，中韩两国都取得过无数的傲人成就、也出现过传奇神级选手。但是隔壁的日本却在电竞领域落后了中韩一大截。越来越多的日本玩家开始关注电竞和LOL，也开始出现了战队赞助商。#古剑奇谭网络版#,05/24
早上起来越来越累了感觉，买了鸡蛋，去求工资顺带买豆腐，再回来再出去买药，喝了2管饮料降温，喘口气继续撸啊撸（真的。。。）440分了500分任务做完了排位就不碰了，现在活的输不起玩不起伤不起生不起了，不想输输了这气就憋不住吃完了下午争取打完500分#英雄联盟扭曲丛林排位日记##英雄联盟扭曲丛林排位坑比#,05/24
【关于至臻点（2020）兑换异常的说明】目前正在进行的“未来战士(2020)事件”系列活动中，存在至臻点(2020)兑换异常的情况，具体说明如下：部分召唤师使用100至臻点(2020)在至臻点(2020)商城中兑换真实伤害赛娜至臻或魔女婕拉至臻皮肤时可能出现兑换不到账或兑换到账延迟的情况;部分召唤师使用2200未来币(2020)在未来币(2020)商城中兑换100至臻点(2020)+图标时，可能出现到账200至臻点(2020)的异常。工程师团队正在紧急修复中，修复完毕后，将补发未成功到账的道具，因bug而多获得的100至臻点(2020)也将被回收。如因bug获得的200至臻点都已被兑换，则将回收所兑换的道具并补发100至臻点（2020）及图标，召唤师可以在至臻点（2020）商城中重新兑换。#英雄联盟#,05/24
【提莫的声优或是钉宫《英雄联盟》日服将开】早在去年2月就传出《英雄联盟》开发商RiotGames要进军日本市场，但当时仅仅只是有2013年内进军日本市场的计划，具体的运营计划尚未公布。而近日RiotGames近日开始正式在官网招聘日本地区高层职位，或预示其将正式进军日本市场。#我的世界#,05/24
【新西游记】本作在战斗的设计上采用传统的回合制RPG游戏玩法，玩家在游戏中大部分时间基本只需要观赏战斗即可。而在玩家回合时，选择技能的释放顺序也或多或少的会影响到战局。考虑到手机玩家的游戏体验时间，游戏在20级之后开放了自动战斗的系统，这也减轻了玩家们的操作。#英雄联盟手游#,05/24
#英雄联盟#美国市场研究公司superdata统计了全世界PC端以及主机端和移动端游戏2020年4月份的收入情况。PC端游戏营收中《英雄联盟》超越DNF，再次来到了第一名的位置。PC端具体排名如下。1.《英雄联盟》2.《地下城与勇士》3.《穿越火线》4.《梦幻西游》5.《毁灭战士：永恒》6.《CS：GO》7.《堡垒之夜》8.《魔兽世界》9.《Roblox》10.《使命召唤：现代战争》不知道英雄联盟四月份的营收中有多少是盒友们的功劳呢？,05/24
正义特勤#正义英雄联盟#善意的批评和恶意的批评的区别国家的进步需要批评，但批评和批评还是不同的。善意的批评是：你做的不好会批评，你做得好会表扬，当你被欺负的时候，他还会挺身而出，虽然这个人缺点很多有很多不足，但是。。。。恶意的批评是：你做的不好会批评，你做得好，他会将这个好进行恶意解读也要批评，如果你被人欺负，就不会有但是了，他定会踏上一只脚狠狠的对你进行批评。,05/24
抑郁症确诊的第194天最近早上很早就会醒也不知道为什么然后就一直醒醒睡睡真的无语昨天早上还梦到我被校园暴力了做的些梦都奇奇怪怪的早上把青你2看掉了下午无聊开始接触英雄联盟然后发觉这个游戏是真的难上手操作领了个狐妖然后去b站看教学真就花里胡哨呗我如果想玩这个游戏是不是得大量研究害我说白了就是菜嘛反应很特别慢手速也是老年人手速脑子和手都跟不上,05/24
【手机版LOL《英雄联盟》或将登陆手游】近期内手游平台上也出现了许多类LOL的游戏，如Gameloft的《混沌与秩序之英雄战歌》、Zynga的《至日竞技场》等游戏，而现在，LOL的玩家们也许不需要再在手机上玩这类游戏来意淫LOL了，RiotGames也许将会推出《英雄联盟》手游版。#we#,05/24
【Uzi：玩VN一定要心脏大】“玩VN这个英雄你一定要心脏大，因为每个在你对面的人，不管打野来不来都会揍你，因为你打野来都不一定能打得过他们”“所以你玩VN一定要想好人家会一直追着你打，但你要有反手的机会你才要选，如果你一直想着挨打，就选不了了，因为这个英雄打野来了都不一定帮得到你”“你要跟他们换点血，要把对面打得难受，他们才会失误”#录屏机器BB机##英雄联盟#UziL电竞毒奶BB机的微博视频,05/24
【龙之谷：破晓奇兵】讲述了原本宁静的大陆，被黑龙弄的民不聊生。而兰伯特是生活在小村庄里的少年，为了保护村庄，在误打误撞中加入了为讨伐黑龙而建立的英雄联盟。这部耗资1亿人民币，历时2年筹备、2年制作的国产动画电影。#神奇动物在哪里#,05/25
#英雄联盟#兄弟我敬你是条汉子，从你家高地都追到我家高地了还不放弃L畅游召唤师峡谷的微博视频,05/25
#英雄联盟#男枪看着这一堆兵线露出了笑容L游戏分享师的微博视频,05/25
O网页链接【PDD正在直播】英雄联盟-房间号101,05/25
最新击杀假人方法总结：你可知道假人有几种死法？（via葡萄的叮当猫）#英雄联盟#游戏晓酱#LOL#LLOL英雄联盟视频的微博视频,05/25
给朱一龙最强应援🎀#朱一龙LV英雄联盟#♥╣朱一龙╠♥相思相见知何日？此时此夜难为情！@朱一龙🐉chz3半城烟雨5评,05/25
#鹅妹悄悄话#【转发微博+关注+@1位好友，鹅妹将随机抽出两名幸运鹅送出50Q币哦！】小伙伴们有没有在看视频或者直播的时候，被老妈撞到过令人误解的画面或者声音呢？大家集思广益的说说看吧。#我和别人20岁的区别##英雄联盟##企鹅电竞##王者荣耀##红包抽奖#,05/25
faker突然想搞一个小李语录其实除了那句最有名的“当你输的时候，说什么都是借口。”以外，我记得的句子也不是很多了，除了S7在上海说的那个“貌似大家都想知道我们的时代什么时候会终结，除非英雄联盟不在了，否则我们都将是世界第一强队。”我就只记得（时间我也不记得了，也可能是T1的纪录片里的）“SKT的统治仍在继续，在全球总决赛的历史上，真正有资格坐在那个王座上的，是我们。”其实他近几年的采访变多了，应该会有很多话，可是我基本都是当时看完还记得，过后就忘了🙊，我道歉🙊，所以我们可以盖个小小的楼嘛🙊,05/25
给朱一龙最强应援🎀#朱一龙LV英雄联盟#♥╣朱一龙╠♥一忧一喜皆心火，一荣一枯皆眼尘，静心看透炎凉事，千古不做梦里人。@朱一龙🐉chz3半城烟雨5评,05/25
#2020LPL#我已为@eStar英雄联盟分部送上奖杯，他是我心中的最强战队，快来和我一起为喜爱的战队加油吧！点击送奖杯↓O2020LPL战队势力榜,05/25
TES官宣夏季赛大名单！#lpl转会期##英雄联盟手游##英雄联盟#,05/25
#2020LPL#我已为@eStar英雄联盟分部送上奖杯，他是我心中的最强战队，快来和我一起为喜爱的战队加油吧！点击送奖杯↓O2020LPL战队势力榜,05/25
#英雄联盟#辛德拉中路单挑冰女，被第三者盲僧插足L我和游戏恋爱啦的微博视频,05/25
等着RNG官宣的朋友还没睡的有没有？#英雄联盟#@RNG电子竞技俱乐部,05/25
#英雄联盟#提莫这么可爱，为什么大家都想击杀他呢？L游戏动感地带的微博视频,05/25
【龙骑战歌】游戏为玩家们带来了一次神奇的旅途，画面上采用了3D引擎制作，以优秀的卡通绘画手法来描绘所有的场景，在人物上面有些类似英雄联盟里面的角色样子，相信很多玩过LOL的玩家都会发现。#FPX#,05/26
不会真的有人认为RNG上不了今年s赛吧#RNG##英雄联盟#,05/26
#英雄联盟#寡妇大招完美收割，瞬间斩落四人，精彩操作不容错过L畅游召唤师峡谷的微博视频,05/26
为什么英雄联盟这么难啊？我感觉我右手按右键弄的都快废掉了,05/26
让这两个老将一起冲一下世界赛可以吗？@LNGaming电子竞技俱乐部我觉得圣枪哥去RNG，小狗可能还会再努力半年，我觉得这样的成全是对枪宝在蛇队这么多年的最好祝福。希望听到好消息#英雄联盟##RNG#@LNG_圣枪哥@UziQAQ@RNG电子竞技俱乐部,05/26
【英雄联盟】绝对坑爹啊！上单索拉卡无力风骚暴走~L【小蝎42】上单索拉卡真坑爹啊#,05/26
#英雄联盟#皎月：曾经我也是这么秒人的L游戏分享师的微博视频,05/26
【安妮小萝莉】声音很甜哦！英雄联盟的玩家才看得懂！#游戏视频#L安妮小萝莉EDG#,05/26
eStar英雄联盟哭宝没了我就原地爆炸,05/26
笑死我了，这个姐妹上周还是我的腿子哥，这周就沦为了扫把星☄️#英雄联盟#,05/26
"中国最神秘组织：外卖小哥到底是一群什么样的人？,蓝黄的冲锋衣，萌萌的头盔…疫情特殊时期，他们是穿梭在小区街道的“银河保胃队”，为我们珍贵的外卖保驾护航。他们开的了摩托，爬的了绳索，能唱歌、会斗舞，上能抓小偷指挥交通，下能代打英雄联盟。神出鬼没是他们的代号，隐秘交接是他们的语言。这个堪称中国最神秘的组织，只秉承着一句口号“没有送不到的外卖，只有不努力外卖小哥！”。L中国最神秘组织：外卖小哥到底是一群什么样的人？",05/26
#英雄联盟#多大仇多大恨啊，放过我不好吗？现在后悔了吧L畅游召唤师峡谷的微博视频,05/26
被翻牌啦但是这道题不就是选图二吗？Letme惊讶什么RNGLetme#LOL##英雄联盟#L污妖社的微博视频,05/26
英雄联盟之超萌动画第1季合辑版召唤师峡谷的战争L木有新闻的优酷视频飞车手游#,05/26
英雄联盟这游戏，挺下头的,05/26
要么把我打倒，要么别让我残血！#英雄联盟##LOL#L污妖社的微博视频,05/27
#2020LPL#我已为@VG英雄联盟送上奖杯，他是我心中的最强战队，快来和我一起为喜爱的战队加油吧！点击送奖杯↓O2020LPL战队势力榜,05/27
【无经验无等级《零之王国》开启内测】由独立游戏工作室开发的3D沙盒MMORPG《零之王国》(RealmZero)公开大量的游戏资料，并宣布游戏进入内测阶段。#英雄联盟#,05/27
#英雄联盟#皎月放大招是不吸收塔的仇恨的L游戏分享师的微博视频,05/27
#2020LPL#我已为@VG英雄联盟送上奖杯，他是我心中的最强战队，快来和我一起为喜爱的战队加油吧！点击送奖杯↓O2020LPL战队势力榜,05/27
#英雄联盟##游戏#燃向混剪，英雄，志逐传奇！L游戏动感地带的微博视频,05/27
英雄联盟为什么我青铜二能匹配到铂金啊？为什么啊？,05/27
翻了下老师画的英雄联盟发现他确实很喜欢画半脸光…………高光在鼻子上。但这尚〇我直接他妈就这………………,05/27
我最近看这个游戏的ob发现打野救不了英雄联盟ad救不了英雄联盟上路也救不了英雄联盟所以是这个游戏这么多年还是本质只能靠中路c是吗……？,05/27
ORNG自作多情？LNG发公告回应：我们是想卖圣枪哥，但他不肯走英雄联盟,05/27
英雄联盟对面下路男枪+机器人，大🔥都来黑铁炸鱼那就没劲了呀L今日解签宜下江南z的微博视频,05/27
#英雄联盟封号#无缘无故的封号，又无缘无故的从7天到3年，腾讯你是怎么想的嗯？,05/27
英雄联盟之小学生上线了07国服第一盲僧重出江湖L起小点是大腿的优酷视频喜加一#,05/27
#英雄联盟#,05/27
@英雄联盟在吗？匹配排位机制还能再整恶心点？这段时间不知道遇到多少孤儿了自己铁fw就疯狂喷人还要队友怎么c啊凭什么嘴臭的死混子就能随便搞别人心态,05/27
英雄联盟真的好搞心态……,05/28
#英雄联盟季中杯#赛后Jackeylove接受采访，主持人余霜提问TES是怎么在团战中找到Faker的，阿水回答：“我们中野找机会找得好，技能丢得准，感觉杀他很容易！”以前大家都以击杀Faker为荣，现在阿水却称杀李哥很容易，这句话太扎心了！还有网友调侃：“阿水退步了，以前赢SKT只要15分钟！”jackeylove最难缠的对手已经倒下了，希望明天IG和JDG能再给点力吧，如果LPL四皇聚首半决赛，那这场季中杯就成了LPL季后赛了啊！,05/28
英雄联盟老韩杂了，输了怪延迟跟赛制，建议直接宣布赢得算输嗷,05/28
　　卡莎较少购买【狂热】系装备，这已经使她相对弱势了。除了上文提到的射手英雄改动，《英雄联盟》团队觉得此版本中应当给予卡莎一些额外关怀。卡莎是需要一点额外的关怀,05/28
【TES赛后群访】Q：今天与T1的比赛中，对方给你留下印象最深刻的选手是谁？Jackeylove：emmm...（挠脑袋）Teddy吧，因为整场比赛也只有我跟他在对线，也没其他操作的地方#TES晋级半决赛##英雄联盟季中杯#Lluubooz的微博视频,05/28
2020/05/28今天中午吃了芽菜炒饭，妈妈买的辣椒也太辣了，我顶不住了还有一个包谷还有巧克力还有奥利奥下午和00绿绿学习了一会3.看msc，fpx打t1，第一把输了，有点难过不过后来fpx和tes突然起飞，打赢了t1和dwg，真开心，lpl就是最强哒然后玩了一把英雄联盟，打野是个脑瘫，心态给我打崩了，懒得玩了，就和田长运玩王者去了打匹配连输三把无语第四把掏出我的李白偷家，终于赢了，舒服了没了,05/28
严格意义上来说大后期的射手是哪些？#英雄联盟#游戏晓酱#LOL#,05/28
小苏日记｜2020年5月28日｜阴小苏今天写了一天的论文，没有怎么和小郭玩。小郭今天在看英雄联盟的比赛，我啥也不懂就是爱问，小郭也知道我啥也不懂但是还是爱和我说，以后就可以喝小郭一起喝着啤酒看比赛啦。晚上小郭打来视频，小郭被我戴眼镜的样子笑死了，死活要我明天戴给他看，over。,05/28
#2020LPL#我已为@LGD_英雄联盟送上奖杯，他是我心中的最强战队，快来和我一起为喜爱的战队加油吧！点击送奖杯↓O2020LPL战队势力榜,05/28
英雄联盟之WE教室JoKer解说武器大师Jax抗压之旅LTeamWE的优酷视频#,05/28
现在才发现，自己爱玩的不是游戏，只是英雄联盟。,05/28
@英雄联盟卸载游戏了，因为每一把都有人骂人或对骂，言语的暴力与污秽让人难以忍受，恶在嘴上彷佛蛇呼出的气。,05/28
有两个差不多yygq喷T1的帖不喜欢建议不看。都是：2020年5月28日lolgallery宣言（lolgallery=论坛名）开头大概就是，用远古时期OGN前辈们开创历史的事对比今天的烧烤摊（有的没看懂）主要内容：2020.4.25~2020.5.28宣布解放34天漫长的T1统治lolgallery今天起宣布从T1统治中解放好像是用韩国历史事件玩梗，历史不太懂...反正究极yygq就是了一眼看过去基本都是9点半比赛结束之后的帖子今天真要被喷死了。SKTT1#英雄联盟季中杯#,05/28
@腾讯公司一天不恢复人工客服你们全体员工股东老板的家里人就一天不复活@英雄联盟@腾讯客服你们除了会骗钱变相涨价逼氪还会干嘛啊？,05/28
#英雄联盟季中杯#同一个世界，同一个梦想,05/28
明天半决赛第一场BO5完全就是LPL春季赛季后赛重演呀～这一次FPX🆚JDG你看好哪队能晋级决赛呢？英雄联盟#英雄联盟季中杯##JDG晋级半决赛##JDGFPX#你认为哪队能晋级决赛？,05/29
#2020LPL#我已为@LGD_英雄联盟送上奖杯，他是我心中的最强战队，快来和我一起为喜爱的战队加油吧！点击送奖杯↓O2020LPL战队势力榜,05/29
【英雄联盟手游核心问题解答】问题4：英雄联盟手游有像端游一样的天赋符文系统吗？答：有，不过有细微改动英雄联盟手游#英雄联盟手游##英雄联盟#,05/29
#2020LPL#我已为@LGD_英雄联盟送上奖杯，他是我心中的最强战队，快来和我一起为喜爱的战队加油吧！点击送奖杯↓O2020LPL战队势力榜,05/29
#LOL##英雄联盟季中杯##LPL#大家都过年，就你iG过清明。3把是没有一把打出过优势来，阿水是回不来了，Shy哥快回来吧！,05/29
#英雄联盟季中杯#JD翻译说明天好好暴打观众，大家记得戴头盔@JDG京东电子竞技俱乐部,05/29
英雄联盟手游，将在明晚的23点在夏日游戏节直播公布消息。不会看外网的小伙伴看我。,05/29
#JDG晋级半决赛##英雄联盟##英雄联盟季中杯#618上京东，喝最上流的红酒,05/29
#德云色/阿布解说LOL季中杯##鹅妹的季中杯赛事报##英雄联盟季中杯#感谢四支队伍为我们带来精彩的比赛感谢德云色@笑笑_孙亚龙@西卡_李浩宇@小孩Kiddddd和阿布@JX阿布为我们带来的精彩解说同时让我们祝贺JDG和GEN顺利晋级，让我们为LPL继续加油！另外鹅妹来预告一下明天的赛程：13:00FPXvsJDG17:00GENvsTES另外明天每个BO5的第一场都会是紧张又刺激的盲选模式哦说到盲选模式，那就不得不提起……总之，更加专业精彩的二路解说，尽在企鹅电竞各位召唤师们我们明天不见不散,05/29
#2020LPL#我已为@LGD_英雄联盟送上奖杯，他是我心中的最强战队，快来和我一起为喜爱的战队加油吧！点击送奖杯↓O2020LPL战队势力榜,05/29
#英雄联盟季中杯#那只队伍最惨，属IG吧！Theshy的谜之奥巴马，连续上二，Theshy是强，但英雄池不敢恭维！英雄联盟#英雄联盟#Ning王直接气到退游戏，看来可能要换队了。,05/29
#英雄联盟季中杯#别问我们为什么这么强，我们赛区有一流的心理辅导师——佳慧老师,05/29
fpx#KanaviMVP##jdg晋级半决赛##JDG二换五##英雄联盟季中杯##英雄联盟季中杯加赛#凰粉前一秒：哇塞jdg赢了！太好了！lpl强！kan宝好可爱啊加油加油加油！凰粉下一秒：嗯？又双叒叕和jdg打bo5？妈妈上当了，笑中带泪，这该死的羁绊JDG——FPX的一生之敌,05/29
#英雄联盟#手游里盖伦的新皮肤！,05/29
发布了头条文章：《和平精英新一哥，一年斩获1400万粉丝，实力和颜值兼具》#lpl转会期##英雄联盟季中杯#O和平精英新一哥，一年斩获1400万粉丝，实力和颜值兼具,05/29
【美国大学鼓励玩《英雄联盟》玩得好可拿近2万元奖学金】如果你身边还有人认为游戏等同于浪费时间的娱乐，那么你应该给他们洗洗脑了。在美国芝加哥的大学中，不仅成立了《英雄联盟》兴趣小组，技术高超者还可以获得近2万元奖金，游戏即将成为发家致富的手段，这件事你造吗？#怪物猎人#,05/30
【坚持不下去了吗？Uzi直播说出真心话】这个夜晚，共有两位LPL顶级ADC空降热搜，一位是亮图标的阿水Jackeylove，另一位是离开赛场数月的Uzi。在直播中，Uzi无奈道：每次都是这样，打个排位也是这样，输了就是我的锅，虽然被针对，被击杀次数多，但是也不能把把都是我的锅吧，赢了就是吃经济，说我吃三路，怎么样都要被骂，多骂骂吧，免得你们以后没机会骂了#阿水亮ig队标##Uzi#英雄联盟,05/30
招聘淘宝网拍模特△没有人不辛苦，只是有人不喊疼。#情感##大学生兼职##励志人生感悟##招网拍模特##网拍##网拍模特兼职##宝妈兼职##安理会拒绝美英涉港提议##刘雨昕断层C位出道##青春有你2成团名单##赵小棠妈妈也太年轻了##秋蝉大结局##秋蝉大结局##林凡手抖##偶像的力量##偶像的力量##快乐大本营##巧手神探##蔡徐坤缎面黑西装##英雄联盟季中杯##五月天线上演唱会#,05/30
【#DRX战胜IG#】刚刚结束的#英雄联盟季中杯#第二局，@iG电子竞技俱乐部不敌DRX，小组赛前两轮，LPL赛区战队均不敌LCK赛区战队。纵观整局比赛，#TheShy卢锡安#发挥欠佳，DRX在打野巨魔+中单佐伊的节奏下压制IG。最后一波团战：DRX利用大龙buff推上高地，IG辛德拉想要秒掉EZ，但反被DRX集火秒掉，DRX顺势推掉高地水晶。L英雄联盟赛事的微博视频,05/30
英雄联盟G2又开始搞事了！直接向T1喊话：这届季中杯真是太成功了———给力！季中杯半决赛的比赛全部结束了，最终FPX击败了JDG晋级决赛，同时TES击败了GEN晋级决赛，意味着首次两支LPL战队相约世界舞台的决赛。这次LCK全部提前淘汰，说实话很多人没想到的，因为首先这次比赛是T1老板率先出来约战的，其次LCK毕竟是曾经的世界冠军，底蕴在粉丝多，打起来还是有一些压力的。不过好在LPL表现出色，会师决赛。而就在TES淘汰了GEN时，G2又出来搞事情了，公开调侃了T1。G2的调侃发在微博上面，他们的官博发了一条内容，说这是一届非常成功的季中杯！并且艾特了T1的官博。还附了一张FPX和TES的队标图片，这个意思已经很明显了，就是在阴阳怪气。这波嘲讽的主要意思就是季中杯最开始就是LPL春季赛结束之后，T1老板主动在推特上艾特了LPL各大战队，希望大家一起来办一个中韩的友谊赛，LCK那边的队员也都非常想要参加，而LPL这边的选手则都表示想要休息，但是最后还是举办了，结果大家现在也都知道了，最后是LPL内战，不论冠军是谁跟LCK已经没有关系了。确实这一点对于LCK赛区，尤其是T1战队来说，非常的尴尬。不过G2敢这么公开嘲讽也是有道理的，因为他们从过去两年的世界赛来看，似乎已经可以很轻松地击败LCK战队了，每次都是倒在了LPL战队手下，所以才有底气来调侃T1。当然距离S赛还有几个月的时间，希望LPL战队经过这次季中杯之后千万不要膨胀吧，今年世界赛现在看起来还是很有希望的，如果实现了三连冠会得到更多的认可和关注的。那么，对于这波G2官方的整活，你们有什么想说的吗？#TES战胜GEN##阿水亮iG队标##lpl赛区会师决赛#,05/30
我是一名社会主义新时代青年今年十八岁喜欢吃的水果是猕猴桃喜欢喝的饮料叫绿茶喜欢看的动漫有龙珠海贼火影喜欢的rapper有法老八贼杨和苏热狗龙胆紫喜欢的老男人叫李宗盛刘德华喜欢看的香港电影最常出现的三个字是周星驰喜欢的科目是化学最喜欢的假面骑士是decade原因极大一部分是变身的音效喜欢的国漫有一人之下驭灵师铁姬钢兵喜欢的作家叫余华喜欢的电影明星有刘德华周星驰黄渤徐峥周润发喜欢的国潮有wassupredcharcoal喜欢的游戏有泰拉瑞亚300英雄英雄联盟喜欢的手游有火影忍者乖离性百万亚瑟王喜欢的女生被我气走了再也回不去了,05/30
#英雄联盟季中杯#5月29日晚结束的季中杯小组赛B组的比赛中，S8世界冠军IG三战皆墨，创下了LPL战队在本赛事上的最差成绩，惨遭淘汰。由于本次赛事表现太过于糟糕，而且痴迷于射手英雄，IG上单theshy也成为众矢之的，被网友们疯狂抨击，甚至起了一个“送姜”的绰号。在接受舆论的冲击之后，theshy似乎终于醒悟，开始在排位中重拾自己的成名英雄。,05/30
5月31日，英雄联盟季中杯决赛在两支LPL队伍之间展开。到底是TES技高一筹，还是FPX冠军皮肤惊艳亮相？你Pick谁？囧王者盲猜一手，明天的赢家会是TES。理由嘛，LPL在下一盘大棋，打造全新的四大天王。IGS8世界冠军，S9春季赛冠军；FPXS9夏季赛冠军，S9世界冠军；JDGS10春季赛冠军；TES拿个季中杯冠军的话，四大天王就全部冠军加身，光环笼罩了。大家觉得有没有那个味道？#英雄联盟##英雄联盟季中杯#,05/30
#Fenfen加入ES#ES官方：前LGD中单Fenfen正式转会加入刚刚ES官方在微博上宣布，前LGD中单Fenfen正式转会加入。微博原文如下【ESTAR英雄联盟人员变动公告】今天我们很高兴地宣布中单选手Fenfen@fenfenkoo（黄琛）正式加入ESTAR英雄联盟大家庭，与我们一同踏上夏季赛新征程。Fenfen选手于2016年开始征战职业赛场，2020LPL春季赛曾效力于LGD俱乐部，在LPL有着丰富的比赛经验和不俗的赛场表现。欢迎新小伙伴Fenfen的加入，荆楚少年们也将在夏季赛中齐心协力，稳扎稳打，不断向梦想发起冲刺，不负热血不负青春。,05/30
TOP_ESPORTS看到虎扑的一个帖子有感，英雄联盟从来都是五个人的游戏，能拿到冠军的话，那么肯定五个人都是最优秀的。这也是滔搏和队员们一直都在强调我们是一个team的原因。所以无论未来能够取得多高的成就，我想粉丝们都应该懂队员们一直都是共进退，团队性的重要。无论多久都不要出现一捧一踩好吧不妥删链接：O网页链接,05/30
【《刺客信条：大革命》补偿活动有陷阱育碧禁止玩家投诉】在之前的报道中我们已经知道育碧为了弥补购买了《刺客信条：大革命》季票的玩家，从而宣布将免费提供给这些玩家一款自家的游戏。看到这样的消息不少玩家表示育碧的确是诚意十足的在道歉，但实际上却暗藏玄机。#英雄联盟#,05/30
【数据印象：TES3:0GEN刷新了LPL国际比赛最快BO5纪录】今天MSC半决赛TES3:0GEN的三场比赛时间分别为24分13秒，25分09秒，32分36秒，总时长为81分58秒，超过了S8决赛iG3:0FNC的Bo5，刷新了LPL队伍国际赛事Bo5获胜最短时长的记录。之前的记录为S8总决赛iG3:0FNC，当时的时长为27分12秒，33分05秒，25分32秒，共计85分49秒，本次将记录提高了将近4分钟。S9总决赛FPX3:0G2的比赛时长为40分54秒，25分38秒，30分22秒，总计96分54秒。值得一提的是，最短时长Bo5与第二短Bo5都有JackeyLove的参与，而第三Bo5的队伍FPX正好是TES本次MSC决赛的对手，也是冥冥之中的注定了。#tes战胜gen##英雄联盟季中杯#,05/30
【TES赛后群访】JackeyLove：（我们）五个人全是未来战士Q：你们的这套阵容其实也还没磨合多长时间，你觉得你们还有多大的成长空间，上限在哪里？JackeyLove：这个看后面吧，（问Karsa）这该怎么说。其实人猛我觉得没有说成长空间这种说法吧，未来战士，五个人全是未来战士。369：不是四个人吗？yuyanjia：三个人吧。JackeyLove：四个人吧，有个97年的不行。#LOL季中杯##英雄联盟季中杯##TES晋级决赛#O【TES赛后群访】JackeyLove：（我们）五个人全是未来战士,05/30
【TES赛后群访花絮】Q：你们的这套阵容其实也还没磨合多长时间，你觉得你们还有多大的成长空间，上限在哪里？@JackeyLoveasdzz：这个看后面吧，这该怎么说，其实没有说成长空间这种说法吧。未来战士，五个人全是未来战士。（@滔搏-369：**不是四个人吗？）阿水：四个人吧，有个97年的不行英雄联盟#英雄联盟季中杯##英雄联盟#,05/30
【赛后群访】Q：今天第二局关键的一波下路包夹是如何指挥的？@滔搏-knight：大家一起指挥的的吧Q：今天对阵BDD，满分10分给他打几分？为什么？@滔搏-knight：对线打十分，三盘都很凶。团战打七八分吧，时送时C。Q：决赛要遇上天有什么想说的吗？能预测一下明天比赛的结果吗？@滔搏-knight：也没有什么说的吧，被他们虐了很多次了。结果的话，感觉他们三比零我们。#来虎牙看季中杯##英雄联盟季中杯#L靠谱电竞的微博视频,05/30
有多少人说着正义凛然的话，却做着违心的事！！！EDG牛逼！IG牛逼，FPX牛逼，TES牛逼，RNG最牛逼！！！#英雄联盟##tes夺冠#,05/31
#英雄联盟#,05/31
Uzi刚才和哥们三个加我四个人在车里聊英雄联盟瞎聊。聊到RNG我后面俩哥们同时说整点烧烤吃吧饿了你别说他俩说我我瞬间饿了还是那种饿的胃难受那种。咱也没暗示Rng什么。就是健胃消食片都不如我喜欢的Rng符合我胃口好。,05/31
RNGMQQ飞车分部Uzi把RNG的英雄联盟带到了不该有的高度。那云海是不是也把RNGM飞车带到了不该有的高度？很难想象没有云海的RNGM会是什么样子,05/31
#TES夺冠#恭喜夺得季中杯冠军！一切努力都是值得的，继续加油！明天更美好！#英雄联盟季中杯##LOL季中杯#,05/31
发布了头条文章：《和平精英一哥和队友打赌，高处坠落不掉血，结果心态崩了》#lpl转会期##tes夺冠##英雄联盟季中杯#O和平精英一哥和队友打赌，高处坠落不掉血，结果心态崩了,05/31
FPX上野强抓#369卢锡安#，TES快速支援反杀两人#TES夺冠##英雄联盟季中杯#LLOL游戏攻略的微博视频,05/31
你们觉得像不像呢？#英雄联盟#,05/31
大学四年里第一次和一起开黑的兄弟们正式的打比赛。bo5打了一个下午从bp到战术研究到一级团设计，第一次切身体会了比赛时的感觉。最近忙着看书打游戏的时间真的很少了，今天下午的那种感觉我想可能会记住很久吧。不过有一说一，打满五局真的要打吐了，我终于知道当年蛇队bo10打完的感觉了，心疼一波水晶哥英雄联盟,05/31
【#TES夺冠#TES3-1FPX夺冠】赛后采访：karsa：春决有些遗憾，我们还会有更多进步空间。阿水：这个冠军队TES很有意义。369：（最后一场选卢锡安）就是很自信吧，但打得不是很好，回去还会继续练的~knight：（拿到冠军）感觉很开心，因为从来没有感受过拿冠军的感觉。yuyanjia：心情很开心~qiuqiu：当然开心啦~有点酸~#英雄联盟季中杯#L新浪体育电竞的微博视频L19196手游平台的微博视频,05/31
【RNG之Uzi去哪了？】外网数据显示，Uzi已经成了自由人，而圣枪哥也没来RNG，照这个趋势，RNG夏季赛，S赛也都无望了。那RNG比赛也就没看头了英雄联盟#英雄联盟#,05/31
我正在快手看@英雄联盟-猩猩诺手的直播，一起来吧O英雄联盟-猩猩诺手的快手直播,05/31
奥恩全图w教学：真风箱炎息，站在中路补上路的兵！（via布锅锅）#英雄联盟#游戏晓酱#LOL#LLOL英雄联盟视频的微博视频,05/31
赛驰资讯社群访季中杯冠军TES：Knight心中的季中杯中单TOP3恭喜TES拿下季中杯冠军呀！L赛驰资讯社的微博视频#英雄联盟季中杯##TES#,05/31
O网页链接【PDD正在直播】英雄联盟-房间号101,05/31
