武汉发现不明原因肺炎，华南海鲜批发市场休市整治1月1日，武汉市江汉区市场监督管理局、武汉市江汉区卫生健康局发出“关于休市整治的公告”。公告内容为“根据《突发公共卫生事件应急条例》等法规条例的规定及武汉市卫生健康委关于当前我市肺炎疫情的情况通报，经研究，决定对华南海鲜批发市场实行休市，进行环境卫生整治。请广大商户积极配合，开市时间另行通知。”#民航总医院急诊收到大量奶茶鲜花##元旦施行的新规##今日看盘#,01/01
#武汉肺炎疫情#：被感染人数没有因“谣言”被警方处理的人数多。,01/01
外地开始有疫情了，咋办，下周要连续去4个城市。其实挺害怕的。,01/01
一月运动打卡全国新型肺炎疫情实时动态O网页链接,01/01
武汉市爆发27例不明原因肺炎，其中7例病情严重。由于两岸往来频繁，台湾疾病管制署立即宣布，即日起针对武汉直航台湾三座机场：桃园、松山、高雄的入境班机，每周共十二班次，进行登机检疫，希望将疫情阻绝于境外。,01/01
【#8人因散布武汉肺炎疫情谣言被查处#】1月1日，湖北武汉公安通报称，#武汉肺炎事件#发生后，一些网民不经核实，在网上发布转发不实信息，目前8名散布谣言的违法人员已被查处。2019年12月31日，武汉市卫健委通报称，12月以来武汉发现病毒性肺炎病历27例，多例肺炎病例与华南海鲜城有关联。L新京报我们视频的秒拍视频L新京报我们视频的秒拍视频,01/01
《【武汉市卫健委关于肺炎疫情的情况通报：武汉肺炎未发现明显人传人现象，初步分析认为武汉》人民日报在百度动态发表了新动态，快来和ta互动吧O网页链接,01/01
#武汉发现不明原因肺炎#【关于武汉肺炎疫情，8名散布谣言者被依法查处】刚刚，武汉市公安局官方微博发布消息称，关于当前武汉市肺炎疫情的情况，8名散布谣言者被依法查处。近期，我市部分医疗机构发现接诊了多例肺炎病例，市卫健委就此发布了情况通报。但一些网民在不经核实的情况下，在网络上发布、转发不实信息，造成不良社会影响。公安机关经调查核实，已传唤8名违法人员，并依法进行了处理。警方提示，网络不是法外之地，在网上发布信息、言论应遵守法律法规，对于编造、传播、散布谣言，扰乱社会秩序的违法行为，警方将依法查处，绝不姑息。希望广大网民遵守相关法律法规，不造谣、不信谣、不传谣，共建和谐清朗的网络空间。,01/01
【#武汉肺炎涉事市场周边药店口罩断货#】1月1日，湖北武汉#华南海鲜批发市场休市整治卫生#。@紧急呼叫走访市场周边药房发现口罩及板蓝根销售火爆，其中部分店铺出现断货的情况，“整个汉口这边所有的店，都已经告急了，包括板蓝根。这些是才从其他店调过来的。”#武汉肺炎事件#L紧急呼叫的秒拍视频,01/01
【武汉肺炎疫情追踪：华南海鲜批发市场休市整治】1月1日上午8时许，武汉华南海鲜批发市场休市，进行环境卫生整治。开市时间另行通知。南方周末记者掌握的一份落款为“省、市、区疾控中心联合调查组”的报告显示，市场分为东、西两个区域，共有摊位650余个，从业人员1500余人。报告写道，“西区卫生环境很差，销售垃圾随处堆放，地面潮湿，通风很差。”“目前处于呼吸道疾病流行期，该市场人群聚集性高，通风较差，卫生环境恶劣，为病例发生的客观原因。”报告还提到，目前未发现该市场聚集性病例，患者摊位较分散，无明显接触交叉，无时间和空间上的聚集性，仅有华南海鲜批发市场的暴露史。目前，对病原的检测及感染原因的调查仍在进行中。O武汉肺炎疫情追踪：华南海鲜批发市场休市整治L南方周末的微博视频,01/01
【#8人因散布武汉肺炎疫情谣言被查处#】1月1日，湖北武汉公安通报称，#武汉肺炎事件#发生后，一些网民不经核实，在网上发布转发不实信息，目前8名散布谣言的违法人员已被查处。2019年12月31日，武汉市卫健委通报称，12月以来武汉发现病毒性肺炎病历27例，多例肺炎病例与华南海鲜城有关联。L新京报我们视频的秒拍视频,01/01
【8人因散布武汉肺炎谣言被查处】1月1日，湖北武汉公安通报称，#武汉肺炎事件#发生后，一些网民不经核实，在网上发布转发不实信息，目前8名散布谣言的违法人员已被查处。2019年12月31日，武汉市卫健委通报称，12月以来武汉发现病毒性肺炎病历27例，多例肺炎病例与华南海鲜城有关联。L新京报我们视频的秒拍视频,01/01
【#武汉肺炎涉事市场周边口罩断货#】1月1日，湖北武汉华南海鲜批发市场休市整治卫生。@新京报 走访市场周边药房发现口罩及板蓝根销售火爆，其中部分店铺出现断货的情况，“整个汉口这边所有的店，都已经告急了，包括板蓝根。这些是才从其他店调过来的。”L紧急呼叫的秒拍视频,01/01
为了追求仪式感准备去武汉倒数跨年无奈突发疫情，为保小命又一次蜗居鄂州这两天干了什么呢？鞋柜书柜到货，徒手安装走起顺带整理房间，清扫灰尘，倒垃圾，断舍离……一样都不能少虽然累，但舒适感提升了不少，希望能保持得久一点#元旦我是这样过的#,01/01
【#武汉肺炎涉事市场周边口罩断货#】1月1日，湖北武汉华南海鲜批发市场休市整治卫生。走访市场周边药房发现口罩及板蓝根销售火爆，其中部分店铺出现断货的情况，“整个汉口这边所有的店，都已经告急了，包括板蓝根。这些是才从其他店调过来的。”L紧急呼叫的秒拍视频,01/01
#武汉肺炎疫情患者被要求继续留院#没生病的自然是好事但还是要多多预防不要觉得事不关己我前天也是这样事不关己的心态结果这两天病起来真的要命咳得停不下来嗓子呼呼的疼鼻子度到不能呼吸有时候就是说病就病了还是好好预防吧,01/02
九州微评【#武汉肺炎疫情患者被要求继续留院治疗#家属：此前病人恢复良好】1月2日，武汉华南海鲜市场肺炎疫情持续引发关注。在武汉医疗救治中心，一位患者家属对@新京报称，患者经治疗恢复良好，但是30日晚上被通知继续留院治疗，“原本1号2号就可以出院”。该患者家属表示，目前无法探望。#不明原因肺炎患者转入传染病医院#L紧急呼叫的秒拍视频,01/02
大晚上给我发指标，告诉我我们区CD4覆盖率达不到，病人失访了啊，唉。我真的这些做不完了，搞得我快神经衰弱了，前面有疫情要处置，后面有指标没有做完，中间还有信息系统，再加上科室报账和地病管理，我有三头六臂都不够，这样就可以了，满足吧，我是做不完了，谁能做给谁吧，大晚上了，这都几点了，扛不住啊。,01/02
#武汉肺炎疫情患者被要求继续留院##社区工作#不明原因肺炎为同时具备以下4条，不能明确诊断为其它疾病的肺炎病例：1、发热（腋下体温≥38℃）；2、具有肺炎的影像学特征；3、发病早期白细胞总数降低或正常，或淋巴细胞分类计数减少；4、经规范抗菌药物治疗3－5天，病情无明显改善或呈进行性加重。曾暴发过的SARS、MERS以及人感染高致病性禽流感都属于不明原因肺炎之列。注意常开窗通风，勤洗手，打喷嚏、咳嗽要避开他人，不要和他人共用餐具毛巾等密切接触的物品。外出时尽量避免在人群密集、空气流通不畅的公共场所长时间逗留。如有疑似症状，请尽早就医。,01/02
#武汉肺炎疫情患者被要求继续留院#感觉网友们对着这个事件比武汉人更加重视我们吃喝玩乐一样没少，哈哈哈，还没啥戴口罩的，就算带也是女孩子，不要问是不是为了预防，一般都是没洗脸，没化妆，或者太冷了风大路上都没听别人讨论过这个事情，哈哈，稳得一批，淡定！！！,01/02
今天是2020年1月2号，腊八。下午处置了两起学校流感疫情，回到单位天都已经黑了，回去之后想起来今天是腊八，虽然煮粥是有点太晚了，但是决定自己买点肉吃个小火锅。本来打算还喝点小酒，但是吃火锅吃忘记了。晚上十点半全都收拾好准备睡觉，接到科长电话说我们报给扶贫办的资料对方觉得太少了，但是很多病人资料是保密的，不能提供，就很矛盾，最后让我明天提前一个小时去单位，整理资料，虽然也不知道还有哪些是能提供但是我没有给的，但是明天肯定还是要提前去的，瞬间又觉得不开心了。去王者荣耀打了几局游戏，十一点半了，记个日记，睡觉！,01/02
【#武汉肺炎疫情患者被要求继续留院治疗#家属：此前病人恢复良好】1月2日，武汉华南海鲜市场肺炎疫情持续引发关注。在武汉医疗救治中心，一位患者家属对@新京报称，患者经治疗恢复良好，但是30日晚上被通知继续留院治疗，“原本1号2号就可以出院”。该患者家属表示，目前无法探望。L紧急呼叫的秒拍视频,01/02
#武汉肺炎疫情患者被要求继续留院#希望一场虚惊，患者都能平安出院,01/02
#武汉肺炎疫情患者被要求继续留院#我觉得不必人心惶惶，但是也真没必要宣扬“根本没啥人戴口罩，一点事儿没有”的心大言论，感觉很无知。戴口罩是保护自己同时也保护别人，利人利己，是面对疫情一种基本的防护措施。哪怕是普通感冒，被传染了也要身体不舒服好一阵子，小心一点总是好的不是吗？希望大家都健康平安。,01/02
【武汉8名散布肺炎疫情谣言者被查处】O武汉8名散布肺炎疫情谣言者被查处（来自一点资讯）,01/02
#武汉肺炎疫情患者被要求继续留院#常规型肺炎基本上是病毒引发，肺炎症状多无发热、咳痰等典型症状，也有少数有症状或无症状。首发症状为呼吸急促及呼吸困难，或有意识障碍、嗜睡、脱水、食欲减退等，依据病史及临床表现、体征，结合血常规检查及胸部X线检查有助诊断，痰培养连续2次分离出相同病原菌可确诊，一起看视频了解下L手足外科陈江海的微博视频,01/02
#武汉肺炎疫情患者被要求继续留院#常规型肺炎基本上是病毒引发，肺炎症状多无发热、咳痰等典型症状，也有少数有症状或无症状。首发症状为呼吸急促及呼吸困难，或有意识障碍、嗜睡、脱水、食欲减退等，依据病史及临床表现、体征，结合血常规检查及胸部X线检查有助诊断，痰培养连续2次分离出相同病原菌可确诊，一起看视频了解下L手足外科陈江海的微博视频L手足外科陈江海的微博视频,01/02
#武汉肺炎疫情患者被要求继续留院#我们都挺好我在华南这里上学我都很好谢谢关心地域黑真的没有必要了,01/02
#武汉肺炎疫情患者被要求继续留院#不明原因肺炎为同时具备以下4条，不能明确诊断为其它疾病的肺炎病例：1、发热（腋下体温≥38℃）；2、具有肺炎的影像学特征；3、发病早期白细胞总数降低或正常，或淋巴细胞分类计数减少；4、经规范抗菌药物治疗3－5天，病情无明显改善或呈进行性加重。曾暴发过的SARS、MERS以及人感染高致病性禽流感都属于不明原因肺炎之列。注意常开窗通风，勤洗手，打喷嚏、咳嗽要避开他人，不要和他人共用餐具毛巾等密切接触的物品。外出时尽量避免在人群密集、空气流通不畅的公共场所长时间逗留。如有疑似症状，请尽早就医。,01/02
#武汉肺炎疫情患者被要求继续留院#武汉人怎么了，武汉那么大，一个小小的华南咋的你们这些地域黑了。如果真有大事，武汉还能每天这么平静吗？,01/02
，为自己的亲人朋友留一条活路，为我们整个青龙镇疫情不至于扩散做出自己的一份努力,01/03
#德国观察#【猪瘟到达德国倒计公里数：21公里！】原文：O网页链接猪瘟疫情正在向德国边境逼近。据联邦农业部称，周四离德国边境仅21公里处发现了有猪瘟阳性测试的野猪尸体。波兰当局共向卫生部报告了八例新的猪瘟病例。另一只感染猪瘟病毒的死亡野猪距离德国边境32公里。德国猪瘟大战打响（2019年2月）O网页链接波兰通知，距德国勃兰登堡边境80km处发现猪瘟病毒（2019年11月）O网页链接恐怖猪瘟距德国40公里，该来的迟早要来(2019年12月）O网页链接到目前为止，从波兰的一个已知病例到与德国的边界的最短距离是40公里。根据来自兽医当局的信息，来自波兰报纸GazetaWyborcza的信息显示，其中两个新病例据说发生在Lubusz省的Zary县。Zary县位于科特布斯（勃兰登堡州）的东南方，萨克森州BadMuskau的东北方。目前尚不清楚野猪是自己死亡还是被击毙的。根据Friedrich-Loeffler-Instituts研究所（FLI）的说法，会有野猪从12月23日开始在与波兰接壤的地区进入德国，并传播猪瘟。德国政府证实，德国和波兰当局正在交涉，两国的首席兽医定于1月在华沙见面。德国已准备好紧急应对情况。情况越来越危急，媒体强调猪瘟对人体物无害，然而德国农民非常担忧。只要在德国检测出一只猪感染了猪瘟病毒，德国猪将会失去无病毒称号，对亚洲的出口将会戛然而止。这是勃兰登堡州在和波兰接壤处建的栅栏。这个高度是不是太矮了？！早在去年1月丹麦就在和德国接壤处设立防野猪栅栏，丹麦的栅栏高度为1.5米！难不成感染的野猪达到德国边境时已经病入膏肓，跳不起来了？丹麦在德国边境建起围栏，引发德国不满（2019年1月）O网页链接,01/03
最新通报！武汉发现不明原因肺炎患者44例其中重症11例最新通报！武汉发现不明原因肺炎患者44例其中重症11例。。。今年年关如此不好过？生命在疾病面前太脆弱了，希望能尽快控制疫情，不然这中国新年也太难过了。。。猪年左一轮又一轮猪瘟，眼看鼠年来了，又来这么一出？世事难料。。。O网页链接,01/03
@凤凰网健康@健康武汉官微#卫生发布#【武汉卫健委通报：发现不明原因病毒性肺炎患者44例】#武汉发现不明原因肺炎#武汉市卫生健康委员会01-0317:042019年12月以来，我委开展呼吸道疾病及相关疾病监测，发现不明原因的病毒性肺炎病例，病例临床表现主要为发热，少数病人呼吸困难，胸片呈双肺浸润性病灶。截至2020年1月3日8时，共发现符合不明原因的病毒性肺炎诊断患者44例，其中重症11例，其余患者生命体征总体稳定。目前所有病例均在武汉市医疗机构接受隔离治疗，已经追踪到121名密切接触者并行医学观察，密切接触者的追踪工作仍在进行中。流行病学调查显示，部分病例为武汉市华南海鲜城经营户。截至目前，初步调查表明，未发现明显的人传人证据，未发现医务人员感染。病原鉴定（包括核酸检测和病毒分离培养）和病因溯源工作正在进行中，已排除流感、禽流感、腺病毒感染等常见呼吸道疾病。疫情发生后，国家和省卫生健康委高度重视，派出工作组和专家组赴武汉市，指导当地开展疫情应对和处置工作。武汉市卫生健康委在全市医疗机构开展相关病例搜索和回顾性调查，已完成对华南海鲜城的环境卫生处置工作，进一步的卫生学调查正在进行中。O武汉市卫健委通报不明原因的病毒性肺炎情况,01/03
我在看：【关于武汉肺炎疫情武汉市委机关报回答6个问题】#跟新浪看热点#O关于武汉肺炎疫情武汉市委机关报回答6个问题,01/03
#武汉卫健委通报不明原因肺炎#希望能及时控制疫情确定疾病传播方式马上春运了希望大家平安,01/03
私自贩卖和屠宰猫狗，野生动物是疫情爆发的最重要原因，老百姓都懂这背后的黑色利益链和保护伞，希望政府加大力度打击，严惩猫狗贩子，和野生动物贩卖贩子。保护老百姓生命安全和社会稳定。那些什么都吃的吃货们，为了你们自己的生命和家人的幸福，请抑制你们本不该有的欲望吧,01/03
"外出佩戴口罩密闭空间少呆像防流感一样防不明原因肺炎2020-01-0319:16:43新京报记者：王卡拉近日，武汉华南市场发生的不明原因肺炎事件，将“不明原因肺炎”的概念带入公众视野。1月3日，武汉市卫生健康委发布最新进展，截至2020年1月3日8时，共发现符合不明原因的病毒性肺炎诊断患者44例，其中重症11例，其余患者生命体征总体稳定。已经追踪到121名密切接触者，并进行医学观察，密切接触者的追踪工作仍在进行中。引起不明原因肺炎的因素各有不同，在全国也时有发生，我国目前已建立了成熟的监测体系。但对于公众而言，了解不明原因肺炎，并掌握一些防范技巧最为关键。何为不明原因肺炎？“不明原因肺炎”是继SARS流行之后，原卫生部为了更好地及时发现和处理SARS、人禽流感以及其他表现类似、具有一定传染性的肺炎而提出的一个名词。从严格意义上来说,“不明原因肺炎”不是一个严谨的医学概念,但作为筛选SARS、人禽流感等具有一定特殊临床表现和一定传染性的一类肺炎仍有一定意义。这对及时发现可疑病例,早期发出预警并采取相应的防控措施,及早防范很有意义。海淀医院感染性疾病科主任医师董建平指出，并不是每种肺炎都能查到致病原因，这受限于目前的技术或是初步使用的检测技术。从医院角度来看，如果发现病情进展比较迅速，病情较重的不明原因肺炎，为了防止病情扩散，避免出现此前SARS时的情况，一定会及时上报。不明原因肺炎对社会生产和群众生活均带来极大危害，一般病情比较重，常常发生急性呼吸窘迫综合征，因此病死率一般比较高。SARS的病死率一般在10%左右,而人禽流感的病死率在60%以上。当然,不明原因肺炎除SARS和禽流感外,也可能会包括其他的一些病原引起的肺炎,例如军团菌肺炎、其他病毒引起的肺炎等，它们均是以肺炎为主要临床表现的急性呼吸道传染病。做好不明原因肺炎病例监测、排查和管理工作，及时发现疫情、迅速采取有效措施是控制疫情的关键环节。为筛查SARS和人禽流感病例以及其他聚集性发生的呼吸道传染病，及时发现疫情并采取相应的防控措施有效控制疫情，防止疫情扩散，早在2007年，原卫生部就组织有关专家，在《全国不明原因肺炎病例监测实施方案》的基础上，研究制定了《全国不明原因肺炎病例监测、排查和管理方案》。同时具备以下4点则为不明原因肺炎不明原因肺炎病例是指同时具备以下4条不能做出明确诊断的肺炎病例：1、发热(≥38℃)；2、具有肺炎或急性呼吸窘迫综合征的影像学特征；3、发病早期白细胞总数降低或正常,或淋巴细胞分类计数减少；4、经规范抗菌药物治疗3-5天,病情无明显改善或呈进行性加重。根据具体的流行病学特点和患者的高危因素又可以分为SARS预警病例和人禽流感预警病例。两周内发生的有流行病学相关性的2例或2例以上的不明原因肺炎病例就成为聚集性不明原因肺炎病例。有流行病学相关性，即病例发病前曾共同居住、生活、工作、暴露于同一环境，或有过密切接触，或疾控专业人员认为有流行病学相关性的其他情况。专家：不明原因肺炎可控可治不必恐慌此次武汉发生的不明原因肺炎，专家从病情、治疗转归、流行病学调查、实验室初步检测等方面情况分析认为，病例系病毒性肺炎。目前对病原的检测及感染原因的调查正在进行中。武汉市卫生健康委指出，病毒性肺炎多见于冬春季，可散发或暴发流行，临床主要表现为发热、浑身酸痛、少部分有呼吸困难，肺部浸润影。病毒性肺炎与病毒的毒力、感染途径以及宿主的年龄、免疫状态有关。引起病毒性肺炎的病毒以流行性感冒病毒为常见，其他为副流感病毒、巨细胞病毒、腺病毒、鼻病毒、冠状病毒等。确诊则有赖于病原学检查，包括病毒分离、血清学检查以及病毒抗原及核酸检测。“病毒性肺炎在冬天比较多见，且可控可治，市民完全没有必要恐慌。”董建平指出，一般病毒感染为上呼吸道感染，很多人一周左右可以自愈，如果出现发烧症状要注意休息与隔离，密切观察。但也不排除发生重症的情况，如果出现呼吸道感染症状后体温高烧不退，咳嗽伴有胸痛、咳血痰等症状，一定要引起重视，及时就诊。在防控措施上，董建平表示，预防不明原因肺炎与防控流感的措施类似，保持室内空气流通，每天保证半小时的开窗通风，但要注意保暖，避免着凉引起呼吸道防护技能下降。避免到封闭、空气不流通的公众场合和人多集中地方，外出可佩戴口罩。预防接种肺炎链球菌疫苗和(或)流感疫苗可减少某些特定人群罹患肺炎的机会。不明原因肺炎往往对于老人、儿童、慢性基础病人群、肿瘤患者、免疫疾病患者、使用免疫抑制剂的人群打击往往很大，这几类人群需要在出现症状时第一时间关注和就诊。一般而言，青壮年可以居家隔离，不需要住院和治疗。但也有个别会出现重症病例，比如感染病毒后出现超敏反应的情况，应注意观察。另外，《全国不明原因肺炎病例监测、排查和管理方案》中提及，戒烟、避免酗酒也有助于预防肺炎的发生。新京报记者王卡拉编辑王鹿校对柳宝庆41",01/03
【冬春季病毒性肺炎可防可控需注意个人防护】近日，武汉市卫生健康委员会通报肺炎疫情称，已发现27例病例，其中7例病情严重，调查未发现明显人传人现象，未发现医务人员感染。目前对病原的检测及感染原因正在调查。正值冬春病毒性肺炎高发季节，病毒性肺炎有哪些危害，市民该如何预防呢？　　市人民医院呼吸内科副主任医师邓睿对此进行了科普。他告诉记者，病毒性肺炎多见于冬春季，可散发或爆发流行，临床主要表现为发热、浑身酸痛、呼吸困难、肺部浸润影。病毒性肺炎与病毒的毒力、感染途径及宿主的年龄、免疫状态均有关。邓医生说：“病毒性肺炎大部分都是可防可治的，大家不需要过分恐慌，不过极个别病例，还是要提高警惕。”　　邓医生表示，病毒性肺炎多数情况下不会导致呼吸衰竭，做好预防工作很重要，“人群密集或者空气不流通的地方要特别注意做好个人防护，平时在家中要注意通风，要勤洗手，多运动增强自身的抵抗力。减少熬夜、规律饮食、合理作息，一旦连续几天感觉身体不适要尽快到医院就诊”。O网页链接,01/03
#武汉卫健委通报不明原因肺炎#官方再次发布公告武汉的肺炎疫情没有发现明显人传人现象，所有病例均已接受隔离治疗。由于目前的肺炎疫情还没查明原因，隔离治疗是必须的措施，以防万一。面对群发性疾病，重要的有两点:一是不能恐慌，更不能信谣传谣，在老百姓当中制造恐慌情绪；二是要充分相信专家相信官方，个人的力量是渺小的，只有在专家的论证下，在官方的组织下才能有序的战胜疾病。,01/03
继李兮玥小朋友肺炎住院后，穷凶极恶的流感病毒先后干翻了她爷爷、爸爸和奶奶。李兮玥小朋友只好继续呆在医院不敢回来，准备明天跟着妈妈和外婆回临澧躲避疫情。,01/03
#武汉卫健委通报不明原因肺炎#一些憨批，不知道怎么想的。总要众人皆醉我独醒，关心几句，只会来回说不信谣不传谣，避免恐慌。搞的高高在上，还以为卫健委的小号呢！叫他注意防护戴口罩，顶回来这不好好的，没死呢！再多问一些情况，来一句关你们外地人啥事?管好你们自己，生怕对武汉有啥名誉损失，还地域黑?这饭圈思维，不去追星可惜了。无知者无畏！还本地人很淡定，网上怕这怕那的?说句不好听的，没有大学生放寒假和春运，我们怕什么?真有疫情，大不了整个武汉隔离，我们怕的是接下来这么大的人流量，还是全国范围内！更何况病毒一般潜伏期1到16天不等，现在一线医护的防护条件比当年好的多，通过医护没感染来安慰自己没事?官方都不敢这么说，只敢说未见明显人传人。还怕恐慌?到底谁怕?我要告诉你第二次通报的感染人数在上升，重症率接近1/4，比当年SARS都高，你不得吓死，为了怕恐慌而恐慌?捂着耳朵，我就听不见听不见了???未知病毒类型下，只能做好最坏的打算，去积极预防，在疾病面前大家都是平等的，你有几条命去挑战?,01/03
关于武汉肺炎疫情，你最关心的6个问题都有答案了！O网页链接,01/03
#武汉卫健委通报不明原因肺炎#官方再次发布公告武汉的肺炎疫情没有发现明显人传人现象，所有病例均已接受隔离治疗。由于目前的肺炎疫情还没查明原因，隔离治疗是必须的措施，以防万一。面对群发性疾病，重要的有两点:一是不能恐慌，更不能信谣传谣，在老百姓当中制造恐慌情绪；二是要充分相信专家相信官方，个人的力量是渺小的，只有在专家的论证下，在官方的组织下才能有序的战胜疾病。,01/03
8.(2020)2019年12月以来，我委(武汉卫健委）:开展呼吸道疾病及相关疾病监测，发现不明原因的病毒性肺炎病例，病例临床表现主要为发热，少数病人呼吸困难，胸片呈双肺浸润性病灶。截至2020年1月3日8时，共发现符合不明原因的病毒性肺炎诊断患者44例，其中重症11例，其余患者生命体征总体稳定。目前所有病例均在武汉市医疗机构接受隔离治疗，已经追踪到121名密切接触者并行医学观察，密切接触者的追踪工作仍在进行中。疫情发生后，国家和省卫生健康委高度重视，派出工作组和专家组赴武汉市，指导当地开展疫情应对和处置工作。武汉市卫生健康委在全市医疗机构开展相关病例搜索和回顾性调查，已完成对华南海鲜城的环境卫生处置工作，进一步的卫生学调查正在进行中。,01/03
#新年心愿#❤️2020年要完成的10个小目标❤️1⃣顺利通过复试，成为研究生🎓✅2⃣割双眼皮🙆（因为疫情，可能得明年了）↪️拿到驾照3⃣学好口语4⃣至少一个副业走上正轨（💰>500）✅5⃣读12本书📚6⃣看24部电影📹7⃣带爸妈去天津🎡8⃣去重庆🍱🥙🍜9⃣养成稳定的健身习惯💪🔟交到一个男性朋友或者比自己大的朋友👭👫studywithme,01/04
病因传播途径仍不明，武汉病毒性肺炎增至44人1月3日，武汉卫生健康委员会发布最新通报称，截至今年1月3日8时，武汉市出现不明原因病毒性肺炎患者总计44人，病情严重的患者11人；所有患者都被安排在武汉相关医疗机构进行隔离治疗，其中部分患者是武汉市华南海鲜城经营者。目前患者临床症状主要是发热，有少数患者出现呼吸困难，胸片呈双肺浸润性病征。另外，武汉卫生健康委员会还已经追踪到121名密切接触者，并完成了对华南海鲜城周围环境的卫生消毒工作。此外，初步调查显示，尚未发现比较明显的人传人的现象，也没有发现医务人员出现感染的病例。“病原鉴定（包括核酸检测和病毒分离培养）和病因溯源工作正在进行中，已排除流感、禽流感、腺病毒感染等常见呼吸道疾病。”为了应对大陆不明肺炎疫情，台湾卫生福利部疾病管制署宣布，不但启动边境检疫，而且还加强对入境旅客出现发烧情况的监管，针对从武汉直航入境班机进行登机检疫。香港也采取了类似预防疫情的措施。,01/04
武汉市卫健委通报肺炎疫情情况：所有病例均已隔离治疗O打开腾讯新闻，参与评论抢沙发L武汉市卫健委通报肺炎疫情情况：所有病例均已隔离治疗来自@腾讯新闻,01/04
#群护反馈#☞我们在做什么2013年，志愿者们通过互联网组成了公益社群“香山猫友”，利用业余时间为香山植物园的流浪猫提供食物和基础医疗，实施抓捕绝育，积极寻找领养。目前，群护地有明确观察记录的猫咪，大都已完成绝育，许多小可爱也顺利进入家庭#领养反馈#[干杯]为进一步控制群护地流浪猫种群数量、宣传TNR计划，于2017年1月1日更名为@香山猫友_TNR项目爱心捐助☞支持我们无线：图二or复制￥wXeYbLE5sWw￥线下：邮寄地址:北京市海淀区香山买卖街乙34号，刘女士收，13521081681(拒绝到付，推荐图四里的品牌，比较安全)#捐助公示#☞监督我们每月收支情况，我们都会在微博上进行公示#志愿者招募#【疫情期间，特殊情况，暂停招募新志愿者】,01/04
新加坡衛生部接獲首起與武漢肺炎疫情有關的可疑病例，病患是三歲中國籍女童，患有肺炎也曾到過武漢。,01/04
《SARS事件_百度百科》SARS事件是指严重急性呼吸综合症（英语：SARS）于2002年在中国广东顺德首发。并扩散至东南亚乃至全球，直至2003年中期疫情才被逐渐消灭的一次全球性传染病疫潮。在此期间发生了一系列事件：引起社会恐慌，包括医务人员在内的多名患者死亡，世界各国对该O网页链接,01/04
未发现“明显的”人传人证据，我理解这个定语就是类似当初H7N9的那个“有效人传人”一样，就是已经开始人际传播了，但传染力不强，不需要恐慌。否则的话早就大规模宣传要在公共场所佩戴口罩了。15年韩国MERS爆发，隔离了一万多密切接触者，但即使如此，韩国地铁上也没几个戴口罩的。最后疫情结束，186个病例，36例死亡，致死率大约20%。两年后的H7N9爆发，致死率要高一倍，接近40%。现在武汉已有的44个患者，重症只占1/4，目前无死亡。所以（仅从目前已有信息来说）这个病毒的致命程度还不如MERS，几乎不可能发展成大的疫情。唯一需要担心的是，现在春运到了，如果有超级病人在这期间接触太多人，可能会有散发病例出现。,01/04
【武汉不明肺炎暴增至44人香港提前应变防堵春运疫情扩散】日前中国大陆#武汉#地区爆发群体感染不明原因肺炎，截至3日病例已增加至44起，香港地区曾到访武汉的游客则出现7起疑似感染案例，其中3人仍在住院观察。今（4）香港特区政府宣布启动「严重」应变级别，防堵肺炎疫情。#武汉发现不明原因肺炎##武汉不明原因肺炎不能断定是sars##香港#食物及卫生局局长陈肇始表示，香港的7例个案中，有6人已确认病因。其中4人罹患流感，2人为鼻病毒、肺炎链球菌，剩余1人因已康复未能追踪到致病原因。由于7位病患皆无到访华南海鲜市场，推测与当地不明原因肺炎无关。目前肺炎传染尚未排除人传人的可能性，因此香港在出现确诊案例前提高应变级别，在关口以红外线检测旅客体温。然而，中文大学医学院呼吸系统教授许树昌指出，病毒感染的潜伏期可长达3至5天，若游客未发病前抵达香港，还是必须依赖病患主动求医。香港大学感染及传染病中心总监何柏良表示，从武汉卫健委员会发布的通告判断，有充分理由相信「不明原因肺炎」极有可能为新型病毒，而病例在短时间内剧增，代表公卫已亮起红灯，呼吁港府在游客检疫上做到滴水不漏，市民也应做好卫生工作。根据武汉感染病例多有接触华南海鲜市场，何柏良假设，若病毒经动物传给人类，就必须特别留意可能的病毒传播的途径，包括食物来源、屠宰过程。此外，对比2003年SARS防疫经验，现今的医疗科技已经可以在24小时内辨认并不明病毒，何柏良认为，武汉病毒所如有任何进展应及时公布，资讯透明才能够有效防疫。1月下旬农历春节将至，中国大陆将迎来世界上最大规模的人口移动潮，流行疾病的防疫工作至关重要。对此香港政务司长张建宗表示，港府将与大陆国家卫生健康委员会保持密切联系，目前情况不须减少武汉和香港的往来航班或高铁班次，呼吁市民关注个人卫生，若发现呼吸道感染的症状应尽早就医。更多精彩报导详见《NOWnews今日新闻》网，本文由NOWnews授权报导欢迎关注NOWnews今日新闻新浪微博#nownews今日新闻#www.nownews.com,01/04
穷项目好不容易给我个intern打电话说不来了终于有机会出差长春航班取消长沙被临时换行程，过年前偏偏又去出现疑似疫情的武汉我的那柱香显然还没有work神啊救救我吧,01/04
【不明原因肺炎】武汉肺炎疫情延烧，截至昨日病例已增至44例，其中11例重症，均接受隔离治疗。在更早前，官方曾发布27例不明肺炎患者，其中7例重症均在华南海鲜城遭受感染，但新增加个案已不限于华南海鲜城内的摊商患者。这次不明肺炎疫情，可能涉及新型冠状病毒，但尚未获得确诊。现正透过DNA检测、病毒分离培养以及病因溯源，以鉴定病原，目前已排除流感、禽流感、腺病毒感染等常见呼吸道疾病。,01/04
看来武汉的疫情还在持续，好消息该新型病毒对标准疗法有反应，目前还没有发现人与人之间的传播，坏消息是患者人人数还在增加。目前已发现的患者隔离情况不错，武汉及国家疾控中心严阵以待，世界卫生组织高度关注，如果病毒持续变异，一旦出现人与人之间的传播，就比较麻烦。O国际顶尖学术期刊《科学》报道：武汉不明原因肺炎已增至44例，可能是新型人类病毒,01/04
2020#flag1.看50本书2.抄20本经书3.高质量旅游两次4.少吃甜食，多吃素食5.看100部电影6.读哈利波特原著至少读完一本7.每周记一点手帐8.两周学一首歌9.每月学习一个新技能10.搬新家（2020的疫情可能有难度了）11.坚持健身打卡！12.不和家人吵架13.秀一次完美身材14.争取买一次Ac课程15.想入胶囊咖啡机16.考出小学教师资格证（目前想到这些，后面再➕）冲冲冲,01/04
春节前最后一次巡诊结束，感谢武汉正安医馆的热情邀约及款待，感谢各位来诊者的无比信赖和关爱。店长王芳在我眼中是一位很难得很优秀的领导者，无比坦诚、相当热情、很有干劲。最后很多人关注的武汉肺炎疫情，结论是，我所看到的一切都在照旧，高铁车站等处也像往常一样没有任何特殊检查关卡等，武汉人民也很淡定。,01/04
【鹿角视频||学校突发传染病疫情？别慌，是演练！】1月3日，由市卫健委和市教育局联合主办的包头市冬春季传染病及鼠疫防控应急演练培训在北重三中举行。来自我市的各卫生防疫相关单位工作人员，以及我市各个学校校医等相关人员，近200人参加了本次应急演练培训。现场模拟了一位高中生发生了高热39.2度，并伴有腋下疼痛，并且接触过死老鼠。校方通过先向青山区疾病控制中心（以下简称疾控中心）报告，青山区疾控中心工作人员接到学校电话报告后，详细记录相关情况后，立即报告单位领导，并将相关疫情报告市疾控中心和区卫生健康委。市疾控中心工作人员接到青山区疾控中心报告后，立即报告中心相关领导，并上报自治区综合疾控中心和市卫生健康委。青山区疾控中心和市疾控中心组织相关人员赶赴学校，共同开展初步流行病学调查，以及对学校进行消毒检查。（记者：李鸿瑶，李强）L包头晚报的微博视频,01/04
【4岁返港女童确诊染鼻病毒留医屯门医院】因应湖北武汉的肺炎疫情，政府早上宣布启动应变计划，并即时启动严重应变级别。食物及卫生局局长陈肇始则表示，本港新增两宗到武汉后的怀疑染病个案，累积病例共7宗。据了解，新增的两宗个案于昨日入院，均为香港人。其中一名4岁女童曾到武汉数天，返港后入住屯门医院，并确诊感染鼻病毒。（香港商报网）#香港#,01/04
共读打卡@上海世纪出版官方旗舰店DAY5《世纪的哭泣》136/746👉蔓延。漠视。很多患肺囊虫肺炎或卡波西肉瘤的病患被送到医院去。这是新疫情来临的警示。有很多线索指向同性恋人群中蔓延着一种新的疫情。一个个病例不是单独的，而是有关联的。疾控中心的资深专家和医生们都在寻找这种疾病的源头，和到底是怎样的行为使得健康人染上疾病走向死亡的（书里面肯·霍恩在生命的尽头已经呼吸困难，时常发烧，失明和大脑游离等症状折磨得没有了当初优美舞者的姿态了）。⭐病灶：奇怪的皮疹，紫色凸起的肉瘤等。⭐反响：☞当劝说同性恋群体关注x行为时，他们嗤之以鼻，生气离开。☞媒体不愿意刊登有关“同性恋肺炎”、“同性恋癌症”等相关调查研究发现推测等报告。☞私人筹款研究，收效甚微。“走开，别来烦我”和“这真叫人扫兴”是常见的反应。☞癌症研究所含糊的保证。他们对讨论的如何治疗免疫缺陷的病人的话题不感兴趣。☞“而现在这是件有趣的怪事，终究不是特别重要。”☞当发现有吸du者病例时，工作组之外的卫生guanyuan经常报告他们是同性恋。他们居然说，这些yin君子最后会变成同性恋的。（读到这里，我：？？？）⭐（拨款）似乎无望的等待。83.38wdollar经费，只不过是公共卫生服务预算的1%的一小部分。☞等了又等。☞卫生研究院没有任何回复。,01/05
2020年清单：疫情结束再带爸妈旅行✈️十五健健康康🐱见到想念的红红👭🏻逃离手机计划📱早日实现大学立下的五年目标😎,01/05
#武汉不明原因肺炎已排除SARS病原#微博到底有多少渗透进来的黑子，在这里尬吹香港台湾信息透明大陆应对过SARS，也一定能再次应对新的疫情,01/05
【58分钟英字完整版】【纪录片.BBC.夺走五千万生命的流感.The.Flu.That.Killed.50.Million.2018】1918年流感大流行（1918flupandemic）是于1918年至1920年爆发的全球性H1N1甲型流感疫潮，造成全世界约5亿人感染，超过5千万人死亡，当时世界人口约17亿。ChristopherEccleston讲述当时的疫情以及官方的措施，并阐述如何应对未来可能的流行病爆发。L猛犸君侯的微博视频#武汉不明原因肺炎已排除SARS病原#,01/05
【微观中国第六集】说到国家安全，你最先想到的是什么？估计不少人和岛叔一样，军事、外交、经济……但还有一个领域，我们虽然常常忽视，却又无时无刻不受它的庇护，那就是医学。还记得2003年我国爆发的SARS疫情吗？还有埃博拉、禽流感、甲型流感，你知道是谁在这些病毒肆虐时与它们抗争，最终守卫了无数人的生命健康吗？今天，让我们走近他们。最近，我岛的“微观中国”摄制组就来到了军事科学院军事医学研究院，在这里，采访到了那些与死神共舞、为国铸盾的科学家。来看“微观中国”系列纪录片第六集——《狙击隐形恶魔》。↓↓↓L侠客岛的微博视频#武汉不明原因肺炎已排除SARS病原#,01/05
一段描写2003年抗非典的视频片段，尽管距今已经16年多，但视频里的一些画面，仍然让人记忆犹新。多难兴邦，中国这艘巨轮始终破浪前进！L人民随笔的微博视频#武汉不明原因肺炎已排除SARS病原#,01/05
我在看：【关于武汉肺炎疫情武汉市委机关报回答6个问题】#跟新浪看热点#O关于武汉肺炎疫情武汉市委机关报回答6个问题,01/05
【TED】人类与埃博拉病毒，我们如何才能赢得一场可怕的疫情传播战争。L元芳八卦的微博视频#武汉不明原因肺炎已排除SARS病原#,01/05
【新加坡发现与武汉肺炎疫情有关病例已被隔离】今天下午2时，新加坡卫生部接到首起与中国武汉肺炎疫情有关的可疑病例，病患是患有肺炎也曾到过武汉的三岁中国籍女童。声明指出，女童已入院接受进一步检测与治疗，作为安全起见，也被隔离。初步检测结果显示，女童对呼吸管道合胞病毒（respiratorysyncytialvirus）呈阳性反应，该病毒是儿童肺炎常见导因。局将进一步进行检验，查明这是否是女童肺炎的病因。（转发）,01/05
互联网时代，信息万变，一刻可传遍世界的每一个角落……这次“肺炎”事件的每日一报还是比以往任何时候都迅速和重视了……👍👍但是民众还是忧心忡忡……要知道要放寒假了马上春运了……人员的流动会加速疫情的扩散……🙏🙏“武汉卫健委：不明原因肺炎诊断患者59例重症7例已排除SARS”网上说今天HK又增加了6例，最小年龄者2岁还说新加坡也有一例……疫情还会继续扩散么？是否要做疫区隔离？…………🙏🙏,01/05
我在看：【关于武汉肺炎疫情武汉市委机关报回答6个问题】#跟新浪看热点#O关于武汉肺炎疫情武汉市委机关报回答6个问题,01/05
#日本#此次疫情，日本展现了极大的诚意，泱泱中华分的清楚也从来不是小格局的民族，看看这个日本人在南京问路的视频吧#日本女孩鞠躬为武汉募捐#L微视频天下的微博视频,01/05
不能随便“入口”！市场监管部门防控H7N9疫情O不能随便“入口”！市场监管部门防控H7N9疫情,01/05
根据武汉市卫生健康委员会最新公布数据显示，武汉不明肺炎病患增至59人，其中七人在重症监护，具体见图。HK新增8起疑似个案，总计16个。HK卫生署卫生防护中心今天（5日）公布，公立医生及私人医生截至中午12时在过去24小时共接收八名曾在过去14天到访过武汉，并出现发烧、呼吸道感染或肺炎征状的病人，累计总数达16个。据报道，新加坡卫生部接到首起与中国武汉肺炎疫情有关的可疑病例，病患是患有肺炎也曾到过武汉的三岁中国籍女童。根据卫生部昨晚发出的文告，患者并没有到过武汉的华南海鲜市场。目前，该女童已入院接受进一步检测与治疗，为安全起见也被隔离。女童目前情况稳定。初步检测结果显示，女童对呼吸管道合胞病毒（respiratorysyncytialvirus）呈阳性反应，该病毒是儿童肺炎常见导因。之后，新加坡卫生部又发文，该名女童感染的是在儿童呼吸道感染中常见的呼吸管道合胞病毒（respiratorysyncytialvirus），新加坡未出现新的武汉肺炎可疑病例，之前的可疑病例也已证实与武汉肺炎无关。,01/05
2020年是个开挂年，希望我和我喜欢的人和事，都能越来越好。疫情播报O网页链接查证平台O较真查证平台防护手册O网页链接,01/05
自2019年12月起，我国再次进入流感流行季节，据国家卫健委发布的2019年1～10月全国法定传染病疫情概况，全国报告的流感发病数稳居丙类传染病前三位O流感为什么找上孩子？儿科专家谈流感的预防与治疗,01/06
致各位小伙伴因为疫情，我们发出时间都推后了我的老板都回不去北京具体等我们通知,01/06
鼠年至疫情满天飞人思恐极怕口气吹皆蜗居最惧远来客隔窗望家燕也难归待来日春风化雨时九州同艳阳高照回,01/06
【微博账号安全随机检测】如您发现您的账号有我们检测信息请尽快修改密码！！！rngsq多少人已经隔离？是否已采取了一切必要的防止疫情传播的措施？我们还有另一问题需要解决：乔尔·布雷曼率领的前往疫情现场的先遣小组出了什么事了？按理说，他们早已该来到扬布库了，他们到达金沙萨几小时后就被送飞机前来此地了。我们很担心他们。那地区什么事都可能发生。,01/06
【流感高发季来啦！流感疫苗打还是不打？了解完这些再安排！】流感可能会迟到，但从不会缺席……近日，国家流感中心发布最新数据，截至2019年12月8日，我国内地南北方省份流感活动水平继续呈升高趋势，暴发疫情数明显增多，我国大部分省份已经进入今年的冬季流行季。O网页链接,01/06
@财新网在重大疫情发生时，政府应积极应对。一要建立疫情日常公开公布制度，毫不保留地公布控制情况，普及日常防治方法。降低公众恐慌。二是公开病菌来源，政府防治进度，处理进度，占领舆论制高点，防范舆论倾向，引导群众意识。@界面新闻,01/06
澳洲除了火灾，还要注意疫情，俄罗斯与乌克兰则要注意“水”的问题，可能与海洋环境或领土问题有关。,01/06
温氏股份2019年净利预增2.6倍，“好行情”望持续至今年二季度(来自@界面新闻)分析人士认为，鉴于非瘟疫情的影响难以在短期内消化，且市场供应持续偏紧，生猪养殖行业的“好行情”至少将持续到今年二季度。O温氏股份2019年净利预增2.6倍，“好行情”望持续至今年二季度,01/06
从非典到转基因2003年非典疫情在我国蔓延。因当时卫生部长轻描淡写的一句疫情得到有效控制到后来的全民恐慌，再到疫情得到彻底控制，国家付出了多少代价，有多少医护人员付出了生命。这么大的弯路起因是什么，社会没有得到真相没有得到想要且应该给的知情权。今天转基因之所以让人恐慌，跟当时情景是不是很相似。官方不承认有转基因农产品的存在，而出口欧洲的米粉中不断的被检测出来转基因成分。这是不是巨大的讽刺。问题出来后有没有彻查来源，有没有有人为之负责，目前没看到官方的消息。一切恐慌都来源于不知情，百姓知道市场上有转基因农产品的存在，但不知道具体哪些是哪些不是，真的很悲哀。国家诚信丧失的危害，远远大于转基因本身的危害。政府官员给p2p集资站台，你告诉可信不可信。莆田系医院都有政府发的行医执照，你告诉我可信不可信，全国年年都在打假，莆田做高仿假鞋依然存在，你让我相信市场没假货？昨天我们这地方银行行长被抓了，妈打电话问我那个银行没事吧，让我怎么回答。只能安慰那是国家的银行，不会有事的。说实话真有没有事我也没底。你能说在那存款的智商都不够用？谁也没权力笑话被骗者，整个诚信的丧失，人人都有可能是受骗者，只是表现的形式不同而已。所以不管国家怎么关于转基因的立法，没有执法的保障最后都是一纸空文。我反对转基因是为我自己安全反转的，不是为了崔先生还是顾女士反转的。能让我接触不到转基因食品的活动我都支持。当然我希望国家从根本否定转基因农产品的种植，但目前看不现实。那么退而求其次，能真实告诉我市场上哪些是哪些不是，给我真正的知情权就可以。实说我又希望又怕立法否定转基因农产品。我们现在也不承认市场上有转基因农产品的存在，那么靠一张纸就真能杜绝？没了那张纸我还有可能知道哪个是哪个不是，有了那张纸反而又是一片混沌状态，还是会提心吊胆的买东西。怎么会有这种感觉，诚信体系的丧失造成的。政府机构的不作为，是一切社会危害的源头。好在我国政府想诚心做好某件事是能做好的，我只能企盼政府早点想诚心解决转基因问题。,01/06
中国湖北省武汉市出现不明原因的肺炎疫情。身在武汉或准备去武汉旅游的国人，应注意些什么？O网页链接,01/06
【当局：不明原因肺炎疫情“不是非典”】中国武汉已经有数十人感染不明原因肺炎，目前当地卫生部门称，经过初步调查已经排除流感、禽流感和“非典”SARS的可能性。香港医院管理局周日表示，香港共有15名患者在访问武汉后出现包括发烧和呼吸道感染在内的症状，并在接受治疗。详情点击：O网页链接,01/06
香港部分学校要求，曾去武汉学生隔离7日。武汉爆发不明原因肺炎疫情，香港截至1月5日（周日），合共出现16宗由武汉返港后现疑似肺炎病征。教育局于上周五（3日）下午向全港学校发信，吁学校提高警觉及加强防御措施，...O网页链接,01/06
#武汉发现不明原因肺炎##武汉生活#不管是什么疫情，出门记得戴口罩，保护好自己，总没有错。,01/06
相信政府能够控制疫情，不要盲目跟风O武汉市疾控中心主任：我市不明原因的病毒性肺炎防控工作正有序进行,01/06
#武汉市卫健委通报肺炎疫情情况#武汉人好像都不怕事啊！！！出门戴口罩的人是一点也不多[捂脸]！！！1月1号，发布武汉发现不明原因非典型肺炎通报，接诊病例24例。1月3号，更新病例数为44例，121人隔离观察。1月5号，更新病例数为59例，163人隔离观察。我像个老母亲似的给我的老母亲普及知识，给她准备口罩，嘱咐她少去人流聚集地，要过年了，小心预防一下！她觉得我是在害她，一副没见过世面的样子。我……子女之爱母，则为之计深远！操碎了一个老母亲的❤[捂脸],01/06
新疆哈密市查获一起输入型牛O型口蹄疫疫情-现代畜牧网-cvonet.com-全球畜牧与肉类食品舆情专业网站O网页链接,01/07
【On.cc】睇錢份上　羅霖照去武漢搵命博前亞姐@罗霖Candy到尖沙咀出席化妝學校開幕活動，她透露剛從杭州回港，周六就要到昆明工作，對於近日的內地肺炎疫情，她說：「擔心唔到太多，香港已經冇工開，如果連內地工作都唔做就冇嘢做，最重要增強自己抵抗力、多食維他命C同少到人多地方。（會避免去武漢？）暫時未有，都係去杭州、昆明、上海和內蒙，如果去武漢會視乎酬勞，多啲就會考慮，搵命博㗎！」她又表示上月考了保險牌，表示18歲做空姐時已知道保險的重要性，現在會更為三個兒子保障將來：「我冇遺產畀佢哋，將來都唔諗住靠三個仔照顧，我一個人都可以有退休金生活。（碌友情卡開單？）我唔會向朋友hardsell，有需要朋友自然會揾我，而且保險計劃都有好多款。」candylo罗霖,01/07
据亚洲新闻频道(ChannelNewsAsia)报道，由于非洲猪瘟(ASF)在亚洲各地蔓延，中国政府表示已禁止从印度尼西亚进口猪，野猪及相关产品。　　报告称，印尼已成为亚洲的受害者之一，截至12月17日，印尼境内共爆发392起ASF疫情。　　北京正在采取措施，以防止在中国进一步爆发非洲猪瘟，同时努力提高生猪产量。　　自2018年8月爆发非洲猪瘟以来，其将中国的生猪存栏几乎减半,01/07
目前波兰、罗马尼亚、匈牙利等东欧国家已发生非洲猪瘟疫情。非洲猪瘟是由非洲猪瘟病毒感染猪引起的一种急性、出血性、烈性传染病，以高热、内脏器官严重出血和高死亡率为特征。非洲猪瘟不是人畜共患病，该病毒不会感染人类。,01/07
对于美豆市场而言，似乎2020年首份月度供需报告将发布于中美第一阶段协议签署前，市场也在继续关注USDA对于美豆出口销售的调整方向;有机构对于是否能迅速解决大豆问题表示关注，因为非洲猪瘟疫情严重损害了中国蛋白饲料需求，但也可能会给其他商品带来一些意想不到的需求，从而整体有助于提振美国农产品出口，这其中可能包括小麦、玉米和乙醇。美国农业部首席经济学家罗伯·约翰逊(RobJohansson)表示，作为第一阶段贸易协议的一部分，中国人预期购买的农业产品价值属于可能的范围，而约翰逊分析与本网(JCI)12月20日所发表的清单预估基本相符;我们继续对新年市场的一系列大事件保持高度关注。,01/07
闭上眼睛脑子都在做疫情分析我也太爱工作了,01/07
人在武汉，希望疫情早日查明，不然我可能会被客户打出工厂[米奇比心],01/07
多家港媒报道，香港市民抢购口罩，有些店家开始缺货。一个疑问，武汉不明肺炎的疫情，为什么千里之外的香港疑似病例最多？,01/07
【官方数据发布：流感大规模爆发，孩子有这些症状千万要小心！】注意！流感暴发疫情数明显增多，我国大部分省份已经进入今年的冬季流行季。...O网页链接,01/07
农业农村部：新疆哈密查获一起输入型牛O型口蹄疫疫情【来自中新网客户端】O网页链接,01/07
港人抢购口罩，药房坐地起价港媒称的“武汉不明肺炎疫情“在香港，被媒体、政党持续反复炒作，引起港人恐慌，大量港人抢购口罩。港媒发现，旺角有药房出售质量较好的N95型口罩，但是将价格暴涨，10个口罩售250元，比正常价格高出1倍有多。祖国反黑站,01/07
等疫情结束，再约吧,01/07
东区区议会首次会议，反对派当选正副主席，其中一只耳是副主席。区议会通过动议，要求林太率团前往武汉视察疫情。,01/07
#有事明说#2003年的“非典”，让很多人至今回想起来还心有余悸。上周（12月30日-1月5日），武汉陆续出现多起不明原因的肺炎病例，再次引起人们的担忧。目前，这一不明肺炎已排除SARS病原，但面对疫情和疾病高发的冬季，我们还得未雨绸缪发布了头条文章：《央行全面降准，楼市调控要松绑？武汉发现不明肺炎，未雨绸缪很重要》O央行全面降准，楼市调控要松绑？武汉发现不明肺炎，未雨绸缪很重要,01/07
神秘猪流感病毒爆发，散播疫情的竟是来自地狱的恶魔，解说美剧《邪恶力量》第五季20集L汪子喵没有猫的微博视频,01/07
"【贵州5部门联合确保春节期间猪肉供应和生产】1月5日，贵州省恢复生猪生产保障市场供应工作会议在贵阳召开。会议进一步安排部署贵州春节和“两会”期间猪肉供应保障和恢复生猪生产工作，坚决防止脱销断档、价格暴涨。据悉，2019年11月以来,贵州生猪生产止跌回升。截至2019年12月30日,贵州生猪存栏1576.4万头,环比增加1.2%;:12月下半月补栏仔猪142.6万头,环比增加7.3%，预计全年生猪出栏1713.6万头。根据目前态势预判,春节和“两会”期间猪肉市场供应仍然偏紧,但肉产品供应能够基本自给。会议强调，做好春节和“两会”期间猪肉稳价保供工作，事关全局、责任重大。各地要主动担当为，创新工作方法，加大工作力度，坚决守住“不发生猪肉脱销断档和价格暴涨、每户家庭有肉吃”的底线。各地各部门要像抓粮食生产一样抓生猪生产，确保今年年底前生猪存栏量基本恢复到常年水平，促进猪肉保供稳价工作。会上，贵州省财政厅、贵州省生态环境厅、贵州省农业农村厅、贵州省商务厅和贵州省市场监管局5个部门围绕猪肉谈保供稳价措施。贵州省财政厅：创新支持方式，提高资金使用效益，持续支持畜牧产业发展贵州省财政已将猪肉储备(含活体和冻猪肉)年初部门预算增加至1000万元，用于省级冻猪肉储备投放，确保2020年春节元旦猪肉市场保供稳价，稳定市场预期，满足群众消费需要。同时，新增安排1亿元专项用于生猪临时补贴，对利用闲置圈舍和新建圈舍养殖年出栏500头以上的规模养猪场(户)，与所在地县级农业农村部门签订养殖承诺书，承诺一年内不大规模减产、不停产、不转产，并保证出栏生猪优先供应省内市场后，对2020年1月1日至2020年12月31日(实际结束时间根据资金使用情况和市场情况而定)期间实际出栏的育肥猪，按每头50元给予一次性补贴，以期促进生猪规模场(户)尽快恢复生产，提高猪内市场保供能力。持续加大对生猪生产的担保支持，对符合条件的生猪产业发展融资贷款采取省、市、县联合担保的方式给予支持，进一步缓解生猪养殖经营主体融资难、融资贵问题，带动和引导更多金融资源流向生猪产业。将贵州能繁母猪保额从1200元增加至1500元、育肥猪保额增加至800元。同时，不断扩大政策性保险覆盖面，切实增强生猪产业抵御风险能力。贵州省农业农村厅：“五个抓好”促进生猪生产恢复和市场供应保障全力以赴抓好市场保供。强化调度和监测，动员和引导规模养殖场在春节和两会”期间及时出栏育肥猪，杜绝压栏现象。扩大替代品的生产与投放，引导养殖企业合理安排出栏时间，加快禽肉、牛羊肉等猪肉替代品投放市场，有效补充春节和“两会”期间肉类供应。全力以赴抓好产能扩大。继续推广典型复养增养模式，引导大型养猪企业发挥自身优势，带动中小养殖场(户)扩大生产规模，与中小养殖场(户)形成稳定的利益共同体。积极推动光明集团越秀集团在黔生猪养殖一体化项目尽快建成投产，及时组织专家和技术人员深入养殖场(户)，帮助解决实际问题，切实推进畜禽粪污资源化利用，加快种养业循环发展。全力以赴抓好疫病防控。进一步加强排查监测，及时发现和消除疫情隐患，严格生猪调运车辆查验和管控，坚决打击逃避检疫、非法调运等违法行为，严防病死生猪及其产品流入市场。全力以赴抓好居宰监管。严格落实生猪定点屠宰场非洲猪瘟自检和官方兽医派驻“两项制度”，对城乡结合部、“插花地带”等重点区域开展专项整治，强化“行刑联合”，严厉打击私屠滥宰和屠宰病死猪、注水注药和添加“瘦肉精”等违法犯罪行为，引导大型屠宰企业向上下游延伸产业链，助推屠宰企业升级改造。全力以赴抓好责任落实。认真履行生猪稳产保供牵头协调职责，严格落实《贵州省加快生猪生产发展三年行动方案》，建立完善“月调度、季通报、半年督导、年末评价”机制，确保工作扎实推进。贵州省生态环境厅：开辟“绿色通道”，加大生猪项目指导和服务力度2019年，贵州省生态环境厅将生猪等畜禽养殖项目环评审批权限全部下放到市(州)。各地强化环评服务，开辟“绿色通道”，加大生猪项目指导和服务力度，依法快速办理环评手续，切实加快生猪养殖项目落地建设。下一步，贵州省生态环境厅将进一步推进畜禽养殖禁养区优化调整成果落地生效，分类处置原禁养区涉及的养殖场，对于已取消的禁养区，一律停止禁养要求，并强化抓好畜禽污染防治工作。继续推进生猪项目环评“放管服”改革，对于新改扩建年出栏量5000头以下的生猪项目，在线填写环境影响登记表备案，无需办理环评审批；对于年出栏量5000头以上的生猪项目，指导各地开展环评告知承诺制试点，建设单位在开工建设前，将签署的告知承诺书及环境影响报告书等要件报送环评审批部门，环评审批部门在收到告知承诺书及环境影响报告书等要件后，可不经过评估、审查直接作出审批决定，从快从速审批项目环评文件，及时推进生猪项目落地建设。贵州省市场监管局：严把监督关卡，做好生猪“稳产保供、猪瘟防控”工作为抓好恢复生猪生产保障市场供应工作，确保全省猪肉市场供应稳定。贵州省市场监管局在“治”字上着力，扎实抓好专项整治这个中心环节；在“检”字上着力，严格把好监督抽检这个关口；在“控”字上着力，牢牢守住价格稳定这条底线。在2020的工作开展中，市场监管部门将在“实”字上下功夫，把恢复生猪生、产增加市场供给、稳定市场物价，保障群众生活作为当前工作的头等大事来抓，积极配合相关部门持续保持生猪“稳产保供、猪瘟防控”工作高压高效态势。切实强化食品生产经营环节监督检查，保障猪肉质量安全；切实强化餐饮服务单位餐厨剩余物监管，防未经无害化处理的餐厨废弃物流入养殖环节；初实行职责强化猪肉价格监督管理，结合市场监管部门职能定位，着力加强猪肉市场价格巡査检查，加大对居宰场、生猪养殖户、农贸市场、超市等的价格监督检查力度；积极配合相关部门开展私屠滥宰综合整治；切实严把监督抽检关口，确保产品来源可查、去向可追、风险可控；切实强化日常监督检查，严密防范风险。贵州省商务厅：做好猪肉消费市场“日常稳价、应急保供”两条工作主线，确保市场供应稳定2019年以来，贵州省商务厅全力以赴做好猪肉市场供应稳定保障工作，猪肉供应货源稳定，没有出现脱销、断档的现象，猪肉价格相对周边省区市价格略低。商务厅将继续强化联动工作机制，加强市场监测，及时主动发布猪肉市场供应和价格信息，指导企业有序经营，引导居民理性消费，稳定市场预期。同时，加强与农业农村部门的工作对接，结合我省生态畜牧业发展，持续做好产销对接，拓展和畅通市场供应渠道。并指导各地尽快完善储备肉制度推动市级冻肉储备工作常态化开展，以增强市场调控能力。此外，抓好《2019年贵州省冻猪肉储备市场投放方案》后续工作落实，指导各地参照开展市级储备投放。会同省财政厅指导企业，按规范做好财政补贴资金申报。继续加强储备补货，防范后续市场出现波动。",01/08
农业农村部：新疆发生天鹅H5N6亚型高致病性禽流感疫情农业农村部新闻办公室1月8日发布，新疆维吾尔自治区伊宁县和博乐市发生野生天鹅H5N6亚型高致病性禽流感疫情。,01/08
[网警小课堂]引以为戒|网络造谣必被惩网络流传的谣言应该都见过可曾有中过招？看完是质疑还是转发？网上造谣者，有些是因为好玩，有些是因为起哄，甚至有些是为了提高自己的网络知名度，便随意在网络上造谣传谣，引起民众恐慌。然而，网络不是法外之地，造谣必被惩。01.案例1：女子“找存在感”在网上散布谣言被依法拘留去年12月初，夏某到幼儿园接孩子放学时听闻家长传言：幼儿园里有小孩因食物中毒住院。随后夏某在一宾馆内以用户名“找找找存在感”登录百度应城贴吧发帖，散播该幼儿园有学生中毒的谣言，导致不少网友跟帖留言，引起学生家长质疑和恐慌，在社会上造成不良影响。经某地教育局和市场监督管理局联合调查，并未发现该幼儿园存在食品违规违法行为。2019年12月8日，民警根据《中华人民共和国治安管理处罚法》，以散布谣言扰乱公共秩序对夏某依法行政拘留四天。02:案例2：预测余震？警方依法拘留造谣者！12月27日，经警方核查，编造传播“晚上10点后有更大余震”不实信息的行为人李某（女，26岁）、陆某（女，25岁）被锁定。二人迫于压力，到公安局自首。经审讯，李某供称，地震发生后，她在微信群中“吹牛”说“将发生更大余震”，为了让闺蜜陆某相信，她编造“老公甘某表弟在武汉消防队……”说法。陆某供称，她在未核实李某言论的情况下，将不实信息截图发到微信朋友圈中。不实信息经网络传播发酵，不少人抱着“宁可信其有不可信其无”的心态转发。这让不少本来还有点犹豫的市民变得深信不疑，甚至有市民声称“被吓得一晚上睡不着”，引发了社会恐慌，造成了不良影响。审讯中，李、陆二人对自己违法行为非常后悔。另外，编造传播“某地有盐矿和沙矿，挖塌了才造成地震”不实信息的行为人王某（男，25岁）、“地震造成多人死亡”不实信息的王某某（女，32岁）也于同日到案。造谣传谣究竟会受到怎样的处罚呢?《治安管理处罚法》第二十五条规定：有下列行为之一的，处五日以上十日以下拘留，可以并处五百元以下罚款；情节较轻的，处五日以下拘留或者五百元以下罚款：（一）散布谣言，谎报险情、疫情、警情或者以其他方法故意扰乱公共秩序的；（二）投放虚假的爆炸性、毒害性、放射性、腐蚀性物质或者传染病病原体等危险物质扰乱公共秩序的；（三）扬言实施放火、爆炸、投放危险物质扰乱公共秩序的。蜀黍在这里提醒广大网民：1、要树立文明上网的意识，对自己的行为负责，不造谣；2、不轻信网络谣言，不传谣；3、遇到似有模板的谣言信息时，善用检索工具；4、遇到不确定的信息时，仔细观察细节纰漏、信息来源；5、遇到谣言要积极向有关部门举报；6、个人合法权益因他人造谣而受侵害时，要及时向公安机关报案，用法律保护自己。谣言止于智者！！！,01/08
【市卫生健康委领导专题调研突发公共卫生事件应急处置工作】为深化卫生应急体系和核心能力建设，1月6日，市卫生健康委副主任张必明带领卫生应急处负责人一行3人到市疾病预防控制中心调研指导突发公共卫生事件应急处置工作，安排做好春节前突发公共卫生事件防范和应对工作。调研组现场查看了疫情值班室、应急物资储备库、微生物和理化实验室等场所，详细了解值班值守、信息报告、应急响应、应急队伍装备配备、实验室检测能力等情况，并召开卫生应急专题座谈会。市疾病预防控制中心负责人汇报了机构概况、应急能力建设、突发公共卫生事件应急处置情况以及当前面临的主要困难、工作建议。调研组指出，近年来，市疾病预防控制中心主动作为，应急处突能力不断提升，全市突发公共卫生事件总体平稳，取得了一定成绩。但工作中还存在诸多问题，亟待解决。调研组要求：一要抓住新时代卫生应急工作的新要求，主动服务健康城市建设大局，振奋精神，克服困难，认真履职，充分发挥疾病预防控制机构在突发公共卫生事件应急处置中的职能作用和积极作用；二要抓好源头预防，加强苗头性事件的监测、预警和风险评估工作；三要加快卫生应急信息化建设，更新补充应急物资储备，加强应急队伍建设和装备配备，组织开展常态化培训演练，不断提升防范化解重大公共卫生风险能力和水平。,01/08
#加拿大新鲜事#多伦多公共卫生局周二就中国尚未确诊的病毒性肺炎疫情发布一份声明：O网页链接,01/08
#武汉8名不明原因肺炎患者治愈出院#希望疫情能得到有效控制……,01/08
#武汉8名不明原因肺炎患者治愈出院#这个要真的注意，马上要春节了，希望没有新的疫情发生，,01/08
刚果(金)麻疹（rougeole）疫情已造成6000多人死亡：O刚果(金)麻疹疫情已造成6000多人死亡,01/08
许一个愿：希望明天没有疫情，大家平平安安！实习🔚寒假快乐😁,01/08
@华记茶餐厅杨官华说自己的脸书账号第四次被冻结，同时表示香港黑媒体和黄丝各种炒作武汉肺炎疫情(今日患者全部已经出院)，却对美国流感死亡两千多人和澳大利亚山火视而不见。关注@热门表哥观看更多热门视频L热门表哥的微博视频,01/08
【春运春节要来了　小心这些传染病】近日，市疾控中心发布健康提醒：经综合分析研判福州历年传染病疫情数据和国内外疫情动态、气象水文资料，2020年1月要注意防范流行性感冒、诺如病毒感染性腹泻、流行性腮腺炎、水痘、人感染H7N9流感、春节食源性疾病等几大传染病，同时还要注意春节旅行卫生。O春运春节要来了　小心这些传染病via福州晚报O春运春节要来了　小心这些传染病,01/08
【58分钟英字完整版】【纪录片.BBC.夺走五千万生命的流感.The.Flu.That.Killed.50.Million.2018】1918年流感大流行（1918flupandemic）是于1918年至1920年爆发的全球性H1N1甲型流感疫潮，造成全世界约5亿人感染，超过5千万人死亡，当时世界人口约17亿。ChristopherEccleston讲述当时的疫情以及官方的措施，并阐述如何应对未来可能的流行病爆发。L猛犸君侯的微博视频#武汉8名不明原因肺炎患者治愈出院#,01/08
一段描写2003年抗非典的视频片段，尽管距今已经16年多，但视频里的一些画面，仍然让人记忆犹新。多难兴邦，中国这艘巨轮始终破浪前进！L人民随笔的微博视频#武汉8名不明原因肺炎患者治愈出院#,01/08
#武汉8名不明原因肺炎患者治愈出院##中国立法防医闹#我发现微博是一个信息量爆棚的地方，很多信息第一时间都是在微博上发现的，包括上次内蒙古还有这次武汉的事，不明原因肺炎患者已经痊愈出院了，所以每次遇到啥事不能惊慌，有国家呢，尤其是在有各种疫情的时候，有我们医院人员呢,01/08
新疆伊宁县和博乐市发生天鹅H5N6亚型高致病性禽流感疫情-新华网O新疆伊宁县和博乐市发生天鹅H5N6亚型高致病性禽流感疫情,01/08
#图个明白#【什么是“不明原因肺炎”？这类情况常见吗？】1月9日，就武汉不明原因的病毒性肺炎疫情，媒体报道专家组认为，本次不明原因的病毒性肺炎病例的病原体初步判定为#新型冠状病毒#。一图梳理武汉肺炎事件↓↓↓专家提示，冬春季是传染病高发季节，民众要注意个人生活习惯和卫生习惯，积极预防疾病；如有发热、呼吸道感染症状，特别是持续发热不退，及时到医疗机构就诊。,01/09
#武汉不明原因肺炎病原体为新型冠状病毒##N次元#【动画科普冠状病毒，做好日常防护措施不必惊慌】武汉病毒性肺炎疫情引发社会广泛关注，经过专家组病原检测，病原体初步判定为新型冠状病毒。而在2002年的非典SARS，2012年的中东呼吸综合征，也是由冠状病毒感染引发。冠状病毒是一类主要引起呼吸道、肠道疾病的病原体，整个病毒颗粒就像一顶帝王的皇冠，因此得名“冠状病毒”。那么，冠状病毒是什么？有什么特点？新型病毒传人吗？在流感高发季，我们应该如何预防被感染？LN视频的微博视频,01/09
#武汉不明原因肺炎病原体为新型冠状病毒#就武汉不明原因的病毒性肺炎疫情病原学鉴定进展问题，截至7日21时，专家组认为，本次不明原因的病毒性肺炎病例的病原体初步判定为新型冠状病毒。获得该病毒的全基因组序列，经核酸检测方法共检出新型冠状病毒阳性结果15例，从1例阳性病人样本中分离出该病毒，电镜下呈现典型的冠状病毒形态。（央视记者史迎春）,01/09
就武汉不明原因的病毒性肺炎疫情病原学鉴定进展问题，专家组认为，本次不明原因的病毒性肺炎病例的病原体初步判定为新型冠状病毒。O网页链接,01/09
【大北农：2019年生猪销售收入同比增长68%】大北农晚间公告，2019年12月销售生猪12.92万头，销售收入5.7亿元，销售收入环比增长84.47%，同比增长151.10%。2019年1-12月，销售收入33.3亿元，同比增长68.18%。为有效防控非洲猪瘟疫情，各单位加大卫生防疫力度，分阶段补栏和分阶段装猪，公司累计销售生猪162.84万头，同比增长-2.12%。（财联社）点评:虽然是农牧龙头，但是得谨慎，毕竟一字板上去的，换手不充分，筹码没有经过充分交投。,01/09
#图个明白#【什么是“不明原因肺炎”？这类情况常见吗？】1月9日，就武汉不明原因的病毒性肺炎疫情，媒体报道专家组认为，本次不明原因的病毒性肺炎病例的病原体初步判定为#新型冠状病毒#。一图梳理武汉肺炎事件↓↓↓专家提示，冬春季是传染病高发季节，民众要注意个人生活习惯和卫生习惯，积极预防疾病；如有发热、呼吸道感染症状，特别是持续发热不退，及时到医疗机构就诊。,01/09
春节放假通知：客服放假时间为1月18号放假至2月2号，期间客服人员可能无法及时回复。因疫情原因厂家放假时间为1月14号-2月10号，期间暂停出货。给大家造成不便，还请谅解。,01/09
【你好，明天】武汉不明原因的病毒性肺炎疫情病原体初步判定为新型冠状病毒。不同于已发现的人类冠状病毒，对该病毒的深入了解需要进一步科学研究。目前已知的人类冠状病毒共有六种，其中四种较为常见，致病性较低，一般仅引起类似普通感冒的轻微呼吸道症状，而另外两种是我们简称的SARS和MERS。晚安。,01/09
近年來非洲豬瘟已在全球多國肆虐，包括歐洲、非洲、亞洲。當中中國疫情更為嚴重，已蔓延至全國所有省份，需要銷毀超過100萬隻活豬，導致豬肉供應大減、價格大漲，在10月份豬肉價格更上漲高達101.3%。據外電報道，中國購買激增填補非洲豬瘟帶來的需求缺口，推動美國豬肉出口量去年11月升至創紀錄水平。數據顯示，去年11月，美國豬肉出口總量超過25.9萬噸，創下了單月紀錄，其中中國採購量更達約7.9萬噸，超過7月創下的最高紀錄。,01/09
由于肺炎疫情非常时期冬训只能在家完成打卡训练看着有总老母亲的安慰感,01/09
黄明昊🧊#黄明昊十八岁生日快乐#🎂相关微博汇总<𝑻𝑯𝑬𝑨𝑫𝑼𝑳𝑻𝑾𝑶𝑹𝑳𝑫𝑾𝒆𝒍𝒄𝒐𝒎𝒆>关于你即将到来的十八岁【公益应援】全国疫情物资捐赠·五城驰援O网页链接无国界医生组织捐赠O网页链接WWF动物助养O网页链接免费午餐捐赠O网页链接守三江水，护万物源O网页链接春苗助学O网页链接【线上应援】《一直到黎明》公益歌曲翻唱O网页链接十八岁生贺视频O网页链接生日祝福视频O网页链接（感谢阮经天、侯明昊、周锐、胡浩帆的祝福）上海分会生日献礼O网页链接河南分会生日献礼O网页链接重庆分会生日献礼O网页链接浙江分会生日献礼O网页链接北京分会生日献礼O网页链接广东分会生日献礼O网页链接广西分会生日献礼O网页链接云南分会生日献礼O网页链接东北分会生日献礼O网页链接天津分会生日献礼O网页链接四川分会生日献礼O网页链接贵州分会生日献礼O网页链接湖南分会生日献礼O网页链接陕西分会生日献礼O网页链接福建分会生日献礼O网页链接——————————————❏2020生日应援企划公告O网页链接❏限定回忆·公益展O网页链接（已延期）❏笔尖下的温柔·手写信O网页链接（已结束）❏生日应援调整公告O网页链接#Justin黄明昊0219生日快乐#@jjjustin0219,01/09
就武汉不明原因的病毒性肺炎疫情病原学鉴定进展问题，专家组认为，本次不明原因的病毒性肺炎病例的病原体初步判定为新型冠状病毒。O网页链接,01/09
#人事任免##武汉发现不明原因肺炎#【天眼晚新闻丨贵州省“不忘初心、牢记使命”主题教育总结大会召开；魏国楠辞去贵州省人民政府副省长职务；武汉不明原因的病毒性肺炎疫情病原学鉴定取得初步进展；外交部回应中国公民在美被捕】O网页链接,01/09
#疫情后你最想去哪里旅行##日本旅行##带着微博去旅行#最想去的地方是日本，其中最令人心动的地方，便是奈良的小鹿和浪漫的小樽，还有北海道的粉雪飘扬。@微博旅游@新浪旅游#等到疫情结束的那一天##宅家看相片好多美好回忆##旅游博主宅家攻略##在家云旅行##想出去玩的第n天#,01/09
省儿保奥司他韦备货充足，看来现在流感疫情很严重,01/09
专家称系新型冠状病毒武汉不明原因的病毒性肺炎疫情病原学鉴定取得初步进展O网页链接,01/10
溯源燕窝满足哪些条件？❶亚硝酸盐含量低于标准(30毫升/KG)❷重金属(汞、镉等）0检出❸二氧化硫0检出❹非产自禽流感疫情产区闭着眼睛买也不会踩雷的燕窝,01/10
南方今冬天气偏暖了，有点担心明年会不会容易有虫害或者疫情,01/10
就武汉不明原因的病毒性肺炎疫情病原学鉴定进展问题，专家组认为，本次不明原因的病毒性肺炎病例的病原体初步判定为新型冠状病毒。O网页链接,01/10
他们才是最该追的星！这些科学家的故事，一定要讲给孩子听。今天国家科学技术奖励大会，黄旭华和曾庆存获得了国家最高科技奖，这个奖从1999年设立到现在共有33位科学家获得，有位专家一直让我印象深刻。侯云德，一位医学病毒学专家。如果非典再来一次，你害怕么？2003年那场疫情过去17年了，突发传染病这几个字对国人都陌生了，但平静的背后H5N1、H7N9、H1N1这些凶险的新发病毒十几年来一直没有停止过对人类攻击，我国因为有一张传染病综合防控体系的大网，挡住了病毒一轮轮攻击，才让病毒消弭无形。侯云德，就是那个参与织网的功臣老人。1958年冬天，一位英俊的中国小伙敲开了前苏联病毒学研究所的大门，他就是29岁的侯云德，是新中国首批被选派留苏的人才，由于表现优异1962年他被破例越过副博士学位，直接授予医学科学博士学位，这在那个研究所几十年的历史上前所未有。他回国后就投入到呼吸道病毒感染的研究中，70年代初他发现进口干扰素价格昂贵，非常稀缺，就开始用人脐血制备干扰素，但8000毫升人血才能制备1毫克干扰素，当时一支成本就要一百多，这样药怎么可能在一个十亿人口的国家推广？1982年，53岁的他终于首次克隆出具有我国自主知识产权、中国人抗病毒反应优势的干扰素基因，并成功研发国际上独创的新药干扰素，对乙肝、丙肝、毛细胞性白血病都有明显疗效，而且比国外同类产品副反应还小。随后10多年，他带领团队先后研制出8种基因药物，仅用了短短两年就夺回由国外产品占领的60%的市场份额，现在我国90%以上的干扰素药品都实现国产，而且每年为国家创造上亿的外汇。2009年甲流来袭，他带领团队加班加点研发疫苗，还让人找来国内十几家制药厂的老总，让他们以最快速度生产疫苗，传统疫苗研发投产少则半年，多则十年，他看几位老总很为难，这位80岁的老人直接拍桌子，这是做疫苗，我不要锦上添花！我要快！要救人！在他的坚持下，疫苗在疫情发生的87天后就被研制成功并投产，在这之前世界上没有一例疫苗是在流感还在大流行时就被研制出来，创造了世界纪录！这些年他主导建立覆盖我国所有省份的应对新发突发传染病的综合防控网络体系，通过这张网，我国能够在72小时内对5大征候群约300种病原进行确认，对未知病原进行检测和筛查。2013年，我国首先发现H7N9禽流感病毒感染人，病毒很快就被防控网络体系在长江三角洲发现，不到1个月病毒被控制。2014年，中东呼吸道综合症再次向全球扩散，一例被感染的韩国人进入我国惠州，被网络体系快速发现就地诊断隔离，没有传染一人。2015年，西非埃博拉病毒流行，在非洲的外国人里中国人最多，但我国没有一例埃博拉病毒的扩散。侯云德院士写过一首诗：双鬓添白发，我心情切切，愿将此一生，贡献四化业。一辈子专注做一件事，如果病毒是危害人类的地狱魔鬼，那他就是人间降魔捉鬼的钟馗，而他一直沉默伫立在世人目光看不到的地方，看守着病毒地狱的大门。病毒在那头，十四亿人在这头。#国家最高科学技术奖##33位历届国家最高科技奖获奖者##黄旭华和曾庆存获国家最高科技奖##国家最高科技奖#,01/10
专家称系新型冠状病毒武汉不明原因的病毒性肺炎疫情病原学鉴定取得初步进展O网页链接,01/10
武汉不明原因的病毒性肺炎疫情病原体初步判定为新型冠状病毒O网页链接,01/10
#速读泸州#【去年12月，泸州CPI同比上涨4.5%！猪肉价格大幅飙升】国家统计局泸州调查队发布数据：2019年12月，泸州CPI同比上涨4.5%，涨幅与全国（4.5%）持平，低于全省（5.4%），在全省21个市州城市CPI从高到低排位中，位列第十九位。受生猪疫情影响，生猪存栏减少，猪肉市场供应减少，导致猪肉价格持续大幅上涨，同比上涨75.0%。猪肉价格上涨导致其他肉类价格跟涨，成为拉动泸州食品价格上涨的主要因素。O网页链接,01/10
#卡替科普#预防流感戴口罩很重要，重视细节，拒绝病毒最近武汉爆发的病发性肺炎，让大家着实恐慌了一把。幸好，卫健委及当地相关政府处理得当，及时公布了疫情，这才让大家安定下来。O预防流感戴口罩很重要，重视细节，拒绝病毒,01/10
【微博账号安全随机检测】如您发现您的账号有我们检测信息请尽快修改密码！！！rngsq竟始终没有送到。我们出发往北方进的越来越近，福梅特罗天天开会，情况越来越紧急。一大堆困难亟待克服。如何捕捉那些可能变为传播病毒的动物和小虫？对扬布库爆发的疫情究竟应该如何调查？现场实验室应采用何种工作方法？,01/10
【微博账号安全随机检测】如您发现您的账号有我们检测信息请尽快修改密码！！！rngsq但他病人送往马里迪，那就意味着瘟疫传播到了那个城市。具有讽刺意味的是，假如瘟疫没有传播到马里迪，恩扎拉的疫情就永远不会让外界知道。当病毒从地球的一端袭击了某一土著人群时，只有当这种病毒影响了更多的人——导致有钱人或外人特别是美人的，才会引起注意。,01/10
2020年1月3日，国家流感中心的监测周报显示，我国内地南北方省份流感活动水平继续上升，已先后进入冬季流行季。部分地区处于较高流行水平，暴发疫情（指一定范围内出现10例或以上病例）仍然高发。,01/10
专家称系新型冠状病毒武汉不明原因的病毒性肺炎疫情病原学鉴定取得初步进展O网页链接,01/10
【流感年年有，今冬格外凶？约不上的疫苗，被低估的威胁】2020年1月3日，国家流感中心的监测周报显示，我国内地南北方省份已先后进入冬季流行季。部分地区处于较高流行水平，暴发疫情（指一定范围内出现10例或以上病例）仍然高发。不惟中国，北半球国家大多未能幸免于这场冬春季流感。美国可能正经历40年来最糟糕的流感季——根据美国疾病控制和预防中心（CDC）的周报，疫情已蔓延至全美45个州，已造成至少640万人感染，近三千人死亡。在英国，因流感住院的人数同比增加了9倍。2017年底的“跨年流感”，令儿科挤爆、“神药”脱销、疫苗遇冷，中国的公共卫生体系遭遇了多年不遇的严峻挑战。如今，流感病毒再次兵临城下。经历了连续两年的中等规模流行后，这个流感季，我们的防控应对更好了吗？O流感年年有，今冬格外凶？约不上的疫苗，被低估的威胁,01/10
莎普爱思sh603168药闻速递|武汉不明原因的病毒性肺炎疫情病原体初步判定为新型冠状病毒；澳大利亚阿尔茨海默疫苗将开始人体试验，点击链接查看更多->O网页链接,01/10
专家称系新型冠状病毒武汉不明原因的病毒性肺炎疫情病原学鉴定取得初步进展O专家称系新型冠状病毒武汉不明原因的病毒性肺炎疫情病原学鉴定取得初步进展,01/11
#日本冲绳再现猪瘟疫情#又是猪瘟，什么时候能出猪瘟疫苗,01/11
［双胞胎染流感1人死］淡马鲁一对1岁的双胞胎姐妹去年双双感染A型流感病毒，其中一人在上个月逝世。这对双胞胎姐妹去年双双感染A型流感病毒，其中一人在上个月不治身亡，另一人还在与病魔搏斗中。调查显示，两姐妹只去过两个地方，即托儿所和一家超市。经检验，托儿所内并没有人感染此病毒，因此当局怀疑两人是在超市被外籍员工传染。当局目前尚在追查感染源头。彭亨卫生局表示，当地的疫情目前仍在控制范围内，淡马鲁的死亡病例为单独个案。,01/11
据央视新闻：武汉不明原因的病毒性肺炎疫情受到各界广泛关注，为维护全球卫生安全，中国将与世界卫生组织分享武汉不明原因的病毒性肺炎病例中检测到的新型冠状病毒基因序列信息。,01/11
【中国将与世卫组织分享新型冠状病毒基因序列信息】记者11日从国家卫生健康委员会了解到，武汉不明原因的病毒性肺炎疫情受到各界广泛关注，为维护全球卫生安全，中国将与世界卫生组织分享武汉不明原因的病毒性肺炎病例中检测到的新型冠状病毒基因序列信息。（记者陈聪）,01/11
武汉春节想去武汉，想问一下当地的那个肺炎疫情怎么样，虽然官方通报说不要紧但还是有点担心😓,01/11
【时隔33年后，#日本冲绳再现猪瘟疫情#：已扑杀超3000头猪！】1月8日，日本冲绳县时隔33年再次发现猪瘟疫情后，10日冲绳县内又有一家养猪场被发现感染猪瘟疫情。据悉，10日发现的感染猪瘟疫情的地点，距离8日刚刚确认的疫情地只有1.5公里。日本冲绳县农林水产部工作人员表示，截至11日中午已在冲绳县内的4处养猪场发现了猪瘟疫情，对约3200头猪进行了扑杀处理。尽管如此，但冲绳县猪瘟疫情依旧呈现出迅速蔓延的态势。日本中央政府在对病猪实施检测后确定，此次流行的并非传染性极强、致死率极高的非洲猪瘟。但值得一提的是，日本农林水产大臣在10日的记者会上表示，实际上在2019年12月下旬冲绳县已经发现有生猪死亡，但未及时进行通报。尽管冲绳县知事表示，目前感染的猪肉并未在市场流通，万一有消费者食用了被感染的猪肉，也不会对人体造成影响，但日本民众还是难掩担忧。@央视财经L央视财经的酷燃视频,01/11
专家称系新型冠状病毒武汉不明原因的病毒性肺炎疫情病原学鉴定取得初步进展O专家称系新型冠状病毒武汉不明原因的病毒性肺炎疫情病原学鉴定取得初步进展,01/11
专家称系新型冠状病毒武汉不明原因的病毒性肺炎疫情病原学鉴定取得初步进展O专家称系新型冠状病毒武汉不明原因的病毒性肺炎疫情病原学鉴定取得初步进展,01/11
就武汉不明原因的病毒性肺炎疫情病原学鉴定进展问题，专家组认为，本次不明原因的病毒性肺炎病例的病原体初步判定为新型冠状病毒。O网页链接,01/11
【时隔33年后，#日本冲绳再现猪瘟疫情#：已扑杀超3000头猪！】1月8日，日本冲绳县时隔33年再次发现猪瘟疫情后，10日冲绳县内又有一家养猪场被发现感染猪瘟疫情。据悉，10日发现的感染猪瘟疫情的地点，距离8日刚刚确认的疫情地只有1.5公里。日本冲绳县农林水产部工作人员表示，截至11日中午已在冲绳县内的4处养猪场发现了猪瘟疫情，对约3200头猪进行了扑杀处理。尽管如此，但冲绳县猪瘟疫情依旧呈现出迅速蔓延的态势。日本中央政府在对病猪实施检测后确定，此次流行的并非传染性极强、致死率极高的非洲猪瘟。但值得一提的是，日本农林水产大臣在10日的记者会上表示，实际上在2019年12月下旬冲绳县已经发现有生猪死亡，但未及时进行通报。尽管冲绳县知事表示，目前感染的猪肉并未在市场流通，万一有消费者食用了被感染的猪肉，也不会对人体造成影响，但日本民众还是难掩担忧。L央视财经的酷燃视频,01/11
【时隔33年后，#日本冲绳再现猪瘟疫情#：已扑杀超3000头猪！】1月8日，日本冲绳县时隔33年再次发现猪瘟疫情后，10日冲绳县内又有一家养猪场被发现感染猪瘟疫情。据悉，10日发现的感染猪瘟疫情的地点，距离8日刚刚确认的疫情地只有1.5公里。日本冲绳县农林水产部工作人员表示，截至11日中午已在冲绳县内的4处养猪场发现了猪瘟疫情，对约3200头猪进行了扑杀处理。尽管如此，但冲绳县猪瘟疫情依旧呈现出迅速蔓延的态势。日本中央政府在对病猪实施检测后确定，此次流行的并非传染性极强、致死率极高的非洲猪瘟。但值得一提的是，日本农林水产大臣在10日的记者会上表示，实际上在2019年12月下旬冲绳县已经发现有生猪死亡，但未及时进行通报。尽管冲绳县知事表示，目前感染的猪肉并未在市场流通，万一有消费者食用了被感染的猪肉，也不会对人体造成影响，但日本民众还是难掩担忧。L央视财经的酷燃视频,01/11
#武汉身边事#【#武汉不明原因肺炎导致1人死亡#官方：春运期间将防范疫情扩散】1月11日，武汉卫健委发布通报：初步诊断有新型冠状病毒感染的肺炎病例41例，其中已出院2例，重症7例，死亡1例，其余患者病情稳定。官方：春运期间将防范武汉不明原因肺炎疫情扩散。专家解读武汉不明原因肺炎，称武汉不明原因的病毒性肺炎可防可控。L燃新闻的秒拍视频,01/11
【时隔33年后，#日本冲绳再现猪瘟疫情#：已扑杀超3000头猪！】1月8日，日本冲绳县时隔33年再次发现猪瘟疫情后，10日冲绳县内又有一家养猪场被发现感染猪瘟疫情。据悉，10日发现的感染猪瘟疫情的地点，距离8日刚刚确认的疫情地只有1.5公里。日本冲绳县农林水产部工作人员表示，截至11日中午已在冲绳县内的4处养猪场发现了猪瘟疫情，对约3200头猪进行了扑杀处理。尽管如此，但冲绳县猪瘟疫情依旧呈现出迅速蔓延的态势。日本中央政府在对病猪实施检测后确定，此次流行的并非传染性极强、致死率极高的非洲猪瘟。但值得一提的是，日本农林水产大臣在10日的记者会上表示，实际上在2019年12月下旬冲绳县已经发现有生猪死亡，但未及时进行通报。尽管冲绳县知事表示，目前感染的猪肉并未在市场流通，万一有消费者食用了被感染的猪肉，也不会对人体造成影响，但日本民众还是难掩担忧。L央视财经的酷燃视频,01/11
专家称系新型冠状病毒武汉不明原因的病毒性肺炎疫情病原学鉴定取得初步进展O专家称系新型冠状病毒武汉不明原因的病毒性肺炎疫情病原学鉴定取得初步进展,01/11
#武汉不明原因肺炎导致1人死亡#【[话筒]动画科普冠状病毒，做好日常防护措施不必惊慌[并不简单]】武汉病毒性肺炎疫情引发社会广泛关注，经过专家组病原检测，病原体初步判定为新型冠状病毒。而在2002年的非典SARS，2012年的中东呼吸综合征，也是由冠状病毒感染引发。冠状病毒是一类主要引起呼吸道、肠道疾病的病原体，整个病毒颗粒就像一顶帝王的皇冠，因此得名“冠状病毒”。那么，冠状病毒是什么？有什么特点？新型病毒传人吗？在流感高发季，我们应该如何预防被感染？#专家解读武汉不明原因肺炎#LN视频的微博视频,01/12
专家称系新型冠状病毒武汉不明原因的病毒性肺炎疫情病原学鉴定取得初步进展O专家称系新型冠状病毒武汉不明原因的病毒性肺炎疫情病原学鉴定取得初步进展,01/12
#武汉市卫健委通报肺炎疫情情况#武汉卫健委：仍有717名新型冠状病毒密切接触者接受医学观察O武汉卫健委：仍有717名新型冠状病毒密切接触者接受医学观察,01/12
袁昊公益曾记否，洪水像猛兽一样扑来时，是一颗颗舍生忘死的爱心救出了危楼与树梢上凄声呼救的老人与孩童;烈火咬噬着高楼大厦时，是一颗颗奋不顾身的爱心英勇地扑进火海，保住了千百家的财产与人身安全;在非典疫情弥漫电视萤屏时，是一颗颗纯洁无瑕的爱心冲向了没有硝烟的战场，救出了一个又一个垂危的生命……,01/12
2020年第一个愿望：今年要去看海🌊2020年第二个愿望：疫情过后要回一趟兰州吃大胡子面片喝甜胚子奶茶🥤2020年第三个愿望：生日的时候去纹身还要送自己一支百利金奶咖,01/12
#健康发布#【中国将与世界卫生组织分享新型冠状病毒基因序列信息】武汉不明原因的病毒性肺炎疫情受到各界广泛关注，为维护全球卫生安全，中国将与世界卫生组织分享武汉不明原因的病毒性肺炎病例中检测到的新型冠状病毒基因序列信息。,01/12
昨夜做了一个恐怖的梦可能是因为前几天看了武汉不明原因肺炎的新闻梦里这种新型肺炎病大面积爆发，大有当年SARS传播的恐怖感。梦境里我一直被恐惧感染的感觉包围着。我和一位朋友被困在一所学校，从空中俯瞰，操场上陈列着一具具被感染者，数量庞大。那景象真是太恐怖了。为防止疫情扩散，学校被封锁了，我们出不去。那所学校只有一个正门，背面靠山，于是我们躲进了山里，开始了逃亡之旅。就在我们走投无路之时，竟然遇到了一位我的高中同学，他带我们走了一条不易察觉的小路，转过几个弯，就是另外一番境界，有一种柳暗花明又一村的感觉。我们抵达了一个村子，那里居住的人就像陶渊明笔下在桃花源避世的人。梦境到这里戛然而止了。因为我被小宝子的哼唧声拉回了现实。话说，我每次做噩梦都不知道老公跑哪里去了梦里只有我自己在那里害怕,01/12
#武汉市卫健委通报肺炎疫情情况#鲁抗医药sh600789武汉市卫生健康委员会1月12日消息，2020年1月11日0—24时，武汉市无新增新型冠状病毒感染的肺炎病例，治愈出院4例，无新增死亡病例报告。截至目前，武汉市累计报告新型冠状病毒感染的肺炎病例41例，已治愈出院6例，在治重症7例，死亡1例，其余患者病情稳定，患者均在武汉市定点医疗机构接受隔离治疗。累计追踪密切接触者763人，已解除医学观察46人，尚在接受医学观察717人，密切接触者中，没有发现相关病例。,01/12
澳洲大火尸体那么多，如果后面下雨的话，不及时做防疫和尸体处理，分分钟疫情蔓延。。。,01/12
【#深圳出现一例重症肺炎病例#卫健委：与武汉近期肺炎无关联】11日上午，深圳市蛇口人民医院收治了一名女性患者，41岁，印度籍，系深圳某国际学校老师。患者此前咳嗽1周，发热2天，入院后出现严重呼吸衰竭。11日下午16时，患者被转入南山区人民医院重症医学科(ICU)救治。12日，深圳卫健委微博转发“关于南山区人民医院收治一例重症肺炎病例的情况说明”，指出该病例与武汉近期报告的不明原因肺炎疫情没有关联。O深圳出现一例重症肺炎病例深圳卫健委：与武汉近期肺炎无关联,01/12
武汉新型冠状病毒基因序列正式公布和SARS病毒相似度较高电子显微镜武汉不明原因的病毒性肺炎疫情病原学鉴定传来重要进展。据央视网报道，截至1月7日21时，实验室检出一种新型冠状病毒，获得该病毒的全基因组序列，经核酸检测方法共检出新型冠状病毒阳性结果15例，从1例阳性病人样本中分离出该病毒，电镜下呈现典型的冠状病毒形态。病原检测结果初步评估专家组认为，本次不明原因的病毒性肺炎病例的病原体初步判定为新型冠状病毒。对该病毒的深入了解需要进一步科学研究。,01/12
深圳卫健委：南山区人民医院收治一例重症肺炎病例与武汉肺炎疫情没有关联。大家千万不要YY[摊手],01/12
就武汉不明原因的病毒性肺炎疫情病原学鉴定进展问题，专家组认为，本次不明原因的病毒性肺炎病例的病原体初步判定为新型冠状病毒。O网页链接,01/12
专家解读不明原因的病毒性肺炎最新通报问：本次疫情病例是怎样诊断的？答：根据患者临床表现、流行病学史和病原学检测结果综合研判。问：本次疫情病例临床表现上有什么特点？答：临床表现为发热、乏力等全身症状，伴有干咳，住院患者呼吸困难较为常见。绝大多数患者入院时生命体征大致平稳。问：目前出现一例死亡病例，具体是什么情况？答：患者为男性，61岁，因呼吸衰竭、重症肺炎入院，同时患有腹部肿瘤及慢性肝病。该患者常年在武汉市华南海鲜市场采购货物。入院后给予对症支持、抗感染、呼吸机辅助呼吸、持续ECMO体外生命支持等治疗后，症状无好转，于2020年1月9日晚心跳停止，经抢救无效死亡。病原学检测结果提示新型冠状病毒核酸阳性。死亡诊断为重症肺炎，急性呼吸窘迫综合征（重度），脓毒性休克，多器官功能衰竭，严重酸碱代谢紊乱，肝硬化。直接死亡原因为呼吸循环衰竭。问：通报中说“自2020年1月3日以来未发现新发病例”，这意味着什么？答：根据国家、省市专家的流行病学调查，这次武汉不明原因的病毒性肺炎病例发病全部在2019年12月8日到2020年1月2日之间。自2020年1月3日以后，临床和流行病学调查显示，没有发现新感染发病的病人。问：如何理解“未发现明确的人传人证据”？答：根据国家、省市专家的流行病学调查显示，这次武汉不明原因的病毒性肺炎病例大部分都有华南海鲜市场暴露史，目前没有发现明确的人传人证据。我们还在进一步开展流行病学调查和相关的实验室检验检测。另外，截止目前所有密切接触者包括医务人员都未发现相关病例。（武汉市卫生健康委员会）,01/12
#工作动态#【回望2019|高墙内的那抹白色，为你讲述这一年的加减乘除】医院在所党委的正确领导下，按照“切实提高罪犯生活保障水平，切实提高罪犯医疗救治水平；最大限度地降低罪犯狱内发病人数，最大限度地降低罪犯狱内因病死亡人数；无重大疫情，无重大食品安全事件发生”的总体目标，充分发挥自身职能作用，进一步提高监狱医疗保障水平，为监管改造秩序的安全稳定保驾护航。@贵州监狱@贵州司法@中国长安网@贵州长安网@黔南同城@龙洋网@四川监狱@天津普法@贵州省都匀监狱@贵州省安顺监狱@贵州省福泉监狱@贵州省司法警察医院@贵州省兴义监狱@贵州省宁谷监狱@贵州省凯里监狱@贵州省轿子山监狱@贵州省太平监狱@贵州省王武监狱@贵州省第二女子监狱@贵州省平坝监狱@贵州省白云监狱@贵州省桐州监狱@贵州省广顺监狱@贵州省海安监狱@贵州遵义监狱@贵州省北斗山监狱@贵州省兴义监狱O【回望2019|高墙内的那抹白色，为你讲述这一年的加减乘除】,01/12
罗渽民🍯#罗渽民怦然心动#𝑻𝑯𝑬𝑫𝑹𝑬𝑨𝑴𝑺𝑯𝑶𝑾𝒊𝒏𝑴𝑨𝑪𝑨𝑼个人应援𝐎𝐍𝐋𝐘𝐅𝐎𝐑𝐉𝐀𝐄𝐌𝐈𝐍因为澳门场确定延期了，所以如果澳门场之后还有机会开的话应该还是会在澳门发放，如果澳门没有了就等有机会再发啦。抽奖还是会抽的，2月8号晚上抽，等疫情稳定后再寄出🙇🏻‍♀️领取条件：🎫➕渽民个人周边购买证明或民吧≥81.3🍊记录或2019年在民吧购买过两张专辑以上领取地点及时间：演出当天会发微博告知转发里抽两位民饭在澳门结束后付邮送手幅photoby@NineNights0813🙇🏻‍♀️O抽奖详情,01/13
#加拿大新鲜事#多伦多圣米高医院的传染病学医生Dr.KamranKhan指出，由于SARS和武汉肺炎疫情都起源于露天市场，市场既出售活体动物也出售死动物，病毒的来源相类这一点不容忽视。他也指出，“在当今世界，疾病的蔓延速度令人难以置信，而我们实际上甚至还不知道这是什么。”，新闻：O网页链接,01/13
#疫情下和父母在一起的小时光#晚上觉得饿，也有点嘴馋的因素，突然想吃火鸡面，我就顺口一提想吃火鸡面，然后我妈还真就起身去了厨房准备给我弄，难道是因为我刚回家所以对我这么好？？这还是我妈嘛之后爸爸闻着香味过来了，他因为是第一次吃这个，不太了解，放了好多酱，我还说着让他少放点也不听，结果后来辣到不能自已哈哈哈哈对了今天小姨还带着俩娃过来玩了，小孩子真的是太磨人了，带了一会儿都快把我整废。。。回家第一天，还是不错滴明天出去玩咯，因为我已经发现手机不好玩了。,01/13
【永安期货----南方存栏有效恢复恐将至少是明年三季度】中长期看，产能的恢复对于猪价将产生抑制。但生猪养殖周期相对较长，存栏的恢复需要时间，以复养最早的东北调研数据为例，3-4月第一批留种母猪四季度已经开始产仔（与官方生猪存栏数据变化时间节点吻合），该批仔猪育肥出栏需要到明年一季度后。此外还需考虑南北方差异问题，本轮疫情南方去产能幅度高于北方，机构预估两湖区域产能去化60-70%，江西高达80%，且复养缓慢，按照8月以后开始陆续商转母计算，南方存栏有效恢复恐将至少是明年三季度。因此从存栏变化看猪价，明年上半年价格仍有望维持高位，但产能的恢复或使得猪价创新高难度加大，猪价周期性高点大概率已现。,01/13
发出这条视频1天之后，全国的疫情就全面爆发了，再晚一天，可能就没有这样轻松的心情去记录，还好只是流感LKevinJ吉的微博视频#全国确诊新型肺炎病例#,01/13
狗狗粮。💯.有💯券💯不必到处找了，这里最齐全→→O网页链接........................春种一粒粟，秋收万颗子。自己通过十年寒窗，跳出了农门，可家中的兄长和父母却还在田地里劳作，也不知家里今年是否也是丰收之年，也不知家人的身体是否安康无恙……天高云淡，万里无云，一旁的张韫看着高明远目不转睛地看着两旁的乡野风光，也没有和高明远说话。张韫早知道高明远的农家子弟，眼前一幕幕熟悉的景色，恐怕早已撩拨起高明远泛滥的情思。只是这个时候不是谈论风月的时候，如果不是因为不远的村子里有疫情，张韫可能会邀请高明远走下马车，到田野里去走一走，呼吸充满乡土气息的空气，感受悠然见南山的怡然自得……,01/13
疫情中我的所见所闻:从我回来开始的那天全国各地就开始陆陆续续暴露出新型冠状病毒所引发的肺炎病例。刚开始的时候，并没有引起我们多大的关注，但随着时间的推移，新型冠状病毒所引发的肺炎疫情越来越严重。网络上，许多话语都在为武汉加油。但不乏有责怪武汉人民因为吃野生动物而引发的疫情的言论。我身边的人都因为此次疫情而不出门。积极响应国家的号召。为此次疫情尽一份绵薄之力。无论走到哪里，每个人都戴着口罩。尤其是在电视上看着，往日武汉繁华的场景变成现在的荒芜一人并且随着时间的推移，患病的人越来越多。虽然钟南山教授说新型冠状病毒所引发的肺炎没有当年的非典严重。但是，增长的患病人员却越来越多，此次的疫情会比2003年的非典更为严重。引起恐慌。全国各地的医务人员纷纷赶往武汉为武汉助力。很多人都在为武汉捐赠口罩以及以及防护服。但却有某些医院赚国难钱，口罩的价格是平常十几倍。制造口罩的工厂主人也纷纷召集员工回来紧急加工保证全国人民的口罩需求。希望此次疫情赶快结束。中国加油，武汉加油＾０＾~。,01/13
医药生物：补涨逻辑推动行业整体表现关注4股　　行业方面，肺炎疫情持续发酵，相关领域上市公司有望持续获得市场关注。业绩层面，上市公司的业绩预告显示CRO行业高增长的态势比较确定。建议继续围绕创新药及相关产业链、生物制品、医疗服务和医药消费等行业布局，重点关注恒瑞医药、鲁抗医药、爱尔眼科和长春高新等,01/13
看来有一些东西还是要说清楚点搞声1最爱🐑和🐕不端水dw不要来找我cp：xfgzwqyphsp不可拆ycfshxchszzf随缘磕磕‼️‼️‼️雷区：❌y晰y❌cjyy❌昱j小羊xe脾气很好但请不要踩我的雷声2看过一遍不怎么搞随缘磕yyjq—————————分割线————————湖外小墙头内娱：创8/王老师/希林韩娱：妈木/墨团粉izone小羽毛❗️不搞男团雷区：bjyx/xz打游戏：jx3玩家目前a了高考完换台新电脑回来音游玩家手游只玩音游以下是看剧记录古早观看：剧院魅影猫妈妈咪呀中文版（都不记得是啥时候看的因为那时候还很小）𝟏𝟕𝟎𝟏𝟏𝟑莫扎特见到乌豆啦！𝟏𝟗𝟎𝟐𝟐𝟒摇滚学校𝟏𝟗𝟎𝟓𝟏𝟏叶甫盖尼·奥涅金（话剧）𝟏𝟗𝟎𝟔𝟐𝟗长腿叔叔（见到小高啦）𝟏𝟗𝟎𝟕𝟐𝟕巴黎圣母院𝟏𝟗𝟎𝟖𝟏𝟒你眼里的蓝巡演（小高小黄都见到了太甜了）𝟏𝟗𝟏𝟎𝟎𝟑摇滚红与黑𝟐𝟎𝟎𝟏𝟎𝟒𝐅𝐥𝐚𝐦𝐞𝐬𝐠𝟕生日快落𝟐𝟎𝟎𝟏𝟏𝐃𝐫𝐞𝐚𝐦𝐠𝐢𝐫𝐥𝐬疫情后第一场𝟐𝟎𝟎𝟓𝟐𝟗魔女宅急便O网页链接已有票的还有几部待编辑,01/13
03年SARS在2月份出现疫情，压到4月份由时任卫生部长张文康公开“辟谣”说非典已得到有效控制，后在国际压力下政府才被迫公开了SARS真实防治工作的情况，张文康和北京市副市长孟学农被免职。@健康中国@健康武汉官微,01/13
【#武汉卫健委再通报肺炎情况#：治愈1例无新增病例】1月13日，湖北武汉卫健委通报称，治愈出院1例新型冠状病毒感染的肺炎病例。1月12日0—24时，无新增病例，无新增死亡病例报告。截至目前，武汉市累计报告新型冠状病毒感染的肺炎病例41例，已治愈出院7例，在治重症6例，死亡1例，其余患者病情稳定。#武汉肺炎事件#（新京报我们视频）L新京报我们视频的秒拍视频,01/13
匈牙利全国食物安全局（NEBIH）周一（13日）说，匈牙利西北部一间火鸡农场出现H5N8禽流感病毒菌株。当局说，为了不让病毒扩散开来，他们必须宰杀该农场的超过5万只火鸡，并采取其他的预防措施。不过，这个农场将会获得政府的赔偿金。当局说，这个病毒同匈牙利2016年爆发的H5N8型禽流感疫情非常相似。另外，位于匈牙利北部的国家斯洛伐克（Slovakia）一个散养家禽上周五也出现相同的菌株。不过，当局说，匈牙利的家禽产品仍可安全食用。当局说，匈牙利也会实施严格的运输措施，以防病毒扩散，并表示，H5N8目前还未传到人类。,01/13
【2019年12月份甘肃省法定传染病疫情公布】2019年12月，全省无甲类传染病报告，乙、丙类传染病报告21种13512例，死亡11例。其中乙类传染病13种4988例，死亡11例；丙类传染病8种8524例，无死亡病例。全省报告发病数居前五位的乙类传染病是病毒性肝炎、肺结核、梅毒、猩红热、布病，占乙类传染病发病总数的91.28%；报告发病数居前五位的丙类传染病是其它感染性腹泻病、流行性感冒、流行性腮腺炎、手足口病、风疹，占丙类传染病发病总数的99.10%。,01/13
【湖南省2019年12月法定报告传染病疫情总体信息】甲类传染病无病例报告。乙类传染病报告19031例，病例数居前5位的为乙型病毒性肝炎、肺结核、梅毒、丙型病毒性肝炎、猩红热，合计占比94%。无传染性非典型肺炎、脊髓灰质炎、人感染高致病性禽流感、炭疽、白喉、新生儿破伤风和人感染H7N9禽流感病例报告。丙类传染病报告169527例，病例数居前3位的为流行性感冒、手足口病、其它感染性腹泻病，合计占比99%。,01/13
【2019年12月江西省法定报告传染病疫情】2019年12月1日至12月31日，全省共报告法定传染病19679例，死亡56人，其中艾滋病死亡47人，肺结核死亡7人，狂犬病死亡2人。其中，甲类传染病鼠疫、霍乱无发病、死亡报告。乙类传染病中传染性非典型肺炎、脊髓灰质炎、人感染高致病性禽流感、炭疽、流行性脑脊髓膜炎、白喉、新生儿破伤风、钩端螺旋体病、人感染H7N9禽流感无发病、死亡报告，其余17种传染病共报告发病8965例，死亡56人。报告发病数居前5位的病种依次为病毒性肝炎、肺结核、梅毒、淋病、艾滋病，占乙类传染病报告病例总数的97%。同期，丙类传染病中斑疹伤寒、黑热病、包虫病、丝虫病无发病、死亡报告，其余7种传染病共报告发病10714例，无死亡报告。报告发病数居前3位的病种依次为流行性感冒、其它感染性腹泻病、手足口病，占丙类传染病报告病例总数的94%。,01/13
【提升生猪自给率广东提出五年内建设30个10万头养殖场】非洲猪瘟疫情将推动一部分防范能力不足的养殖户退出市场，生猪行业集中度料将提升O提升生猪自给率广东提出五年内建设30个10万头养殖场（来自财新客户端）,01/14
【世衞組織：目前沒有明確證據指武漢新型冠狀病毒人傳人】世界衞生組織香港時間14日晚在社交媒體上表示，初步調查指沒有足夠明顯的證據顯示武漢新型冠狀病毒能夠人傳人。此前，世衞組織發表聲明，呼籲各個國家持續對武漢新型冠狀病毒開展積極監測和防範，並且重申應繼續開展調查確定此次疫情源頭以及任何動物宿主或中間宿主。值得注意的是，在世衞組織於社交媒體的這一表態之前，路透社有報道引用世衞組織的言論，稱武漢新型冠狀病毒「有限度」人傳人。,01/14
【新突破！这家上市公司完成新型冠状病毒检测试剂盒，今日盘中股价直线拉升】武汉肺炎疫情病原体新型冠状病毒防治研发有了新突破！1月14日晚间，硕世生物发布公告称，公司于2020年1月13日完成新型冠状病毒核酸检测试剂盒以及冠状病毒通用型核酸检测试剂盒，可用于新型冠状病毒以及其他冠状病毒的检测。O新突破！这家上市公司完成新型冠状病毒检测试剂盒，今日盘中股价直线拉升,01/14
一年多没见啦好想你们等疫情结束之后最想见生我养我的妈妈爸爸照顾好自己等春暖花开时，我们在相见！,01/14
【硕世生物：开发的新型冠状病毒核酸检测试剂盒无须取得产品注册证】硕世生物公告，针对武汉新型冠状病毒引发的疫情，公司基于荧光PCR的技术于2020年1月13日开发了新型冠状病毒核酸检测试剂盒以及冠状病毒通用型核酸检测试剂盒，上述产品仅用于对新型冠状病毒以及其他冠状病毒的检测，不用于治疗。上述产品仅为科研类产品，无须取得产品注册证。,01/14
我在看【世卫组织：中国快速识别新病毒面对疫情反应迅速】#跟新浪看热点#O世卫组织：中国快速识别新病毒面对疫情反应迅速,01/14
硕世生物sh688399[公司]硕世生物：开发新型冠状病毒疫情核酸检测试剂盒，点击链接查看更多->O网页链接,01/14
#武汉肺炎疫情#【武汉市卫生健康委员会关于新型冠状病毒感染的肺炎情况通报】2020年1月13日0—24时，我市无新增新型冠状病毒感染的肺炎病例，无治愈出院病例，无新增死亡病例报告。截至目前，我市累计报告新型冠状病毒感染的肺炎病例41例，已治愈出院7例，在治重症6例，死亡1例，其余患者病情稳定，患者均在武汉市定点医疗机构接受隔离治疗。累计追踪密切接触者763人，已解除医学观察187人，尚在接受医学观察576人，密切接触者中，没有发现相关病例。另，泰国通报诊断1例来自武汉市的新型冠状病毒感染的肺炎病例。目前该病例正在泰国隔离住院治疗，其回国的密切接触者正在开展追踪和医学观察中。,01/14
【牧原股份：2019年净利预增1053%-1130%】牧原股份(002714)1月14日晚间披露2019年度业绩预报，公司预计2019年实现净利润60亿-64亿元，同比增长1053.38%–1130.28%。报告期内，受到非洲猪瘟疫情的持续影响，生猪市场供应形势紧张，整体价格相比上年同期明显上涨，是导致业绩明显上升的主要原因。,01/14
#上证快讯#【硕世生物：针对武汉肺炎疫情研发出新型冠状病毒检测试剂盒】硕世生物公告，针对武汉新型冠状病毒引发的疫情，公司基于荧光PCR的技术于2020年1月13开发了新型冠状病毒核酸检测试剂盒以及冠状病毒通用型核酸检测试剂盒，上述产品仅用于对新型冠状病毒以及其他冠状病毒的检测，不用于治疗。上述产品仅为科研类产品，无须取得产品注册证。O硕世生物：针对武汉肺炎疫情研发出新型冠状病毒检测试剂盒,01/14
通过抚摸动物来启动内心强大的爱.你会创造一个和谐美好充满爱的能量.没有任何自我和傲慢.宇宙意识的爱可以创造最高的幸福感.因为他是纯粹的爱的能量.用爱擦拭心灵恢复纯洁.人人是爱的化身.爱是阳光.人人心里常唱#我是.光.我是.爱#家庭变好慈场.思想语言行为只表达爱.蝴蝶效应.更多宇宙全一体爱的频率.减少负面情绪.痛苦烦恼不和谐.减少疾病.天灾.人人恢复#我是神.我是佛#满街圣人.地球扬升到没有一丝痛苦维度#天心無我#常祈祷冥想.心轮散发无限圣爱金光充满身体.爱向小区扩散.圣爱充满地球.疫情消退L爱万物全一体天心無我的微博视频,01/14
新的一年真的要来了今天出门走走逛逛买了点水果因为上火实在太严重啦（今天的蓝莓只要5.9哦）北方的冬天真的是超级冷呀但好像即便一路拿着手机手会冻红但还是会回复朋友们的消息因为他们真的很重要呀看到路边的红灯笼高高地挂在路灯下屋房旁才意识到春节要来了今年又是被自愿长大的一年.每年心中都会有很多遗憾很多不甘心但总会把一切的不开心寄托于新的一年仿佛这些都会在家家户户的欢声笑语五彩斑斓的烟花炮竹还有一家人的团聚中泯灭可是只有自己知道这些都是转瞬即逝而留下的还是日复一日的循环往复的往常大概还是会因为前一年的事情沮丧无奈可能还会对自己的未来担忧恐惧但是开心的是那一秒那一晚那一天我什么都不用想只需要知道一家人在一起最重要.2020是个重要的一年我会尽力过好还有还有喜欢今天买的水果再见2月14日这是年后下雪的一天其实早就发现天气预报的❄️没想到竟然是真的雪下得很大白白的铺了一地正是疫情的关键期也没有路人的踩踏照往常大家伙的👣早就吧雪景破坏掉啦好像下好大好大这样就可以醒来去堆雪人☃️2月20日今天是2020考研出分数的日子看了学姐学长们的分数真的好焦虑啊分数那么高排名竟然几十名开外了和我当时给自己树立的目标差太多了真的要努力呀宝贝🤕,01/14
科创板刚上市不久的硕世生物：开发的新型冠状病毒核酸检测试剂盒无须取得产品注册证，硕世生物公告，针对武汉新型冠状病毒引发的疫情，公司基于荧光PCR的技术于2020年1月13日开发了新型冠状病毒核酸检测试剂盒以及冠状病毒通用型核酸检测试剂盒，上述产品仅用于对新型冠状病毒以及其他冠状病毒的检测，不用于治疗。上述产品仅为科研类产品，无须取得产品注册证。（财联社）点评:这个医疗检验试剂股，市场前景非常好。,01/14
【硕世生物：开发的新型冠状病毒核酸检测试剂盒无须取得产品注册证】1月14日讯，硕世生物公告，针对武汉新型冠状病毒引发的疫情，公司基于荧光PCR的技术于2020年1月13日开发了新型冠状病毒核酸检测试剂盒以及冠状病毒通用型核酸检测试剂盒，上述产品仅用于对新型冠状病毒以及其他冠状病毒的检测，不用于治疗。上述产品仅为科研类产品，无须取得产品注册证。,01/14
【台湾流感疫情迈高峰重症数118人再创单周新高】1月14日据台湾《中时电子报》报道，流感疫情进入高峰，台湾“疾管署”疫情汇报今天公布上周类流感门急诊人次，上周就诊人次攀升到124000多人，且并发重症病例新增118人，其中8人死亡，重症和死亡人数双双创下单周新高，其中最年轻的为38岁男性。“疾管署”表示，死亡案例都没有接种流感疫苗。监测数据显示，岛内上周急诊类流感就诊达124118人次，较前一周上升7.6%。急诊类流感就诊病例百分比为13.5%，与前一周相当；小区流行病毒则以A型H1N1为主，约占80%。另外，上周共新增118例流感并发重症病例，本季(2019年10月起迄2020年1月13日)流感并发重症病例累计617例，其中上周造成8人死亡，以感染A型H1N1(113例)为多。防疫医师林咏青表示，重症死亡8例中，为6男2女，年龄最小是38岁，最大91岁，其中7例有慢性疾病或是潜在疾病也没有接种疫苗，都是并发肺炎过世，发病到死亡平均7天。林咏青表示，其中年纪最轻的38岁男性本身有糖尿病病史，血糖控制不佳，有流感症状几天后出现呼吸困难，到医院急诊室就医，一度发生心跳停止状况，急救后虽恢复生命征象，但已经有肺炎、心脏心肌炎，住院治疗都没有改善，7天后过世。老年人和慢性疾病患者感染流感后死亡风险很高，包含心肺功能不佳，有慢性病如高血压、糖尿病状况多。林咏青提醒，民众出现流感症状要密切注意是否有出现呼吸困难、呼吸急促、血痰、痰液变浓、低血压、胸痛等，都要尽速到大医院治疗。“疾管署副署长”庄人祥也表示，流感疫情在上周已经提早进入高峰，近日虽急诊人数已经趋缓，但天气又变冷，高峰期下降不会太快。来源于中国新闻网,01/14
这时候才通知不能回武汉。还有一个礼拜就春节，不就是疫情么？还说要适应变化，春节买票多难，知道么？,01/15
新型冠状病毒感染的肺炎疫情知识问答O网页链接,01/15
最近没啥事最好不要去武汉。昨天，武汉卫健委发布公告：“肺炎疫情不排除有限人传人可能”。,01/15
#健康中国2030##春节健康攻略##春节前3万吨中央储备冻猪肉将投放#啥是储备肉？储备肉是指国家用于应对重大自然灾害、公共卫生事件、动物疫情或者其他突发事件引发市场异常波动和市场调控而储备的肉类产品。储备肉包括两部分：一是储备的活畜（含活猪、活牛、活羊），二是储备的冻肉（含冻猪肉、冻牛肉、冻羊肉）。在营养价值方面，储备肉的营养跟新鲜肉没有太大差异，完全可以放心吃。毕竟是用于国家战略储备做的，如果真的有问题，也就没有储备的必要了。对此，有不少网友提出疑问：冻猪肉是冻了多久的肉？口感有问题吗？事实上，无论是储备肉还是储备粮，都实行轮储制度。也就是说，每隔几个月就会把储备农产品投放到市场上去卖，同时购入新农产品进行储备，以此确保储备品的新鲜。据了解，冻猪肉原则上每年储备3轮，每轮储存4个月左右。冻牛、羊肉原则上不轮换，每轮储存8个月左右。活畜原则上每年储备3轮，每轮储存4个月左右。也就是说，国家储备肉随时都在进行轮换，你吃到的肉最长时间也只冻了4个月左右。哪能买到储备肉？储备肉投入市场之后，在一些超市和市场都可以买到。如果在购买时，你发现有一些肉比较便宜，那有可能就是储备肉了。实际上，除了国家储备肉，地方也有储备肉。比如，9月14日起，浙江省一批政府储备的平价猪肉开始在杭州多家超市投放，价格比菜场的猪肉价至少便宜了3成；从9月12日起，济南分两批在全市44个商业网点投放1500吨储备冻猪肉。,01/15
15日上午，武汉市卫生健康委员会发布通报，就新型冠状病毒感染的肺炎疫情回答相关疑问。通报称：截至目前，确定新型冠状病毒感染的肺炎病例41例。专家组综合患者临床表现、流行病学史和实验室检测等结果，确定新型冠状病毒感染的肺炎病例41例。其中以男性为主，中老年发病人数较多。病例早期以发热和咳嗽症状为主，早期可表现为持续性轻症，年龄较大或有基础性疾病患者，易进展为重症。多数确诊病例与华南海鲜批发市场暴露相关,01/15
"【省人大代表、江苏大学校长颜晓红：发展现代智能农机装备推动江苏农业现代化建设】当前，江苏粮食生产全程机械化水平已经达到79%,设施农业机械化水平已经超过50%，均居全国前列。但是，农业生产中“无好机用”“有机难用”等问题依然突出，高端农机产品、农机技术和农机人才有效供给不足等仍然是制约全省农业现代化水平的关键因素。为此，省人大代表、江苏大学校长颜晓红提出大力发展现代智能农机装备，推动江苏农业现代化走在全国前列的建议。一是加强智能农机装备卡脖子技术协同攻关。建议设立高端和智能农机装备研发专项基金，依托江苏现代农业装备与技术协同创新中心等创新平台，协同国际国内顶端创新理论联合开展攻关。重点研发基于人工智能的作物在线识别与测量、设施空间感知与导航、动/植物病疫情在线诊断、基于农情大数据的智慧管控技术体系，研制适应恶劣农业生产环境、工况要求，低成本、易组装的各类农业传感器、控制器、直流大扭矩低速电机及其驱动器等核心部件，推进农业机器人行走、感知、作业的整机架构与通讯协议的标准化、机械臂与末端执行器等核心部件构型与关节/控制器的标准化、设计流程与精密制造工艺的标准化。二是打造世界级农机装备创新产业园。支持江苏大学与镇江市人民政府、启迪控股集团共同建设世界级智能农机装备国际创新中心，打造智能农机装备创新园与产业园，集聚国内一流涉农高校和科研院所以及龙头企业创新力量，加强科研、教学、生产单位的优势互补与合作，整合各方资源，着力构建产学研合作、农科教结合的农机化科技创新体系，努力建成产学研一体化的世界级智能农业装备创新创业基地。三是强化智慧农业示范应用。促进物联网、大数据、移动互联网、智能控制、卫星定位等信息技术的服务组件在农机装备制造和作业上的应用，提升智能化制造水平和质量管控能力。编制高端农机装备技术路线图，引导智能高效农机装备加快发展。支持优势企业对接重点用户，形成研发生产与推广应用相互促进机制，实现智能化、绿色化、服务化转型。四是开展农业生产“宜机化”改造。分类实施物种机械化、智能化，对于水稻、小麦、玉米等主要和大众作物的种植，要加快推进“宜机化”改造，大力提升机械化、智能化水平；对于地域特色小众作物，要仿照非遗保护政策，采取公园式人工种植、政府适当补贴方式保护发展。创新农机农艺融合机制，协同改善农机作业基础条件，推进良种、良法、良田、良机集成配套，力争形成农机农艺“一条龙”的技术推广模式，提高农业全程机械化和智能化水平。五是加强新型农业工程人才培养。支持江苏大学等高校创建农业工程世界一流学科，为推动全省农业机械和农机装备产业升级，提供有力的人才与智力支撑。设立高端农机人才培养专项基金，引导全省涉农高校积极设置相关专业，培养创新型、应用型、复合型农业机械化人才，支持涉农高校招收农业工程类专业学生，扩大硕士、博士研究生培养规模，引导相关高校面向农业机械化、农机装备产业转型升级开展新工科研究与实践。推动实施产教融合、校企合作，支持优势农机企业与学校共建共享工程创新基地、实践基地、实训基地。鼓励农机人才国际交流合作，构建走出去、引进来相结合的国际化农机人才培养体系。江苏经济报记者陈春裕朱彬彬",01/15
重庆汪星人领养歪头杀🍉汪星人领养狗狗是从南坪救回来的，己做决育手术，11个月左右，温顺，胆小，寻找一个爱它一辈子的家家，要求，有病要医，疫情，家访，领养请联系电话18324101571L重庆领养的微博视频,01/15
世卫组织：中国快速识别新病毒面对疫情反应迅速O世卫组织：中国快速识别新病毒面对疫情反应迅速,01/15
《疫情反应迅速的中国医院。。。》世卫组织：中国快速识别新病毒面对疫情反应迅速。。。。首先中国医学科技已经达到了一定高端水平。二是中国对过去发生过的sasi病毒的教训。三是当然离不开中国政府的重视是分不开的结果。中国是个人口众多而密集居住的国家社会，一旦出现疫情病毒必须受到警觉和预防。利用中国互联网工具唤醒民众注意。。。。O世卫组织：中国快速识别新病毒面对疫情反应迅速,01/15
#武汉肺炎疫情#【武汉市卫生健康委员会关于新型冠状病毒感染的肺炎情况通报】2020年1月14日0—24时，武汉市无新增新型冠状病毒感染的肺炎病例，无治愈出院病例，无新增死亡病例报告。截至目前，武汉市累计报告新型冠状病毒感染的肺炎病例41例，已治愈出院7例，在治重症6例，死亡1例，其余患者病情稳定，患者均在武汉市定点医疗机构接受隔离治疗。累计追踪密切接触者763人，已解除医学观察450人，尚在接受医学观察313人，密切接触者中，没有发现相关病例。O网页链接,01/15
#武汉肺炎疫情#【武汉市卫生健康委员会关于新型冠状病毒感染的肺炎情况通报】2020年1月14日0—24时，武汉市无新增新型冠状病毒感染的肺炎病例，无治愈出院病例，无新增死亡病例报告。截至目前，武汉市累计报告新型冠状病毒感染的肺炎病例41例，已治愈出院7例，在治重症6例，死亡1例，其余患者病情稳定，患者均在武汉市定点医疗机构接受隔离治疗。累计追踪密切接触者763人，已解除医学观察450人，尚在接受医学观察313人，密切接触者中，没有发现相关病例。,01/15
世界大变局2020，国内恶性案件，疫情，爆炸等意外会持续发生。保全自己。,01/15
《港澳台专家组赴武汉市考察新型冠状病毒感染的肺炎疫情》为强化技术交流，应港澳台地区相关部门请求，2020年1月13-14日，武汉市卫生健康委接待了港澳台地区专家组实地考察。O网页链接,01/15
武汉卫健委发布新型冠状病毒感染的肺炎疫情知识问答，尚未发现明确的人传人证据，不能排除有限人传人的可能，但持续人传人的风险较低。O武汉卫健委发布新型冠状病毒感染的肺炎疫情知识问答,01/15
【春节前后猪肉供需有望总体平稳】农业农村部畜牧兽医局二级巡视员王俊勋15日表示，当前生猪生产方面多重积极因素不支持春节前猪肉价格进一步上涨，同时，通常节后猪肉消费会有所下降，预计今年春节前后猪肉供需总体平稳。　　王俊勋是在农业农村部15日举行的2019年重点农产品市场运行情况发布会上作上述表示的。　　2019年以来，受猪周期、非洲猪瘟疫情等因素叠加影响，我国生猪产能下降较多。随着国家和地方一系列稳产保供政策措施密集出台、落地，养殖场户增养补栏信心增强，市场预期正在趋稳。　　王俊勋介绍说，从2019年12月份监测情况看，一些养猪场户前期存栏的肥猪开始集中出栏上市，生猪出栏环比增加14.1%，出栏平均活重达到128.5公斤，综合测算猪肉产量将增加17.1%；从消费监测数据看，12月份集贸市场猪肉零售交易量环比增长11.7%。虽然供需都在增加，猪肉供需矛盾有所缓和。　　“目前存栏大猪还有一定数量，春节前将逐步出栏，一些屠宰加工和流通企业的库存正陆续出货，政府储备和进口猪肉也在陆续投放，加上南方做腊肉、北方杀年猪的高峰期就要过去，这些积极因素都不支持春节前猪肉价格进一步上涨。”王俊勋说。　　据了解，为保障春节期间猪肉供给和质量安全，农业农村部组织在全国范围开展了生猪屠宰环节大检查，地方农业农村部门对目前在产的4578家生猪屠宰企业开展了全覆盖检查。对于发现的问题，采取立即整改、限期整改等措施。　　王俊勋说，从初步汇总的检查情况看，所有生猪屠宰企业均落实了非洲猪瘟自检制度，地方农业农村部门依法向生猪屠宰企业派驻了官方兽医；所有生猪屠宰企业均建立并落实了生猪入厂查验、肉品品质检验、肉品出场管理、病害猪及病害产品无害化处理等规章制度。春节期间，农业农村部门将会同公安、市场监管等部门，继续加大执法力度，严查重处违法犯罪行为。,01/15
疫情信息看得我发慌,01/16
【新型肺炎不排除有限人传人可能但持续风险较低】1月15日，武汉市卫健委官网发布的《新型冠状病毒感染的肺炎疫情知识问答》指出，现有的调查结果表明，尚未发现明确的人传人证据，不能排除有限人传人的可能，但持续人传人的风险较低。目前，正结合临床和流行病学资料开展进一步研究。L都市现场的微博视频,01/16
工作生活疫情…,01/16
按照经验，武汉的疫情通报应该比实际情况要缓和一些，没必要去的还是先别去了,01/16
2004年2月26日，参加联合国粮农组织、世界卫生组织、国际兽疫局等机构召集的亚洲防控禽流感紧急会议的代表在曼谷举行的开幕式上。来自亚太地区23个国家的官员及有关国际专家就禽流感疫情状况、防控措施及国际间合作等问题进行广泛的讨论和磋商。,01/16
【新型肺炎不排除有限人传人可能但持续风险较低】1月15日，武汉市卫健委官网发布的《新型冠状病毒感染的肺炎疫情知识问答》指出，现有的调查结果表明，尚未发现明确的人传人证据，不能排除有限人传人的可能，但持续人传人的风险较低。目前，正结合临床和流行病学资料开展进一步研究。L都市现场的微博视频,01/16
【新型肺炎不排除有限人传人可能但持续风险较低】1月15日，武汉市卫健委官网发布的《新型冠状病毒感染的肺炎疫情知识问答》指出，现有的调查结果表明，尚未发现明确的人传人证据，不能排除有限人传人的可能，但持续人传人的风险较低。目前，正结合临床和流行病学资料开展进一步研究。L都市现场的微博视频,01/16
【新型肺炎不排除有限人传人可能但持续风险较低】1月15日，武汉市卫健委官网发布的《新型冠状病毒感染的肺炎疫情知识问答》指出，现有的调查结果表明，尚未发现明确的人传人证据，不能排除有限人传人的可能，但持续人传人的风险较低。目前，正结合临床和流行病学资料开展进一步研究。L都市现场的微博视频,01/16
【新型肺炎不排除有限人传人可能但持续风险较低】1月15日，武汉市卫健委官网发布的《新型冠状病毒感染的肺炎疫情知识问答》指出，现有的调查结果表明，尚未发现明确的人传人证据，不能排除有限人传人的可能，但持续人传人的风险较低。目前，正结合临床和流行病学资料开展进一步研究。L都市现场的微博视频,01/16
#临汾发布#临汾市政府召开全市稳定生猪生产保障市场供应工作会议1月13日上午，市政府召开全市稳定生猪生产保障市场供应工作会议。副市长闫建国出席，市农业农村局、发改委、财政局、商务局、市场监督管理局等相关部门负责人，17个县(市、区)分管农业工作的副县(市、区)长、农业农村局局长参加会议。　　会上，市发改委、商务局、市场监督管理局分别作了汇报发言，市农业农村局负责人就全市稳定生猪生产保障市场供应工作作了安排部署。　　闫建国要求，稳定生猪生产、保障猪肉供应，事关民生福祉和发展大局。各级各有关部门要深刻认识当前生猪稳产保供的重要性和紧迫性，切实把发展生猪生产、保障春节和“两会”市场供应作为一项重要政治任务抓在手上，扎实推动各项政策和工作措施有效落地，确保肉食品市场供应和价格基本稳定。要落实好生猪储备补贴政策，扩大猪肉储备规模和产品品质，确保库内有充分的储备;各县(市、区)要落实好非洲猪瘟等重大动物疫病防控工作的属地管理责任，落实主要负责人是第一责任人的制度，外堵、内控、严查，防止疫情的输入和疫情的再次发生;要加大联合执法监督力度，加强对各类畜禽产品加工、运输等环节的监管，确保上市肉品安全卫生;要强化宣传引导，回应群众关切，增强公众对猪肉供应保障的信心，引导消费者理性购买。@临汾发布,01/16
#武汉无新增新型冠状病毒感染肺炎病例#港澳台地区专家组赴武汉市考察近期武汉市发生新型冠状病毒感染的肺炎疫情。为强化技术交流，应港澳台地区相关部门请求，2020年1月13—14日，武汉市卫生健康委接待了港澳台地区专家组实地考察。在武汉期间，专家组对疫情防控与应对处置、医疗诊治、病原检测等进行了全面考察，与参与此次疫情防控和患者诊治的国家、省、市级专家进行面对面交流，咨询了解了防治相关信息，并实地参观疾控机构的实验室和收治病例的医疗机构。港澳台地区专家组感谢国家卫生健康委、湖北省和武汉市人民政府周到的安排，积极评价内地相关疫情防控和诊治措施，并提出相关工作建议。此次考察对进一步促进海峡两岸及港澳地区的交流合作，有效提升传染病防治能力，共同维护卫生安全将起到积极推动作用。（来源：国际合作司）,01/16
妹子本来说年假带她母上去泰国耍几天，结果发现了疫情；转天说是去日本走一圈，今天日本又发现了病例于是只好取消了行程，周边找个地方泡温泉吧,01/16
#嘉兴身边事#【嘉兴人：流感高发期，请您做好这些预防】根据嘉兴市疾控中心数据，上上周（12月30日至1月5日）的流感病毒阳性检出率高达73.2%，上周（1月6日至12日）降至66.7%。“从数据上来看，嘉兴市流感疫情已有所缓解，但总体仍处在高发期。”根据往年情况，预测此次流感将一直持续到今年二月前后才会减退。浙里嘉兴,01/16
《谁才是导致2003年“非典”的罪魁祸首？》当时全国不少地区非典病毒肆虐，疫情蔓延非常迅速，给人以极大的恐慌，至今想起来仍觉恐惧不安。O网页链接,01/16
分享网易新闻《云南省卫健委发布12月法定传染病疫情概况》O云南省卫健委发布12月法定传染病疫情概况来自@网易新闻客户端#网易新闻#,01/16
罗牛山sz000735罗牛山受猪瘟疫情等影响2019年度预计净利2100万-2700万下降超93%，点击链接查看更多->O网页链接,01/17
虽然武汉那流感和其他所有疫情一样，都因为信息不公开有很大质疑声音。但值得一提的，我们公共卫生课本上第一章就有讨论，信息公开和恐慌管理是两个互斥的需求，而恐慌往往比瘟疫本身会造成更多的经济损失。一切合情合理，知道传播途经之类的信息之后自己注意一下就好了,01/17
公告：受返乡过春节影响，医院留置猫狗开始增多，为避免疫情风险，以及医院人员休假，人手不足等因素，流浪动物免费绝育申请将由本月十七日起暂停至2月10号，望大家谅解！预祝大家春节愉快！,01/17
【泰国发现第二例新型冠状病毒感染病例】泰国公共卫生部17日表示，发现第二例新型冠状病毒感染病例。该患者同样来自中国武汉。卫生部官员表示，泰国目前并无爆发疫情，民众不必担心。被查出的两名感染者之间没有关联性，均已隔离在暖武里府一传染病研究所接受治疗。via中新网O网页链接,01/17
『武汉病毒纪事——2020年的第一场疫情』O武汉病毒纪事——2020年的第一场疫情,01/17
我从这个月以来就一直喘不上气……『武汉病毒纪事——2020年的第一场疫情』O武汉病毒纪事——2020年的第一场疫情,01/17
临汾大事小情【科普一下常见肺炎的发病机制】转起来，通过视频让更多人了解！武汉卫健委发布新型冠状病例感染的肺炎疫情知识问答。武汉卫健委在问答中表示：目前肺炎疫情尚未发现明确人传人证据，不能排除有限人传人可能，但持续人传人风险较低#武汉冠状病毒肺炎新增死亡1例##中国综合新闻#L木子掌柜侃娱乐的微博视频,01/17
关于武汉肺炎的一篇比较客观全面的文章了『武汉病毒纪事——2020年的第一场疫情』O武汉病毒纪事——2020年的第一场疫情,01/17
希望早日控制疫情啊🙏,01/17
#武汉肺炎疫情#【泰国发现第二例新型冠状病毒肺炎患者，系一74岁中国籍女子】1月17日，泰国公共卫生部在其官网公布，已发现第二例2019-nCoV确诊病例，患者是一名74岁中国籍女子。这也是在中国境外发现的第三例新型冠状病毒确诊病例。目前，两名确诊患者在负气压隔离病房中接受治疗，两人之间发病并无相关性。（新京报）,01/17
别问了，新浪屏的，能活那么久已经挺意外了。概率再低也不是管控舆论的借口，如果说有什么预料之外的，大概是比起疫情本身，普通人更怕的反而是被骂带节奏和造谣。个人能做的预防随便就能搜到，祝各位和家人都平安健康。,01/17
20200117【國民大會】人傳人?武漢肺炎2死病毒同SARS疫情凶燒向日.泰?O网页链接主持：陈凤馨來賓：黃敬平潘彥宏詹惟中朱學恒,01/17
20200117【國民大會】人傳人?武漢肺炎2死病毒同SARS疫情凶燒向日.泰?主持：陈凤馨來賓：黃敬平潘彥宏詹惟中朱學恒暂存：O网页链接,01/17
武汉病毒纪事——2020年的第一场疫情O武汉病毒纪事——2020年的第一场疫情,01/17
#泰国发现第二例新型冠状病毒肺炎患者#1月12日，世界卫生组织正式将造成武汉肺炎疫情的新型冠状病毒命名为“2019新型冠状病毒(2019-nCoV)”。同时，世界卫生组织于同日发布了针对疑似新型冠状病毒感染造成严重急性呼吸道感染的临床处置指南。其中，标准预防包括：手卫生；使用个人防护设备（PPE）的应用以避免直接接触患者血液、体液、分泌物以及不完整的皮肤等）；还包括预防针刺伤或者切割伤、医疗废物处理、设备的清洁和消毒以及环境的清洁。#健康中国2030#（华山感染）,01/17
那个新疫情总觉得像某灾难片的开头，但想了想，对失去勇气的人来说每天都是灾难片，只希望我和地球撑下去。,01/18
#武汉新增4例新型冠状病毒肺炎病例#首先在武汉的表示，我们挺好真没有那么恐慌；对于经历过SARS的一代人，在这件事情上是相信政府的，有过类似的经历，zf这次的反应是非常迅速的，也许新型病毒是很吓人，但是这次的防控工作也很迅速才会让市民没有觉得恐慌。要相信国内官方的消息啊，这种可能造成重大疫情的问题，gj一定是会重点防治的。但是小心驶得万年船出门戴口罩，回家勤洗手，没事家里消消毒。不信谣不传谣啊。,01/18
中疾控：引起武汉肺炎疫情病原体并非SARS病毒,01/18
担心武汉的疫情今天囤了两盒口罩,01/18
#考拉被雨淋了#看评论说大雨后防疫不好容易发生疫情希望经历了四个月的山火后这场大雨不会带来什么不好的结果吧！考拉们是真的可爱！心疼逝去的生命,01/18
选择相信就好了，其实一次次的疫情做的处理都是挺到位的，能感觉疾病控制中心是有数的，其实很多是存在信息不对称，也需要维稳不引起恐慌，重担其实都在一线的医务人员身上，在没有明确的流程的情况下，一线医生担的是被传染风险，还要在流感混杂中判断出疑似病人，识别出重症病人，还有冒着漏诊的风险（当然这个在以往经验中身在疫区的一般不会有人再秋后算账的，但是非疫区的一线反而容易被追责）...活不易干，听说今天有去武汉的呼吸道病人被隔离了，送标本但是疾控不收，因为一个是流感一个细菌感染，所以和疾控也在磨合中，怎么样才是个高效的能筛出疑似的流程呢，现在知道的就是开会说这次疾病发热时间很短，所以病人有可能不是在发热门诊被拦截到的，所以每个科室都得有根弦，有去过武汉的呼吸道症状的病人都应该注意，但这个注意是指来发热门诊还是什么，好像又没有具体的下文，所以过年这段日子又会是混乱的，什么病人需要隔离，什么病人需要住院，什么病人可以放回家，都没有一个定论，领导的意思就是看医生判断，感觉医生也是两眼一抹黑吧，希望以后不要找这么累的一帮人算总账，当然希望都是炸胡，每年收的没找到病原体的肺炎也挺多的，也就那么过去了呗,01/18
武汉肺炎确诊病例或达上千起疫情比公布的更严重O网页链接,01/18
武汉-2020年的第一场疫情，莫恐慌，不传谣。我刚写了一篇文章O武汉新型冠状病毒性肺炎，我们要做好预防,01/18
故宫的事情，和不少人对武汉肺炎情况通报是否真实的担忧，和导师的崇高性有什么关系？普通民众以为故宫是文物，珍贵难得，想不到权贵阶层可以开车进去；院长、博高、学术杂事，原以为高深、真实、有难度，没想到会写这样的文章。这些事情让民众对政府的公信力产生怀疑，对不平等产生愤恨。因此遇到一些重大灾情、疫情，容易产生猜测，信任一旦被打破，重建非常难。,01/18
我是来看评论的——中疾控：引起武汉肺炎疫情病原体并非SARS病毒（分享自@网易财经）O中疾控：引起武汉肺炎疫情病原体并非SARS病毒,01/18
#澳大利亚水火两重天##又一考拉栖息岛山火失控#又火又水，注意防疫啊别大灾过后又爆发疫情。希望一切平安,01/18
美国疾病控制与预防中心派遣了100多名工作人员到美国的三个机场，纽约肯尼迪，旧金山和洛杉矶。工作人员会检查从武汉抵达的乘客的发热和其它新型神秘病毒的症状。美国疾病预防控制中心上一次对旅客进这样的检查是在2014年埃博拉疫情期间。疾病预防控制中心国家免疫和呼吸疾病中心主任南希·梅森尼尔说：美国认为目前对这个病毒的风险很低。民众不需要担心。似乎大多数人直接从动物身上感染了病毒，而且病毒不易在人与人之间传播。与新病毒相比，流感对美国人的威胁更大。,01/18
看疫情新闻，并知道看到的是被限制隐瞒的新闻，其实会感觉更害怕。,01/18
北京非典那年，在媒体还未大规模报道时，班里就有父母是医生的同学说，是疫情，明天就不来上学了，这时大家还在怪他小题大做。后来的事大家就都知道了。疫情过去后，得知他父亲在一线，后来评为先进。几年前，朋友说，非典收到的捐赠物资还在小汤山的库房，早已过期，堆积如山。顺便说下，她也是奥运志愿者，在后厨，她说，废弃的食材不计其数，浪费的比吃下的多多了，以后再也不当任何志愿者，眼不见心静。,01/18
"day766我正在看【武汉不明原因肺炎疫情,初步判定由它导致！】，分享给你，一起看吧！武汉不明原因肺炎疫情,初步判定由它导致！O武汉不明原因肺炎疫情,初步判定由它导致！",01/18
【#武汉机场火车站检测体温#卫生人员现场指导应对】1月17日，湖北武汉新增新型冠状病毒肺炎17例。19日，湖北省卫健委称，武汉机场、铁路、公路等多地开始对人群进行体温检测。武汉12306热线表示，旅客进站会有热敏仪器对体温进行检测。截至1月17日24时，武汉累计报告新型冠状病毒感染的肺炎病例62例。#武汉肺炎事件#L紧急呼叫的秒拍视频,01/19
【#你好，明天#】“当前疫情仍可防可控”“新型冠状病毒传染来源尚未找到”，国家卫健委的信息发布，回应了舆论关切。疫情连着舆情，容不得掉“疫”轻心。如果说公开透明是谣言天敌，那么及时准确发布信息，才能让群众更安心。联防且联控，应对更有效，争取早日打赢这场看不见硝烟的战争。,01/19
【#武汉肺炎防控方案下发各地#：发热病人须询问武汉旅游史[话筒]】“武汉肺炎”疫情仍在持续。@新京报19日从知情人士处获悉，国家卫健委已向全国医疗机构下发#新型冠状病毒诊疗防控指南#，医院接诊发热病人时，须询问2周内是否有武汉旅游史。上述防控方案内容详细，内容多达61页，涵盖监测、流行病学调查、密切接触者的追踪和管理、实验室检测等内容。#新型冠状病毒#医疗机构如何发现、确诊病例？根据诊疗方案，在病例观察阶段，患者应同时符合以下条件：发病前两周内有武汉市旅游史，或武汉市相关市场，特别是农贸市场直接或间接接触史。临床表现有发热；具有肺炎影像学特征；发病早期白细胞总数正常或降低，或淋巴细胞计数减少；经规范抗菌药物治疗3天，病情无明显改善或进行性加重。确诊病例须满足：在观察病例的基础上，采集痰液、咽拭子等呼吸道标本进行病毒全基因组测序，与已知的新型冠状病毒高度同源。发现病例后如何上报，方案也作出明确规定。诊疗方案要求，医疗机构发现符合上述定义的观察病例后立即隔离治疗，2小时内组织院内专家会诊，并报告医疗机构相关部门和辖区疾控中心。O武汉肺炎防控方案下发各地：发热病人须询问武汉旅游史,01/19
#专家研判武汉肺炎疫情仍可防可控#,01/19
《国家卫健委向全国各省派出工作组》国家卫健委已于1月1日成立以主任马晓伟为组长的疫情应对处置领导小组，会商分析疫情发展变化，研究部署防控策略措施。O网页链接,01/19
【#武汉机场火车站检测体温#卫生人员现场指导应对】1月17日，湖北武汉新增新型冠状病毒肺炎17例。19日，湖北省卫健委称，武汉机场、铁路、公路等多地开始对人群进行体温检测。武汉12306热线表示，旅客进站会有热敏仪器对体温进行检测。截至1月17日24时，武汉累计报告新型冠状病毒感染的肺炎病例62例。#武汉肺炎事件#@紧急呼叫L紧急呼叫的秒拍视频,01/19
最近澳洲大火的消息刷屏了朋友圈，数亿生灵涂炭，原本美丽的大洋洲被一片血红色笼罩。然而被人们忽略掉的是，另一个危险正向我们靠近。截至1月19日凌晨，武汉新型肺炎病例62例，已治愈出院19例，在治重症8例，死亡2例。▲人民日报、央视新闻均有第一时间通报疫情「肺炎」这两个字，烙印在每一个60代到90代的心中。2003年爆发的非典型流感（俗称SARS），那场没有硝烟的战争，让每个人都无法置身事外。不过，武...O如果人类继续肆意妄为，将会继续受到恶果,01/19
【#武汉机场火车站检测体温#卫生人员现场指导应对】1月17日，湖北武汉新增新型冠状病毒肺炎17例。19日，湖北省卫健委称，武汉机场、铁路、公路等多地开始对人群进行体温检测。武汉12306热线表示，旅客进站会有热敏仪器对体温进行检测。截至1月17日24时，武汉累计报告新型冠状病毒感染的肺炎病例62例。#武汉肺炎事件#L紧急呼叫的秒拍视频,01/19
【#上海加强对可疑病例筛查#积极防控新型冠状病毒感染肺炎】上海卫健委官微通报：上海高度重视新型冠状病毒感染的肺炎防控工作，在国家卫生健康委公布武汉不明原因肺炎疫情后，按照市委、市政府要求，本市卫生健康部门迅速响应，成立专项工作组和专家组，及时制定各项应急措施和工作方案。目前全市各类医疗机构已全面加强预检分诊和发热门诊的力量配置，规范开展对可疑病例的监测、筛查、诊断治疗和处置工作，保障市民健康和城市公共卫生安全。@健康上海12320,01/19
专家研判认为，当前疫情仍可防可控，但新型冠状病毒传染来源尚未国家卫健委积极开展新型冠状病毒感染的肺炎疫情防控工作O网页链接,01/19
拿流感疫情带武汉节奏的那群我所谓的乡里逼，我就恳求你不要再到武汉来了，你肯定会被武汉人欺负然后回去哭着找粑粑麻麻的,01/19
病毒传染来源：未找到。疫情传播途径：未掌握。结论：可防可控！,01/19
#新型冠状病毒传染来源还未找到#其实大城市对突发疾病的预防一直很重视，前几个月发烧去医院才知道北京处理发热和肠道类疾病都要去指定医院，去了指定医院后要去发热诊所。之前连续两个月我总是反复感冒，正好早上看到武汉的新闻，害怕的我立马请假去医院，到诊室护士第一件事就问你最近有去过武汉吗。那天新闻刚刚报道有疑似病例，医院就开始严查了，害怕是一定会的，恐慌也会有，毕竟我一个37度多点的小感冒都被吓到做检查了，不过造谣说什么上面隐瞒、不重视疫情的那些人，在这个时候散播谣言，真是太坏了！,01/19
国家卫生健康委积极开展新型冠状病毒感染的肺炎疫情防控工作,01/19
本来想先回武汉待一晚，没想到疫情更严重了还好是在长沙转机，既然武汉这么危险，拜托延长假期吧😷,01/19
【四川两例疑似新型冠状病毒感染肺炎病例均已在定点医院隔离诊疗】#情况通报#1月16日以来，四川成都、广安分别发现1例疑似新型冠状病毒感染患者，两名患者均从武汉来川，目前正在隔离诊疗。患者相关样本已按规定程序进行复核，一旦确诊，及时向社会公布。自国家卫生健康委公布武汉不明原因肺炎疫情以来，四川省委、省政府高度重视，省卫生健康委迅速响应，加强发热门诊等相关工作和公共场所防控措施，全力开展疑似病例诊治、密切接触者调查和医学观察。专家提醒：冬春季是呼吸道传染病高发季节，做好个人卫生防护，保持室内空气流通，尽量避免到人群集中地方和空气不流通的公众场合，必要时佩带口罩。若出现发热、呼吸道感染症状，特别是持续发热不退，要及时到医疗机构发热门诊就诊。@健康四川官微,01/20
有人说武汉街上人多，一个戴口罩的都没有，特淡定，又有人说街上人少，对疫情特重视，已经懵逼了,01/20
#卡西的早晨电台#KPsycho-RedVelvet2020年1月20日，晴。上班倒数第三天，还有两个工作日就可以回家过年了，幸福。肺炎在意想不到的春运期间爆发了，随着返乡，外出游玩的人们，以武汉为中心，散播国内各地，甚至世界范围内了，疫情爆发出乎意料的快。想起了当年非典和SARS的时候了，幸好，现如今的疫情信息都是透明及时公开了，民众都知道厉害程度，学着自己防疫，比无知地散布恐慌好得多。今天有一个令人痛心的消息，一个国内顶级眼科专家陶医生，被医闹砍伤，光明的职业生涯在三十五岁戛然而止，真可惜。这种令人伤心的事故，究竟还要再发生几次才能真正引起注意内容？那些无知蛮横的人，要怎么才能知道，暴力是不能解决问题的，不是每一次闹了就能得到想要的。大家都有苦衷，不是每一次都要用这种方式去惨烈地让大众注意到的。多可惜，那么好的眼科医生，如果不受伤，未来有多少人可以在他的帮助下重见光明。忍不住想叹息，为不幸的医生，也为这些只能用这种手段去得到注意的人。,01/20
#钟南山谈疫情#我爸让我戴着口罩上班我蒙了。我朋友说，全中国都知道他们武汉被隔离了，就武汉人不知道其实我也不知道……,01/20
#培养一个医生有多难#真的很难过，想起自己想做医生和律师的初衷在我心里能把一个人从死亡的边缘拉回来，能还这世界以公平，都是很厉害很厉害的事想做一个永远保持善良维护正义的人即使自己不能改变世界，也希望可以因为自己而让生活多一些善良和美好#钟南山谈疫情#医生的伟大在于他们用一腔孤勇和死神作战律师的伟大在于他们用满腔热血捍卫法律伤害的行为凉了多少善良的人的心啊“一颗救死扶伤的心捧在患者的面前不是用来伤害而是用来守护的”,01/20
今年不是太冷太冷可能就不会有疫情了雪也没下多少瑞雪兆丰年也不知道明年的收成会怎样。,01/20
当年那句歌词再次在耳畔回响“一个多灾多难的民族，从来都没有压垮…”在这个寒冷却没有下雪的冬夜，疫情忽然降临。经历过“非典”的我们并没有想象中的恐慌和畏惧，更多的是从容不迫。我们坚信祖国是坚强的后盾，我们努力做好自己的本质不给防控制造人为事故。没有什么隔离区！我们在武汉，我们热爱武汉！疫情在，隔离区不存在！,01/20
钟南山：新型肺炎疫情呈现人传人特点14个医护人员感染O钟南山：新型肺炎疫情呈现人传人特点14个医护人员感染,01/20
我特别喜欢看末世题材的文和电影，甚至做梦经常梦见类似情景，醒来觉得特别刺激，其实是因为潜意识里对这种事情充满恐惧。而现实生活中最接近末世的情况，大概就是大规模致死疫情了吧……说这么多其实就一个意思：😱,01/20
其实有些害怕每天醒来看见疫情新闻里的数字在继续上涨，希望大家都要平安。医护人员辛苦了～,01/20
新型冠状病毒如何防控？是否会重复SARS疫情？权威专家解读来了,01/20
可怕的不是人傳人而是我們並非對疫情一無所知但卻被特定人士以公開恐慌為理由被綁架然後疫情持續蔓延,01/20
我查了下距离，百步亭距病毒源头也就七公里多点，武汉人民不要托大啊。@武汉发布@平安武汉疫情结束前这样的活动都要提前制止啊！#钟南山肯定新型冠状病毒肺炎人传人#,01/20
【钟南山：新型冠状病毒感染的肺炎疫情呈现人传人特点14个医护人员感染】#14个医护人员感染新型冠状病毒##有医务人员被传染新型冠状病毒肺炎#对于疫情的形势的研判，钟南山院士表示，目前有三个特点。95%以上都跟武汉有关系，去过武汉，从武汉来，这是一个特点。第二个特点就是目前已经证实了有人传染，是在两个地区，一个在广东，一个在武汉，证实有人传染。第三个特点也证实了有医务人员的感染，那么这三个情况以及医务人员的感染，最后证实围绕着有新型冠状病毒的病人因为护理各方面，14个医务人员的感染。钟南山院士表示，出现人传人和医务人员感染的情况，是非常重要的标志。病例数增加较多的原因较复杂。（央视）,01/20
A股一向对消息很敏感，抗病毒概念全线涨停，聪明的主力上周五就布局了联环药业，身位较高。根据以往疫情的顺序规律，炒作应该是从治疗对症的抗病毒药物→疫苗→预防药物→口罩、温度检测设备等。（资金本来就是逐利的，市场本来就是险恶的，合法投机本来就是自由的，不能道德绑架）随着事件的发酵，利空传媒（不去看电影了）、航空（不敢做飞机了）、旅游（窝在家里不出门了），注意规避。在自然面前，人类都是渺小的。,01/20
希望疫情赶紧受到控制🙏🙏,01/21
『全国新型肺炎疫情实时动态-丁香园·丁香医生』O网页链接,01/21
『全国新型肺炎疫情实时动态-丁香园·丁香医生』O网页链接,01/21
关注实时『全国新型肺炎疫情实时动态-丁香园·丁香医生』O网页链接,01/21
#2020微博日记#2020年1月21日，小雨转阴。疫情越来越严重了，武汉几乎被隔绝了，越来越紧张了当然微博的喷子和无脑小学生们也挺恶心的。希望明天会更好，不过说实话上个鼠年中国也是多灾多难的一年，难受啊🤬第21天。,01/21
#四川确诊首例新型肺炎#老一辈明明都经历了非典为什么面对这次疫情心这么大呢跟爸爸妈妈讲就敷衍几句带过跟爷爷奶奶讲奶奶说这种事情看命命里要来你也拦不住？？？说了出门戴口罩也不戴电视连续滚动让他们意识到事情的严重性吧[泪]年纪大免疫力也下降了我是真的害怕我讲根本不听啊[泪],01/21
《2020年1月21日新型冠状病毒感染的肺炎疫情情况》收到日本通报确诊病例1例，泰国通报确诊病例2例，韩国通报确诊病例1例。O网页链接,01/21
关注『全国新型肺炎疫情实时动态-丁香园·丁香医生』O网页链接,01/21
请问，戴口罩真的能预防病毒吗？请问，03年的疫情没控制好，没预防好，是因为没有普及“口罩”知识吗？大晚上的，请不要拿“口罩”来当鬼故事讲述好吗？请问，这样炒作，真的很高大尚吗？请问，还想不想让大家过好年了？,01/21
#新型冠状病毒感染肺炎疫情梳理#父母正向输出养生防癌大法特别来劲，我们反向输出戴口罩都被嫌弃大惊小怪。求求那些养生公众号推一下戴口罩的重要吧,01/21
向奋斗在一线的医护人员致敬，感谢有你们，希望疫情能早控制住，平安喜乐,01/21
这几天肺炎疫情看的心里压抑的不行有点慌爸爸跟弟弟回湖北老家了虽然不是武汉但是就特别想他们快点回来东莞…,01/21
『全国新型肺炎疫情实时动态-丁香园·丁香医生』O网页链接,01/21
这俩天，微博打开就是闹心闹心，特别是112在的地方也在闹疫情，真闹心,01/21
#国内确诊291例新型冠状病毒肺炎病例#从昨天开始家里一直开着电视看新闻，然后我爸妈主动去买了口罩还说今年过年看情况走亲戚。长辈们可能不太使用移动媒体不像我们一样警惕，如果觉得他们固执，不妨打开电视，用他们信任的熟悉的传统媒体告诉重视疫情做好防护,01/21
做个人吧，武汉的别往外跑了，什么过年探亲，你想让亲人也感染吗，看到的跟家里人说说，唉#武汉对进出城车辆及人员实施疫情排查##武汉要求全市在公共场合佩戴口罩#,01/22
【】假期回家过年，老何留在云南学校没有回家。原计划的几天后另一个城市碰面然后旅行，却因为现在疫情走向未知，一切都面临搁置。视频时，老何说数着日子过的假期一下子变得没有盼头。也不知道能否正常开学。看她一边让我哪儿都别瞎跑，一边忍着丧气的样子，心里实在不好受。挂了视频，她发给我KBeautifulInWhite(Demo)-Westlife，发信息说让我不要担心，说自己会调节好自己的失落，安慰我年后会好的。点开歌，原本有些低落的情绪马上被满满的幸福感填满。是啊，会好的，因为有你挂念，因为有你可挂念，所以没什么好怕的呢会早早地见面的，晚安，平安@人生海海飞驰吧,01/22
『新型肺炎疫情实时动态-人民日报·丁香园』O网页链接,01/22
纵有千般无奈，也得考虑周全，防患于未然，是给自己也是给家人，还有身边认识的人一个最好的交代，后天过年不回去了，虽然心里好想回去，不过还是等疫情过去后再回去吧，其实在天津过年也是很嗨皮的！祝福奋斗在各个岗位的医护人员，你们最棒🙏🙏,01/22
大学生可不可以晚开学啊，一想到病毒们坐着高铁四面八方的涌来我就打哆嗦#教育部部署疫情防控工作##学校非必要不举办聚集性活动#@人民日报@中国新闻网,01/22
临近春天，深圳一天比一天冷清，这就是移民城市的特色，别的城市春节都热热闹闹的，深圳就冷冷清清的，大家见面会问:什么时候回家啊？不过我还蛮享受安静时候的深圳，因为平时真的太多人太多车太热闹了。。。话说今天我都戴口罩出门了😷，命仔紧要！！之前没想到这次疫情会发展得甘快，希望病毒赶快消失，2020年大家都健健康康！！平平安安！！另外，大家真的不要再吃野味了，平时吃的鸡鸭鹅、猪牛羊、鱼虾蟹还不够香吗？？？,01/22
#工信部紧急协调口罩生产#我相信这次的疫情我们中国人只要齐心协力不用多久就扛过去了。就像老一辈人说的什么艰难的日子我们不都挺过来就一病毒还想对我们怎么样,01/22
『全国新型肺炎疫情实时动态-丁香园·丁香医生』O网页链接,01/22
疫情不要再扩散了，愿老天保佑啊,01/22
关于这次疫情，个人觉得真正的爆发期，会在年后。我的几个小粉丝，能老老实实的在家就别出门了要减肥的，先别节食了，真的会降低免疫力存点干粮在家，都多存点，会用上的。#新型肺炎确诊440例死亡9例#,01/22
说实话，我今天看我妈在看电视时本来说想看看央视新闻台在播什么，其实是想看看有没有关于疫情的实时报道的。但是别说新闻台了，播了一圈的中央台，都没有任何与平时不太一样的地方。可能播的时机不对，也可能根本就真的是歌舞升平吧，相关内容寥寥之寥寥。,01/22
『全国新型肺炎疫情实时动态-丁香园·丁香医生』O网页链接,01/22
『新型肺炎疫情实时动态-人民日报·丁香园』O网页链接,01/22
重要提醒：近期如果您发烧了，请不要找认识的非专科医生，请直接去往“发热门诊”专科就诊！如果您2周内去过武汉或者与去过武汉的人有过接触，就诊时请主动告知医生！疫情不可怕，可防可控可治～全民动员,01/22
祈祷🙏🏻🙏🏻🙏🏻疫情得到控制，没有人死亡，没有人再被传染，确诊的人可以治愈出院。,01/22
大半夜看着这些消息还是难过，武汉真的好难，希望疫情能早点控制住吧，这个时候就更希望爱豆能营业了,01/23
#新型冠状病毒感染肺炎#因疫情影响出行计划取消昨天刚退了火车票扣了400多手续费，今天开始退火车票就不扣手续费了，我,01/23
今天上班到了最后一刻因为疫情开了很多的会议年纪大了刷新闻看到那些不顾危险请愿支援一线的人们眼里都要有眼泪打转你们真的太伟大了希望大家都要健健康康平平安安武汉加油一定可以克服这个困难的！明天还要去值班先这样了,01/23
臭小汁微博fans突破3000万啦！@UNIQ-王一博正值过年，新型肺炎疫情也悬在大家的心尖上，焦灼又担心。愿全国人民共同抵挡住这场巨大的考验，也愿自己与家人健健康康平平安安，当然也包括你啦！宝宝崽！工作要注意防护！也要提醒叔叔阿姨！大家一起过个安全健康年！才是好年！3000万是我闯入陪你的这条路以后一个小小的节点，“不知道你会陪我多久”小汁，很久很久哦久到你不能获知迄今为止都做的很好请一直走下去吧！也请允许我借你的光请允许我陪伴我唯一的遥遥又亲近的星星,01/23
疫情报道看着心碎,01/23
因为新型冠状病毒肺炎疫情珍爱生命的我又在家蹲了一天没有口罩都不敢随便出门的日子只有继续当肥宅了明天就是大年三十了后天就是正月初一了今年所有的春节档电影已经全部撤档了不知道全国人民什么时候能够渡过这个难关,01/23
我父母面对我对疫情的态度表示不理解，而且不听劝，不让说，觉得过年不吉利。。。我该怎么办，求解,01/23
这次疫情看到有病人已经康复的新闻，新年要到了，可以呆在家的呆在家，实在要出门做好防护和消毒。无论是谁都请大家都要照顾好自己，身在海外，我们这里已经确诊发现首例希望不要再传播了，少点出门没什么的，乖乖呆着，该隔离就隔离，所有人的命都很珍贵。,01/23
#广东启动重大突发公共卫生事件一级响应#这就是中国广东速度，广东认真度，，广东负责度！确实，人命关天，岂容疏忽！郑重的我持疑@健康中国，中国香港澳门台湾疫情，怎么归入了境外通报？,01/23
原本是一个快乐喜庆的春节假期，大家红红火火开始庆祝，在热情阿姨们的舞蹈中插播的一条疫情防疫的消息弄得人心惶惶，祈求平安,01/23
#今年要不要出门拜年#真的不是我要不要出门拜年的问题，是爸妈觉得就是必须得去，家族群天天发疫情，也没一个人站出来说取消拜年，串门!自己又是小辈，说了还会被说不礼貌，上面发了文件说能不出门就不出门，还要走亲戚???真的好绝望，还是湖北省内的，本来就有潜伏期，不是我们太惶恐，是我们真的相信科学，好好听医生的话，我们一定可以战胜它!（下图没勇气发，只能发在微博找找安慰了，希望更多家长能够理智对待吧）我爸妈反正是劝不动了🌚🌚🌚只能逼他们戴口罩，勤洗手了～总感觉是不是我们三个人在家吃饭不够香,01/23
#丁程鑫会考账号被盗#关键时期疫情为重，无意占用公共资源！如果打扰到大家非常抱歉！但小朋友会考账号被盗，该账号关系到高考报名，报志愿，且包含身份信息，因此十分重要！丁程鑫粉丝在此呼吁:私生不是粉丝，抵制私生，远离偶像私生活！提前祝大家新年快乐，健康如意！,01/23
新型冠状病毒第20天，大年二十九，希望快一点控制住疫情，大家都好好在家待着，不要找麻烦。,01/23
一场全球瘟疫的传播，只需要一个感染者。感染一栋楼，也许只是因为一口痰，一次上厕所。一场灾难的开始，一次疫情席卷而来，也只需要一顿野味。,01/23
凌晨两点半汇总完我优秀组员姐姐们发给我的作业在床上睡不着最近发生的事真的都好像电影里的情节啊澳洲的山火离我最近的时候只有500km甚至更近正当我买好机票想回国的时候国内的疫情蔓延的比山火还快微信群里那些倒地的视频看得我触目惊心真太黑人了第一次过年不在家人身边特别特别想七七小朋友平安🙏,01/23
中国入驻中国超话第三天，今日话题：今日除夕，消除疫情,01/24
我在看：50天后是否会有疫情“高峰期”？专家回应关切#跟新浪看热点#(下载客户端:新浪新闻),01/24
最近每天早起第一件事就是刷微博看新闻，关注疫情信息。心里替医务人员捏把汗。医护人员是普通人，在从事勇敢的职业的一群人。在明知目前还没有特效药的情况下依然挺身而出，觉得是勇士。其实是职业的责任感驱使着他们，他们是最勇敢的人！,01/24
#新型冠状病毒感染肺炎#【湖南省决定启动重大突发公共卫生事件一级响应】新华社长沙1月24日电根据《湖南省突发公共卫生事件应急预案》，结合湖南省当前新型冠状病毒感染的肺炎疫情防控形势，湖南省新型冠状病毒感染的肺炎疫情防控工作领导小组决定，启动湖南省重大突发公共卫生事件一级响应。,01/24
#恳请安徽政府宣传疫情防范##来抄河南的作业#安徽zf快来抄作业！！！可别送什么温暖了？？？疫情具体情况通报透明一下啊啊啊啊？安徽小城市没几个戴口罩的，不宣传一下吗？那么多湖北人口涌进安徽好好排查一下啊啊啊啊啊！！！！你做了什么让我们知道一下啊啊啊！！！十八线小城市慌死了！！！,01/24
春节当宅女昨天关注疫情一天，今天继续关注知家人们在武汉各自安好,01/24
#新型肺炎不构成国际突发卫生事件##广东启动重大突发公共卫生事件一级响应#昨晚睡得不安稳，今天一早就醒了。大年三十，疫情扩散，人心惶惶。你不知道明天和意外哪个先来，你不知道病毒什么时候出现，不知道出现在哪里，只希望能平平安安度过春节。,01/24
『全国新型肺炎疫情实时动态-丁香园·丁香医生』O网页链接,01/24
做梦梦见整个公司开始核对每个员工的业绩和人均产值，有喜有忧吧，梦到了本科一个同学突然变成了项目上的人，而在梦中我死活想不起来他是哪个部门的。打听了一圈才有人说这个“付生”同事是安全部的，心里想着可能是我来了没多久这人就走掉了，而且在安全部应该是没干什么太多活所以印象不深吧。刚看了中建三局承建武汉的医疗应急工程，这就是央企的职责所在吧，每个行业都有人奔赴前线。真的不想看到某些公司口号喊的很响，全是明确政治站位却没有一点实际的。无论为前线还是为后方都有很多事情可以做，但是偏偏选择最不踏实的做法就让人觉得做了不如不做。中建三局好样的。讲真话，疫情这么严重，看着比非典艾滋可怕多了，我真心不想在春运这高峰期挤在沙丁鱼罐头里面返程回单位上班，这传播渠道太多了，根本没办法时刻保护自己，可是公司什么都没有给我们考虑，至少我是没接到什么通知的。至少每个员工不说达到回去就能做检疫的条件，至少回去之后先观察14天无异常再开始组织生产技术工作吧，连这也没有。可能就是个别人像我一样担心得劲，决策层还是缺少这种应对机制和投入成本的决心吧。,01/24
首都被大河北包围，河北省的医疗条件相比较来讲差一些，还希望国家政府提起高度重视，高度注意河北省疫情，保护好首都！！！,01/24
莫名其妙被不知道什么时候定的闹钟吵醒了。本来在做一个有点意思的梦，梦到了一个又帅又厉害的人。郁闷中打开微博，铺天盖地的疫情信息，看了痛哭流涕。又难过又感动又心疼。我们普通人能做点什么呢？这场灾难赶快过去吧！🙏🙏🙏,01/24
李克强西宁看望医护人员：你们要在疫情防控中做好救治，也要做好自我防护O李克强西宁看望医护人员：你们要在疫情防控中做好救治，也要做好自我防护,01/24
这个春节莫瞎串，冠状病毒藏武汉。疫情还没控制住，病源尚未查清楚。感染人数在爬坡，治疗尚无特效药。春节在家发微信，情到意到人安全。人人做到早防范，野生动物莫嘴馋。家庭保持通风好，讲究卫生好习惯。,01/24
#疫情地图#港囧爱拍之囧蜜我想看港囧，我想看港囧，我想看港囧！,01/24
武汉坚决打赢疫情防控战：每个人都找准自己的位置O武汉坚决打赢疫情防控战：每个人都找准自己的位置,01/24
#与思源一起驰援湖北疫情#我在“一份爱心一份力量，共抗疫情”项目捐款成功！希望我小小的力量和@凉舟sadVv一起，在大大的世界里温暖更多人。@中华思源工程扶贫基金会一份爱心一份力量，共抗疫情,01/25
#郑爽甜度超标#我不明白点进明星热搜，说什么时候了还买热搜的人，你没看见疫情的相关热搜吗？二十几个不够你看的？让我揣测一下你的心理，打开微博五十个热搜点进去，二十多个和疫情相关的不看，专门就找哪个明星在热搜，点进去就是一通发泄，至于疫情扩散到哪了？要怎么预防？你真的不在意，反正只是想借机会骂人！,01/25
#与思源一起驰援湖北疫情#小善意，大温暖。我在“一份爱心一份力量，共抗疫情”项目捐款成功！和@王一博公益站一起用善举温暖更多心灵！@中华思源工程扶贫基金会一份爱心一份力量，共抗疫情,01/25
#最新疫情地图#【确诊1353例！全球最新疫情地图】截至2020年1月25日13时30分，全球范围内共有15个国家发现新型冠状病毒确诊或疑似案例，其中确诊案例共计1353例，疑似案例共计1978例。（环球时报）,01/25
#与思源一起驰援湖北疫情#予人为乐，与己而乐。我在“一份爱心一份力量，共抗疫情”项目捐款成功！让我与@胡一天后援会一道成为传递爱与快乐的使者。@中华思源工程扶贫基金会一份爱心一份力量，共抗疫情,01/25
#与思源一起驰援湖北疫情#赠人玫瑰，手有余香。我在“一份爱心一份力量，共抗疫情”项目捐款成功！@中华思源工程扶贫基金会http://t.cn/A6PGnBmT,01/25
#与思源一起驰援湖北疫情#予人为乐，与己而乐。我在“一份爱心一份力量，共抗疫情”项目捐款成功！@中华思源工程扶贫基金会http://t.cn/A6PGnBmT,01/25
『全国新型肺炎疫情实时动态-丁香园·丁香医生』O网页链接,01/25
#与思源一起驰援湖北疫情#赠人玫瑰，手有余香。我在“一份爱心一份力量，共抗疫情”项目捐款成功！愿我和@王一博公益站让爱心传递。@中华思源工程扶贫基金会一份爱心一份力量，共抗疫情,01/25
能让武汉封城，北京所有庙会取消，贺岁电影全部下架，全国戒备百城空巷，疫情一定严重。请放下你的盲目自信。请照顾好自己和家人，对自己和家人朋友负责，请不要点赞，请转发，请相互转告！,01/25
#与思源一起驰援湖北疫情#我在“一份爱心一份力量，共抗疫情”项目捐款成功！希望我小小的力量和@Galaxy_fanfan_吴敌风火抡一起，在大大的世界里温暖更多人。@中华思源工程扶贫基金会一份爱心一份力量，共抗疫情,01/25
#与思源一起驰援湖北疫情#予人为乐，与己而乐。我在“一份爱心一份力量，共抗疫情”项目捐款成功！让我与@周震南全球后援会一道成为传递爱与快乐的使者。@中华思源工程扶贫基金会一份爱心一份力量，共抗疫情,01/25
#与思源一起驰援湖北疫情#我在“一份爱心一份力量，共抗疫情”项目捐款成功！希望我小小的力量和@素秋暮商一起，在大大的世界里温暖更多人。@中华思源工程扶贫基金会一份爱心一份力量，共抗疫情,01/25
#与思源一起驰援湖北疫情#小善意，大温暖。我在“一份爱心一份力量，共抗疫情”项目捐款成功！和@蔡徐坤粉丝团官微一起用善举温暖更多心灵！@中华思源工程扶贫基金会一份爱心一份力量，共抗疫情,01/25
这两天睡不踏实说是忧国忧民实则什么都帮不了心里很乱恨贪一时嘴快的罪人心疼前线的医护人员心疼感染的病人愤怒隐瞒的恶人更担心身边的人这是最难忘记的一个年希望这场疫情早些过去希望每个人都可以健健康康平平安安度过这次难关天佑中华🙏,01/25
#春节在家真实状态#吃，睡，玩手机，关注疫情发展，随时准备抢购防护用品吃，睡，玩手机，关注疫情发展，随时准备抢购防护用品吃，睡，玩手机，关注疫情发展，随时准备抢购防护用品,01/26
『实时更新|武汉新型肺炎全国疫情地图』O实时更新|新冠肺炎疫情地图,01/26
祈愿疫情早日化去，人人身体康泰，让我们一起透过自己的努力来帮助这个世界！祈愿世界充满和平，国家繁荣昌盛，阳光照遍心灵！一切有情，鼠年吉祥！——当下自在#当下自在#佛教,01/26
大陆人是吃软不吃硬的，就像疫情刚开始时，台湾要是能说出提供资源协助的话，绝对是能加分，导致大陆政府会被动。然鹅dpp出口限制、绿营媒体和酸民的恶毒攻击、加上台湾人的恶意造谣传谣，导致哪怕我大学同学那种傻白甜政治冷淡的人，都能说出梧桐的话，台湾dpp和国民党真是把大陆人彻底得罪了！,01/26
半夜突然这个点醒打开微博看疫情增加例太扎心了人生无常希望我爱的人都平安。,01/26
疫情中的武汉，空无一人，#武汉加油#希望可以尽快挺过去,01/26
#与思源一起驰援湖北疫情#赠人玫瑰，手有余香。我在“一份爱心一份力量，共抗疫情”项目捐款成功！愿我和@张铭恩国际粉丝后援会让爱心传递。@中华思源工程扶贫基金会一份爱心一份力量，共抗疫情,01/26
#与思源一起驰援湖北疫情#予人为乐，与己而乐。我在“一份爱心一份力量，共抗疫情”项目捐款成功！让我与@王一博公益站一道成为传递爱与快乐的使者。@中华思源工程扶贫基金会http://t.cn/A6P5Q5x7,01/26
#与思源一起驰援湖北疫情#赠人玫瑰，手有余香。我在“一份爱心一份力量，共抗疫情”项目捐款成功！@中华思源工程扶贫基金会http://t.cn/A6PGnBmT,01/26
领导干部，请答疫情防控这道题。O人民网评：疫情是考题，各级领导干部请答卷,01/26
小蛮腰都打起口号来了抗击疫情众志成城为了响应国家口号我天天在家躺着为社会做贡献🤣,01/26
#与思源一起驰援湖北疫情#小善意，大温暖。我在“一份爱心一份力量，共抗疫情”项目捐款成功！和@王一博公益站一起用善举温暖更多心灵！@中华思源工程扶贫基金会一份爱心一份力量，共抗疫情,01/26
#辽宁肺炎##营口肺炎#营口盖县盖州市线沟村，一点没意识到疫情的严重性，没有宣传，没人戴口罩，互相还说谁谁谁是从武汉回来的，但也没人注意，大年初一还挨家挨户拜年，拜完年还串门子呢！五六十岁以上的老人不当回事，就连二三十岁的年轻人也不当回事！希望村里加强宣传，加强宣传，加强宣传！！！我在外边干着急使不上劲啊,01/26
#与思源一起驰援湖北疫情#与爱同路，让爱回家。我在“一份爱心一份力量，共抗疫情”项目捐款成功！愿我和@王一博公益站一起放大爱的力量！@中华思源工程扶贫基金会一份爱心一份力量，共抗疫情,01/26
ASTRO请问今年的AAF有姐妹一起🐛吗（我一定能抢到票！）上海出发✈️周五-周一吧周日回来也可想找姐妹一起拼宿&排队俺不想一个人有点害怕没有不能推掉行程或者不可抗力意外绝不🐦欢迎集美们滴滴我希望此次的疫情能够早点过去天佑武汉🙏🙏🙏天佑中国🇨🇳🙏🙏🙏🙏,01/26
#抗击疫情联合行动#予人为乐，与己而乐。我在“抗击疫情我们在行动”项目捐款成功！@中华慈善总会http://t.cn/A6PIPh89,01/27
2020年很多事情都发生的猝不及防，肺炎疫情，科比坠机，国外突发事件，太惊心动魄。晚上看到经典咏流传唱的《草》，很感动，又觉得有了力量，我们定胜利。窝在家里看着张爱玲的小说，第一炉香和第二炉香很是悲伤，还好，倾城之恋让我在紧张中看到一个比较圆满的结局，虽然以整座城市摧毁最为代价。,01/27
#抗击疫情联合行动#为爱前行，我一直在路上。我在“抗击疫情我们在行动”项目捐款成功！@中华慈善总会http://t.cn/A6PIPh89,01/27
娄勤俭调研指导疫情防控工作时强调：坚决打好打赢没有硝烟的战争O网页链接,01/27
疫情控制后，你最想见的人是谁？,01/27
1月27大年初三，回家。还有十分钟生日就过了赶紧许个愿🙏……下午回来去超市买菜进门需要测体温，时光贵州也关闭了。媛回城时路上也有测体温的关卡疫情防控进入最高级别,01/27
#抗击疫情联合行动#予人为乐，与己而乐。我在“抗击疫情我们在行动”项目捐款成功！@中华慈善总会http://t.cn/A6PIPh89,01/27
我正在看【上海救治专家组组长：防控疫情，建立快速诊断体系是核心_澎湃商学院_澎湃新闻】，分享给你，一起看吧！上海救治专家组组长：防控疫情，建立快速诊断体系是核心_澎湃商学院_澎湃新闻O上海救治专家组组长：防控疫情，建立快速诊断体系是核心,01/27
【中国记协致信慰问新闻工作者】慰问信湖北省武汉市等地发生新型冠状病毒感染的肺炎疫情以来，新闻工作者坚决贯彻习近平总书记重要指示精神和党中央国务院决策部署，不畏艰险、奔赴一线，及时报道疫病信息并普及防治知识，深入报道各级党委政府防控疫情的有力举措，充分反映医疗卫生工作者的不懈努力，全面展示社会各界齐心协力战胜疫病的最新进展，展现了服务大局、服务人民的政治品格，忠于职守、无私奉献的职业精神，顽强拼搏、忘我工作的优良作风。我们谨向奋战在疫情防控新闻报道工作一线的新闻工作者致以诚挚的慰问和崇高的敬意！向正在参与“新春走基层”活动、坚守在新春报道岗位上的同仁们致以亲切的问候！防控疫情乃当务之急，人民生命重于泰山。主要新闻单位按照统一部署选派精干人员到现场一线采访报道。我们看到，新闻工作者践行增强脚力、眼力、脑力、笔力要求，及时准确、公开透明报道疫情信息，全面准确解读有关政策，把党中央各项决策部署和各地各部门有力措施传播到千家万户。新闻媒体履行职责使命，正确引导舆论，坚决维护社会稳定，传播科学防控知识，增强群众防病意识，把共克时艰、战胜疫情的信心传递到亿万人民。我们期望，一线记者积极配合疫情防控工作，做好科学防护，确保身体健康和采访安全。新闻单位为新闻工作者采访提供坚强保障，对关键时刻敢打硬仗、危难关头挺身而出的记者给予有力呵护。社会各界对新闻工作者开展采访报道工作给予配合帮助。我们坚信，在以习近平同志为核心的党中央坚强领导下，全国人民坚定信心、同舟共济，凝心聚力、众志成城，必定打赢这场疫情防控阻击战！新闻媒体和新闻工作者定会为打胜这场战役提供有力舆论支持、激发强大精神力量！中华全国新闻工作者协会　2020年1月27日,01/27
#抗击疫情联合行动#希望在大大的世界里，付出一点点温暖。我在“抗击疫情我们在行动”项目捐款成功！@中华慈善总会http://t.cn/A6PIPh89,01/27
这两天大家都因为疫情的事，弄得人心惶惶，今晚一学医的同学问我昆明是不是成座空城了，我开玩笑说:不还有我的嘛。很理解大家的心情可在这样的特殊时期我们要更加理性，做好自我防护，少去人多的地方，非要去到的话还是戴好口罩，为自己负责也为他人负责，不造谣，不传谣，尽量减少造成更多人恐慌，我们需要的是提高意识，加强对疫情的防范，而不是去造成恐慌，甚至让一些市民失去理智开始一些不合理的方式来应对疫情，这样只会给别人增加麻烦，如果你正在自己工作岗位上就做好防护好好工作，诺大的城市还需要运转，城里的人们还需要生活，疫情它并不是一天两天就能结束的，所以还需要我们的工作。希望我们可以早日战胜它,01/27
人生忽如寄，寿无金石固万岁更相送，闲圣莫能度今天早上四五点钟迷迷糊糊醒了，本想解锁手机看看关于抗击疫情的最新进展，结果看到了科比去世的消息，一时间不敢相信是真的，直到反复确认。一颗璀璨传奇耀眼的明星，前一刻还活跃在世界的舞台，结果说没就没了，真的是人生无常呀，谁也无法逃脱命运呀。刚才刷抖音，看到一段视频，一位足球解说员解说比赛过程中得到消息后想起上面四句诗，细细品来，又添万千感慨，加上最近疫情肆虐，回到单位后目前又处于自行隔离的状态，现世感更加的强烈。正因为生命无常，有这么多的意外，我们才更要牢记初心，不忘初心，在这世间潇洒走一回。且行且珍惜吧。希望疫情尽快被战胜。,01/27
#专家回应假期是否需再延长#这个疫情地图一天没更新了，怕不是不好公开了或者太严重了,01/27
#抗击疫情联合行动#为爱前行，我一直在路上。我在“抗击疫情我们在行动”项目捐款成功！@中华慈善总会http://t.cn/A6PIPh89,01/27
#抗击疫情联合行动#为爱前行，我一直在路上。我在“抗击疫情我们在行动”项目捐款成功！@中华慈善总会http://t.cn/A6PIPh89,01/27
#淮安爆料#【关于临时关闭淮安市境内部分高速公路收费站的通告】为防控新型冠状病毒肺炎疫情，根据淮安市疫情联防联控领导小组要求，定于1月27日18时起临时关闭淮安市境内部分高速公路收费站。高速公路收费站分别是：1、淮安区境内：G1516盐洛高速马甸收费站2、淮安区境内：G1516盐洛高速车桥收费站3、淮阴区境内：G1516盐洛高速凌桥收费站4、淮阴区境内：G2京沪高速淮安北收费站5、洪泽区境内：G25长深高速五里牌收费站6、涟水县境内：G25长深高速涟水收费站7、涟水县境内：G25长深高速高沟收费站8、盱眙县境内：G25长深高速铁山寺收费站9、盱眙县境内：S49新扬高速黄花塘收费站10、盱眙县境内：S49新扬高速盱眙北收费站11、盱眙县境内：S92金马高速东阳收费站。请合理规划出行线路，服从现场民警指挥。带来不便，敬请谅解。具体开通日期和时间另行通知。特此通告。淮安市公安局交通警察支队2020年1月27日,01/28
隔离在家无聊的补发1月20日的结婚照片，新的一年祝所有人红红火火，快快乐乐，平安健康。。。武汉加油！湖北加油！中国加油！早日解除疫情封锁，让我回深工作,01/28
今年唯一开心的事就是能看了场大雪！平生第一次希望早点把年过完！希望疫情早点过去，恢复正常工作和生活！2020年全世界人民不一样的一年！㊗️安好！,01/28
疫情过后我们要更加努力工作,01/28
#抗击疫情联合行动#我在“抗击疫情我们在行动”项目捐款成功！希望我小小的力量和@Ambition16096一起，在大大的世界里温暖更多人。@中华慈善总会抗击疫情我们在行动,01/28
疫情这么严峻，公共场合不戴口罩，确实于人于己都不负责任的，但武汉的“不听劝阻构成违法犯罪，追求刑事责任”的前提是大家都得有口罩啊！没有口罩但又急需治疗人怎么办？四五天来去了好多家药店，都没有口罩供应，在药店稍作停留，就发现不断有人来买，且有意思的是，大家问的第一句话不是以往的“买*个口罩”，而是“你家这边有口罩吗？”天天要大家戴口罩！戴口罩！问题是：口罩在哪里有呀？,01/28
#抗击疫情联合行动#希望在大大的世界里，付出一点点温暖。我在“抗击疫情我们在行动”项目捐款成功！@中华慈善总会http://t.cn/A6PIPh89,01/28
#白岩松#世界上本没有白岩松对话钟南山，传的多了，就有了#钟南山谈疫情##今晚没有白岩松对话钟南山#,01/28
疫情肆虐，窝在家里看春晚，聊聊天，发微信，刷微博，欢欢喜喜过大年，其实，也是一种幸福....,01/28
国新办举行新型冠状病毒感染的肺炎疫情联防联控工作新闻发布会O网页链接,01/28
友情提醒大家别出门，实在无聊可以找我网恋，疫情结束就奔现，好好在一起经历过生死离别的人，更懂得珍惜比此之间感情。永恒总在梦醒时，眷恋总在离别后。网恋私聊我,01/28
#最新疫情地图#在病毒感染的恐惧中，很多人应对的方法就是——抓起平时预防流感、细菌的药物，碰碰运气塞到嘴里。被谣言眷顾频率最高的就是奥司他韦（达菲）、利巴韦林（病毒唑）、连花清瘟、抗生素和板蓝根等常用药物。,01/28
『实时更新|武汉新型肺炎全国疫情地图』O实时更新|新冠肺炎疫情地图,01/28
自治区党委常委会召开扩大会议：深入动员组织坚决打赢疫情防控阻击战役O自治区党委常委会召开扩大会议：深入动员组织坚决打赢疫情防控阻击战役,01/28
世卫组织肯定中国应对新型冠状病毒疫情工作O世卫组织肯定中国应对新型冠状病毒疫情工作,01/28
#疫情结束见面谁也别笑谁胖#毫不夸张的说、如果我用养我自己的方法去养猪、我肯定是个富婆,01/29
哪都不能去了，疫情还在疯长💊💊💊💊武汉加油,01/29
邀请码【1980699】，3个好消息来了！事关你近期的出行、房贷！因疫情暂无收入的...O掘金宝,01/29
#春节消食运动#春节为祖国做贡献春节期间，疫情愈加严重，窝在家里，为祖国做贡献#春节摄影大赛#O绿洲,01/29
刚刚收到世卫组织的媒体邮件：30号将第三次召开关于中国疫情的紧急会议，以决定是否构成“国际关注的突发公共卫生事件”（PHEIC）。紧急委员会将就疫情是否构成PHEIC向总干事提供建议。讨论结果将于瑞士时间30日晚间19:30左右公布。此前，世卫组织已经于1月22日和1月23日召开了两次针对中国疫情的紧急会议，均表示宣布PHEIC为时尚早。#世卫组织##新型冠状病毒#,01/29
#抗击肺炎关爱医护#小善意，大温暖。我在“疫情一线医护•守护者后盾行动”项目捐款成功！和@亚太23栋一起用善举温暖更多心灵！@北京感恩公益基金会http://t.cn/A6PXaeWI,01/29
#抗击疫情守护全国老年人#赠人玫瑰，手有余香。我在“阻击疫情守护老人健康”项目捐款成功！@中国老龄事业发展基金会http://t.cn/A6PMOEyw,01/29
#抗击疫情希望同行#赠人玫瑰，手有余香。我在“抗击疫情-希望工程特别行动”项目捐款成功！愿我和@suqing5210_290让爱心传递。@中国青少年发展基金会抗击疫情-希望工程特别行动,01/29
#允许疫情高发区人员适当延期返程#北上广深都属于严重区域,01/29
目前最大的愿望就是尽可能快的结束疫情漫长的凛冬对我而言已经过去，所有的不愉快都和拜拜肉一起拜拜吧，渴望在这美好的世界复苏过来，好多年没有这种心情了新的一年，小可爱们，你准备好变富变美变聪明了吗?一起记录生活，一起忘记啰嗦事吧今天，老爸盯了我半天，一直劝我去纹眉毛，太可爱啦老妈每天都打击我的相貌，只有老爸鼓励我，从前啊，干什么都要扯上妈妈，长大后反而和爸爸越来越亲了，我老爸最爱我,01/29
今日上线打麻将和甜甜互相化了漂漂的妆🤫和宇哥玩两局吃鸡（虽然都没吃到🤷今日份愿望还是想疫情快快好起来我可以出去见我想见的人🉑,01/29
在小仙太冷回到河西太热一冷一热给感冒了好痛苦今天和咸鱼一样躺着不能吃辣不能吃冷没有做瑜伽没有锻炼没有学习一直睡觉我妈还一直担惊受怕问我发烧没瘆得慌体温计也摔坏了一整天昏昏沉沉啊啊啊每天第一件事是看疫情怎么样揪心难过可能真的看后会悲观每天希望减少人数我依然会坚信2020还是很美好的一起期待一起努力一起加油慢慢会好的半夜醒来胡思乱写一通明天感冒快快走,01/29
vipkid真牛逼疫情都这样了还要求3号之前开单让家长掏钱员工一共可能休息两天？初三玩命要加课了,01/29
#驰援湖北我们在行动#予人为乐，与己而乐。我在“驰援湖北共抗疫情”项目捐款成功！@河北慈善联合基金会http://t.cn/A6Pqjtm4,01/29
#宅在家里每天的日常##心安理得宅在家有多爽#过完一个年胖了多少疫情是否能尽快得到控制O当你心安理得宅在家时你的内心感受是怎样的？,01/29
唐老师屋头真的呆不住了什么时候疫情才会过去啊,01/30
转过来啦！艾欧尼亚的兄弟姐妹们加我加我！近期玩不了，因为疫情网吧被ban了,01/30
#抗击疫情希望同行#希望在大大的世界里，付出一点点温暖。我在“抗击疫情-希望工程特别行动”项目捐款成功！@中国青少年发展基金会http://t.cn/A6Pxmou3,01/30
#2Y#今天是农历两岁，正式步入Terrible2了。最近疫情施虐，全家进入宅家专心带娃模式，一家人每天听的她最多话的是，“我不要，不行！”本着尊重孩子本心的理念我们也都尽量做到有商有量不强迫服从，结果是孩子高兴了大人搞得精疲力尽今天孩子爸爸认真的说：带娃好难啊，有什么书本可以给我学学吗孩子妈妈内心回答——这才万里长征第一步而已当然，带娃过程有疲惫更有惊喜，基本对话对答如流，像个小海绵一样基本教她什么都能get到重点消化吸收，可以听懂指令做点小跑腿的事情，会反馈，爱探索，贪吃爱玩～（比狗有用)最重要得是，会对爸妈表达强烈的依恋情感，老父母深感欣慰。诶，真是甜蜜的负担。,01/30
其实在澳洲大火的时候看见一些说反正不是我们国家起火的评论就想说。当灾难降临的时候。没有任何人是可以独善其身的。华南海鲜市场吃野味的人不会觉得自己吃个野味会对全国甚至全球造成不可磨灭的灾难。疫情刚爆发时意识不强的人也可能觉得自己不在武汉。自己离武汉很远。灾难永远不会轮到自己。可事实上所有极小的事情也会造成蝴蝶效应。没有任何人可以独善其身。灾难其实也不以人的意志为转移。,01/30
关于新冠肺炎疫情期间的宠物问题，这条新闻对李院士的话做了补充解读。希望那些往街上、楼下扔宠物的胎神和刽子手能冷静一下，先搞清楚别人到底在说什么。L樱华的微博视频,01/30
现在面对疫情医疗资源实在太紧缺了。中国加油🇨🇳，一切都会好起来的。,01/30
#宠物接触到疫情也需隔离#最近非常时期都只能用jio撸狗了,01/30
希望微博能出一个无疫情版，让我看看阳间的东西吧,01/30
#驰援湖北我们在行动#希望在大大的世界里，付出一点点温暖。我在“驰援湖北共抗疫情”项目捐款成功！@河北慈善联合基金会http://t.cn/A6Pqjtm4,01/30
等这次疫情过去我没有想要见的人也没有想要去的地方还真挺羡慕你们的。,01/30
财政部：为打赢疫情防控阻击战提供坚强政治保证O网页链接,01/30
这段时候看了好多新闻，五味成杂，跟帆帆嘉文都聊天，说着说着回忆翻涌，大学时候度过的日子都一起走过，说疫情过去了一定再相见。想起日本福岛核辐射泄露的时候，那时候说苏州上海都沿海，大家买碘酒的样子，生于这样的时代，没觉得不好，感恩所拥有的一切。也觉得有个姐姐真好，分担着一切。一直不喜欢冬天。更加期待春天到来，那时候一切一定会好。总喜欢说未来都会好，都会好的。庆幸自己没有孩子，如果为人父母，也许更加珍惜现在所拥有的一切。未来不在强求很多事。平安喜乐，即是最大幸事。,01/30
#抗击疫情希望同行#予人为乐，与己而乐。我在“抗击疫情-希望工程特别行动”项目捐款成功！@中国青少年发展基金会http://t.cn/A6Pxmou3,01/30
凌晨如果世卫组织把这次疫情定性成为重大紧急事件，被针对被排挤被孤立的就不仅仅是武汉人或者湖北人了。而是我们全部中国人。当枪口对准你的时候，你还能举报谁？“永远不要对其他人扔出你手中的石头“，说出来简单，做起来难。我还是认为保持同理心更重要，哪怕对自己形成所谓的创伤。,01/30
嗨，我想你了拿起手机编辑好信息我又删了有些话放心里挺好希望这个疫情我们都可以平安度过晚安！,01/31
#世卫组织将疫情列为国际关注突发公共卫生事件#所以咱们要倒退了？,01/31
#who将疫情列为国际关注突发公共卫生事件#真是没想到有天会为了忧国而熬夜,01/31
快点过去吧这波疫情..我大中国太南了然后估计4月份的欧洲行要狗带了...,01/31
等疫情结束后，必去武汉一趟🙏🙏,01/31
#抗击肺炎关爱医护##医护后盾#予人为乐，与己而乐。我在“疫情一线医护•守护者后盾行动”项目捐款成功！您每捐款1元，新浪集团同时配捐1元@北京感恩公益基金会http://t.cn/A6Pfslok,01/31
国际关注突发公共卫生事件意味着什么？#世界卫生组织##世卫组织宣布疫情为国际关注的突发公共卫生事件#『国际关注突发公共卫生事件意味什么?世卫6次宣布』O国际关注突发公共卫生事件意味什么?世卫6次宣布,01/31
去逛街，瑞典小哥问要不要免税单（短期停留的游客才能退税），我随口说要，小哥就问我从哪里来，我说中国，小哥脸上笑容逐渐消失。。。估计是一个关心国际大事的小哥哥。直到我说要用会员卡积分拿出身份证气氛才缓和。。在国内分哪个省份，出国了大家都是中国人，荣损与共。希望疫情尽快过去。,01/31
我的国家一定会坚强战胜疫情，加油!,01/31
甘肃新的疫情通报，又增加了新确诊患者的基本情况。,01/31
『实时更新|新型冠状病毒肺炎全国疫情地图』O实时更新|新冠肺炎疫情地图,01/31
"我分享了【防控疫情广播系列微剧《丁丁和爸爸》第一集】,快来看吧！|O防控疫情广播系列微剧《丁丁和爸爸》第一集",01/31
#疫情过后你最想见的人#最想见见高福，问问他为国背锅的感受,01/31
疫情快点结束吧生活也要尽快有序起来感觉各种乱糟糟的好多事情都被困住了,01/31
勇敢地去面对爱你的人#最新疫情地图##每日运势#,01/31
