question_name,answer_content,voteup_count,comment_count,created_time,updated_time
怎么评价钟南山院士？,因为家里的原因，我从小也算是钟院士看着长大的，也就只是他知道我是谁谁儿子有些场合会见到那种，小时候生了一场大病，也算是钟院士救回来的，钟院士对我有恩，我的看法可能没有那么公正各位兼听一下吧。我小时候觉得钟院士就是个很魁梧，很酷很有自信的叔叔，虽然那时候已经是所长也是院士了，但也很爱玩，跟大家出去旅游打球，给周围的人带来很多正能量。（哈哈哈哈哈哈哈哈论年纪应该叫爷爷但是没办法钟大真的看着太年轻了|･ω･｀)）后来非典爆发了，那时我好像才上小学吧，没什么特别的感触，只是觉得这个叔叔很厉害，救了很多人。随着我的长大，我渐渐知道了钟院士的各种事迹，也了解的当时非典的凶险程度，从而更加倾佩他了。因为外出求学，钟院士也越来越忙，我多年没有见过钟院士，上一次见到他已经是几年前暑假我去呼研所办公室打杂的时候，因为办公室的楼层跟院士的办公室是同一层，有几次在电梯口碰见他，他会跟我打招呼，也会跟清洁阿姨打招呼，对每个人都是善良以待，不谈他的贡献他也肯定是一个热心而真诚的人。准备开学的时候，刚好遇到一个纪念活动，我也去帮忙打杂，钟院士也出席了那个活动，我现在还记得他在谈及某项医学技术的未来的时候，眼里是有光的，他的发言很有感染力，我觉得在场的人都能感受到那份对未来的希望和他对未来的期待，他勉励各位都要不断的学习，不能落后给他这个80后。反正我也不太会表达，但我觉得钟院士的的确确是有一份赤子之心的。他非常聪明，在场的时候可以让每个人都如沐春风，但是他有他坚持的东西，我想这份初心应该是更在他的聪明之上的。,30,1,2020-04-07 21:06:16,2020-04-16 08:57:34
钟南山做了什么?,因为神化不可取，所以有功劳也得磨灭打成罪人。教员是这样，钟南山也是这样，传统艺能了。,9,1,2020-04-15 11:44:04,2020-04-15 11:44:04
钟南山和袁隆平，哪个对国家的贡献更大？,我觉得是钟南山吧，因为袁隆平自己也承认自己犯了一点错误。,435,42,2020-04-06 08:42:51,2020-04-06 08:43:05
钟南山挂号费 1200 元值吗？,钟南山挂号费1200太贵？他儿子用爱马仕扎眼？谁规定医生必须清贫乐道？疫情刚刚好转，抗疫第一功臣钟南山院士，出诊挂号费1200被嫌贵的话题又被炒得火热。网上随便一条相关帖，都有四五十万人的讨论。有网文说：“钟南山挂号费1200，不管什么专家也太贵了，医院不只是给富人看病。”居然得到多人点赞，真是无理且可笑。谁家老人80几岁还工作啊，再说人也不缺你这点挂号费。钟老是全球顶级的专家，专业领域内泰山北斗级的人物，说他日理万机，一字千金，一点儿都不夸张。而且老人家八十多岁了，他自己说，想查房都会被医护人员拦住，因为，像他这样的资源，实在太珍贵太稀有了，懂行的人不舍得他浪费哪怕一丁点的精力。这样的人，没住进豪宅，专门给达官显贵瞧病，反而还在广州医科大附属第一医院照常出诊，网上就能挂号，难道还不够医者仁心，还不能称百姓之福吗？客观来讲，1200元的挂号费对于普通病患而言，确实不便宜，但根据钟南山的级别和分量，这也是市场行价，不存在故意抬高或虚报的情况。真站在治病救命的角度来说，别说1200，就是加个零，再加个零，跑来求助的人还不是照样踏破门槛。人们对所谓“天价挂号费”的质疑，让我想起前不久一则消息。因为某节目中，钟南山的儿子钟帏德系了一条“爱马仕”的皮带，好多人指责他“不朴素”、“太扎眼”，还上纲上线地说，钟南山的儿子不该享用奢侈品，不然就是个“败坏家风、沉迷物质、靠父亲当官”的人......他爸那么人神共敬，儿子怎么能这么“不长进”？于是网友开始把钟帏德的底细扒了个底儿朝天。结果发现，钟帏德是广州市第一人民医院教授、主任医师、博士生导师、国家级百千万人才……国际著名的哈佛大学附属医院麻省总医院，破格聘请他这个“外国人”当主任医师。这样的杰出人才，如果想系一条几千块钱的名牌皮带，明显不需要“找爸爸”。他想过什么生活，也犯不着依靠父亲钟南山的名头。毕竟，即使只是个小小的打工族，偶尔奢侈一把，买个爱马仕，也算不算新闻啊。所以，舆论喧哗一通之后，又复归平静。为什么我们能接受明星一张演唱会门票动辄好几千，卖个廉价二手货都能赚几千；能接受一年换一次手机，抽烟喝酒一花好几百，来个可能拯救自己生命的千元挂号费却嫌贵呢？可能这些人也不是真觉得贵，就是从内心觉得，钟南山这样的人，就该两袖清风、一心为民，不该对金钱有欲念吧。现在很多人，动不动就站在道德制高点的人，说起“医生”“教师”“警察”就谈伟大、奉献，就仿佛从事这些职业的人没有吃穿住用行的需求，没有柴米油盐酱醋茶的生活。试问，自己都做不到的事，为什么总拿来要求别人呢？而且，往往网络上这些“喷子”，还不是真正的穷人。真正那些完全拿不出1200挂号的人，后续的治疗更无力负担。他们更多想的可能是怎么保命看病，而不是去指责别人。比较欣慰的是，多数网友的声音还是比较理性的。显然钟老这个级别的，基本都是看疑难杂症的。院士自己早就说过了，他会筛选病例的，并不是有钱就行，他只治重症。普通的感冒发烧，社区诊所就可以解决了，没必要去找他，浪费医疗资源。如果弄个50块钱一次，估计普通的病人肯定都来烦他，毕竟一样价格，更高的医术我为什么不选呢？这样的话，不是浪费了宝贵的医疗资源么？有网友说，以钟老这个级别和资历，只要愿意，有钱人50万一年请他当家庭医生，不用来人，只要接电话就行，都踩破门槛……我估计我说的价格还太低……话糙理不糙，事实如此啊。说起来，不管是科研还是出诊这些事情，钟老现在即使在场，更多也只是起稳定军心的镇守作用。他80多啦，工作量太高也吃不消。所以找个挂号费，象征意义更大于实际。日前，钟南山院士的家在网上曝光，视频中可以看到，钟南山夫妻俩住在广州医学院里的普通公寓楼中，沙发是老式的碎花沙发，空调是老旧的机型。好玩的是，记者发现桌子上的果盘居然是一座奖杯，看起来分量十足的奖杯上面，装满了橘子、橙子、葡萄还有香蕉。钟夫人说，因为家里太小放不下，其他奖杯也都收起来了。这是真正的国士之风。所谓青山不墨千秋画，绿水无弦万古琴。我想，对钟老这样国宝级的人物来说，网上的议论都是浮云。但我们作为吃瓜群众，不能有那么多的理所当然。不能总是觉得我弱我有理，你强你活该！救死扶伤是医者本分，掏钱看病也是社会规则。谁家老人80几岁了还四处奔波，忙着救人。将心比心，凭什么他就该苦哈哈过穷日子呢？不要站在道德的制高点去指责任何人。撇开腿，叉着腰骂人，只会让自己显得更矮。大家说呢？,74574,4889,2020-04-01 19:37:03,2020-04-01 19:37:03
如何看待钟南山否认商业代言传闻?,我担心钟老误会了「广告代言人」的含义，所谓代言，不一定是要手捧产品出现在广告牌上，旁边带一个「XX 形象大使」的头衔。根据广告法，只要用个人名义对某种产品或者服务进行推荐，都可被视为广告代言人。详见《广告法》第五条：本法所称广告代言人，是指广告主以外的，在广告中以自己的名义或者形象对商品、服务作推荐、证明的自然人、法人或者其他组织。比如说，我在这里使用知乎好物推荐功能，打一个无糖的虚假快乐水广告，跟大家说「我，王瑞恩，从小喝可口可乐，现在每天都要喝两罐。我信得过可口可乐饮料公司，就是因为你们有高质量」。从广告法意义上来说，我已经是可口可乐的广告代言人了。不一定直接接受广告费才可以被认定为广告代言人，在实践中，就有主持人应邀有偿主持公司举办的活动而被认定为广告代言人的例子：在《谭次洪、谭侃与湖北世匠装饰设计工程有限公司、湖北广播电视台等侵权责任纠纷一审民事判决书》（2018）鄂0111民初5693号）中，法院认为，装修公司聘请湖北电视台的主持人沈馨作为晚会主持人，并在晚会上作出「世界500强旗下企业」、「全行业ISO9001国际认证」、「国家最顶级的双A甲级资质」等宣传，属于代言行为。钟南山院士所说的「我从来没有给任何企业和产品代言」指的可能是没有和企业签订广告推广协议，但这并不必然否定了他从法律意义上成为广告代言人的可能性。应企业邀请参加活动并且在过程中推荐了商品，同样有可能构成广告代言。利用网络进行直播带货，就是一种广告代言的形式：钟南山走进直播间，为黔南带货刺柠吉_贵州作为广东人，我个人非常尊敬和感谢钟南山院士，是他所从事的公共卫生事业最直接的受益者之一。因此，我宁愿相信钟南山院士仅仅是因为不熟悉广告法相关概念，在不知情的情况下进行了广告代言。即便是真的与企业达成商业合作，我也非常支持，甚至希望有更多的科学工作者能向明星一样为优质产品站台，希望研究者们大大方方走到镜头前，通过商业收益改善自己的生活（正如我我希望建政和商业能挂钩一样）。钟南山谈商业而色变，这其实是一种悲哀，背后是社会对科研工作者「又要马儿跑、又要马儿不吃草」的苛求。,2803,154,2020-05-17 14:42:36,2020-05-17 14:57:16
为什么钟南山没有接班人？,钟南山并没有挑大梁或者主持大局，钟是高级别专家组组长，说白了就是负责评估疫情为中央提供建议。另外就是稳定人心。这种人在古代叫什么？叫钦差，钦差年龄大资历老从来不是坏事。年龄越大资历越老反而更能稳定人心。新冠作为呼吸科传染病，卫健委高级别专家组包括了呼吸科第一人钟，传染病第一人李，以及疾控中心主任高，可以说在业务上涵盖了所涉及领域最有话语权的几个人，这就是钦差组，哦不，高级别专家组的任务。钟所在的广医一附院肯定也有一些中青年专家能力出众，也许可以被定义为钟的接班人，但只要钟还有能力，那他就是执行钦差任务的不二人选。至于制定防疫政策细则，接受和诊治患者并不是他们的主要工作。,0,0,2020-04-22 22:59:23,2020-04-22 22:59:23
如何看待这个人对钟南山院士的评价？,对连花清瘟的有效性很感兴趣，所以循着名字找过去看了看这位的设定是70kg的人含有50kg的水，所以要达到连花清瘟的有效浓度需要一次性吃57粒左右的药才有效这个推论错误是比较显著的毕竟人体血液量不是50升而是大概不到5升所以实际服用量其实只需要十分之一（这还是按照他的计算方法得到的）而且改善症状，这就已经是目前人们针对新冠肺炎的治疗所能进行的极限了没有特效药啊吃抗生素什么的不也是降低炎症反应不也是不治本吗目前针对新冠肺炎没有“治疗方法”采用的方法都还是用治标的方法确保病情不恶化，然后让自身免疫系统发挥作用，产生抗体然后恢复不是吃个药，然后药物就把体内的病毒都弄失活，然后人就好了至于氢气控癌和代言牛奶什么的不关心就没看但是从我看的角度来说，这个人不是很有资格质疑一位院士，他的角度也不是从学术角度进行质疑，在我这可以归为喷子一类以上,4,4,2020-06-19 13:54:39,2020-06-19 13:54:39
张文宏会不会变成钟南山一样的人?,不会，因为下一个钟南山会是王辰，张文宏的专业领域是感染，与钟南山院士无关，讨论能不能成为下一个钟南山院士，这个问题的前提是矛盾的。作为院士，王辰非常年轻，与目前的自己相比，仍有巨大的上升空间和潜力，王辰院士的科研团队是国内顶级的团队。多次在ncs柳叶刀这些顶级期刊上发表高影响因子的文章。王辰院士是呼吸与危重症医学的顶级专家，在新冠肺炎疫情中，专业程度是高出钟南山院士的。并且王辰院士起点比钟南山院士高得多。补充：钟南山院士起点虽低，但却能取得如此成就，可见是传奇人物。钟南山院士对稳定民心这一精神层面的贡献，是王辰院士目前无法比拟的，王辰院士如扫地僧般低调，钟院士敢医敢言。王辰院士是方舱医院的提出者，并且这次疫情期间王辰院士在一线开创了许多行之有效的新疗法。我国通过方舱医院收治轻症患者，有效切断了传染链，所产生的影响是决定性的。王辰院士现任中国工程院副院长、医学科学院院长，下次公共卫生受到威胁时，完全有能力扮演如今钟南山院士的角色。＝＝＝＝＝＝＝＝＝分割线＝＝＝＝＝＝＝＝＝强烈推荐纪录片——《不老人生——钟南山》。一睹钟南山院士的高尚医德！,775,306,2020-04-28 23:40:34,2020-05-07 00:36:45
如何看待钟南山向欧洲推荐中药连花清瘟胶囊与六神丸？,权威专家说有效，那应该就是有效。我们希望科研人员再接再厉，研究出来它具体有多有效，还有为什么会有效，什么化学成分导致的有效，有什么副作用，要是能人工合成出有效成分就再好不过了。,1571,150,2020-04-06 10:45:32,2020-04-06 10:45:54
钟南山院士贡献真的能和钱学森爷爷与袁隆平爷爷相提并论吗？,钟南山的贡献极大，但是恐怕不能和钱学森、袁隆平相比。事实上，钱学森和袁隆平的贡献也是不一样的。钱的贡献在于，解决了国家的生存问题，而这个问题是没有替代解决方案的，因为花钱买不着。他（和那一批科学家）实实在在的从战略上解决了“不挨打”的问题。袁的贡献也很大，但不能说他完全解决了粮食问题和吃饭问题。而是说，他给了一个非常有效的解决问题的办法。但其他的杂交水稻、粮食增产方案还有不少，且粮食至少在国际市场上还是可以买卖的（但对中国来说代价很高），所以他的贡献是极其巨大的，但可能不是不可替代，独一无二的贡献。钟的贡献离开让中国人“不生病”差得还很远。钟属于在某一领域有突出贡献的人，在推动解决（不是解决）某一领域的某一重大问题方面，他的工作比起大多数院士来说都更有显示度，但恐怕谈不上超越——比如倪光南。但就是这样，已经是凤毛麟角，极为难得了，比起他，那些只会发论文的大牛，或者有学术，没情怀的大牛就该无地自容。总之，他们都是国士无双的人物、甚至可以被纳入到民族脊梁的行列，但是具体的贡献程度和贡献领域还是不同的。,12,2,2020-06-12 10:21:02,2020-06-12 10:22:25
如何看待钟南山院士预计今冬明春新冠疫情仍会存在？,"4 月里，张文宏医生说：疫情不会在夏天结束，而且很可能会迎来第二波爆发。6月，钟南山院士预计今冬明春新冠疫情仍会存在。截至 6 月 22 日下午 16 点，海外累计确诊新冠肺炎病例将近 900 万，全球累计确诊超 903 万。通过半年以来对确诊病例的临床观察与治疗，医生和科学家们，已经对新冠有了更深的认识：新冠病毒不止会攻击你的肺事实上，从大脑到脚趾，它们没有放过你身体任何一个部位。耶鲁大学纽黑文医院的心脏病专家 Harlan Krumholz，一直以来都在带领团队收集与分析 COVID-19 的临床数据。他曾感叹：它（新冠病毒）的凶猛令人叹为观止。因为，从大脑到脚趾，新冠病毒几乎可以攻击人体内的任何部位，并造成致命性和毁灭性的后果。而这一可怕的进程，从我们不小心感染它的那一刻，就已经开始了。病毒攻击人体的得力帮手：ACE2 受体蛋白ACE2 蛋白原本的作用是参与血压调节，但是如今却成为了病毒进入人体细胞的敲门砖。如果没有 ACE2 蛋白，病毒就没有办法进入细胞，利用细胞进行自我复制。但可怕之处在于，ACE2 受体蛋白，广泛存在于血管上皮细胞的细胞膜上。也就是说，在血管上有大量病毒的「敲门砖」分布。而血管，在我们的身体中却无处不在。所以，新冠病毒一旦在疏于防范时趁虚而入，那么我们自身，就成了它们理想的孵化温床。作为人体与外界交换氧气的重要器官，肺部内有无数的毛细血管和微小气囊。气囊是由一层密集排列，且富含 ACE2 受体蛋白的细胞组成的。且气囊的旁边，会萦绕着无数的毛细血管。所以引发肺炎，造成急性呼吸衰竭，是病毒所能造成的最致命、最明显的影响。当免疫系统觉察到新冠病毒在体内造次时，会派出大量免疫细胞与病毒交战。可惜的是，破坏正常氧气传输功能的，正是我们与病毒的战斗本身。致命的自我保护机制：细胞因子风暴当免疫系统反应过于强烈时，大概率会形成「细胞因子风暴」。既然能被称得上是「风暴」二字，那么它的特点必然是：所到之处，寸草不生。别忘了一开始我们就提到的：ACE2 广泛存在于血管上皮细胞中，人体几乎每一处都有血管分布。也就是，几乎每一个地方都会成为病毒的攻击目标。有病毒攻击的地方，就会成为细胞因子风暴横扫的目标。它会对患者身体展开强烈攻击，让血管越来越脆弱。不仅如此，在细胞因子风暴横扫过的地方，会留下不计其数的死细胞和各种分泌物。当身体来不及处理这些残留的时候，它们便会凝集在一起，形成血凝块，阻塞不计其数的血管。血管阻塞的后果是什么？在大脑，会引发中风、脑膜炎；在心脏，会引发心肌炎、冠心病；在肾脏，会引发肾衰竭；在四肢，会引发静脉栓塞，手指脚趾肿胀和组织死亡；在口鼻，会丧失味觉与嗅觉；在肠道，会引起剧烈腹泻；在生殖器官，女性会引发流产，男性会降低生育能力……宝妹没有危言耸听。哥伦比亚大学欧文医学中心的科研团队在得知这一真相后，做出了这样的推断：我们越来越坚信，血凝块或可成为主导 COVID-19 疾病严重性和致死性的主要因素。新冠病毒最“偏爱”的 4 大性状从全球各国数量庞大的病理报告来看，医学家已经发现许多新冠患者，都伴随着不同程度的，其他器官的衰竭现象。出现最多的并发症，是中风。而且，许多是身强力壮的年轻人。“见人下菜碟”的新冠病毒《美国医学协会杂志》曾对纽约 5700 名新冠患者展开调研。研究发现，新冠病毒更喜欢针对患有常见基础病的人群。美国疾病预防控制中心（CDC）数据显示，在美国14个州的新冠肺炎住院患者中，重症患者患有基础病人数最多的是：高血压肥胖糖尿病令人惊讶的是，患有哮喘或其他呼吸系统基础疾病的新冠患者，重症比例反而不高。上个月，安格利亚鲁斯金大学等机构的科学家们，通过对欧洲20个国家的人群进行研究后，又发现了一个意想不到的真相：人体维生素D的平均水平较低，与COVID-19病例数较高及死亡率较高直接相关。意思是，体内的维生素 D 含量越低，对于新冠肺炎的易感程度与感染后死亡率就会越高。这是因为，维生素D可以调节人体免疫细胞的反应。它能抑制细胞风暴因子的形成，保护人体在消灭病毒的同时，不会过多地遭受攻击。5 天前，《新英格兰医学杂志》刊登了一项新研究。科学家们对来自西班牙和意大利的近 2000 名重症新冠患者，进行了全基因组关联研究（GWAS）。这项研究，又一次刷新了人类对新冠的认知：血型与发生新冠导致的呼吸衰竭风险，竟然具有很强的相关性。A型血的呼吸衰竭风险升高 45%O型血的风险则降低 35% 。简单总结就是，下面这些因素会影响一个人感染新冠的风险，以及感染后的预后：高血压糖尿病肥胖维生素D水平血型ACE2基因的多态性疫情还没结束，病毒的传染性在增强但遗憾的是，新冠病毒也在不断进化和变异。最新研究显示，新的测序结果发现了更强的病毒变异亚型。“刺突蛋白D614”基因突变可以使病毒的传染性提升9倍（实验室环境下测得）。而且食品、水、冷链这些过去我们未加重视的环境，也可能成为新冠的潜在传播途径。从这一点看，只要国外的疫情没有平息，只要病毒仍然潜伏在某个角落，只要人类还没有特效药、没有疫苗，那么新冠疫情的阴霾就不会散去。当然，好消息是中国生物的新冠疫苗今天开启三期临床了，为我们带来了一线曙光。全球首个新冠灭活疫苗 国际临床（Ⅲ期）试验正式启动珍惜生物狗吧，他们是人类的希望（/狗头）参考资料：[1]Ellinghaus, D. et al. Genomewide Association Study of Severe Covid-19 with Respiratory Failure. N Engl J Med NEJMoa2020283 (2020) doi:10.1056/NEJMoa2020283.[2] Coronaviridae Study Group of the International Committee on Taxonomy of Viruses. The species Severe acute respiratory syndrome-related coronavirus: classifying 2019-nCoV and naming it SARS-CoV-2. Nat Microbiol 2020;5:536-544.[3] Wu Z, McGoogan JM. Characteristics of and important lessons from the coronavirus disease 2019 (COVID-19) outbreak in China: summary of a report of 72 314 cases from the Chinese Center for Disease Control and Prevention. JAMA 2020 February 24 (Epub ahead of print).[4] Berlin DA, Gulick RM, Martinez FJ. Severe Covid-19. N Engl J Med. DOI: 10.1056/NEJMcp2009575.[5] Vuille-dit-Bille RN, Camargo SM, Emmenegger L, et al. Human intestine luminal ACE2 and amino acid transporter expression increased by ACE-inhibitors. Amino Acids 2015;47:693-705.[6] Wein AN, McMaster SR, Takamura S, et al. CXCR6 regulates localization of tissue-resident memory CD8 T cells to the airways. J Exp Med 2019;216:2748-2762.[7] Zhao J, Yang Y, Huang H, et al. Relationship between the ABO blood group and the COVID-19 susceptibility. March 27, 2020 (https://www.medrxiv.org/content/10.1101/2020.03.11.20031096v2. opens in new tab). preprint.[8] Zietz M, Tatonetti NP. Testing the association between blood type and COVID-19 infection, intubation, and death. April 11, 2020 (https://www.medrxiv.org/content/10.1101/2020.04.08.20058073v1. opens in new tab). preprint.[9]Petre Cristian Ilie, Simina Stefanescu,Lee Smith. et al. The role of vitamin D in the prevention of coronavirus disease 2019 infection and mortality, Aging Clinical and Experimental Research (2020). DOI:10.1007/s40520-020-01570-8",29,0,2020-06-24 09:00:41,2020-06-24 09:00:41
如何看待这个对钟南山院士的深扒？,钟南山 老爷子 从小家境优越 没吃过苦，没挨过饿 老百姓大多数吃不饱为了不挨饿 尽量少活动的时候，人家就已经练体育了，疫情期间让大家别出门，出发点是好的，为了防控疫情，为了让更多人不感染，老爷子之前有个采访 说家里从来不在乎钱，根本不谈钱，自己和马大大一样对钱没有兴趣 可是老爷子，。咱跟人家也不是一个阶级，价值观不一样，人家觉得在家闷一年，中国老百姓都生活富裕，根本没事，也饿不死。人家一天两罐牛奶 咱这好多农村老百姓还没喝过牛奶呢，,0,0,2020-06-29 11:32:34,2020-06-29 11:32:34
柯文哲和钟南山在医术上是一个级别的吗？,柯文哲比钟南山牛。柯文哲实在，说话直接。钟南山是精神领袖，但说话一副官腔，是领导级别。在我眼里钟南山也没张文宏贡献大。,0,1,2020-06-08 07:39:13,2020-06-08 07:39:13
为什么钟南山年龄这么大了还要挺身而出，年轻一代没人才了吗？,疫情的防控是全国上下齐力同心的结果，上至党中央领导，下至无数医务人员包括放弃春节居家隔离的普通人民群众，莫要盲目的个人崇拜。但我们需要这个足够令人振奋的精神领袖，与其说精英领导时势，不如说时势造英雄，即使没有这个钟南山，更有其他钟南山涌现出来。但在中国的医学界资历和资格这方面，钟南山称第二，无人敢称第一，我们也需要这个领袖来让全国人民团结一心。但是年青一代发挥着中坚作用的一环，古人云“拳怕少壮”，时代的进步也是年轻人逐步替代老一代人的过程。倘若再过个几十年，现在的所谓年轻人必将涌现出可能更有资历更有才干的钟南山。,2,0,2020-04-09 21:34:35,2020-04-09 21:34:35
钟南山院士在非典时期有什么贡献？,"非典重症率20% ，除中国大陆外死亡率 18%  ,  意思是重症死亡超过85%，重症抢救率不到15%。   钟南山呼吸所接待101名危重症非典， 54人是插管的最危重病人，只有7名因别的医院转来太晚或合并其它大病死亡，最危重死亡，抢救率88.888% ,危重病人抢救率超93%，远超世界重症抢救率水平。 作为广东非典领导组长，提出早发现，早治疗，早隔离， 指导广东创下3.8%,广州3.6% 的最低死亡率。   反对卫生部权威， 最后被证实正确，成为非典抗击重要转折点，最终中国大陆的死亡率7%，其它地方都远高于我们。",2,1,2020-04-02 12:45:53,2020-04-02 13:22:41
如何评价钟南山团队称「连花清瘟胶囊对新冠病毒具有抗病毒抗炎作用」？,仅从科学的角度来看我们说一个话对不对，一定要看研究这句话的文献，不扒文献就凭是中药还是西药来站队，那就是耍流氓。所以我今天要带大家简单看一下原文献实验到底怎么设计的，结论怎么得出的。读文献能力很强的人可以自己去读，不用看我的回答。这篇里讲的偏科普向，给一些没有分子生物学基础和阅读专业文献能力尚欠缺的朋友讲的。看一篇文献，先要看杂志、看投稿时间和接收时间。这篇不到三周就接收了，速度还是挺快的，说明编辑从速办理，同行评议的专家也比较认可。Pharmacol Res这个杂志2018年影响因子index：5.574。分区：医学2区，药学3区。说起来还算凑合的杂志，不是什么好杂志，也说不上特别烂的水刊。所以整体杂志的成色还是可以。跳过简介，直接看实验的方法和材料。发现这是一篇体外的研究。什么意思呢，一般这种药物试验都分在体的和离体的，离体的往往是用细胞或者死了的动物分离下来的组织，直接用药物作用之后，观察一些变化。而在体的实验就是这个被实验的动物或者人是活着的（这里别抬杠，说细胞也是动物，也活着，比如我们中学生物课上就观察过的草履虫。这里说的药物实验，怎么可能用这些单细胞生物来评价呢，使用的细胞也是实验动物或者人体的一些细胞分离出来再进行培养的，所以相对于它从动物和人体分离这个事情来说，它就是离体了）。所以在体实验还分动物和人。整体来说，在体比离体更接近真实人体使用的情况，人体的实验比动物实验更接近人体使用的情况。这是一篇离体的实验，使用的绿猴的肾上皮细胞和人的肝癌细胞。离体实验，使用了两种细胞系使用的药物分别是连花清瘟和人民的希望（Remdesivir）。也就是用连花清瘟和Remdesivir进行比较。其中我们常常会怀疑中药成分一致性的问题。这个我在之前写的文章中曾经说过，中药研究投一些好杂志的时候，回来的意见总会问到你怎么保证你每一个批次，甚至一个批次两个胶囊的药里面的有效成分是一样的？咱们在这里讲科学问题，如果现在心里在想，中药就应该按照阴阳五行理论来用而不应该做这类研究的人请直接点退出。为了避免中药往往存在的不一致性的问题，这篇文章还先验证了药物一致性，用的高效液相的方法，分离后发现32个峰，里面有一些成分已经明确，有些不明确。一共检验了10个批次的药物，发现不同批次间的相似度达到并超过96%。大家发现了吧，实际中药还是存在着这方面的问题，就是不同批次之间确实还是有差别，但好歹这篇文章还是做的比较科学的，还检验了这个事情，那些没检验的文章，大家心里都要打个问号啊。两个药溶成特定浓度的溶剂备用。这时候用带有冠状病毒的溶液去感染这两种细胞。感染完了之后，再用药物的溶液去浸泡。都观察什么呢，要观察4个问题：1、两个药物的细胞毒性（如果还没致病先致命，这就不是药物，是毒药）；2、药物对病毒的活性的抑制能力，谁抑制的好，谁是好样的；3、用电镜确定病毒颗粒，颗粒的多少也可以表现出药物对病毒的抑制能力，等于是第2点的另一个角度的评价；4、评估连花清瘟对于病毒导致的细胞因子和趋化因子的抑制作用（之前不是说患者主要死于细胞因子风暴吗？这里的目的明显是想看看连花清瘟对于这个方面是否有帮助）。按照实验的思路设计出来的4个问题，我简单给大家说一下结果啊，咱们先看完人家的话，再评论人家说的对不对，好不好。问题1：两个药物在两种细胞系里的细胞毒性指标如下。先解释一下CC50：使50%细胞死亡时的药物浓度。所以这个数值越高越好，也就是药物特别浓细胞才会死这才好，要是很低的浓度，细胞就死了，那是毒药。连花清瘟CC50在两个细胞系分别为1157ug/ml和1089ug/ml，Remdesivir的分别是110.8uM和98.93uM。这里呢，不能光看这个浓度，要结合着药物治疗浓度一起看。两种药物分别在两种细胞系中的CC50问题2：抑制病毒的能力。先解释一个名词IC50：是能够抑制50%病毒复制时的药物浓度。这个浓度越低越好，因为特别低的浓度就能抑制病毒，肯定是好样的。咱们看看这两个药物的作用。连花清瘟IC50=411.2ug/ml，Remdesivir的IC50=0.651uM。抑制病毒的作用肯定都是有的。两种药物的IC50问题3：另一个角度看看病毒颗粒来判断病毒被抑制的情况。连花清瘟600ug/ml能减少病毒颗粒，就理解成抑制病毒吧。电镜两种药物使用后细胞内病毒颗粒的观察好吧这里多出一个概念就是CC50/IC50。这是什么意思呢，就是致死的浓度比上治疗的浓度，如果这个浓度小于1，代表致死浓度低于治疗浓度，等于还没致病先要命；等于1，代表治疗的同时直接致死，和小于1也没差多少；大于1，才可能达到治疗浓度还没致命，这才是药。这个数值越大，治疗浓度和致死浓度差的越远，那药物毒性才小，万一由于个体差异，同样吃了1片，血药浓度超出预期，也不至于出现严重的毒性反应。咱们看看两种药物的CC50/IC50。CC50由于有两个数，咱们取低的那个。莲花清瘟的CC50/IC50为2.648，Remdesivir的CC50/IC50为151.966。什么概念，就是连花清瘟的作用浓度和毒性浓度之间是2.648倍，也就是一不小心血药浓度增加了一倍多，可能就“中毒”了，但是Remdesivir呢，血药浓度要达到治疗浓度的152倍才会出现药物明显毒性。如果咱们从电镜的结果来看，需要600ug/ml的浓度，这离1089ug/ml仅仅差了1倍多，基本稍微弄不好，连花清瘟就变毒药了。仅从这点上看，高下立判！问题4：连花清瘟对于细胞因子和趋化因子的抑制。第一这个浓度还是用的600ug/ml还有300ug/ml还有150ug/ml的浓度，其中一些因子基本连花清瘟要达到300ug/ml才能有抑制作用，这个浓度太高了，另外一方面这里没有和Remdesivir比，不知道是为什么，难道两者差距过大，不好意思拿出来了（当然这话说的有点主观，但是通观整篇文章的风格，这里没有必要不去比较啊，而且讨论里也避开了这点上不做对照的理由）？整个文章的讨论部分内容实在是少，当然可能新型冠状病毒领域实在有点新，没啥既往研究好做对比。所以我们很简单的基本也把文章很全面的复习了。说实话，目前来看，这篇文章想得出“连花清瘟胶囊对新冠病毒具有抗病毒抗炎作用”要是脸皮厚点也能说，但请加上“在体外实验中”，让大家知道这和吃药抗病毒抗炎的结论还有一段距离。如果脸皮薄点，这话不好说出口，因为刚才讲的CC50和IC50离的太近了。我查了一下连花清瘟胶囊在《新型冠状病毒肺炎诊疗方案（试行第七版）》中的推荐使用剂量没有。那药物说明上呢：口服，一次4粒，一日3次吗，而一粒是350mg。也就是一次1400mg，一天3次。但我们搜索文献发现在pubmed上，连花清瘟一共15篇文章。但是没有一篇提到血药浓度。也在万方数据查阅了一下国内文献，是否有讲到连花清瘟的血药浓度的，结果也是0。当然，药物成分复杂，不知道有效成分是很多中药的问题，不知道有效成分当然没发测量血药浓度，当然有效成分的确认研究也是中药现代化的方向和目标。但目前的状况下，所以我们就很难去评估这篇中连花清瘟体外实验的浓度是否可以通过服用说明书的推荐剂量以达到有效的血药浓度了。pubmed上搜索莲花清瘟一共15篇文献所以想得出一个药物是否在临床有效需要的指标非常多。我们当然喜欢看到好消息，但是应该主动拒绝新闻炒作，不要去轻易的交智商税。这并非传统医学与现代医学之争，因为这原本没啥好争的，我们也不要用屁股去决定脑子，还是要好好看看研究的具体数据和方法，用科学的头脑去进行理性的分析。,324,126,2020-04-05 12:00:37,2020-04-11 12:24:20
如何看待黄秋生对钟南山院士的评论?,这个世界上最反华的群体第一我台湾省人第二香港自治区人第三出国留了下来的华人第四才是那些土生土长的外国佬,13,0,2020-04-06 18:50:24,2020-04-06 18:50:24
如何看待知乎用户立党质疑钟南山院士的天津红日血必净对新冠肺炎的治疗效果?,这件事情我支持立党的部分观点。钟南山吴以岭作为利益相关方，利用学术地位牟利的嫌疑还是不小的。而且这段时间专家们推荐的各路中医药，看实际的临床结果也能发现就那么回事。钟南山说血必净可以缩短患者的康复时间约两天。瑞德西韦的临床结果不也差不多嘛。随手一答也懒得列文献，反正新闻报道不少。那个匿名把不知道哪里来的垃圾文献列出来，还就放个标题，不说实际效果临床终点，我真的笑死。如果说瑞德西韦上不了一本，血必净最多也就是二本水平。中药注射液本来就是非常emmmm的存在，更何况血必净还有严重的副作用。其实往深入去想，也能窥见所谓中医药为什么会被如此重视的端倪。—————————————割一下—————————————看另一个回答给出了血必净这次临床试验的详细数据，没有出现不良反应，安全性或许好于瑞德西韦。,304,35,2020-05-07 03:00:02,2020-05-07 13:56:33
为什么钟南山年龄这么大了还要挺身而出，年轻一代没人才了吗？,疫情的防控是全国上下齐力同心的结果，上至党中央领导，下至无数医务人员包括放弃春节居家隔离的普通人民群众，莫要盲目的个人崇拜。但我们需要这个足够令人振奋的精神领袖，与其说精英领导时势，不如说时势造英雄，即使没有这个钟南山，更有其他钟南山涌现出来。但在中国的医学界资历和资格这方面，钟南山称第二，无人敢称第一，我们也需要这个领袖来让全国人民团结一心。但是年青一代发挥着中坚作用的一环，古人云“拳怕少壮”，时代的进步也是年轻人逐步替代老一代人的过程。倘若再过个几十年，现在的所谓年轻人必将涌现出可能更有资历更有才干的钟南山。,2,0,2020-04-09 21:34:35,2020-04-09 21:34:35
钟南山院士在非典时期有什么贡献？,"非典重症率20% ，除中国大陆外死亡率 18%  ,  意思是重症死亡超过85%，重症抢救率不到15%。   钟南山呼吸所接待101名危重症非典， 54人是插管的最危重病人，只有7名因别的医院转来太晚或合并其它大病死亡，最危重死亡，抢救率88.888% ,危重病人抢救率超93%，远超世界重症抢救率水平。 作为广东非典领导组长，提出早发现，早治疗，早隔离， 指导广东创下3.8%,广州3.6% 的最低死亡率。   反对卫生部权威， 最后被证实正确，成为非典抗击重要转折点，最终中国大陆的死亡率7%，其它地方都远高于我们。",2,1,2020-04-02 12:45:53,2020-04-02 13:22:41
如何评价钟南山团队称「连花清瘟胶囊对新冠病毒具有抗病毒抗炎作用」？,仅从科学的角度来看我们说一个话对不对，一定要看研究这句话的文献，不扒文献就凭是中药还是西药来站队，那就是耍流氓。所以我今天要带大家简单看一下原文献实验到底怎么设计的，结论怎么得出的。读文献能力很强的人可以自己去读，不用看我的回答。这篇里讲的偏科普向，给一些没有分子生物学基础和阅读专业文献能力尚欠缺的朋友讲的。看一篇文献，先要看杂志、看投稿时间和接收时间。这篇不到三周就接收了，速度还是挺快的，说明编辑从速办理，同行评议的专家也比较认可。Pharmacol Res这个杂志2018年影响因子index：5.574。分区：医学2区，药学3区。说起来还算凑合的杂志，不是什么好杂志，也说不上特别烂的水刊。所以整体杂志的成色还是可以。跳过简介，直接看实验的方法和材料。发现这是一篇体外的研究。什么意思呢，一般这种药物试验都分在体的和离体的，离体的往往是用细胞或者死了的动物分离下来的组织，直接用药物作用之后，观察一些变化。而在体的实验就是这个被实验的动物或者人是活着的（这里别抬杠，说细胞也是动物，也活着，比如我们中学生物课上就观察过的草履虫。这里说的药物实验，怎么可能用这些单细胞生物来评价呢，使用的细胞也是实验动物或者人体的一些细胞分离出来再进行培养的，所以相对于它从动物和人体分离这个事情来说，它就是离体了）。所以在体实验还分动物和人。整体来说，在体比离体更接近真实人体使用的情况，人体的实验比动物实验更接近人体使用的情况。这是一篇离体的实验，使用的绿猴的肾上皮细胞和人的肝癌细胞。离体实验，使用了两种细胞系使用的药物分别是连花清瘟和人民的希望（Remdesivir）。也就是用连花清瘟和Remdesivir进行比较。其中我们常常会怀疑中药成分一致性的问题。这个我在之前写的文章中曾经说过，中药研究投一些好杂志的时候，回来的意见总会问到你怎么保证你每一个批次，甚至一个批次两个胶囊的药里面的有效成分是一样的？咱们在这里讲科学问题，如果现在心里在想，中药就应该按照阴阳五行理论来用而不应该做这类研究的人请直接点退出。为了避免中药往往存在的不一致性的问题，这篇文章还先验证了药物一致性，用的高效液相的方法，分离后发现32个峰，里面有一些成分已经明确，有些不明确。一共检验了10个批次的药物，发现不同批次间的相似度达到并超过96%。大家发现了吧，实际中药还是存在着这方面的问题，就是不同批次之间确实还是有差别，但好歹这篇文章还是做的比较科学的，还检验了这个事情，那些没检验的文章，大家心里都要打个问号啊。两个药溶成特定浓度的溶剂备用。这时候用带有冠状病毒的溶液去感染这两种细胞。感染完了之后，再用药物的溶液去浸泡。都观察什么呢，要观察4个问题：1、两个药物的细胞毒性（如果还没致病先致命，这就不是药物，是毒药）；2、药物对病毒的活性的抑制能力，谁抑制的好，谁是好样的；3、用电镜确定病毒颗粒，颗粒的多少也可以表现出药物对病毒的抑制能力，等于是第2点的另一个角度的评价；4、评估连花清瘟对于病毒导致的细胞因子和趋化因子的抑制作用（之前不是说患者主要死于细胞因子风暴吗？这里的目的明显是想看看连花清瘟对于这个方面是否有帮助）。按照实验的思路设计出来的4个问题，我简单给大家说一下结果啊，咱们先看完人家的话，再评论人家说的对不对，好不好。问题1：两个药物在两种细胞系里的细胞毒性指标如下。先解释一下CC50：使50%细胞死亡时的药物浓度。所以这个数值越高越好，也就是药物特别浓细胞才会死这才好，要是很低的浓度，细胞就死了，那是毒药。连花清瘟CC50在两个细胞系分别为1157ug/ml和1089ug/ml，Remdesivir的分别是110.8uM和98.93uM。这里呢，不能光看这个浓度，要结合着药物治疗浓度一起看。两种药物分别在两种细胞系中的CC50问题2：抑制病毒的能力。先解释一个名词IC50：是能够抑制50%病毒复制时的药物浓度。这个浓度越低越好，因为特别低的浓度就能抑制病毒，肯定是好样的。咱们看看这两个药物的作用。连花清瘟IC50=411.2ug/ml，Remdesivir的IC50=0.651uM。抑制病毒的作用肯定都是有的。两种药物的IC50问题3：另一个角度看看病毒颗粒来判断病毒被抑制的情况。连花清瘟600ug/ml能减少病毒颗粒，就理解成抑制病毒吧。电镜两种药物使用后细胞内病毒颗粒的观察好吧这里多出一个概念就是CC50/IC50。这是什么意思呢，就是致死的浓度比上治疗的浓度，如果这个浓度小于1，代表致死浓度低于治疗浓度，等于还没致病先要命；等于1，代表治疗的同时直接致死，和小于1也没差多少；大于1，才可能达到治疗浓度还没致命，这才是药。这个数值越大，治疗浓度和致死浓度差的越远，那药物毒性才小，万一由于个体差异，同样吃了1片，血药浓度超出预期，也不至于出现严重的毒性反应。咱们看看两种药物的CC50/IC50。CC50由于有两个数，咱们取低的那个。莲花清瘟的CC50/IC50为2.648，Remdesivir的CC50/IC50为151.966。什么概念，就是连花清瘟的作用浓度和毒性浓度之间是2.648倍，也就是一不小心血药浓度增加了一倍多，可能就“中毒”了，但是Remdesivir呢，血药浓度要达到治疗浓度的152倍才会出现药物明显毒性。如果咱们从电镜的结果来看，需要600ug/ml的浓度，这离1089ug/ml仅仅差了1倍多，基本稍微弄不好，连花清瘟就变毒药了。仅从这点上看，高下立判！问题4：连花清瘟对于细胞因子和趋化因子的抑制。第一这个浓度还是用的600ug/ml还有300ug/ml还有150ug/ml的浓度，其中一些因子基本连花清瘟要达到300ug/ml才能有抑制作用，这个浓度太高了，另外一方面这里没有和Remdesivir比，不知道是为什么，难道两者差距过大，不好意思拿出来了（当然这话说的有点主观，但是通观整篇文章的风格，这里没有必要不去比较啊，而且讨论里也避开了这点上不做对照的理由）？整个文章的讨论部分内容实在是少，当然可能新型冠状病毒领域实在有点新，没啥既往研究好做对比。所以我们很简单的基本也把文章很全面的复习了。说实话，目前来看，这篇文章想得出“连花清瘟胶囊对新冠病毒具有抗病毒抗炎作用”要是脸皮厚点也能说，但请加上“在体外实验中”，让大家知道这和吃药抗病毒抗炎的结论还有一段距离。如果脸皮薄点，这话不好说出口，因为刚才讲的CC50和IC50离的太近了。我查了一下连花清瘟胶囊在《新型冠状病毒肺炎诊疗方案（试行第七版）》中的推荐使用剂量没有。那药物说明上呢：口服，一次4粒，一日3次吗，而一粒是350mg。也就是一次1400mg，一天3次。但我们搜索文献发现在pubmed上，连花清瘟一共15篇文章。但是没有一篇提到血药浓度。也在万方数据查阅了一下国内文献，是否有讲到连花清瘟的血药浓度的，结果也是0。当然，药物成分复杂，不知道有效成分是很多中药的问题，不知道有效成分当然没发测量血药浓度，当然有效成分的确认研究也是中药现代化的方向和目标。但目前的状况下，所以我们就很难去评估这篇中连花清瘟体外实验的浓度是否可以通过服用说明书的推荐剂量以达到有效的血药浓度了。pubmed上搜索莲花清瘟一共15篇文献所以想得出一个药物是否在临床有效需要的指标非常多。我们当然喜欢看到好消息，但是应该主动拒绝新闻炒作，不要去轻易的交智商税。这并非传统医学与现代医学之争，因为这原本没啥好争的，我们也不要用屁股去决定脑子，还是要好好看看研究的具体数据和方法，用科学的头脑去进行理性的分析。,324,126,2020-04-05 12:00:37,2020-04-11 12:24:20
如何看待黄秋生对钟南山院士的评论?,这个世界上最反华的群体第一我台湾省人第二香港自治区人第三出国留了下来的华人第四才是那些土生土长的外国佬,13,0,2020-04-06 18:50:24,2020-04-06 18:50:24
如何看待知乎用户立党质疑钟南山院士的天津红日血必净对新冠肺炎的治疗效果?,这件事情我支持立党的部分观点。钟南山吴以岭作为利益相关方，利用学术地位牟利的嫌疑还是不小的。而且这段时间专家们推荐的各路中医药，看实际的临床结果也能发现就那么回事。钟南山说血必净可以缩短患者的康复时间约两天。瑞德西韦的临床结果不也差不多嘛。随手一答也懒得列文献，反正新闻报道不少。那个匿名把不知道哪里来的垃圾文献列出来，还就放个标题，不说实际效果临床终点，我真的笑死。如果说瑞德西韦上不了一本，血必净最多也就是二本水平。中药注射液本来就是非常emmmm的存在，更何况血必净还有严重的副作用。其实往深入去想，也能窥见所谓中医药为什么会被如此重视的端倪。—————————————割一下—————————————看另一个回答给出了血必净这次临床试验的详细数据，没有出现不良反应，安全性或许好于瑞德西韦。,304,35,2020-05-07 03:00:02,2020-05-07 13:56:33
谁的身体能比钟南山更健壮？,请看一下旧片，84岁的人了，太不可思议了！,0,0,2020-04-11 16:21:21,2020-04-11 16:21:21
成为钟南山院士的学生是什么体验?,若有幸能成为钟南山院士的学生，一定是祖辈积德行善修来的福报！我认为应该是很值得珍惜，很幸运的体验吧。相信在钟院士的以身作则，医德医风高尚的榜样指引下，准学子们全身心的学习聆听钟院士谆谆教导中，中国应该又多一个为国为民着想的仁心仁术的好医生！幸甚！,1,3,2020-04-23 08:33:35,2020-04-23 08:33:35
如何看待钟南山说中药对新冠状病毒有效？,钟南山对中医评价的话语真的很有艺术，是一种交流和表达的艺术。以下是2020年4月14日新闻稿件的引用：在谈及中医药在本次疫情防控中的价值时，钟南山指出，新冠肺炎主要症状是温热、湿热，比如说咳嗽、发烧、无力等这些。中医药往往对这些症候的治疗一般是有效的。“我们也对连花清瘟胶囊做了一些研究，发现它对抗新冠病毒虽然作用弱一些，但是对于由病毒引起的组织细胞损伤，就是炎症的损伤，有很好的抑制作用。另外它对于减轻发烧、呼吸道咳嗽、加快恢复都是有效的。但对病毒的转阴率，和对照组相比，虽然有缩短的倾向，还没有达到统计学的水平。所以，我们觉得对轻症和普通的患者，连花清瘟胶囊是有效的。”钟南山表示，血必净对于新冠肺炎的有效性，目前也有一些循证医学证据正在总结，初步看起来也是有效的，除了症状的评分改善以外，病死率也减少了。“我觉得中医跟西医治疗是不是有效，不能凭印象，一定要根据现代医学、循证医学的方法证实，有效就要推广。”《钟南山：有两种药物对新冠肺炎有效》https://static.nfapp.southcn.com/content/202004/14/c3406868.html?colID=0&amp;firstColID=4934&amp;appversion=6500,1,2,2020-04-15 10:42:53,2020-04-15 10:42:53
如何看待钟南山团队宣布莲花清瘟体外试验显示抗新冠病毒作用，该结果是否可信?,按照报道数据，连花清瘟IC50为411μg/ml，相当于411mg/L，分子量平均很难超过1k，实际意味着差不多0.几个mM，和瑞德西韦差着数量级的东西[飙泪笑]如果想继续研究我觉得可行的是找出真正有效的1-2个分子，对其结构进行改进，化学修饰，大规模生产并临床试验。看原文，其实应该探究的是其免疫调节功能，看样子还是有改变的，懂的可以说一说，我是根本不了解,6,0,2020-04-01 17:54:08,2020-04-01 18:07:28
如何看待钟南山院士获英国爱丁堡大学荣誉校友？,作为爱大校友圈的一员，看着年初我们的努力拉票有了好结果，真的是非常开心的，朋友圈里那是一个欢腾自豪，更开心的是，在仅在读生、教职工及历届校友有投票权的情况下，官方说超过90%的票都投给了钟南山院士。Winner of 2020 Being Edinburgh Award当然华人校友应该占了大多数的票，但可以估计：这个国际化大学的人们对钟老是非常认可的，特别是当下的疫情环境里，他的重要性不言而喻。QS提供的硕士研究生数据，国际学生约占1/3当初得知爱大要推选首届Being Edinburgh即杰出校友奖时，疫情还没有大幅传播到欧洲，但海外对华的歧视开始蔓延。带着“希望钟院士的故事可以让世界对中国多一个积极的印象”的想法，大家开始广而告之各种平台联系国内外校友投票。这一片善意得来了好结果，却没想迎来同胞们的恶意。呵呵！出名了全是我的。英国可真会蹭热度呵，滚。别碰瓷钟老变相讨好中国，给中国要东西呢得到洋人的名誉这么值得高兴吗——转自微博 观察者网 报道下的热评微博上的恶臭评论让一片热忱的同学们发出愤怒的问号：微博 观察者网 底下的热评对比国内恶意评论，来自法国的奖项负责人Niamh真诚地表达了她对钟老的钦佩，并祝他在新冠肺炎的研究上一切顺利。爱大需要蹭热度吗？2020年QS排名20，TIMES排名30，US NEWS排名28；出了27名诺贝尔奖获得者，1名菲尔兹奖获得者，4名图灵奖获得者，4名英国首相；列几个上学时都听过的知名校友：《人性论》作者 大卫休谟、《国富论》作者 亚当斯密、进化论的奠基人 达尔文、麦克斯韦方程组、贝叶斯定理、福尔摩斯的创作者 柯南道尔、英国首相 丘吉尔、《哈利波特》作者 J.K.罗琳……当然也有不少中国校友：第一位留英医学博士 黄宽、翻译家 辜鸿铭、美学家 朱光潜、香港演员 张曼玉、前国务院副总理 刘延东、“两弹一星”元勋 彭恒武 程开甲……爱大需要蹭热度吗？钟南山院士获得母校的奖项，我们恭喜他。一名中国人获得具有国际影响力机构的认可，我们替他开心，为此感到自豪。这件事情本来到这里就可以圆满结束了，为什么有人就喜欢捧一踩一，见不得别人好呢？有人扯出“英国大学撤销何君尧学位”的事情来贬低爱大，我对此事不了解不作评论，但明显这是两所学校的事情，提起这事就像外国人因为某中国人吃蝙蝠而骂所有中国人，不了解清楚事情经过便以偏概全大放厥词。更可笑的是有人说“钟南山只是荣誉博士”，意指当初就是蹭热度才颁学位，现在继续蹭，说出这话的人是连报道都没好好看，百度一下钟老和爱大的关系也懒——百度词条清楚写着“1979年至1981年，赴英国爱丁堡大学医学院及伦敦大学呼吸系进修。”当然还有键盘侠们最爱的阴谋论“英国缺物资了，所以要讨好我们”。为什么有人特别钟情阴谋论啊？网上一个解释：“因为阴谋论可以让头脑简单的人觉得自己的头脑不简单”那为什么这些毫无根据就恶意揣测，稍加思考就能发现不对劲的言论，总是有不少人跟楼支持？——因为这样比较简单。我平时不常用微博，因为戾气太重，今天我才知道阴阳怪气地回怼键盘侠的说法：“本科率低于4%”。这个数据是美团CEO王兴说的，样本是全国人口而不是近年录取率。我没有贬低非本科的意思，我不乏没有这本学历证书的好朋友，学历不代表一切，二十年前没有遍地本科生也有不少知青，做出巨大贡献的社会人士也不一定都是知识分子。但不可否认的是，当完成义务教育还无法满足 大部分就业需求 与 择优录取的岗位门槛 的情况下，本科学历不仅是一纸文凭，其所代表的经历对人才培养一事负有社会的期望，而这经历也确实有非常大的影响。多少人在高考前都是一味地啃书本听思想，就连作文输出都是随大流说话，在这样的大环境下要独立思考不是一件易事，如果没有一定契机影响，便养成信息处理的惰性——听之信之，人云亦云。我身边有些人近年来学会了爬梯使用科学上网工具，接触到脸书推特后，深陷海外的阴谋论媒体，每天在微信里费尽苦心地用起火星文传播他们在墙外看到的所谓“真相”，畏畏缩缩神神秘秘地仿佛即将受到zz迫害，讨论国际关系时，居然有点诸葛孔明“三分天下”的风范。我说他们的信息源有问题，他们说关注了很久的好多媒体号都这么说一定没有错，怕是已经被资本主义的大数据推送抓的紧紧的。当年接过学位证书后，钟院士建议晚辈们“永远别迷信权威和课本”，这也是我在高考之后才有意实践的。国内的本科环境，虽然照本宣科学术造假的现象不算鲜少，但大多数教授还是有学术界该有的样子，很庆幸我被引导到合适的道路上。即使写论文很痛苦，但我很享受辩证地吸收知识后输出思考的过程。可惜的是，这种辩证的发展的思想，即使在1995年就颁发的教育法里就推崇教授的思想，在人口大国的义务教育里还没能普及到位。更可惜的是，在高等学府里也不见得所有的学生都得以鼓励发展这种思想。而在现今的网络世界流量社会，这种缺失更是表露无遗。每次看到媒体报道/公众号/微博大V发表极具煽动性却带有明显倾向性的言论，忧心仲仲地读完前排评论后我总在心里捶胸顿足，但满脑子的弹幕却要么害怕招惹戾气不敢发表，要么因为人微言轻丢进大海也激不起涟漪。祖国的教育事业有很长的路要走，希望我能为其出一份力。（最后附上：爱丁堡大学2007年校刊封面，纪念钟南山院士成功带领国人抗击SARS）,33,2,2020-04-04 00:00:20,2020-04-04 00:00:20
钟南山院士在疫情中发挥了哪些作用？,1.非典时期的大佬，同样的这个时候站出来，等同于给社会吃了一颗定心丸儿，哪怕钟南山无能为了，那也给了人们一个精神支柱。2.研究病毒的教科书级别的人物，相当于研究新冠肺炎病毒团队的一部字典,3,1,2020-04-18 11:38:24,2020-04-18 11:38:24
为什么有人说钟南山给安慕希做广告是违法的？,问题是，它真的是广告吗？不是局吗？全程偷拍一般的视角，拍广告这么有创意了吗？实际上，钟院士完全可以告发布者侵犯肖像权，未经允许上传。医聊：钟南山院士喝个牛奶，还喝出问题了？_哔哩哔哩 (゜-゜)つロ 干杯~-bilibili大家请看这个视频，很明显，就是在一个内部会议，伊利捐款，钟院士感谢，然后被一些好事者拍下来传到网上。拍摄者不是钟院士，上传者不是钟院士，而是某新闻媒体，那么如果违反广告法，那么也是那个新闻媒体在传播广告，要知道新闻媒体不能在不标明广告的情况下发看似是广告的内容来误导大家。比如说，假如我是个名人（假如，我是说假如，我一个小透明就不能有梦想了吗）我爱吃某品牌雪糕，我的仇人偷偷拍了下来，发到网上。然后我因为违背广告法被抓进去了。整人新套路啊。所以我在开头说，这件事的本质是上传者侵犯了钟院士肖像权，未经允许上传，而不是钟院士违反广告法。我不愿意阴谋论，但这个局太明显了。就像某明星和人住酒店说是对了一晚上台词，确实有可能，但可能性实在太小。同理，这件事说不是局也有可能，但可能性也不大，就比对台次可能性大一点点。我仅代表个人认为是局的可能性有六七成。我还是那句话，人民群众可能没有消息渠道，但绝对不傻。视频不是钟院士让人拍的，第一个发布的是批判钟院士的媒体而不是钟院士本人，无论如何钟院士没有动机给自己找麻烦。如果谁觉得钟院士会傻到给自己找麻烦，那么我只能用嘲讽的表情说：哇哦，你好聪明啊，真是小能能呢，你这么聪明，下一个院士提名就是你吧，你可真是坚守科研底限，不被资本侵蚀收买，内心强大坚定信仰的道德楷模呢，鼓掌鼓掌！我呸！,702,26,2020-06-02 08:36:50,2020-06-25 10:11:00
钟南山是一个怎样的人?,谢邀。但是，提问这个问题的目的是啥呀？诚如楼上答案所说，如果要是赞美钟老，随便搜一搜都非常多了。如果要黑料，也没有必要，人无完人，论迹不论心。我只说一点：钟老是学医出身，并非学药。虽然外人看来医药不分家，是一回事。但是随便列举一下课程设置，供大家感受一下：医学课程：诊断学、内科学、外科学、妇产科学、儿科学、循证医学、神经生物学、生理学、医学微生物学、医学免疫学、病理学、药理学等等。药学课程：无机化学、有机化学、物理化学、生物化学、天然药物学、药物化学、生药学、药剂学等等。虽然医学和药学的课程设置有一些重叠：例如局部解剖学、生物化学、生理学等，但是同一课程的学习侧重和考核难度也是不一样的。综上所述，医学和药学的专业的科研工作者，知识体系差别还是比较大的，科研思维方式也是差别比较大的。举个例子：如果把应对疾病比作战争，药学负责制造枪炮，医学负责布置排兵布阵。如果用人举例，类似于两弹元勋和十大元帅的关系。说了这么多，其实就是想说，钟老是顶尖的医学专家，但是其药学相关知识我们不能过高的评价（未见其发表过高水平的药学相关论文），毕竟隔行如隔山。绕了这么多，其实就是想说，钟老推荐的个别药，~~~~~   你懂得,2,0,2020-06-12 13:35:37,2020-06-12 13:35:37
钟南山院士可以得到共和国勋章吗？,我认为非常可能。新冠疫情是中国乃至世界层面非常严重的一次危机，中国到目前为止的应对是非常成功的。而健在的人里面，钟南山院士是中国在新冠疫情中影响力最大的人。只要后续应对妥善，那么这场巨大功绩的代表人物是应该能获得共和国勋章的。这枚共和国勋章上，有伟大的14亿人民每个人的一份。,0,0,2020-06-08 11:42:50,2020-06-08 11:42:50
怎么评价钟南山?,举世无双的英雄 应该被永远铭记。,1,2,2020-04-05 00:00:15,2020-04-05 00:00:15
怎么评价钟南山院士？,因为家里的原因，我从小也算是钟院士看着长大的，也就只是他知道我是谁谁儿子有些场合会见到那种，小时候生了一场大病，也算是钟院士救回来的，钟院士对我有恩，我的看法可能没有那么公正各位兼听一下吧。我小时候觉得钟院士就是个很魁梧，很酷很有自信的叔叔，虽然那时候已经是所长也是院士了，但也很爱玩，跟大家出去旅游打球，给周围的人带来很多正能量。（哈哈哈哈哈哈哈哈论年纪应该叫爷爷但是没办法钟大真的看着太年轻了|･ω･｀)）后来非典爆发了，那时我好像才上小学吧，没什么特别的感触，只是觉得这个叔叔很厉害，救了很多人。随着我的长大，我渐渐知道了钟院士的各种事迹，也了解的当时非典的凶险程度，从而更加倾佩他了。因为外出求学，钟院士也越来越忙，我多年没有见过钟院士，上一次见到他已经是几年前暑假我去呼研所办公室打杂的时候，因为办公室的楼层跟院士的办公室是同一层，有几次在电梯口碰见他，他会跟我打招呼，也会跟清洁阿姨打招呼，对每个人都是善良以待，不谈他的贡献他也肯定是一个热心而真诚的人。准备开学的时候，刚好遇到一个纪念活动，我也去帮忙打杂，钟院士也出席了那个活动，我现在还记得他在谈及某项医学技术的未来的时候，眼里是有光的，他的发言很有感染力，我觉得在场的人都能感受到那份对未来的希望和他对未来的期待，他勉励各位都要不断的学习，不能落后给他这个80后。反正我也不太会表达，但我觉得钟院士的的确确是有一份赤子之心的。他非常聪明，在场的时候可以让每个人都如沐春风，但是他有他坚持的东西，我想这份初心应该是更在他的聪明之上的。,30,1,2020-04-07 21:06:16,2020-04-16 08:57:34
钟南山做了什么?,因为神化不可取，所以有功劳也得磨灭打成罪人。教员是这样，钟南山也是这样，传统艺能了。,9,1,2020-04-15 11:44:04,2020-04-15 11:44:04
钟南山和袁隆平，哪个对国家的贡献更大？,我觉得是钟南山吧，因为袁隆平自己也承认自己犯了一点错误。,435,42,2020-04-06 08:42:51,2020-04-06 08:43:05
钟南山挂号费 1200 元值吗？,钟南山挂号费1200太贵？他儿子用爱马仕扎眼？谁规定医生必须清贫乐道？疫情刚刚好转，抗疫第一功臣钟南山院士，出诊挂号费1200被嫌贵的话题又被炒得火热。网上随便一条相关帖，都有四五十万人的讨论。有网文说：“钟南山挂号费1200，不管什么专家也太贵了，医院不只是给富人看病。”居然得到多人点赞，真是无理且可笑。谁家老人80几岁还工作啊，再说人也不缺你这点挂号费。钟老是全球顶级的专家，专业领域内泰山北斗级的人物，说他日理万机，一字千金，一点儿都不夸张。而且老人家八十多岁了，他自己说，想查房都会被医护人员拦住，因为，像他这样的资源，实在太珍贵太稀有了，懂行的人不舍得他浪费哪怕一丁点的精力。这样的人，没住进豪宅，专门给达官显贵瞧病，反而还在广州医科大附属第一医院照常出诊，网上就能挂号，难道还不够医者仁心，还不能称百姓之福吗？客观来讲，1200元的挂号费对于普通病患而言，确实不便宜，但根据钟南山的级别和分量，这也是市场行价，不存在故意抬高或虚报的情况。真站在治病救命的角度来说，别说1200，就是加个零，再加个零，跑来求助的人还不是照样踏破门槛。人们对所谓“天价挂号费”的质疑，让我想起前不久一则消息。因为某节目中，钟南山的儿子钟帏德系了一条“爱马仕”的皮带，好多人指责他“不朴素”、“太扎眼”，还上纲上线地说，钟南山的儿子不该享用奢侈品，不然就是个“败坏家风、沉迷物质、靠父亲当官”的人......他爸那么人神共敬，儿子怎么能这么“不长进”？于是网友开始把钟帏德的底细扒了个底儿朝天。结果发现，钟帏德是广州市第一人民医院教授、主任医师、博士生导师、国家级百千万人才……国际著名的哈佛大学附属医院麻省总医院，破格聘请他这个“外国人”当主任医师。这样的杰出人才，如果想系一条几千块钱的名牌皮带，明显不需要“找爸爸”。他想过什么生活，也犯不着依靠父亲钟南山的名头。毕竟，即使只是个小小的打工族，偶尔奢侈一把，买个爱马仕，也算不算新闻啊。所以，舆论喧哗一通之后，又复归平静。为什么我们能接受明星一张演唱会门票动辄好几千，卖个廉价二手货都能赚几千；能接受一年换一次手机，抽烟喝酒一花好几百，来个可能拯救自己生命的千元挂号费却嫌贵呢？可能这些人也不是真觉得贵，就是从内心觉得，钟南山这样的人，就该两袖清风、一心为民，不该对金钱有欲念吧。现在很多人，动不动就站在道德制高点的人，说起“医生”“教师”“警察”就谈伟大、奉献，就仿佛从事这些职业的人没有吃穿住用行的需求，没有柴米油盐酱醋茶的生活。试问，自己都做不到的事，为什么总拿来要求别人呢？而且，往往网络上这些“喷子”，还不是真正的穷人。真正那些完全拿不出1200挂号的人，后续的治疗更无力负担。他们更多想的可能是怎么保命看病，而不是去指责别人。比较欣慰的是，多数网友的声音还是比较理性的。显然钟老这个级别的，基本都是看疑难杂症的。院士自己早就说过了，他会筛选病例的，并不是有钱就行，他只治重症。普通的感冒发烧，社区诊所就可以解决了，没必要去找他，浪费医疗资源。如果弄个50块钱一次，估计普通的病人肯定都来烦他，毕竟一样价格，更高的医术我为什么不选呢？这样的话，不是浪费了宝贵的医疗资源么？有网友说，以钟老这个级别和资历，只要愿意，有钱人50万一年请他当家庭医生，不用来人，只要接电话就行，都踩破门槛……我估计我说的价格还太低……话糙理不糙，事实如此啊。说起来，不管是科研还是出诊这些事情，钟老现在即使在场，更多也只是起稳定军心的镇守作用。他80多啦，工作量太高也吃不消。所以找个挂号费，象征意义更大于实际。日前，钟南山院士的家在网上曝光，视频中可以看到，钟南山夫妻俩住在广州医学院里的普通公寓楼中，沙发是老式的碎花沙发，空调是老旧的机型。好玩的是，记者发现桌子上的果盘居然是一座奖杯，看起来分量十足的奖杯上面，装满了橘子、橙子、葡萄还有香蕉。钟夫人说，因为家里太小放不下，其他奖杯也都收起来了。这是真正的国士之风。所谓青山不墨千秋画，绿水无弦万古琴。我想，对钟老这样国宝级的人物来说，网上的议论都是浮云。但我们作为吃瓜群众，不能有那么多的理所当然。不能总是觉得我弱我有理，你强你活该！救死扶伤是医者本分，掏钱看病也是社会规则。谁家老人80几岁了还四处奔波，忙着救人。将心比心，凭什么他就该苦哈哈过穷日子呢？不要站在道德的制高点去指责任何人。撇开腿，叉着腰骂人，只会让自己显得更矮。大家说呢？,74574,4889,2020-04-01 19:37:03,2020-04-01 19:37:03
如何看待钟南山否认商业代言传闻?,我担心钟老误会了「广告代言人」的含义，所谓代言，不一定是要手捧产品出现在广告牌上，旁边带一个「XX 形象大使」的头衔。根据广告法，只要用个人名义对某种产品或者服务进行推荐，都可被视为广告代言人。详见《广告法》第五条：本法所称广告代言人，是指广告主以外的，在广告中以自己的名义或者形象对商品、服务作推荐、证明的自然人、法人或者其他组织。比如说，我在这里使用知乎好物推荐功能，打一个无糖的虚假快乐水广告，跟大家说「我，王瑞恩，从小喝可口可乐，现在每天都要喝两罐。我信得过可口可乐饮料公司，就是因为你们有高质量」。从广告法意义上来说，我已经是可口可乐的广告代言人了。不一定直接接受广告费才可以被认定为广告代言人，在实践中，就有主持人应邀有偿主持公司举办的活动而被认定为广告代言人的例子：在《谭次洪、谭侃与湖北世匠装饰设计工程有限公司、湖北广播电视台等侵权责任纠纷一审民事判决书》（2018）鄂0111民初5693号）中，法院认为，装修公司聘请湖北电视台的主持人沈馨作为晚会主持人，并在晚会上作出「世界500强旗下企业」、「全行业ISO9001国际认证」、「国家最顶级的双A甲级资质」等宣传，属于代言行为。钟南山院士所说的「我从来没有给任何企业和产品代言」指的可能是没有和企业签订广告推广协议，但这并不必然否定了他从法律意义上成为广告代言人的可能性。应企业邀请参加活动并且在过程中推荐了商品，同样有可能构成广告代言。利用网络进行直播带货，就是一种广告代言的形式：钟南山走进直播间，为黔南带货刺柠吉_贵州作为广东人，我个人非常尊敬和感谢钟南山院士，是他所从事的公共卫生事业最直接的受益者之一。因此，我宁愿相信钟南山院士仅仅是因为不熟悉广告法相关概念，在不知情的情况下进行了广告代言。即便是真的与企业达成商业合作，我也非常支持，甚至希望有更多的科学工作者能向明星一样为优质产品站台，希望研究者们大大方方走到镜头前，通过商业收益改善自己的生活（正如我我希望建政和商业能挂钩一样）。钟南山谈商业而色变，这其实是一种悲哀，背后是社会对科研工作者「又要马儿跑、又要马儿不吃草」的苛求。,2803,154,2020-05-17 14:42:36,2020-05-17 14:57:16
为什么钟南山没有接班人？,钟南山并没有挑大梁或者主持大局，钟是高级别专家组组长，说白了就是负责评估疫情为中央提供建议。另外就是稳定人心。这种人在古代叫什么？叫钦差，钦差年龄大资历老从来不是坏事。年龄越大资历越老反而更能稳定人心。新冠作为呼吸科传染病，卫健委高级别专家组包括了呼吸科第一人钟，传染病第一人李，以及疾控中心主任高，可以说在业务上涵盖了所涉及领域最有话语权的几个人，这就是钦差组，哦不，高级别专家组的任务。钟所在的广医一附院肯定也有一些中青年专家能力出众，也许可以被定义为钟的接班人，但只要钟还有能力，那他就是执行钦差任务的不二人选。至于制定防疫政策细则，接受和诊治患者并不是他们的主要工作。,0,0,2020-04-22 22:59:23,2020-04-22 22:59:23
如何看待这个人对钟南山院士的评价？,对连花清瘟的有效性很感兴趣，所以循着名字找过去看了看这位的设定是70kg的人含有50kg的水，所以要达到连花清瘟的有效浓度需要一次性吃57粒左右的药才有效这个推论错误是比较显著的毕竟人体血液量不是50升而是大概不到5升所以实际服用量其实只需要十分之一（这还是按照他的计算方法得到的）而且改善症状，这就已经是目前人们针对新冠肺炎的治疗所能进行的极限了没有特效药啊吃抗生素什么的不也是降低炎症反应不也是不治本吗目前针对新冠肺炎没有“治疗方法”采用的方法都还是用治标的方法确保病情不恶化，然后让自身免疫系统发挥作用，产生抗体然后恢复不是吃个药，然后药物就把体内的病毒都弄失活，然后人就好了至于氢气控癌和代言牛奶什么的不关心就没看但是从我看的角度来说，这个人不是很有资格质疑一位院士，他的角度也不是从学术角度进行质疑，在我这可以归为喷子一类以上,4,4,2020-06-19 13:54:39,2020-06-19 13:54:39
张文宏会不会变成钟南山一样的人?,不会，因为下一个钟南山会是王辰，张文宏的专业领域是感染，与钟南山院士无关，讨论能不能成为下一个钟南山院士，这个问题的前提是矛盾的。作为院士，王辰非常年轻，与目前的自己相比，仍有巨大的上升空间和潜力，王辰院士的科研团队是国内顶级的团队。多次在ncs柳叶刀这些顶级期刊上发表高影响因子的文章。王辰院士是呼吸与危重症医学的顶级专家，在新冠肺炎疫情中，专业程度是高出钟南山院士的。并且王辰院士起点比钟南山院士高得多。补充：钟南山院士起点虽低，但却能取得如此成就，可见是传奇人物。钟南山院士对稳定民心这一精神层面的贡献，是王辰院士目前无法比拟的，王辰院士如扫地僧般低调，钟院士敢医敢言。王辰院士是方舱医院的提出者，并且这次疫情期间王辰院士在一线开创了许多行之有效的新疗法。我国通过方舱医院收治轻症患者，有效切断了传染链，所产生的影响是决定性的。王辰院士现任中国工程院副院长、医学科学院院长，下次公共卫生受到威胁时，完全有能力扮演如今钟南山院士的角色。＝＝＝＝＝＝＝＝＝分割线＝＝＝＝＝＝＝＝＝强烈推荐纪录片——《不老人生——钟南山》。一睹钟南山院士的高尚医德！,775,306,2020-04-28 23:40:34,2020-05-07 00:36:45
如何看待钟南山向欧洲推荐中药连花清瘟胶囊与六神丸？,权威专家说有效，那应该就是有效。我们希望科研人员再接再厉，研究出来它具体有多有效，还有为什么会有效，什么化学成分导致的有效，有什么副作用，要是能人工合成出有效成分就再好不过了。,1571,150,2020-04-06 10:45:32,2020-04-06 10:45:54
钟南山院士贡献真的能和钱学森爷爷与袁隆平爷爷相提并论吗？,钟南山的贡献极大，但是恐怕不能和钱学森、袁隆平相比。事实上，钱学森和袁隆平的贡献也是不一样的。钱的贡献在于，解决了国家的生存问题，而这个问题是没有替代解决方案的，因为花钱买不着。他（和那一批科学家）实实在在的从战略上解决了“不挨打”的问题。袁的贡献也很大，但不能说他完全解决了粮食问题和吃饭问题。而是说，他给了一个非常有效的解决问题的办法。但其他的杂交水稻、粮食增产方案还有不少，且粮食至少在国际市场上还是可以买卖的（但对中国来说代价很高），所以他的贡献是极其巨大的，但可能不是不可替代，独一无二的贡献。钟的贡献离开让中国人“不生病”差得还很远。钟属于在某一领域有突出贡献的人，在推动解决（不是解决）某一领域的某一重大问题方面，他的工作比起大多数院士来说都更有显示度，但恐怕谈不上超越——比如倪光南。但就是这样，已经是凤毛麟角，极为难得了，比起他，那些只会发论文的大牛，或者有学术，没情怀的大牛就该无地自容。总之，他们都是国士无双的人物、甚至可以被纳入到民族脊梁的行列，但是具体的贡献程度和贡献领域还是不同的。,12,2,2020-06-12 10:21:02,2020-06-12 10:22:25
如何看待钟南山院士预计今冬明春新冠疫情仍会存在？,"4 月里，张文宏医生说：疫情不会在夏天结束，而且很可能会迎来第二波爆发。6月，钟南山院士预计今冬明春新冠疫情仍会存在。截至 6 月 22 日下午 16 点，海外累计确诊新冠肺炎病例将近 900 万，全球累计确诊超 903 万。通过半年以来对确诊病例的临床观察与治疗，医生和科学家们，已经对新冠有了更深的认识：新冠病毒不止会攻击你的肺事实上，从大脑到脚趾，它们没有放过你身体任何一个部位。耶鲁大学纽黑文医院的心脏病专家 Harlan Krumholz，一直以来都在带领团队收集与分析 COVID-19 的临床数据。他曾感叹：它（新冠病毒）的凶猛令人叹为观止。因为，从大脑到脚趾，新冠病毒几乎可以攻击人体内的任何部位，并造成致命性和毁灭性的后果。而这一可怕的进程，从我们不小心感染它的那一刻，就已经开始了。病毒攻击人体的得力帮手：ACE2 受体蛋白ACE2 蛋白原本的作用是参与血压调节，但是如今却成为了病毒进入人体细胞的敲门砖。如果没有 ACE2 蛋白，病毒就没有办法进入细胞，利用细胞进行自我复制。但可怕之处在于，ACE2 受体蛋白，广泛存在于血管上皮细胞的细胞膜上。也就是说，在血管上有大量病毒的「敲门砖」分布。而血管，在我们的身体中却无处不在。所以，新冠病毒一旦在疏于防范时趁虚而入，那么我们自身，就成了它们理想的孵化温床。作为人体与外界交换氧气的重要器官，肺部内有无数的毛细血管和微小气囊。气囊是由一层密集排列，且富含 ACE2 受体蛋白的细胞组成的。且气囊的旁边，会萦绕着无数的毛细血管。所以引发肺炎，造成急性呼吸衰竭，是病毒所能造成的最致命、最明显的影响。当免疫系统觉察到新冠病毒在体内造次时，会派出大量免疫细胞与病毒交战。可惜的是，破坏正常氧气传输功能的，正是我们与病毒的战斗本身。致命的自我保护机制：细胞因子风暴当免疫系统反应过于强烈时，大概率会形成「细胞因子风暴」。既然能被称得上是「风暴」二字，那么它的特点必然是：所到之处，寸草不生。别忘了一开始我们就提到的：ACE2 广泛存在于血管上皮细胞中，人体几乎每一处都有血管分布。也就是，几乎每一个地方都会成为病毒的攻击目标。有病毒攻击的地方，就会成为细胞因子风暴横扫的目标。它会对患者身体展开强烈攻击，让血管越来越脆弱。不仅如此，在细胞因子风暴横扫过的地方，会留下不计其数的死细胞和各种分泌物。当身体来不及处理这些残留的时候，它们便会凝集在一起，形成血凝块，阻塞不计其数的血管。血管阻塞的后果是什么？在大脑，会引发中风、脑膜炎；在心脏，会引发心肌炎、冠心病；在肾脏，会引发肾衰竭；在四肢，会引发静脉栓塞，手指脚趾肿胀和组织死亡；在口鼻，会丧失味觉与嗅觉；在肠道，会引起剧烈腹泻；在生殖器官，女性会引发流产，男性会降低生育能力……宝妹没有危言耸听。哥伦比亚大学欧文医学中心的科研团队在得知这一真相后，做出了这样的推断：我们越来越坚信，血凝块或可成为主导 COVID-19 疾病严重性和致死性的主要因素。新冠病毒最“偏爱”的 4 大性状从全球各国数量庞大的病理报告来看，医学家已经发现许多新冠患者，都伴随着不同程度的，其他器官的衰竭现象。出现最多的并发症，是中风。而且，许多是身强力壮的年轻人。“见人下菜碟”的新冠病毒《美国医学协会杂志》曾对纽约 5700 名新冠患者展开调研。研究发现，新冠病毒更喜欢针对患有常见基础病的人群。美国疾病预防控制中心（CDC）数据显示，在美国14个州的新冠肺炎住院患者中，重症患者患有基础病人数最多的是：高血压肥胖糖尿病令人惊讶的是，患有哮喘或其他呼吸系统基础疾病的新冠患者，重症比例反而不高。上个月，安格利亚鲁斯金大学等机构的科学家们，通过对欧洲20个国家的人群进行研究后，又发现了一个意想不到的真相：人体维生素D的平均水平较低，与COVID-19病例数较高及死亡率较高直接相关。意思是，体内的维生素 D 含量越低，对于新冠肺炎的易感程度与感染后死亡率就会越高。这是因为，维生素D可以调节人体免疫细胞的反应。它能抑制细胞风暴因子的形成，保护人体在消灭病毒的同时，不会过多地遭受攻击。5 天前，《新英格兰医学杂志》刊登了一项新研究。科学家们对来自西班牙和意大利的近 2000 名重症新冠患者，进行了全基因组关联研究（GWAS）。这项研究，又一次刷新了人类对新冠的认知：血型与发生新冠导致的呼吸衰竭风险，竟然具有很强的相关性。A型血的呼吸衰竭风险升高 45%O型血的风险则降低 35% 。简单总结就是，下面这些因素会影响一个人感染新冠的风险，以及感染后的预后：高血压糖尿病肥胖维生素D水平血型ACE2基因的多态性疫情还没结束，病毒的传染性在增强但遗憾的是，新冠病毒也在不断进化和变异。最新研究显示，新的测序结果发现了更强的病毒变异亚型。“刺突蛋白D614”基因突变可以使病毒的传染性提升9倍（实验室环境下测得）。而且食品、水、冷链这些过去我们未加重视的环境，也可能成为新冠的潜在传播途径。从这一点看，只要国外的疫情没有平息，只要病毒仍然潜伏在某个角落，只要人类还没有特效药、没有疫苗，那么新冠疫情的阴霾就不会散去。当然，好消息是中国生物的新冠疫苗今天开启三期临床了，为我们带来了一线曙光。全球首个新冠灭活疫苗 国际临床（Ⅲ期）试验正式启动珍惜生物狗吧，他们是人类的希望（/狗头）参考资料：[1]Ellinghaus, D. et al. Genomewide Association Study of Severe Covid-19 with Respiratory Failure. N Engl J Med NEJMoa2020283 (2020) doi:10.1056/NEJMoa2020283.[2] Coronaviridae Study Group of the International Committee on Taxonomy of Viruses. The species Severe acute respiratory syndrome-related coronavirus: classifying 2019-nCoV and naming it SARS-CoV-2. Nat Microbiol 2020;5:536-544.[3] Wu Z, McGoogan JM. Characteristics of and important lessons from the coronavirus disease 2019 (COVID-19) outbreak in China: summary of a report of 72 314 cases from the Chinese Center for Disease Control and Prevention. JAMA 2020 February 24 (Epub ahead of print).[4] Berlin DA, Gulick RM, Martinez FJ. Severe Covid-19. N Engl J Med. DOI: 10.1056/NEJMcp2009575.[5] Vuille-dit-Bille RN, Camargo SM, Emmenegger L, et al. Human intestine luminal ACE2 and amino acid transporter expression increased by ACE-inhibitors. Amino Acids 2015;47:693-705.[6] Wein AN, McMaster SR, Takamura S, et al. CXCR6 regulates localization of tissue-resident memory CD8 T cells to the airways. J Exp Med 2019;216:2748-2762.[7] Zhao J, Yang Y, Huang H, et al. Relationship between the ABO blood group and the COVID-19 susceptibility. March 27, 2020 (https://www.medrxiv.org/content/10.1101/2020.03.11.20031096v2. opens in new tab). preprint.[8] Zietz M, Tatonetti NP. Testing the association between blood type and COVID-19 infection, intubation, and death. April 11, 2020 (https://www.medrxiv.org/content/10.1101/2020.04.08.20058073v1. opens in new tab). preprint.[9]Petre Cristian Ilie, Simina Stefanescu,Lee Smith. et al. The role of vitamin D in the prevention of coronavirus disease 2019 infection and mortality, Aging Clinical and Experimental Research (2020). DOI:10.1007/s40520-020-01570-8",29,0,2020-06-24 09:00:41,2020-06-24 09:00:41
如何看待这个对钟南山院士的深扒？,钟南山 老爷子 从小家境优越 没吃过苦，没挨过饿 老百姓大多数吃不饱为了不挨饿 尽量少活动的时候，人家就已经练体育了，疫情期间让大家别出门，出发点是好的，为了防控疫情，为了让更多人不感染，老爷子之前有个采访 说家里从来不在乎钱，根本不谈钱，自己和马大大一样对钱没有兴趣 可是老爷子，。咱跟人家也不是一个阶级，价值观不一样，人家觉得在家闷一年，中国老百姓都生活富裕，根本没事，也饿不死。人家一天两罐牛奶 咱这好多农村老百姓还没喝过牛奶呢，,0,0,2020-06-29 11:32:34,2020-06-29 11:32:34
柯文哲和钟南山在医术上是一个级别的吗？,柯文哲比钟南山牛。柯文哲实在，说话直接。钟南山是精神领袖，但说话一副官腔，是领导级别。在我眼里钟南山也没张文宏贡献大。,0,1,2020-06-08 07:39:13,2020-06-08 07:39:13
如何看待钟南山院士高价诊费？,        这是个代价问题，如果代价过低，无疑会导致医疗资源的紧张，导致真正需要治疗的人无处求医，而高诊费会让患者更加谨慎的思考是否真正患病，或者确诊了再来。         所以我希望大家多站在对方角度去思考问题，不要对自己不了解的事情妄加评论。       钟南山院士在84岁的高龄还在中国疫情挺身而出，无疑已经尽了一个医生的责任了，我们又怎么能苛求更多呢？        最后，为在疫情前线奋斗医务人员点赞。（澄清:我建楼也只是为他们辩解）,4,0,2020-04-12 17:11:25,2020-04-12 17:14:05
钟南山院士挂号费1200元，有人嫌弃贵，你觉得呢？,钟南山，中国医学家、教授，中国工程院院士。中华人民共和国约有14亿人口，在14亿人口中能够以医学成就当上中国工程院院士的，有多少人呢？答案是117人，占人口比例的 0.0000083%左右。他是中国最优秀的医生之一。医药卫生学部（117人）曹雪涛、陈赛娟（女）、陈香美（女）、陈肇隆、陈志南、程京、程书钧、丛斌、丁健、董家鸿、樊代明、范上达、付小兵、高润霖、顾晓松、韩德民、韩雅玲（女）、郝希山、侯惠民、胡盛寿、黄璐琦、郎景和、李大鹏、李兰娟（女）、李松、李兆申、林东昕、刘昌孝、刘德培、刘志红（女）、马丁、宁光、乔杰（女）、邱贵兴、阮长耿、桑国卫、沈倍奋（女）、沈祖尧、孙颖浩、田志刚、王辰、王广基、王红阳（女）、王锐、王威琪、王学浩、吴以岭、夏照帆（女）、谢立信、徐建国、杨宝峰、杨胜利、于金明、袁国勇、曾溢滔、詹启敏、张伯礼、张心湜、张英泽、张运、张志愿、郑树森、周宏灏、周良辅巴德年、陈灏珠、陈洪铎、陈冀胜、陈君石、陈亚珠（女）、程天民、池志强、戴尅戎、顾健人、顾玉东、郭应禄、洪涛、侯云德、胡亚美（女）、胡之璧（女）、李春岩、黎介寿、廖万清、刘耀、刘玉清、陆道培、卢世璧、秦伯益、邱蔚六、沈渔邨（女）、盛志勇、石学敏、孙燕、唐希灿、汤钊猷、王琳芳（女）、王永炎、王正国、王振义、闻玉梅（女）、吴天一、吴咸中、夏家辉、项坤三、肖碧莲（女）、肖培根、姚新生、于德泉、俞梦孙、俞永新、张金哲、赵铠、甄永苏、钟南山、钟世镇、朱晓东、庄辉也就是说你现在找到一个中国最最最顶级的医生，坐在你面前，花上很多时间，给你看病问诊，需要多少钱呢？仅￥1200人民币这踏马也太便宜了吧！对比美国最好的梅奥诊所医生的门诊费（只是常规门诊哦）：新患者：一次门诊收费在430-650美金左右，合人民币3000-4500元常规门诊：一次收费约在700-950美金，合人民币4800-6600元 患者门诊复查：一次收费约在255-416美元左右，合人民币1800-2900元中国有多少富人？中国高净值人群（或可称为千万富豪）占人口比例大约千分之二，绝对数值大概是280万人，这280万人按2%的生病几率（猜的数值），也就是每年有56000人生病。如果这些富人都想找钟南山看病，按一年365天计算，也就是院士每天平均要看153个富豪病患。你猜，如果他们想找钟南山看病，他们愿意出多少钱？,27,0,2020-04-03 00:05:38,2020-04-03 00:05:38
为什么防疫的医生那么多，但大家却只记住了钟南山呢？,谢邀人民有信仰，国家有力量。这个时期，需要一个信仰，钟老就是这个时期的信仰。,1,0,2020-04-04 21:16:54,2020-04-04 21:16:54
如何看待钟南山院士门诊费1200元？,您这自言自语呢？根本问题是医疗资源匮乏  1200谁掏不起  要是能治病谁舍不得花这点钱 关键是您排得到队吗 顶级的专家就那么几个 全中国生重病的有这么多 这是大家都有钱就能解决的事吗。对于您提的建议，我想说文化习俗不是说改就能改的，这需要一个漫长的过程。,1,1,2020-04-06 00:31:23,2020-04-06 00:31:23
如何看待华米科技与钟南山院士达成深度合作？,01五年前，Juniper发布了一份关于智能可穿戴产品市场的预测报告。当时这家研究机构觉得，运动追踪设备和GPS运动手表，将在2020年迎来市场前景最明朗的一段时期。然而，到现在（2020年）为止，无论哪家的可穿戴产品，基本功能上都差不多，要不是产品质感和外观，光看参数基本上分不清是哪家。这背后的原因其实非常简单，大家用的都是供应链的技术，再怎么组合，心率传感器、运动传感器……都只有那几种方案。如果想从软件功能上着手，各类友商也能很快跟进。所以，对于可穿戴产品公司而言，核心技术往往在于更先进的检测算法和来自用户共享的大量健康数据。这两者之间是相辅相成的。这意味着，现在的可穿戴产品公司，要么是独角兽，要么是大公司的IOT产品部门。比方说三星、苹果乃至于国内的各大手机厂商，基本上都完成了自己的IOT产品布局，其中最重要的一环，就是智能可穿戴产品。华米为小米开发的小米手环，在小米IOT生态链里面占据了非常重要的位置，除了基础的健康检测功能以外，还额外有了解锁设备和线下交通、支付NFC功能，极大地增强了用户粘性，但是小米手环的利润，真的太微薄了。我每次看到小米手环的定价，都觉得“是不是在做慈善？”这么一看，可穿戴产品的市场前景岂止是红海，简直特么是血海……如果华米一直维持小米手环占据大多数份额的状态。对一家期望有所突破的企业来说，无疑是非常不健康的。然而，就算在这种激烈的竞争环境下，华米能够获得非常强劲的增长。去年Q4直接飙到了21.114亿营收，同比增幅高达72.4%，出货量增长高达59.8%。这其中，华米自己的AMAZFIT品牌在其中的贡献不小。据我所知，这个品牌已经在印度、印尼和西班牙占据了市场份额的TOP1，在俄罗斯和中国（成人）智能手表业绩排名第三。保持领先地位的品牌，往往希望能够持续占据优势。常规动作就是扩充产品线。今年1月份，在拉斯维加斯的CES 2020 国际消费电子展，华米就展示了自家的运动心率耳机、智能睡眠耳塞、折叠智能跑步机等等等等……如果只到这一步为止，那么华米充其量也只不过是一家优秀的公司。但是华米比优秀还要高那么一点。02这就是为什么，当我在看这条新闻以后，不由得感叹：“这是一波王炸！”如果你仔细研究一下新闻背后的潜台词，就会发现不一样的意味。首先，这次合作实际上参与其中的有三方：华米科技、广州呼吸健康研究院、广东省南山医药创新研究院。广州呼吸健康研究院，内建有国家呼吸系统疾病临床医学研究中心，积累了大量宝贵的临床数据，约等于中国呼吸疾病领域最前沿的医疗水平。而广东省南山医药创新研究院，近些年来在研究领域表现非常突出，基本上算是钟南山院士的“基本盘”。它们背后蕴含的实力，实际上远远超过“钟南山院士”这个头衔。也就是说，“华米科技携手钟南山”的说法，其实非常低调。这意味着，华米在扩展产品线的同时，还想走专业化、差异化的路线。在最新 “新冠肺炎患者出院后随访以及康复管理” 项目里，我们看到了医疗机构、研究机构、企业三方协同的模式。取长补短，这种模式所带来的高效率可想而知。那么问题来了，为什么钟南山院士团队选择的合作对象是华米？能够得到钟南山团队这样的国内顶峰垂青，一定程度上可以说明，在可穿戴在生命健康领域里，华米就是那个同样最专业的，最具权威的科技公司之一。而前不久华米还成为了国家田径队的官方合作伙伴，就运动健康领域达成了长达五年的合作。一家智能可穿戴产品公司，和康复跟踪随访是如何产生关联的？为什么不是常规的可穿戴医疗设备公司呢？华米的独有优势，来自于他们堪称卓越的出货量，由此积累的大量健康数据和不断优化的算法，光一个简单的腕部可穿戴传感技术，就集合了深度学习、机器学习开发的一系列动作检测算法。事实上，智能可穿戴设备和可穿戴医疗设备的本质并没有什么不同，都是利用传感器来获取数据，比方说测量体温、心率、血压，并把数据转化成我们能够理解的数值，但是这两者在专业程度方面的区别，还大。成本和体积所限，智能可穿戴设备对于精准度、稳定性的要求并不高。相反，医疗可穿戴设备尽管能够拥有更高的精准度和稳定性，在软件方面却不够“智能”。两种产品都有各自的技术难点。华米针对这次项目提供了自家的米动健康手表，但在未来，也许华米将会和专业机构合作，把触角伸到医疗可穿戴产品领域。尤其在未来，老龄化离我们越来越近（呼吸系统疾病一般先找上老年人），这种及时的预防\预后设备，势必会迎来一轮爆发性的增长。结合5G时代的万物互联，将可穿戴设备“连接”到云端，上传各种身体状态数据供AI分析，到那时候，我们得到的将不仅仅是简单的数据预警\预警，借助于云端的大数据监测系统，每个人都及时获取各种风险，以便干预和就医。03而目前为止，市面上的医疗可穿戴产品，在智能化领域乏善可陈，基本上各自为政，兼容性也很差。其实这种局面很好理解，如果拥有持续稳定的销售渠道，足以让一家公司在产品开发上形成路径依赖，不需要也不考虑创新化改革。华米如果能够切入这块市场，也许真的能完美契合了这部分人群的潜在需求。毕竟很多时候，大家并不是需要一辆更快的马车，而是需要一辆汽车。如果说以往智能可穿戴产品主打的标签是“运动“，那么我想，随着华米把领域扩展到整个”大健康“，未来，也许华米将靠软硬件高效协同的形式，把专业性能无缝融入进大众消费级设备。以往孤立存在的健康监测医疗设备，会被“连接”到整个智能可穿戴生态圈。到那时候，健康程度就不再是自我感觉，而是成了可以量化的数据。我真心期望，在未来的中国，凭借科技的力量，大家都能活得更健康。即使到老，也能保留属于自己的那份尊严。,1636,173,2020-04-21 11:02:57,2020-04-21 11:02:57
为什么疫情期间人们要问钟南山院士疫情什么时候爆发，什么时候结束？钟南山院士并不是统计学家啊。?,楼主没搞清楚工程估算和精确量化两个概念。把抗疫看作一个大工程，可以根据疫情传播规律做一个大体的估计，只是估计精度“很差”，误差甚至可能达到1个月，但结果可以作为政策“制定”参考；统计学家要干的事，就是收集、处理海量的数据，然后作出高精度的估计，误差可以按天计，为政策“优化”提供参考。好比你家电动车，内行人士可以根据车的电池型号和你用车特点，可以说你电池还能用3年，表示你3年后该考虑换电池了；但是，你非要问第3年哪一天换电池，不好意思，内行也搞不定，还得收集大量电池健康数据做精确计算评估。然后你来一句为啥非要问内行不是做电池评估的，为啥问他，难道不好笑咩？,2,0,2020-04-04 10:57:30,2020-04-04 10:57:30
钟南山、袁隆平、屠呦呦谁对人类贡献最大？,我也来简单答下吧，我就问问你，在你家你觉得是水还是床还是电重要呢？用途不一样但都不可或缺啊！,0,0,2020-04-19 17:47:00,2020-04-19 17:47:00
怎么看待黑钟南山的人?,吃饱了骂袁隆平，病好了骂钟南山第一次看到网上有很多人在黑袁隆平，当时我就震惊了。倒不是说他如何人格完美毫无瑕疵，而是一个单纯的科学家，一门心思搞科研，有什么可争议的？仔细看了一下，各种谣言，说什么他儿子开种子公司，所以他要为转基因代言。又因为他在车展上摸了一辆豪车，就喷他生活奢侈爱好享受。这就更为可笑了，且不说他根本就没买豪车，就算买了，一个把全中国喂饱了的人，拿点高收入不应该吗？后来渐渐时间长了，类似的谣言也少了。我有幸与袁老有过两面之缘，具体见这里：一个人可以既聪明又单纯吗？结果这两天，魔幻的事情又一次出现了。这次轮到了钟南山。看看喷子们都是怎么说钟老的：自从钟南山说了“不一定在中国”，那张脸简直不想看钟南山最大的作用是政府的白手套钟南山服从政治，张文宏服从科学身不由己就是一个喉舌卖呼吸机和连花清瘟的带货专家越来越像胡锡进（胡编躺枪）……当初是谁第一个站出来说“新型冠状病毒可人传人”的当初是谁叫大家如无必要不去武汉，自己却连夜赶火车、买了无座票赶过去？就因为钟老说“病毒不一定起源于中国”就开始黑他？阅读理解会吗？是“不一定”不是“一定不”啊！病毒的起源问题，到现在也是未解之谜，这是一个科学问题，不是政治问题。你们就那么肯定？比特朗普还肯定？还是说你们就那么希望，比特朗普还希望？吃饱了骂袁隆平，病好了骂钟南山，你们的良心，狗都不要吃，因为狗不吃有毒有害垃圾。我不知道你们这些人是出于什么目的，是收钱了，还是真那么想。如果是收钱的，我就问问，这钱拿得烫手吗？如果是真那么想的，我只觉得悲哀，是什么样的环境和教育，造就了你们这样的心态？做人要厚道！,0,0,2020-04-02 14:41:04,2020-04-02 14:41:04
为什么现在还有人黑钟南山？,钟老支持中医……在知乎黑中医算政治正确了，所以你懂的,5,0,2020-04-07 11:34:51,2020-04-07 11:34:51
如何看待有人售卖“白衣天使钟南山”手办，是不是不太尊重院士？,不是。别把钟南山看得跟耶稣基督或者肖战一样，虽然我接受宗教狂热分子和脑残粉的存在，但我看不起。钟南山不过是个很有能力的科学家。这件事，假如厂家没有挣得钟南山同意生产了钟南山模型，那么分两种情况。以下情况都建立在钟南山没有和其它厂家（比如万代）合作出自己手办，没有成为流量明星，拥有自己经纪人，没有死亡的情况下。情况一，钟南山本人发现了，觉得侵犯了自己的肖像权，于是联系了厂商。整个过程参照了现行的法律程序，案件处理非常透明，钟南山得到了应有的赔偿，厂家得到了应有的处罚，完事。情况二，钟南山本人没有发现或者发现了并觉得无所谓，默许了这个行为。那么，这个行为完全合法，厂家明码标价，消费者把他买回来，跟自己的孙中山，周恩来，毛泽东，邓小平，朱德，彭德怀，袁隆平，邓稼先，焦裕禄，董存瑞，邱少云……模型一起放柜子里，看他做工不好，给他来个重涂，给他加几个防护服，军装，显微镜之类的配件，一点问题都没有。————————————————————————探讨下面几个情况。首先，假如钟南山和厂家合作退出了自己的手办。这种情况下，没有经过同意，侵犯了版权，跟肖像权没啥关系。然后，加入钟南山是明星或者运动员。这种情况下，他们的肖像基本是办商品的明码标价，而且有自己的团队，这个情况会非常复杂，并且不太可能，所以不展开讨论。第三，钟南山死亡。这个倒是最有可能的，那些想说“钟南山不会死”的，去你们该去的地方。如果真的出现了这个情况，那么他的家人可以维权，比如他的子女，或者子孙。第四，厂家刻意丑化钟南山。首先要说，做工不好不是丑化，丑化是在艺术设计上的，当然做工精美也可以丑化，比如我大选的时候就见过丑化的做工精美的希拉里，还可以放上天。这个一般来说是侵犯了肖像权了，当然钟南山本人想放弃也可以放弃，毕竟当时为了照顾选举，希拉里就没有追责。但是这个就属于可以丑化英雄人物，他们的形象在另一个层面受其它法律干预。第五，消费者买回来之后进行破坏。比如把它丢进液压机，那么也一点问题没有，因为这是对商品的处分权。第六，他把模型丢进了液压机，并且拍了视频，发到网上。这个属于侮辱英雄人物，跟第四点基本同理。,2,0,2020-04-13 21:15:46,2020-04-13 21:15:46
如何看待钟南山说【赞同现在复课】？,https://www.zhihu.com/video/1236302462576807936钟老说得好 相信钟南山爷爷，现在疫情被控制住了，各地学校也该准备积极复课了。但我们不能看他说支持学校复课，他也提了很多注意事项、准备工作和复课前提啊，万不可断章取义，胡乱开喷他和胡乱操作，做好防护措施是必须的。个人挺希望开学的，新冠肺炎可能会一直存在，总不能因此一直呆在家吧。不管去哪隔离都是正常的，我也很喜欢在家，但我认为该来的就是会来的，而应该很好的做准备，而不是在怨天尤人，各学校按照自己的实际情况准备复课，开学时，戴口罩、勤洗手总不能一辈子都不去上学吧建议全国高校推行自愿返校,11,11,2020-04-22 14:46:45,2020-04-22 14:46:45
为什么肖战粉那么喜欢登月碰瓷钟南山院士?,肖战仅仅是一个戏子、偶像、流量，钟南山仅仅是一个为商业利益推广中药的老西医。名气上某一个略大些，并无差异。英雄？我觉得谈不上！肖战这类白脸小生，我不理解为何女孩子们迷恋，我看不上钟南山的贡献、苦劳我认可，我无法忽视。但是频繁推荐连花清瘟、血必清的动机让人不齿南山-以岭钟老推荐过后连涨5个涨停板，股东乘机套现股东套现细则连花清瘟之外，钟老推的另一款血必清神药瑞德希韦火了，国内团队王辰院士领衔，随机、双盲、对照，验证神药无效将其拉下神坛同样的神药连花清瘟，副作用未知20多年，最简单临床试验都没有。钟老做完“离体试验”称对病毒有微弱作用，就急吼吼推荐。这算双标不？,0,0,2020-05-12 13:21:11,2020-05-12 13:23:49
钟南山对于新冠状病毒有什么研究贡献？,1.临床救治团队紧跟着钟南山院士的步伐，逆行而上，在三大阵地（广州、武汉、国际）六大战场（广州本院、武汉汉口医院、武汉金银潭医院、武汉协和西院、广州市第八人民医院、伊拉克防疫一线）发挥着积极的作用。2.临床科研团队在钟南山院士的带领下，呼研院、呼吸疾病国家重点实验室、国家呼吸系统疾病临床医学研究中心团队先后从临床样本、粪便及尿液中分离出活毒株，为我国新冠病毒感染疫情防控策略的制定提供重要信息，对公共卫生安全防控具有重要意义。开展首个全国范围的新冠临床特征研究，联合多个团队开展诊断用抗体研究、中医药研究、干细胞治疗新冠肺炎临床研究等。 3.基础科研团队在人工智能应用于预测模型构建方面，联合研发咽拭子采样机器人、新冠肺炎危重症AI预测模型等，开展新冠病毒疫苗相关研究，成功建立国际首个非转基因新型冠状病毒肺炎小鼠动物模型，这些科学攻关成果对新冠疫情的防控提供了重要的科学依据。同时，注重创新临床转化应用，撰写并发表诊治防指南/指引/专家共识9部，并加强与国际的交流，钟南山院士团队应邀向亚非拉欧美同仁全方位解析新冠肺炎，分享疫情诊治防及重症救治经验，相关国际连线十余场。,0,0,2020-04-12 16:02:49,2020-04-12 16:02:49
如何看待钟南山院士表示连花清瘟治疗普通新冠肺炎有效？意味着什么？,"**2020.05.24更新补充钟南山、张伯礼、李兰娟院士等发表的一项前瞻性、多中心、随机对照临床试验结果。原回答提到的临床试验的研究成果，近日被国际植物医学领域杂志《植物医学》（Phytomedicine）收录发表：https://www.sciencedirect.com/science/article/pii/S0944711320300738（链接：Efficacy and Safety of Lianhuaqingwen Capsules, a repurposed Chinese Herb, in Patients with Coronavirus disease 2019: A multicenter, prospective, randomized controlled trial） 这项临床试验纳入了符合研究方案的病例共284例（需要机械通气的严重肺炎为排除标准之一），随机分为治疗组和对照组。治疗组参照《新型冠状病毒肺炎诊疗方案（试行第四版）》进行常规治疗；对照组在常规治疗基础上加用花清瘟胶囊4 粒/次，3 次/日（或颗粒1袋/次，3 次/日），治疗周期为14 天。结果显示：经过连花清瘟治疗组治疗14天后，主要临床症状（发热、乏力、咳嗽）治愈率较对照组显著提高，在治疗第7天达57.7%，治疗第10天达80.3%，治疗第14天更是达到了91.5%。发热、乏力、咳嗽单项症状持续的时间也明显缩短，连花清瘟治疗还能够明显提高了肺部CT影像学异常的改善率，提高总体临床治愈率。从降低转重型患者的比例方面分析，连花清瘟胶囊治疗组与对照组明显更低（连花清瘟治疗组：2.1%，对照组：4.2%）。然而在本临床试验中，连花清瘟胶囊在提高新冠肺炎核酸转阴率和缩短转阴时间方面与对照组（常规治疗组）对比虽然显示出一定的优势，但差异尚未达到统计学意义[1]。图1 总体研究发现图2 连花清瘟胶囊治疗组显著缩短症状恢复时间（左图：全方案集；右图：符合方案集）图3 连花清瘟胶囊治疗组显著提高症状治愈率（全方案集）图4连花清瘟胶囊治疗组显著提高临床治愈率以及缩短CT异常恢复的时间（A与C图：全方案集；B与D图：符合方案集）研究中出现的不良事件以轻至中度为主，且两组之间没有明显差别，研究中未出现与研究药物相关的严重不良事件。上述系列发现表明，在常规治疗基础上联合应用连花清瘟胶囊口服14天可显著提高新冠肺炎发热、乏力、咳嗽等临床症状的改善率，明显改善肺部影像学病变，缩短症状的持续时间，提高临床治愈率，遏制新冠病情恶化，而且安全性较高[1]。因此，可以说连花清瘟胶囊在治疗普通型新冠肺炎方面（主要是改善症状及肺部影像学病变，以及提高临床治愈率）确实是有效的。尽管如此，有一点还是要再强调一下：“有效”不等于“特效”。我们没必要、更不应该把连花清瘟胶囊捧成神药，同时也要避免盲目服用。以下为原回答：讨论之前，不妨先来看一下钟南山院士在视频连线[2]时是怎么说的：钟南山院士说自己得出这一结论是“有底气、有证据”的。这里的证据，实际上有两个。证据一：离体实验钟院士提到的离体实验，应该是指广州呼吸健康研究院杨子峰课题组发表于《药理学研究》(Pharmacological Research)的研究论文链接：https://www.sciencedirect.com/science/article/pii/S104366182030743X该研究发现：连花清瘟抑制SARS-CoV-2病毒复制的IC50为411.2μg /mL，对病毒空斑的形成也显示出抑制活性，具有剂量依赖关系。连花清瘟干预后可见胞浆、胞内囊泡、内质网和细胞膜表面的病毒颗粒减少，一部分病毒颗粒呈梭形，与病毒组细胞中的球状病毒形成对比；进一步发现，连花清瘟对SARS-CoV-2感染细胞引起的TNF-α、IL- 6, CCL-2 / MCP-1, CXCL-10 / IP-10的表达具有显著抑制作用[3]。连花清瘟（LH）在Vero E6细胞中的抗SARS-CoV-2活性（A）LH对病毒感染引起细胞病变（CPE）显示出抑制作用，呈剂量依赖关系；（B）阳性对照药瑞德西韦（Remdesivir）对CPE也具有抑制活性；（C）LH对病毒感染细胞形成的空斑具有抑制作用，600μg/mL浓度可完全抑制空斑形成电镜下连花清瘟（LH）对Vero E6细胞中SARS-CoV-2病毒颗粒的影（A、F）正常细胞无病毒颗粒；（B、G）病毒感染后在囊泡可见病毒颗粒；（C、H）LH处理后囊泡病毒颗粒减少；（D、I）LH处理后病毒颗粒呈梭形；（E、J）阳性对照药瑞德西韦（Remdesivir）处理后囊泡与胞浆病毒颗粒减少连花清瘟（LH）对SARS-CoV-2感染细胞后炎症因子表达的影响[3]证据二：临床试验钟院士还提到了一项纳入近300例的临床试验。如果我没猜错的话，应该是此前媒体已经报道过的随机对照试验：由钟南山、李兰娟和张伯礼三名院士共同指导的一项全国9个省市23家医院共同参加、纳入284例新冠肺炎患者的随机对照试验研究结果显示，主要临床症状的消失率、临床症状持续时间等方面，应用连花清瘟胶囊治疗组均优于对照组，治疗组肺部影像学好转达83.8%，对照组是64.1%；治疗组临床治愈达到78.9%，对照组为66.2%；在轻症转重方面，治疗组较对照组降低50％[4]。我们知道，随机对照试验在循证医学证据等级中算比较高的。因此，钟院士说连花清瘟胶囊治疗普通型新冠肺炎有效，确实是有底气的。当然，以上只是媒体报道的数据，我们还是要等论文正式发表后再作验证。那么，这意味着什么？是否意味着连花清瘟胶囊是可以治疗所有普通型新冠肺炎的神药？显然不是的。每种药物都有它的适应症（对于中成药，一般叫功能主治）。即便真的有哪位专家敢说连花清瘟是神药，那也不能信，而应该以说明书为准。连花清瘟胶囊的功能主治如下：[5]第二段中，新冠肺炎适应症没有提到舌脉，但还是可以参考前面的“舌偏红，苔黄或黄腻”。也就是说，这个药是偏凉的，比较适合热证。而且，【注意事项】也注明了“风寒感冒者不适用”：[5]具体来说，如果出现流清鼻涕，咳白色的痰，舌苔也是白的，那么就不适合吃连花清瘟胶囊。当然，考虑到自己判断未必会准确。因此，正如我之前多次强调的：无论是连花清瘟胶囊，还是其他中成药，都不建议盲目服用，而应该严格遵从说明书的规定，并且最好在执业中医师/中药师指导下使用。只有这样，才能提高疗效，同时减少不良反应的发生。相关回答：逍遥散人：如何看待钟南山向欧洲推荐中药连花清瘟胶囊与六神丸？",1285,589,2020-05-05 15:52:49,2020-05-24 10:43:24
钟南山院士哪里人?,南京出生，广州长大的福建厦门人,1,3,2020-04-09 21:11:52,2020-04-09 21:11:52
如果看待钟南山院士的挂号费1200元一次?,社会资源的合理分配。简单来说就是不能一些小病就找钟南山。顺便发张图片让大家看看一些人说钟南山，配不上仁德二字的。这人在拉黑后我后，回来发了句这话。。。。。,0,0,2020-04-12 21:08:03,2020-04-12 21:08:03
怎么评价钟南山院士？,因为家里的原因，我从小也算是钟院士看着长大的，也就只是他知道我是谁谁儿子有些场合会见到那种，小时候生了一场大病，也算是钟院士救回来的，钟院士对我有恩，我的看法可能没有那么公正各位兼听一下吧。我小时候觉得钟院士就是个很魁梧，很酷很有自信的叔叔，虽然那时候已经是所长也是院士了，但也很爱玩，跟大家出去旅游打球，给周围的人带来很多正能量。（哈哈哈哈哈哈哈哈论年纪应该叫爷爷但是没办法钟大真的看着太年轻了|･ω･｀)）后来非典爆发了，那时我好像才上小学吧，没什么特别的感触，只是觉得这个叔叔很厉害，救了很多人。随着我的长大，我渐渐知道了钟院士的各种事迹，也了解的当时非典的凶险程度，从而更加倾佩他了。因为外出求学，钟院士也越来越忙，我多年没有见过钟院士，上一次见到他已经是几年前暑假我去呼研所办公室打杂的时候，因为办公室的楼层跟院士的办公室是同一层，有几次在电梯口碰见他，他会跟我打招呼，也会跟清洁阿姨打招呼，对每个人都是善良以待，不谈他的贡献他也肯定是一个热心而真诚的人。准备开学的时候，刚好遇到一个纪念活动，我也去帮忙打杂，钟院士也出席了那个活动，我现在还记得他在谈及某项医学技术的未来的时候，眼里是有光的，他的发言很有感染力，我觉得在场的人都能感受到那份对未来的希望和他对未来的期待，他勉励各位都要不断的学习，不能落后给他这个80后。反正我也不太会表达，但我觉得钟院士的的确确是有一份赤子之心的。他非常聪明，在场的时候可以让每个人都如沐春风，但是他有他坚持的东西，我想这份初心应该是更在他的聪明之上的。,30,1,2020-04-07 21:06:16,2020-04-16 08:57:34
钟南山做了什么?,因为神化不可取，所以有功劳也得磨灭打成罪人。教员是这样，钟南山也是这样，传统艺能了。,9,1,2020-04-15 11:44:04,2020-04-15 11:44:04
钟南山和袁隆平，哪个对国家的贡献更大？,我觉得是钟南山吧，因为袁隆平自己也承认自己犯了一点错误。,435,42,2020-04-06 08:42:51,2020-04-06 08:43:05
钟南山挂号费 1200 元值吗？,钟南山挂号费1200太贵？他儿子用爱马仕扎眼？谁规定医生必须清贫乐道？疫情刚刚好转，抗疫第一功臣钟南山院士，出诊挂号费1200被嫌贵的话题又被炒得火热。网上随便一条相关帖，都有四五十万人的讨论。有网文说：“钟南山挂号费1200，不管什么专家也太贵了，医院不只是给富人看病。”居然得到多人点赞，真是无理且可笑。谁家老人80几岁还工作啊，再说人也不缺你这点挂号费。钟老是全球顶级的专家，专业领域内泰山北斗级的人物，说他日理万机，一字千金，一点儿都不夸张。而且老人家八十多岁了，他自己说，想查房都会被医护人员拦住，因为，像他这样的资源，实在太珍贵太稀有了，懂行的人不舍得他浪费哪怕一丁点的精力。这样的人，没住进豪宅，专门给达官显贵瞧病，反而还在广州医科大附属第一医院照常出诊，网上就能挂号，难道还不够医者仁心，还不能称百姓之福吗？客观来讲，1200元的挂号费对于普通病患而言，确实不便宜，但根据钟南山的级别和分量，这也是市场行价，不存在故意抬高或虚报的情况。真站在治病救命的角度来说，别说1200，就是加个零，再加个零，跑来求助的人还不是照样踏破门槛。人们对所谓“天价挂号费”的质疑，让我想起前不久一则消息。因为某节目中，钟南山的儿子钟帏德系了一条“爱马仕”的皮带，好多人指责他“不朴素”、“太扎眼”，还上纲上线地说，钟南山的儿子不该享用奢侈品，不然就是个“败坏家风、沉迷物质、靠父亲当官”的人......他爸那么人神共敬，儿子怎么能这么“不长进”？于是网友开始把钟帏德的底细扒了个底儿朝天。结果发现，钟帏德是广州市第一人民医院教授、主任医师、博士生导师、国家级百千万人才……国际著名的哈佛大学附属医院麻省总医院，破格聘请他这个“外国人”当主任医师。这样的杰出人才，如果想系一条几千块钱的名牌皮带，明显不需要“找爸爸”。他想过什么生活，也犯不着依靠父亲钟南山的名头。毕竟，即使只是个小小的打工族，偶尔奢侈一把，买个爱马仕，也算不算新闻啊。所以，舆论喧哗一通之后，又复归平静。为什么我们能接受明星一张演唱会门票动辄好几千，卖个廉价二手货都能赚几千；能接受一年换一次手机，抽烟喝酒一花好几百，来个可能拯救自己生命的千元挂号费却嫌贵呢？可能这些人也不是真觉得贵，就是从内心觉得，钟南山这样的人，就该两袖清风、一心为民，不该对金钱有欲念吧。现在很多人，动不动就站在道德制高点的人，说起“医生”“教师”“警察”就谈伟大、奉献，就仿佛从事这些职业的人没有吃穿住用行的需求，没有柴米油盐酱醋茶的生活。试问，自己都做不到的事，为什么总拿来要求别人呢？而且，往往网络上这些“喷子”，还不是真正的穷人。真正那些完全拿不出1200挂号的人，后续的治疗更无力负担。他们更多想的可能是怎么保命看病，而不是去指责别人。比较欣慰的是，多数网友的声音还是比较理性的。显然钟老这个级别的，基本都是看疑难杂症的。院士自己早就说过了，他会筛选病例的，并不是有钱就行，他只治重症。普通的感冒发烧，社区诊所就可以解决了，没必要去找他，浪费医疗资源。如果弄个50块钱一次，估计普通的病人肯定都来烦他，毕竟一样价格，更高的医术我为什么不选呢？这样的话，不是浪费了宝贵的医疗资源么？有网友说，以钟老这个级别和资历，只要愿意，有钱人50万一年请他当家庭医生，不用来人，只要接电话就行，都踩破门槛……我估计我说的价格还太低……话糙理不糙，事实如此啊。说起来，不管是科研还是出诊这些事情，钟老现在即使在场，更多也只是起稳定军心的镇守作用。他80多啦，工作量太高也吃不消。所以找个挂号费，象征意义更大于实际。日前，钟南山院士的家在网上曝光，视频中可以看到，钟南山夫妻俩住在广州医学院里的普通公寓楼中，沙发是老式的碎花沙发，空调是老旧的机型。好玩的是，记者发现桌子上的果盘居然是一座奖杯，看起来分量十足的奖杯上面，装满了橘子、橙子、葡萄还有香蕉。钟夫人说，因为家里太小放不下，其他奖杯也都收起来了。这是真正的国士之风。所谓青山不墨千秋画，绿水无弦万古琴。我想，对钟老这样国宝级的人物来说，网上的议论都是浮云。但我们作为吃瓜群众，不能有那么多的理所当然。不能总是觉得我弱我有理，你强你活该！救死扶伤是医者本分，掏钱看病也是社会规则。谁家老人80几岁了还四处奔波，忙着救人。将心比心，凭什么他就该苦哈哈过穷日子呢？不要站在道德的制高点去指责任何人。撇开腿，叉着腰骂人，只会让自己显得更矮。大家说呢？,74574,4889,2020-04-01 19:37:03,2020-04-01 19:37:03
如何看待钟南山否认商业代言传闻?,我担心钟老误会了「广告代言人」的含义，所谓代言，不一定是要手捧产品出现在广告牌上，旁边带一个「XX 形象大使」的头衔。根据广告法，只要用个人名义对某种产品或者服务进行推荐，都可被视为广告代言人。详见《广告法》第五条：本法所称广告代言人，是指广告主以外的，在广告中以自己的名义或者形象对商品、服务作推荐、证明的自然人、法人或者其他组织。比如说，我在这里使用知乎好物推荐功能，打一个无糖的虚假快乐水广告，跟大家说「我，王瑞恩，从小喝可口可乐，现在每天都要喝两罐。我信得过可口可乐饮料公司，就是因为你们有高质量」。从广告法意义上来说，我已经是可口可乐的广告代言人了。不一定直接接受广告费才可以被认定为广告代言人，在实践中，就有主持人应邀有偿主持公司举办的活动而被认定为广告代言人的例子：在《谭次洪、谭侃与湖北世匠装饰设计工程有限公司、湖北广播电视台等侵权责任纠纷一审民事判决书》（2018）鄂0111民初5693号）中，法院认为，装修公司聘请湖北电视台的主持人沈馨作为晚会主持人，并在晚会上作出「世界500强旗下企业」、「全行业ISO9001国际认证」、「国家最顶级的双A甲级资质」等宣传，属于代言行为。钟南山院士所说的「我从来没有给任何企业和产品代言」指的可能是没有和企业签订广告推广协议，但这并不必然否定了他从法律意义上成为广告代言人的可能性。应企业邀请参加活动并且在过程中推荐了商品，同样有可能构成广告代言。利用网络进行直播带货，就是一种广告代言的形式：钟南山走进直播间，为黔南带货刺柠吉_贵州作为广东人，我个人非常尊敬和感谢钟南山院士，是他所从事的公共卫生事业最直接的受益者之一。因此，我宁愿相信钟南山院士仅仅是因为不熟悉广告法相关概念，在不知情的情况下进行了广告代言。即便是真的与企业达成商业合作，我也非常支持，甚至希望有更多的科学工作者能向明星一样为优质产品站台，希望研究者们大大方方走到镜头前，通过商业收益改善自己的生活（正如我我希望建政和商业能挂钩一样）。钟南山谈商业而色变，这其实是一种悲哀，背后是社会对科研工作者「又要马儿跑、又要马儿不吃草」的苛求。,2803,154,2020-05-17 14:42:36,2020-05-17 14:57:16
为什么钟南山没有接班人？,钟南山并没有挑大梁或者主持大局，钟是高级别专家组组长，说白了就是负责评估疫情为中央提供建议。另外就是稳定人心。这种人在古代叫什么？叫钦差，钦差年龄大资历老从来不是坏事。年龄越大资历越老反而更能稳定人心。新冠作为呼吸科传染病，卫健委高级别专家组包括了呼吸科第一人钟，传染病第一人李，以及疾控中心主任高，可以说在业务上涵盖了所涉及领域最有话语权的几个人，这就是钦差组，哦不，高级别专家组的任务。钟所在的广医一附院肯定也有一些中青年专家能力出众，也许可以被定义为钟的接班人，但只要钟还有能力，那他就是执行钦差任务的不二人选。至于制定防疫政策细则，接受和诊治患者并不是他们的主要工作。,0,0,2020-04-22 22:59:23,2020-04-22 22:59:23
如何看待这个人对钟南山院士的评价？,对连花清瘟的有效性很感兴趣，所以循着名字找过去看了看这位的设定是70kg的人含有50kg的水，所以要达到连花清瘟的有效浓度需要一次性吃57粒左右的药才有效这个推论错误是比较显著的毕竟人体血液量不是50升而是大概不到5升所以实际服用量其实只需要十分之一（这还是按照他的计算方法得到的）而且改善症状，这就已经是目前人们针对新冠肺炎的治疗所能进行的极限了没有特效药啊吃抗生素什么的不也是降低炎症反应不也是不治本吗目前针对新冠肺炎没有“治疗方法”采用的方法都还是用治标的方法确保病情不恶化，然后让自身免疫系统发挥作用，产生抗体然后恢复不是吃个药，然后药物就把体内的病毒都弄失活，然后人就好了至于氢气控癌和代言牛奶什么的不关心就没看但是从我看的角度来说，这个人不是很有资格质疑一位院士，他的角度也不是从学术角度进行质疑，在我这可以归为喷子一类以上,4,4,2020-06-19 13:54:39,2020-06-19 13:54:39
张文宏会不会变成钟南山一样的人?,不会，因为下一个钟南山会是王辰，张文宏的专业领域是感染，与钟南山院士无关，讨论能不能成为下一个钟南山院士，这个问题的前提是矛盾的。作为院士，王辰非常年轻，与目前的自己相比，仍有巨大的上升空间和潜力，王辰院士的科研团队是国内顶级的团队。多次在ncs柳叶刀这些顶级期刊上发表高影响因子的文章。王辰院士是呼吸与危重症医学的顶级专家，在新冠肺炎疫情中，专业程度是高出钟南山院士的。并且王辰院士起点比钟南山院士高得多。补充：钟南山院士起点虽低，但却能取得如此成就，可见是传奇人物。钟南山院士对稳定民心这一精神层面的贡献，是王辰院士目前无法比拟的，王辰院士如扫地僧般低调，钟院士敢医敢言。王辰院士是方舱医院的提出者，并且这次疫情期间王辰院士在一线开创了许多行之有效的新疗法。我国通过方舱医院收治轻症患者，有效切断了传染链，所产生的影响是决定性的。王辰院士现任中国工程院副院长、医学科学院院长，下次公共卫生受到威胁时，完全有能力扮演如今钟南山院士的角色。＝＝＝＝＝＝＝＝＝分割线＝＝＝＝＝＝＝＝＝强烈推荐纪录片——《不老人生——钟南山》。一睹钟南山院士的高尚医德！,775,306,2020-04-28 23:40:34,2020-05-07 00:36:45
如何看待钟南山向欧洲推荐中药连花清瘟胶囊与六神丸？,权威专家说有效，那应该就是有效。我们希望科研人员再接再厉，研究出来它具体有多有效，还有为什么会有效，什么化学成分导致的有效，有什么副作用，要是能人工合成出有效成分就再好不过了。,1571,150,2020-04-06 10:45:32,2020-04-06 10:45:54
钟南山院士贡献真的能和钱学森爷爷与袁隆平爷爷相提并论吗？,钟南山的贡献极大，但是恐怕不能和钱学森、袁隆平相比。事实上，钱学森和袁隆平的贡献也是不一样的。钱的贡献在于，解决了国家的生存问题，而这个问题是没有替代解决方案的，因为花钱买不着。他（和那一批科学家）实实在在的从战略上解决了“不挨打”的问题。袁的贡献也很大，但不能说他完全解决了粮食问题和吃饭问题。而是说，他给了一个非常有效的解决问题的办法。但其他的杂交水稻、粮食增产方案还有不少，且粮食至少在国际市场上还是可以买卖的（但对中国来说代价很高），所以他的贡献是极其巨大的，但可能不是不可替代，独一无二的贡献。钟的贡献离开让中国人“不生病”差得还很远。钟属于在某一领域有突出贡献的人，在推动解决（不是解决）某一领域的某一重大问题方面，他的工作比起大多数院士来说都更有显示度，但恐怕谈不上超越——比如倪光南。但就是这样，已经是凤毛麟角，极为难得了，比起他，那些只会发论文的大牛，或者有学术，没情怀的大牛就该无地自容。总之，他们都是国士无双的人物、甚至可以被纳入到民族脊梁的行列，但是具体的贡献程度和贡献领域还是不同的。,12,2,2020-06-12 10:21:02,2020-06-12 10:22:25
如何看待钟南山院士预计今冬明春新冠疫情仍会存在？,"4 月里，张文宏医生说：疫情不会在夏天结束，而且很可能会迎来第二波爆发。6月，钟南山院士预计今冬明春新冠疫情仍会存在。截至 6 月 22 日下午 16 点，海外累计确诊新冠肺炎病例将近 900 万，全球累计确诊超 903 万。通过半年以来对确诊病例的临床观察与治疗，医生和科学家们，已经对新冠有了更深的认识：新冠病毒不止会攻击你的肺事实上，从大脑到脚趾，它们没有放过你身体任何一个部位。耶鲁大学纽黑文医院的心脏病专家 Harlan Krumholz，一直以来都在带领团队收集与分析 COVID-19 的临床数据。他曾感叹：它（新冠病毒）的凶猛令人叹为观止。因为，从大脑到脚趾，新冠病毒几乎可以攻击人体内的任何部位，并造成致命性和毁灭性的后果。而这一可怕的进程，从我们不小心感染它的那一刻，就已经开始了。病毒攻击人体的得力帮手：ACE2 受体蛋白ACE2 蛋白原本的作用是参与血压调节，但是如今却成为了病毒进入人体细胞的敲门砖。如果没有 ACE2 蛋白，病毒就没有办法进入细胞，利用细胞进行自我复制。但可怕之处在于，ACE2 受体蛋白，广泛存在于血管上皮细胞的细胞膜上。也就是说，在血管上有大量病毒的「敲门砖」分布。而血管，在我们的身体中却无处不在。所以，新冠病毒一旦在疏于防范时趁虚而入，那么我们自身，就成了它们理想的孵化温床。作为人体与外界交换氧气的重要器官，肺部内有无数的毛细血管和微小气囊。气囊是由一层密集排列，且富含 ACE2 受体蛋白的细胞组成的。且气囊的旁边，会萦绕着无数的毛细血管。所以引发肺炎，造成急性呼吸衰竭，是病毒所能造成的最致命、最明显的影响。当免疫系统觉察到新冠病毒在体内造次时，会派出大量免疫细胞与病毒交战。可惜的是，破坏正常氧气传输功能的，正是我们与病毒的战斗本身。致命的自我保护机制：细胞因子风暴当免疫系统反应过于强烈时，大概率会形成「细胞因子风暴」。既然能被称得上是「风暴」二字，那么它的特点必然是：所到之处，寸草不生。别忘了一开始我们就提到的：ACE2 广泛存在于血管上皮细胞中，人体几乎每一处都有血管分布。也就是，几乎每一个地方都会成为病毒的攻击目标。有病毒攻击的地方，就会成为细胞因子风暴横扫的目标。它会对患者身体展开强烈攻击，让血管越来越脆弱。不仅如此，在细胞因子风暴横扫过的地方，会留下不计其数的死细胞和各种分泌物。当身体来不及处理这些残留的时候，它们便会凝集在一起，形成血凝块，阻塞不计其数的血管。血管阻塞的后果是什么？在大脑，会引发中风、脑膜炎；在心脏，会引发心肌炎、冠心病；在肾脏，会引发肾衰竭；在四肢，会引发静脉栓塞，手指脚趾肿胀和组织死亡；在口鼻，会丧失味觉与嗅觉；在肠道，会引起剧烈腹泻；在生殖器官，女性会引发流产，男性会降低生育能力……宝妹没有危言耸听。哥伦比亚大学欧文医学中心的科研团队在得知这一真相后，做出了这样的推断：我们越来越坚信，血凝块或可成为主导 COVID-19 疾病严重性和致死性的主要因素。新冠病毒最“偏爱”的 4 大性状从全球各国数量庞大的病理报告来看，医学家已经发现许多新冠患者，都伴随着不同程度的，其他器官的衰竭现象。出现最多的并发症，是中风。而且，许多是身强力壮的年轻人。“见人下菜碟”的新冠病毒《美国医学协会杂志》曾对纽约 5700 名新冠患者展开调研。研究发现，新冠病毒更喜欢针对患有常见基础病的人群。美国疾病预防控制中心（CDC）数据显示，在美国14个州的新冠肺炎住院患者中，重症患者患有基础病人数最多的是：高血压肥胖糖尿病令人惊讶的是，患有哮喘或其他呼吸系统基础疾病的新冠患者，重症比例反而不高。上个月，安格利亚鲁斯金大学等机构的科学家们，通过对欧洲20个国家的人群进行研究后，又发现了一个意想不到的真相：人体维生素D的平均水平较低，与COVID-19病例数较高及死亡率较高直接相关。意思是，体内的维生素 D 含量越低，对于新冠肺炎的易感程度与感染后死亡率就会越高。这是因为，维生素D可以调节人体免疫细胞的反应。它能抑制细胞风暴因子的形成，保护人体在消灭病毒的同时，不会过多地遭受攻击。5 天前，《新英格兰医学杂志》刊登了一项新研究。科学家们对来自西班牙和意大利的近 2000 名重症新冠患者，进行了全基因组关联研究（GWAS）。这项研究，又一次刷新了人类对新冠的认知：血型与发生新冠导致的呼吸衰竭风险，竟然具有很强的相关性。A型血的呼吸衰竭风险升高 45%O型血的风险则降低 35% 。简单总结就是，下面这些因素会影响一个人感染新冠的风险，以及感染后的预后：高血压糖尿病肥胖维生素D水平血型ACE2基因的多态性疫情还没结束，病毒的传染性在增强但遗憾的是，新冠病毒也在不断进化和变异。最新研究显示，新的测序结果发现了更强的病毒变异亚型。“刺突蛋白D614”基因突变可以使病毒的传染性提升9倍（实验室环境下测得）。而且食品、水、冷链这些过去我们未加重视的环境，也可能成为新冠的潜在传播途径。从这一点看，只要国外的疫情没有平息，只要病毒仍然潜伏在某个角落，只要人类还没有特效药、没有疫苗，那么新冠疫情的阴霾就不会散去。当然，好消息是中国生物的新冠疫苗今天开启三期临床了，为我们带来了一线曙光。全球首个新冠灭活疫苗 国际临床（Ⅲ期）试验正式启动珍惜生物狗吧，他们是人类的希望（/狗头）参考资料：[1]Ellinghaus, D. et al. Genomewide Association Study of Severe Covid-19 with Respiratory Failure. N Engl J Med NEJMoa2020283 (2020) doi:10.1056/NEJMoa2020283.[2] Coronaviridae Study Group of the International Committee on Taxonomy of Viruses. The species Severe acute respiratory syndrome-related coronavirus: classifying 2019-nCoV and naming it SARS-CoV-2. Nat Microbiol 2020;5:536-544.[3] Wu Z, McGoogan JM. Characteristics of and important lessons from the coronavirus disease 2019 (COVID-19) outbreak in China: summary of a report of 72 314 cases from the Chinese Center for Disease Control and Prevention. JAMA 2020 February 24 (Epub ahead of print).[4] Berlin DA, Gulick RM, Martinez FJ. Severe Covid-19. N Engl J Med. DOI: 10.1056/NEJMcp2009575.[5] Vuille-dit-Bille RN, Camargo SM, Emmenegger L, et al. Human intestine luminal ACE2 and amino acid transporter expression increased by ACE-inhibitors. Amino Acids 2015;47:693-705.[6] Wein AN, McMaster SR, Takamura S, et al. CXCR6 regulates localization of tissue-resident memory CD8 T cells to the airways. J Exp Med 2019;216:2748-2762.[7] Zhao J, Yang Y, Huang H, et al. Relationship between the ABO blood group and the COVID-19 susceptibility. March 27, 2020 (https://www.medrxiv.org/content/10.1101/2020.03.11.20031096v2. opens in new tab). preprint.[8] Zietz M, Tatonetti NP. Testing the association between blood type and COVID-19 infection, intubation, and death. April 11, 2020 (https://www.medrxiv.org/content/10.1101/2020.04.08.20058073v1. opens in new tab). preprint.[9]Petre Cristian Ilie, Simina Stefanescu,Lee Smith. et al. The role of vitamin D in the prevention of coronavirus disease 2019 infection and mortality, Aging Clinical and Experimental Research (2020). DOI:10.1007/s40520-020-01570-8",29,0,2020-06-24 09:00:41,2020-06-24 09:00:41
如何看待这个对钟南山院士的深扒？,钟南山 老爷子 从小家境优越 没吃过苦，没挨过饿 老百姓大多数吃不饱为了不挨饿 尽量少活动的时候，人家就已经练体育了，疫情期间让大家别出门，出发点是好的，为了防控疫情，为了让更多人不感染，老爷子之前有个采访 说家里从来不在乎钱，根本不谈钱，自己和马大大一样对钱没有兴趣 可是老爷子，。咱跟人家也不是一个阶级，价值观不一样，人家觉得在家闷一年，中国老百姓都生活富裕，根本没事，也饿不死。人家一天两罐牛奶 咱这好多农村老百姓还没喝过牛奶呢，,0,0,2020-06-29 11:32:34,2020-06-29 11:32:34
柯文哲和钟南山在医术上是一个级别的吗？,柯文哲比钟南山牛。柯文哲实在，说话直接。钟南山是精神领袖，但说话一副官腔，是领导级别。在我眼里钟南山也没张文宏贡献大。,0,1,2020-06-08 07:39:13,2020-06-08 07:39:13
为什么钟南山年龄这么大了还要挺身而出，年轻一代没人才了吗？,疫情的防控是全国上下齐力同心的结果，上至党中央领导，下至无数医务人员包括放弃春节居家隔离的普通人民群众，莫要盲目的个人崇拜。但我们需要这个足够令人振奋的精神领袖，与其说精英领导时势，不如说时势造英雄，即使没有这个钟南山，更有其他钟南山涌现出来。但在中国的医学界资历和资格这方面，钟南山称第二，无人敢称第一，我们也需要这个领袖来让全国人民团结一心。但是年青一代发挥着中坚作用的一环，古人云“拳怕少壮”，时代的进步也是年轻人逐步替代老一代人的过程。倘若再过个几十年，现在的所谓年轻人必将涌现出可能更有资历更有才干的钟南山。,2,0,2020-04-09 21:34:35,2020-04-09 21:34:35
钟南山院士在非典时期有什么贡献？,"非典重症率20% ，除中国大陆外死亡率 18%  ,  意思是重症死亡超过85%，重症抢救率不到15%。   钟南山呼吸所接待101名危重症非典， 54人是插管的最危重病人，只有7名因别的医院转来太晚或合并其它大病死亡，最危重死亡，抢救率88.888% ,危重病人抢救率超93%，远超世界重症抢救率水平。 作为广东非典领导组长，提出早发现，早治疗，早隔离， 指导广东创下3.8%,广州3.6% 的最低死亡率。   反对卫生部权威， 最后被证实正确，成为非典抗击重要转折点，最终中国大陆的死亡率7%，其它地方都远高于我们。",2,1,2020-04-02 12:45:53,2020-04-02 13:22:41
如何评价钟南山团队称「连花清瘟胶囊对新冠病毒具有抗病毒抗炎作用」？,仅从科学的角度来看我们说一个话对不对，一定要看研究这句话的文献，不扒文献就凭是中药还是西药来站队，那就是耍流氓。所以我今天要带大家简单看一下原文献实验到底怎么设计的，结论怎么得出的。读文献能力很强的人可以自己去读，不用看我的回答。这篇里讲的偏科普向，给一些没有分子生物学基础和阅读专业文献能力尚欠缺的朋友讲的。看一篇文献，先要看杂志、看投稿时间和接收时间。这篇不到三周就接收了，速度还是挺快的，说明编辑从速办理，同行评议的专家也比较认可。Pharmacol Res这个杂志2018年影响因子index：5.574。分区：医学2区，药学3区。说起来还算凑合的杂志，不是什么好杂志，也说不上特别烂的水刊。所以整体杂志的成色还是可以。跳过简介，直接看实验的方法和材料。发现这是一篇体外的研究。什么意思呢，一般这种药物试验都分在体的和离体的，离体的往往是用细胞或者死了的动物分离下来的组织，直接用药物作用之后，观察一些变化。而在体的实验就是这个被实验的动物或者人是活着的（这里别抬杠，说细胞也是动物，也活着，比如我们中学生物课上就观察过的草履虫。这里说的药物实验，怎么可能用这些单细胞生物来评价呢，使用的细胞也是实验动物或者人体的一些细胞分离出来再进行培养的，所以相对于它从动物和人体分离这个事情来说，它就是离体了）。所以在体实验还分动物和人。整体来说，在体比离体更接近真实人体使用的情况，人体的实验比动物实验更接近人体使用的情况。这是一篇离体的实验，使用的绿猴的肾上皮细胞和人的肝癌细胞。离体实验，使用了两种细胞系使用的药物分别是连花清瘟和人民的希望（Remdesivir）。也就是用连花清瘟和Remdesivir进行比较。其中我们常常会怀疑中药成分一致性的问题。这个我在之前写的文章中曾经说过，中药研究投一些好杂志的时候，回来的意见总会问到你怎么保证你每一个批次，甚至一个批次两个胶囊的药里面的有效成分是一样的？咱们在这里讲科学问题，如果现在心里在想，中药就应该按照阴阳五行理论来用而不应该做这类研究的人请直接点退出。为了避免中药往往存在的不一致性的问题，这篇文章还先验证了药物一致性，用的高效液相的方法，分离后发现32个峰，里面有一些成分已经明确，有些不明确。一共检验了10个批次的药物，发现不同批次间的相似度达到并超过96%。大家发现了吧，实际中药还是存在着这方面的问题，就是不同批次之间确实还是有差别，但好歹这篇文章还是做的比较科学的，还检验了这个事情，那些没检验的文章，大家心里都要打个问号啊。两个药溶成特定浓度的溶剂备用。这时候用带有冠状病毒的溶液去感染这两种细胞。感染完了之后，再用药物的溶液去浸泡。都观察什么呢，要观察4个问题：1、两个药物的细胞毒性（如果还没致病先致命，这就不是药物，是毒药）；2、药物对病毒的活性的抑制能力，谁抑制的好，谁是好样的；3、用电镜确定病毒颗粒，颗粒的多少也可以表现出药物对病毒的抑制能力，等于是第2点的另一个角度的评价；4、评估连花清瘟对于病毒导致的细胞因子和趋化因子的抑制作用（之前不是说患者主要死于细胞因子风暴吗？这里的目的明显是想看看连花清瘟对于这个方面是否有帮助）。按照实验的思路设计出来的4个问题，我简单给大家说一下结果啊，咱们先看完人家的话，再评论人家说的对不对，好不好。问题1：两个药物在两种细胞系里的细胞毒性指标如下。先解释一下CC50：使50%细胞死亡时的药物浓度。所以这个数值越高越好，也就是药物特别浓细胞才会死这才好，要是很低的浓度，细胞就死了，那是毒药。连花清瘟CC50在两个细胞系分别为1157ug/ml和1089ug/ml，Remdesivir的分别是110.8uM和98.93uM。这里呢，不能光看这个浓度，要结合着药物治疗浓度一起看。两种药物分别在两种细胞系中的CC50问题2：抑制病毒的能力。先解释一个名词IC50：是能够抑制50%病毒复制时的药物浓度。这个浓度越低越好，因为特别低的浓度就能抑制病毒，肯定是好样的。咱们看看这两个药物的作用。连花清瘟IC50=411.2ug/ml，Remdesivir的IC50=0.651uM。抑制病毒的作用肯定都是有的。两种药物的IC50问题3：另一个角度看看病毒颗粒来判断病毒被抑制的情况。连花清瘟600ug/ml能减少病毒颗粒，就理解成抑制病毒吧。电镜两种药物使用后细胞内病毒颗粒的观察好吧这里多出一个概念就是CC50/IC50。这是什么意思呢，就是致死的浓度比上治疗的浓度，如果这个浓度小于1，代表致死浓度低于治疗浓度，等于还没致病先要命；等于1，代表治疗的同时直接致死，和小于1也没差多少；大于1，才可能达到治疗浓度还没致命，这才是药。这个数值越大，治疗浓度和致死浓度差的越远，那药物毒性才小，万一由于个体差异，同样吃了1片，血药浓度超出预期，也不至于出现严重的毒性反应。咱们看看两种药物的CC50/IC50。CC50由于有两个数，咱们取低的那个。莲花清瘟的CC50/IC50为2.648，Remdesivir的CC50/IC50为151.966。什么概念，就是连花清瘟的作用浓度和毒性浓度之间是2.648倍，也就是一不小心血药浓度增加了一倍多，可能就“中毒”了，但是Remdesivir呢，血药浓度要达到治疗浓度的152倍才会出现药物明显毒性。如果咱们从电镜的结果来看，需要600ug/ml的浓度，这离1089ug/ml仅仅差了1倍多，基本稍微弄不好，连花清瘟就变毒药了。仅从这点上看，高下立判！问题4：连花清瘟对于细胞因子和趋化因子的抑制。第一这个浓度还是用的600ug/ml还有300ug/ml还有150ug/ml的浓度，其中一些因子基本连花清瘟要达到300ug/ml才能有抑制作用，这个浓度太高了，另外一方面这里没有和Remdesivir比，不知道是为什么，难道两者差距过大，不好意思拿出来了（当然这话说的有点主观，但是通观整篇文章的风格，这里没有必要不去比较啊，而且讨论里也避开了这点上不做对照的理由）？整个文章的讨论部分内容实在是少，当然可能新型冠状病毒领域实在有点新，没啥既往研究好做对比。所以我们很简单的基本也把文章很全面的复习了。说实话，目前来看，这篇文章想得出“连花清瘟胶囊对新冠病毒具有抗病毒抗炎作用”要是脸皮厚点也能说，但请加上“在体外实验中”，让大家知道这和吃药抗病毒抗炎的结论还有一段距离。如果脸皮薄点，这话不好说出口，因为刚才讲的CC50和IC50离的太近了。我查了一下连花清瘟胶囊在《新型冠状病毒肺炎诊疗方案（试行第七版）》中的推荐使用剂量没有。那药物说明上呢：口服，一次4粒，一日3次吗，而一粒是350mg。也就是一次1400mg，一天3次。但我们搜索文献发现在pubmed上，连花清瘟一共15篇文章。但是没有一篇提到血药浓度。也在万方数据查阅了一下国内文献，是否有讲到连花清瘟的血药浓度的，结果也是0。当然，药物成分复杂，不知道有效成分是很多中药的问题，不知道有效成分当然没发测量血药浓度，当然有效成分的确认研究也是中药现代化的方向和目标。但目前的状况下，所以我们就很难去评估这篇中连花清瘟体外实验的浓度是否可以通过服用说明书的推荐剂量以达到有效的血药浓度了。pubmed上搜索莲花清瘟一共15篇文献所以想得出一个药物是否在临床有效需要的指标非常多。我们当然喜欢看到好消息，但是应该主动拒绝新闻炒作，不要去轻易的交智商税。这并非传统医学与现代医学之争，因为这原本没啥好争的，我们也不要用屁股去决定脑子，还是要好好看看研究的具体数据和方法，用科学的头脑去进行理性的分析。,324,126,2020-04-05 12:00:37,2020-04-11 12:24:20
如何看待黄秋生对钟南山院士的评论?,这个世界上最反华的群体第一我台湾省人第二香港自治区人第三出国留了下来的华人第四才是那些土生土长的外国佬,13,0,2020-04-06 18:50:24,2020-04-06 18:50:24
如何看待知乎用户立党质疑钟南山院士的天津红日血必净对新冠肺炎的治疗效果?,这件事情我支持立党的部分观点。钟南山吴以岭作为利益相关方，利用学术地位牟利的嫌疑还是不小的。而且这段时间专家们推荐的各路中医药，看实际的临床结果也能发现就那么回事。钟南山说血必净可以缩短患者的康复时间约两天。瑞德西韦的临床结果不也差不多嘛。随手一答也懒得列文献，反正新闻报道不少。那个匿名把不知道哪里来的垃圾文献列出来，还就放个标题，不说实际效果临床终点，我真的笑死。如果说瑞德西韦上不了一本，血必净最多也就是二本水平。中药注射液本来就是非常emmmm的存在，更何况血必净还有严重的副作用。其实往深入去想，也能窥见所谓中医药为什么会被如此重视的端倪。—————————————割一下—————————————看另一个回答给出了血必净这次临床试验的详细数据，没有出现不良反应，安全性或许好于瑞德西韦。,304,35,2020-05-07 03:00:02,2020-05-07 13:56:33
谁的身体能比钟南山更健壮？,请看一下旧片，84岁的人了，太不可思议了！,0,0,2020-04-11 16:21:21,2020-04-11 16:21:21
成为钟南山院士的学生是什么体验?,若有幸能成为钟南山院士的学生，一定是祖辈积德行善修来的福报！我认为应该是很值得珍惜，很幸运的体验吧。相信在钟院士的以身作则，医德医风高尚的榜样指引下，准学子们全身心的学习聆听钟院士谆谆教导中，中国应该又多一个为国为民着想的仁心仁术的好医生！幸甚！,1,3,2020-04-23 08:33:35,2020-04-23 08:33:35
如何看待钟南山说中药对新冠状病毒有效？,钟南山对中医评价的话语真的很有艺术，是一种交流和表达的艺术。以下是2020年4月14日新闻稿件的引用：在谈及中医药在本次疫情防控中的价值时，钟南山指出，新冠肺炎主要症状是温热、湿热，比如说咳嗽、发烧、无力等这些。中医药往往对这些症候的治疗一般是有效的。“我们也对连花清瘟胶囊做了一些研究，发现它对抗新冠病毒虽然作用弱一些，但是对于由病毒引起的组织细胞损伤，就是炎症的损伤，有很好的抑制作用。另外它对于减轻发烧、呼吸道咳嗽、加快恢复都是有效的。但对病毒的转阴率，和对照组相比，虽然有缩短的倾向，还没有达到统计学的水平。所以，我们觉得对轻症和普通的患者，连花清瘟胶囊是有效的。”钟南山表示，血必净对于新冠肺炎的有效性，目前也有一些循证医学证据正在总结，初步看起来也是有效的，除了症状的评分改善以外，病死率也减少了。“我觉得中医跟西医治疗是不是有效，不能凭印象，一定要根据现代医学、循证医学的方法证实，有效就要推广。”《钟南山：有两种药物对新冠肺炎有效》https://static.nfapp.southcn.com/content/202004/14/c3406868.html?colID=0&amp;firstColID=4934&amp;appversion=6500,1,2,2020-04-15 10:42:53,2020-04-15 10:42:53
钟南山谈复课条件，你知道什么条件吗？,待在家的朋友们，请问大家慌不慌，反正我是慌了。都说学生是特别喜欢放假。这次真的是学生们玩美了。每天吃吃喝喝，约着自己小伙伴玩。老师视频授课，有的人将手机放在身边，可能他躺在床上，边吃零食边听课。带着手机去厕所的也有。真是实现了小时候的梦想，躺在床上听老师讲课。更有过分的朋友，直接手机签到完成之后，然后继续蒙头大睡。请问，这是不是你呢？不过我认识一个朋友，他每天早起，有目标，有方法地认真学习，很喜欢这种人，自控力特别强。现在部分地区高三初三的孩子已经开始上课了，从我记事起，从来没有将高考延迟的情况，这次疫情，我们国家将高考推迟到了2020.7.7-7.8。也是为给我们努力学习的孩子们争取的机会。那么我们其他的在校生是什么时候开学呢。我上次刷视频，有个女孩说她刚上大一没多久，再不开学她就要变为学姐了。钟南山谈广州疫情走向记者提问：在境外输入风险增加的情况下，下月即将开始的中小学开学将面临哪些压力？钟南山：复课核心是学生的聚集，意味着近距离接触。有两点很重要，一是上课的学生应该是没有感染，或者被感染后多次核酸检测是阴性、抗体强阳性不会再被感染。第二，我们需要注意距离，是不是还要这么密集？有些学校条件比较差，要注意把学生拉开适当的距离，只要这样，我觉得可以复课。我不觉得一定要等新增病例为零多少周后才复课，因为现阶段都不可能，偶发病例不奇怪。另外，复课以后，学生要有良好的个人习惯，勤洗手、课间不聚会。学生家长也很重要，要看学生家长是否有可能被感染，比如跟患者有密切接触、家里曾经有病人等情况。钟南山：复课说实在的，核心的问题是学生的距离，复课意味着近距离地坐在一块。复课有两个前提，一是参加上课的学生没有感染或感染后已经治愈（多次检查核酸为阴性）。第二个前提是注意距离，中小学生上课是不是还是那么密集，如果是，就要适当地调整学生间的距离。这两个前提做好了，我觉得可以复课。对于复课，我是肯定的。李群说：“公众要有防范感染风险的意识，却也无需过度担忧，在无法辨别周围有没有无症状感染者的情况下，更重要的是做好个人防护。”我们呆在家的朋友们，不要光想着玩，要趁这个时间多学习，因为你根本不知道你的情敌在减肥，你的对手在挑灯夜读。关注或点赞小编，更多健康小知识，分享给大家，会有惊喜哦！（想了解其他药材或健康小知识，请移步到小编主页）,4,0,2020-04-14 13:56:03,2020-04-14 13:56:03
钟南山为什么说One world One fight？,领悟了人类命运共同体就领悟了这句话，这是我国一贯的提倡，人类命运共同体。其中包含，国际权力观，共同利益观，可持续发展观，全球治理观。钟南山院士的话符合共同利益观。经济全球化促使人们对传统的国家利益观进行反思。瞬间万里、天涯咫尺的全球化传导机制把人类居住的星球变成了“地球村”，各国利益的高度交融使不同国家成为一个共同利益链条上的一环。任何一环出现问题，都可能导致全球利益链中断。一个国家的粮食安全出现问题，则饥民将大规模涌向别国，交通工具的进步为难民潮的流动提供了可能，而人道理念的进步又使拒难民于国门之外面临很大道义压力。互联网把各国空前紧密地连在一起，在世界任何一点发动网络攻击，看似无声无息，但给对象国经济社会带来的损失却有可能不亚于一场战争。气候变化带来的冰川融化、降水失调、海平面上升等问题，不仅给小岛国带来灭顶之灾，也将给世界数十个沿海发达城市造成极大危害。资源能源短缺涉及到人类文明能否延续，环境污染导致怪病多发并跨境流行。面对越来越多的全球性问题，任何国家都不可能独善其身，任何国家要想自己发展，必须让别人发展；要想自己安全，必须让别人安全；要想自己活得好，必须让别人活得好。在这样的背景下，人们对共同利益也有了新的认识。既然人类已经处在“地球村”中，那么各国公民同时也就是地球公民，全球的利益同时也就是自己的利益，一个国家采取有利于全球利益的举措，也就同时服务了自身利益。（摘自百度百科）同时钟南山院士的话也符合一定的全球治理观。（我个人认为的）全球治理理论的核心观点是，由于全球化导致国际行为主体多元化，全球性问题的解决成为一个由政府、政府间组织、非政府组织、跨国公司等共同参与和互动的过程，这一过程的重要途径是强化国际规范和国际机制，以形成一个具有机制约束力和道德规范力的、能够解决全球问题的“全球机制”。（摘自百度百科）显然这场疫情不仅仅局限于某一国某一地区，其次只有全球的疫情都都到了缓解，经济才有可能复苏，我们也能睡得安心，一线人员也可以少一些忙碌，国家也可以少一些担忧。所以这是世界人民共同进行的一场战斗，一场惨烈的战斗。,0,0,2020-04-15 17:36:05,2020-04-15 17:36:05
疫情阶段钟南山与科比去世哪个更值得关注？,给你一个论点，就是直接抨击问题：疫情和钟南山，关注的是生命，科比，也是生命。人类社会发展的基础，就是对生命的关注。在生命面前，没有孰轻孰重之分。第一段，热爱生命是幸福之本，同情生命是道德之本，敬畏生命是信仰之本。给出论点。第二段，论证人类社会发展要尊重一切生命，人类社会发展出现问题，德国日本经济发展带来第二次世界大战，带来整个世界人类文明的灾难。第三段，论证尊重生命，一切困难都会战胜。中国在此次疫情中的表现。第四段，生命没有贵贱之分，一切生命都要尊重。结尾。,0,0,2020-05-27 10:41:02,2020-05-27 10:41:02
钟南山之后还有谁能守护我们？,我不知道会有谁，我只知道，如果某些社会舆论依然要带节奏，继续这样劝退生化环材，继续“劝人学医，天打雷劈”，继续坚持只有金融计算机是值得学的专业，继续对整个留学生群体冷嘲热讽，继续认为科研和教育工作者应该安贫乐道不能提高待遇，继续明星高薪网红高收入。那么这个社会的钟南山李兰娟们只会越来越少，水平也越来越差。这本质上是又一个“为什么中国足球从业人员那么少”的问题。当新一代的理想不再是成为教授、科学家，而是成为网红明星或者只是单纯的高薪，学科性的人才凋敝几乎可以预见。那时候，每一个医闹，每一个劝退，每一个“爱马仕扎眼”，每一个“院士挂号贵”，每一个小鲜肉高片酬，都是罪恶的推手。尊重每个人的理想，允许您的孩子报中科大，国科大，上科大，而不是硬逼他们去央财，上财，对外经贸。好么？,7,6,2020-04-05 16:04:07,2020-04-06 23:14:00
有没有关于写钟南山的作文？,钟南山的事迹离我们较近的就是参与抗疫，关于钟南山的作文我没有写所以就给你分享一些素材1、钟南山对于“现在不可以摘口罩”的回答，可以写 “可不可以摘口罩呢” 以这种形式开始，再引出 “现在还不能” 的回答（自己再添一些话）2、“无症状感染者有传染性吗” 可以选择以这种令人关心且与钟南山有关的问题作为素材，并写出答案3、动物之间会传染病毒吗？很多问题是我在人民日报上看到的，可以多去看一看，在找到一些关于钟南山的事例推荐一个公众号 “中高考作文” 里面有很多素材，如果已经被顶的没有了，可以加我微信，微信号是：ajxazx20070708，我给你发,0,0,2020-04-19 14:33:14,2020-04-19 14:33:14
怎么评价钟南山院士？,因为家里的原因，我从小也算是钟院士看着长大的，也就只是他知道我是谁谁儿子有些场合会见到那种，小时候生了一场大病，也算是钟院士救回来的，钟院士对我有恩，我的看法可能没有那么公正各位兼听一下吧。我小时候觉得钟院士就是个很魁梧，很酷很有自信的叔叔，虽然那时候已经是所长也是院士了，但也很爱玩，跟大家出去旅游打球，给周围的人带来很多正能量。（哈哈哈哈哈哈哈哈论年纪应该叫爷爷但是没办法钟大真的看着太年轻了|･ω･｀)）后来非典爆发了，那时我好像才上小学吧，没什么特别的感触，只是觉得这个叔叔很厉害，救了很多人。随着我的长大，我渐渐知道了钟院士的各种事迹，也了解的当时非典的凶险程度，从而更加倾佩他了。因为外出求学，钟院士也越来越忙，我多年没有见过钟院士，上一次见到他已经是几年前暑假我去呼研所办公室打杂的时候，因为办公室的楼层跟院士的办公室是同一层，有几次在电梯口碰见他，他会跟我打招呼，也会跟清洁阿姨打招呼，对每个人都是善良以待，不谈他的贡献他也肯定是一个热心而真诚的人。准备开学的时候，刚好遇到一个纪念活动，我也去帮忙打杂，钟院士也出席了那个活动，我现在还记得他在谈及某项医学技术的未来的时候，眼里是有光的，他的发言很有感染力，我觉得在场的人都能感受到那份对未来的希望和他对未来的期待，他勉励各位都要不断的学习，不能落后给他这个80后。反正我也不太会表达，但我觉得钟院士的的确确是有一份赤子之心的。他非常聪明，在场的时候可以让每个人都如沐春风，但是他有他坚持的东西，我想这份初心应该是更在他的聪明之上的。,30,1,2020-04-07 21:06:16,2020-04-16 08:57:34
钟南山做了什么?,因为神化不可取，所以有功劳也得磨灭打成罪人。教员是这样，钟南山也是这样，传统艺能了。,9,1,2020-04-15 11:44:04,2020-04-15 11:44:04
钟南山和袁隆平，哪个对国家的贡献更大？,我觉得是钟南山吧，因为袁隆平自己也承认自己犯了一点错误。,435,42,2020-04-06 08:42:51,2020-04-06 08:43:05
钟南山挂号费 1200 元值吗？,钟南山挂号费1200太贵？他儿子用爱马仕扎眼？谁规定医生必须清贫乐道？疫情刚刚好转，抗疫第一功臣钟南山院士，出诊挂号费1200被嫌贵的话题又被炒得火热。网上随便一条相关帖，都有四五十万人的讨论。有网文说：“钟南山挂号费1200，不管什么专家也太贵了，医院不只是给富人看病。”居然得到多人点赞，真是无理且可笑。谁家老人80几岁还工作啊，再说人也不缺你这点挂号费。钟老是全球顶级的专家，专业领域内泰山北斗级的人物，说他日理万机，一字千金，一点儿都不夸张。而且老人家八十多岁了，他自己说，想查房都会被医护人员拦住，因为，像他这样的资源，实在太珍贵太稀有了，懂行的人不舍得他浪费哪怕一丁点的精力。这样的人，没住进豪宅，专门给达官显贵瞧病，反而还在广州医科大附属第一医院照常出诊，网上就能挂号，难道还不够医者仁心，还不能称百姓之福吗？客观来讲，1200元的挂号费对于普通病患而言，确实不便宜，但根据钟南山的级别和分量，这也是市场行价，不存在故意抬高或虚报的情况。真站在治病救命的角度来说，别说1200，就是加个零，再加个零，跑来求助的人还不是照样踏破门槛。人们对所谓“天价挂号费”的质疑，让我想起前不久一则消息。因为某节目中，钟南山的儿子钟帏德系了一条“爱马仕”的皮带，好多人指责他“不朴素”、“太扎眼”，还上纲上线地说，钟南山的儿子不该享用奢侈品，不然就是个“败坏家风、沉迷物质、靠父亲当官”的人......他爸那么人神共敬，儿子怎么能这么“不长进”？于是网友开始把钟帏德的底细扒了个底儿朝天。结果发现，钟帏德是广州市第一人民医院教授、主任医师、博士生导师、国家级百千万人才……国际著名的哈佛大学附属医院麻省总医院，破格聘请他这个“外国人”当主任医师。这样的杰出人才，如果想系一条几千块钱的名牌皮带，明显不需要“找爸爸”。他想过什么生活，也犯不着依靠父亲钟南山的名头。毕竟，即使只是个小小的打工族，偶尔奢侈一把，买个爱马仕，也算不算新闻啊。所以，舆论喧哗一通之后，又复归平静。为什么我们能接受明星一张演唱会门票动辄好几千，卖个廉价二手货都能赚几千；能接受一年换一次手机，抽烟喝酒一花好几百，来个可能拯救自己生命的千元挂号费却嫌贵呢？可能这些人也不是真觉得贵，就是从内心觉得，钟南山这样的人，就该两袖清风、一心为民，不该对金钱有欲念吧。现在很多人，动不动就站在道德制高点的人，说起“医生”“教师”“警察”就谈伟大、奉献，就仿佛从事这些职业的人没有吃穿住用行的需求，没有柴米油盐酱醋茶的生活。试问，自己都做不到的事，为什么总拿来要求别人呢？而且，往往网络上这些“喷子”，还不是真正的穷人。真正那些完全拿不出1200挂号的人，后续的治疗更无力负担。他们更多想的可能是怎么保命看病，而不是去指责别人。比较欣慰的是，多数网友的声音还是比较理性的。显然钟老这个级别的，基本都是看疑难杂症的。院士自己早就说过了，他会筛选病例的，并不是有钱就行，他只治重症。普通的感冒发烧，社区诊所就可以解决了，没必要去找他，浪费医疗资源。如果弄个50块钱一次，估计普通的病人肯定都来烦他，毕竟一样价格，更高的医术我为什么不选呢？这样的话，不是浪费了宝贵的医疗资源么？有网友说，以钟老这个级别和资历，只要愿意，有钱人50万一年请他当家庭医生，不用来人，只要接电话就行，都踩破门槛……我估计我说的价格还太低……话糙理不糙，事实如此啊。说起来，不管是科研还是出诊这些事情，钟老现在即使在场，更多也只是起稳定军心的镇守作用。他80多啦，工作量太高也吃不消。所以找个挂号费，象征意义更大于实际。日前，钟南山院士的家在网上曝光，视频中可以看到，钟南山夫妻俩住在广州医学院里的普通公寓楼中，沙发是老式的碎花沙发，空调是老旧的机型。好玩的是，记者发现桌子上的果盘居然是一座奖杯，看起来分量十足的奖杯上面，装满了橘子、橙子、葡萄还有香蕉。钟夫人说，因为家里太小放不下，其他奖杯也都收起来了。这是真正的国士之风。所谓青山不墨千秋画，绿水无弦万古琴。我想，对钟老这样国宝级的人物来说，网上的议论都是浮云。但我们作为吃瓜群众，不能有那么多的理所当然。不能总是觉得我弱我有理，你强你活该！救死扶伤是医者本分，掏钱看病也是社会规则。谁家老人80几岁了还四处奔波，忙着救人。将心比心，凭什么他就该苦哈哈过穷日子呢？不要站在道德的制高点去指责任何人。撇开腿，叉着腰骂人，只会让自己显得更矮。大家说呢？,74574,4889,2020-04-01 19:37:03,2020-04-01 19:37:03
如何看待钟南山否认商业代言传闻?,我担心钟老误会了「广告代言人」的含义，所谓代言，不一定是要手捧产品出现在广告牌上，旁边带一个「XX 形象大使」的头衔。根据广告法，只要用个人名义对某种产品或者服务进行推荐，都可被视为广告代言人。详见《广告法》第五条：本法所称广告代言人，是指广告主以外的，在广告中以自己的名义或者形象对商品、服务作推荐、证明的自然人、法人或者其他组织。比如说，我在这里使用知乎好物推荐功能，打一个无糖的虚假快乐水广告，跟大家说「我，王瑞恩，从小喝可口可乐，现在每天都要喝两罐。我信得过可口可乐饮料公司，就是因为你们有高质量」。从广告法意义上来说，我已经是可口可乐的广告代言人了。不一定直接接受广告费才可以被认定为广告代言人，在实践中，就有主持人应邀有偿主持公司举办的活动而被认定为广告代言人的例子：在《谭次洪、谭侃与湖北世匠装饰设计工程有限公司、湖北广播电视台等侵权责任纠纷一审民事判决书》（2018）鄂0111民初5693号）中，法院认为，装修公司聘请湖北电视台的主持人沈馨作为晚会主持人，并在晚会上作出「世界500强旗下企业」、「全行业ISO9001国际认证」、「国家最顶级的双A甲级资质」等宣传，属于代言行为。钟南山院士所说的「我从来没有给任何企业和产品代言」指的可能是没有和企业签订广告推广协议，但这并不必然否定了他从法律意义上成为广告代言人的可能性。应企业邀请参加活动并且在过程中推荐了商品，同样有可能构成广告代言。利用网络进行直播带货，就是一种广告代言的形式：钟南山走进直播间，为黔南带货刺柠吉_贵州作为广东人，我个人非常尊敬和感谢钟南山院士，是他所从事的公共卫生事业最直接的受益者之一。因此，我宁愿相信钟南山院士仅仅是因为不熟悉广告法相关概念，在不知情的情况下进行了广告代言。即便是真的与企业达成商业合作，我也非常支持，甚至希望有更多的科学工作者能向明星一样为优质产品站台，希望研究者们大大方方走到镜头前，通过商业收益改善自己的生活（正如我我希望建政和商业能挂钩一样）。钟南山谈商业而色变，这其实是一种悲哀，背后是社会对科研工作者「又要马儿跑、又要马儿不吃草」的苛求。,2803,154,2020-05-17 14:42:36,2020-05-17 14:57:16
为什么钟南山没有接班人？,钟南山并没有挑大梁或者主持大局，钟是高级别专家组组长，说白了就是负责评估疫情为中央提供建议。另外就是稳定人心。这种人在古代叫什么？叫钦差，钦差年龄大资历老从来不是坏事。年龄越大资历越老反而更能稳定人心。新冠作为呼吸科传染病，卫健委高级别专家组包括了呼吸科第一人钟，传染病第一人李，以及疾控中心主任高，可以说在业务上涵盖了所涉及领域最有话语权的几个人，这就是钦差组，哦不，高级别专家组的任务。钟所在的广医一附院肯定也有一些中青年专家能力出众，也许可以被定义为钟的接班人，但只要钟还有能力，那他就是执行钦差任务的不二人选。至于制定防疫政策细则，接受和诊治患者并不是他们的主要工作。,0,0,2020-04-22 22:59:23,2020-04-22 22:59:23
如何看待这个人对钟南山院士的评价？,对连花清瘟的有效性很感兴趣，所以循着名字找过去看了看这位的设定是70kg的人含有50kg的水，所以要达到连花清瘟的有效浓度需要一次性吃57粒左右的药才有效这个推论错误是比较显著的毕竟人体血液量不是50升而是大概不到5升所以实际服用量其实只需要十分之一（这还是按照他的计算方法得到的）而且改善症状，这就已经是目前人们针对新冠肺炎的治疗所能进行的极限了没有特效药啊吃抗生素什么的不也是降低炎症反应不也是不治本吗目前针对新冠肺炎没有“治疗方法”采用的方法都还是用治标的方法确保病情不恶化，然后让自身免疫系统发挥作用，产生抗体然后恢复不是吃个药，然后药物就把体内的病毒都弄失活，然后人就好了至于氢气控癌和代言牛奶什么的不关心就没看但是从我看的角度来说，这个人不是很有资格质疑一位院士，他的角度也不是从学术角度进行质疑，在我这可以归为喷子一类以上,4,4,2020-06-19 13:54:39,2020-06-19 13:54:39
张文宏会不会变成钟南山一样的人?,不会，因为下一个钟南山会是王辰，张文宏的专业领域是感染，与钟南山院士无关，讨论能不能成为下一个钟南山院士，这个问题的前提是矛盾的。作为院士，王辰非常年轻，与目前的自己相比，仍有巨大的上升空间和潜力，王辰院士的科研团队是国内顶级的团队。多次在ncs柳叶刀这些顶级期刊上发表高影响因子的文章。王辰院士是呼吸与危重症医学的顶级专家，在新冠肺炎疫情中，专业程度是高出钟南山院士的。并且王辰院士起点比钟南山院士高得多。补充：钟南山院士起点虽低，但却能取得如此成就，可见是传奇人物。钟南山院士对稳定民心这一精神层面的贡献，是王辰院士目前无法比拟的，王辰院士如扫地僧般低调，钟院士敢医敢言。王辰院士是方舱医院的提出者，并且这次疫情期间王辰院士在一线开创了许多行之有效的新疗法。我国通过方舱医院收治轻症患者，有效切断了传染链，所产生的影响是决定性的。王辰院士现任中国工程院副院长、医学科学院院长，下次公共卫生受到威胁时，完全有能力扮演如今钟南山院士的角色。＝＝＝＝＝＝＝＝＝分割线＝＝＝＝＝＝＝＝＝强烈推荐纪录片——《不老人生——钟南山》。一睹钟南山院士的高尚医德！,775,306,2020-04-28 23:40:34,2020-05-07 00:36:45
如何看待钟南山向欧洲推荐中药连花清瘟胶囊与六神丸？,权威专家说有效，那应该就是有效。我们希望科研人员再接再厉，研究出来它具体有多有效，还有为什么会有效，什么化学成分导致的有效，有什么副作用，要是能人工合成出有效成分就再好不过了。,1571,150,2020-04-06 10:45:32,2020-04-06 10:45:54
钟南山院士贡献真的能和钱学森爷爷与袁隆平爷爷相提并论吗？,钟南山的贡献极大，但是恐怕不能和钱学森、袁隆平相比。事实上，钱学森和袁隆平的贡献也是不一样的。钱的贡献在于，解决了国家的生存问题，而这个问题是没有替代解决方案的，因为花钱买不着。他（和那一批科学家）实实在在的从战略上解决了“不挨打”的问题。袁的贡献也很大，但不能说他完全解决了粮食问题和吃饭问题。而是说，他给了一个非常有效的解决问题的办法。但其他的杂交水稻、粮食增产方案还有不少，且粮食至少在国际市场上还是可以买卖的（但对中国来说代价很高），所以他的贡献是极其巨大的，但可能不是不可替代，独一无二的贡献。钟的贡献离开让中国人“不生病”差得还很远。钟属于在某一领域有突出贡献的人，在推动解决（不是解决）某一领域的某一重大问题方面，他的工作比起大多数院士来说都更有显示度，但恐怕谈不上超越——比如倪光南。但就是这样，已经是凤毛麟角，极为难得了，比起他，那些只会发论文的大牛，或者有学术，没情怀的大牛就该无地自容。总之，他们都是国士无双的人物、甚至可以被纳入到民族脊梁的行列，但是具体的贡献程度和贡献领域还是不同的。,12,2,2020-06-12 10:21:02,2020-06-12 10:22:25
如何看待钟南山院士预计今冬明春新冠疫情仍会存在？,"4 月里，张文宏医生说：疫情不会在夏天结束，而且很可能会迎来第二波爆发。6月，钟南山院士预计今冬明春新冠疫情仍会存在。截至 6 月 22 日下午 16 点，海外累计确诊新冠肺炎病例将近 900 万，全球累计确诊超 903 万。通过半年以来对确诊病例的临床观察与治疗，医生和科学家们，已经对新冠有了更深的认识：新冠病毒不止会攻击你的肺事实上，从大脑到脚趾，它们没有放过你身体任何一个部位。耶鲁大学纽黑文医院的心脏病专家 Harlan Krumholz，一直以来都在带领团队收集与分析 COVID-19 的临床数据。他曾感叹：它（新冠病毒）的凶猛令人叹为观止。因为，从大脑到脚趾，新冠病毒几乎可以攻击人体内的任何部位，并造成致命性和毁灭性的后果。而这一可怕的进程，从我们不小心感染它的那一刻，就已经开始了。病毒攻击人体的得力帮手：ACE2 受体蛋白ACE2 蛋白原本的作用是参与血压调节，但是如今却成为了病毒进入人体细胞的敲门砖。如果没有 ACE2 蛋白，病毒就没有办法进入细胞，利用细胞进行自我复制。但可怕之处在于，ACE2 受体蛋白，广泛存在于血管上皮细胞的细胞膜上。也就是说，在血管上有大量病毒的「敲门砖」分布。而血管，在我们的身体中却无处不在。所以，新冠病毒一旦在疏于防范时趁虚而入，那么我们自身，就成了它们理想的孵化温床。作为人体与外界交换氧气的重要器官，肺部内有无数的毛细血管和微小气囊。气囊是由一层密集排列，且富含 ACE2 受体蛋白的细胞组成的。且气囊的旁边，会萦绕着无数的毛细血管。所以引发肺炎，造成急性呼吸衰竭，是病毒所能造成的最致命、最明显的影响。当免疫系统觉察到新冠病毒在体内造次时，会派出大量免疫细胞与病毒交战。可惜的是，破坏正常氧气传输功能的，正是我们与病毒的战斗本身。致命的自我保护机制：细胞因子风暴当免疫系统反应过于强烈时，大概率会形成「细胞因子风暴」。既然能被称得上是「风暴」二字，那么它的特点必然是：所到之处，寸草不生。别忘了一开始我们就提到的：ACE2 广泛存在于血管上皮细胞中，人体几乎每一处都有血管分布。也就是，几乎每一个地方都会成为病毒的攻击目标。有病毒攻击的地方，就会成为细胞因子风暴横扫的目标。它会对患者身体展开强烈攻击，让血管越来越脆弱。不仅如此，在细胞因子风暴横扫过的地方，会留下不计其数的死细胞和各种分泌物。当身体来不及处理这些残留的时候，它们便会凝集在一起，形成血凝块，阻塞不计其数的血管。血管阻塞的后果是什么？在大脑，会引发中风、脑膜炎；在心脏，会引发心肌炎、冠心病；在肾脏，会引发肾衰竭；在四肢，会引发静脉栓塞，手指脚趾肿胀和组织死亡；在口鼻，会丧失味觉与嗅觉；在肠道，会引起剧烈腹泻；在生殖器官，女性会引发流产，男性会降低生育能力……宝妹没有危言耸听。哥伦比亚大学欧文医学中心的科研团队在得知这一真相后，做出了这样的推断：我们越来越坚信，血凝块或可成为主导 COVID-19 疾病严重性和致死性的主要因素。新冠病毒最“偏爱”的 4 大性状从全球各国数量庞大的病理报告来看，医学家已经发现许多新冠患者，都伴随着不同程度的，其他器官的衰竭现象。出现最多的并发症，是中风。而且，许多是身强力壮的年轻人。“见人下菜碟”的新冠病毒《美国医学协会杂志》曾对纽约 5700 名新冠患者展开调研。研究发现，新冠病毒更喜欢针对患有常见基础病的人群。美国疾病预防控制中心（CDC）数据显示，在美国14个州的新冠肺炎住院患者中，重症患者患有基础病人数最多的是：高血压肥胖糖尿病令人惊讶的是，患有哮喘或其他呼吸系统基础疾病的新冠患者，重症比例反而不高。上个月，安格利亚鲁斯金大学等机构的科学家们，通过对欧洲20个国家的人群进行研究后，又发现了一个意想不到的真相：人体维生素D的平均水平较低，与COVID-19病例数较高及死亡率较高直接相关。意思是，体内的维生素 D 含量越低，对于新冠肺炎的易感程度与感染后死亡率就会越高。这是因为，维生素D可以调节人体免疫细胞的反应。它能抑制细胞风暴因子的形成，保护人体在消灭病毒的同时，不会过多地遭受攻击。5 天前，《新英格兰医学杂志》刊登了一项新研究。科学家们对来自西班牙和意大利的近 2000 名重症新冠患者，进行了全基因组关联研究（GWAS）。这项研究，又一次刷新了人类对新冠的认知：血型与发生新冠导致的呼吸衰竭风险，竟然具有很强的相关性。A型血的呼吸衰竭风险升高 45%O型血的风险则降低 35% 。简单总结就是，下面这些因素会影响一个人感染新冠的风险，以及感染后的预后：高血压糖尿病肥胖维生素D水平血型ACE2基因的多态性疫情还没结束，病毒的传染性在增强但遗憾的是，新冠病毒也在不断进化和变异。最新研究显示，新的测序结果发现了更强的病毒变异亚型。“刺突蛋白D614”基因突变可以使病毒的传染性提升9倍（实验室环境下测得）。而且食品、水、冷链这些过去我们未加重视的环境，也可能成为新冠的潜在传播途径。从这一点看，只要国外的疫情没有平息，只要病毒仍然潜伏在某个角落，只要人类还没有特效药、没有疫苗，那么新冠疫情的阴霾就不会散去。当然，好消息是中国生物的新冠疫苗今天开启三期临床了，为我们带来了一线曙光。全球首个新冠灭活疫苗 国际临床（Ⅲ期）试验正式启动珍惜生物狗吧，他们是人类的希望（/狗头）参考资料：[1]Ellinghaus, D. et al. Genomewide Association Study of Severe Covid-19 with Respiratory Failure. N Engl J Med NEJMoa2020283 (2020) doi:10.1056/NEJMoa2020283.[2] Coronaviridae Study Group of the International Committee on Taxonomy of Viruses. The species Severe acute respiratory syndrome-related coronavirus: classifying 2019-nCoV and naming it SARS-CoV-2. Nat Microbiol 2020;5:536-544.[3] Wu Z, McGoogan JM. Characteristics of and important lessons from the coronavirus disease 2019 (COVID-19) outbreak in China: summary of a report of 72 314 cases from the Chinese Center for Disease Control and Prevention. JAMA 2020 February 24 (Epub ahead of print).[4] Berlin DA, Gulick RM, Martinez FJ. Severe Covid-19. N Engl J Med. DOI: 10.1056/NEJMcp2009575.[5] Vuille-dit-Bille RN, Camargo SM, Emmenegger L, et al. Human intestine luminal ACE2 and amino acid transporter expression increased by ACE-inhibitors. Amino Acids 2015;47:693-705.[6] Wein AN, McMaster SR, Takamura S, et al. CXCR6 regulates localization of tissue-resident memory CD8 T cells to the airways. J Exp Med 2019;216:2748-2762.[7] Zhao J, Yang Y, Huang H, et al. Relationship between the ABO blood group and the COVID-19 susceptibility. March 27, 2020 (https://www.medrxiv.org/content/10.1101/2020.03.11.20031096v2. opens in new tab). preprint.[8] Zietz M, Tatonetti NP. Testing the association between blood type and COVID-19 infection, intubation, and death. April 11, 2020 (https://www.medrxiv.org/content/10.1101/2020.04.08.20058073v1. opens in new tab). preprint.[9]Petre Cristian Ilie, Simina Stefanescu,Lee Smith. et al. The role of vitamin D in the prevention of coronavirus disease 2019 infection and mortality, Aging Clinical and Experimental Research (2020). DOI:10.1007/s40520-020-01570-8",29,0,2020-06-24 09:00:41,2020-06-24 09:00:41
如何看待这个对钟南山院士的深扒？,钟南山 老爷子 从小家境优越 没吃过苦，没挨过饿 老百姓大多数吃不饱为了不挨饿 尽量少活动的时候，人家就已经练体育了，疫情期间让大家别出门，出发点是好的，为了防控疫情，为了让更多人不感染，老爷子之前有个采访 说家里从来不在乎钱，根本不谈钱，自己和马大大一样对钱没有兴趣 可是老爷子，。咱跟人家也不是一个阶级，价值观不一样，人家觉得在家闷一年，中国老百姓都生活富裕，根本没事，也饿不死。人家一天两罐牛奶 咱这好多农村老百姓还没喝过牛奶呢，,0,0,2020-06-29 11:32:34,2020-06-29 11:32:34
柯文哲和钟南山在医术上是一个级别的吗？,柯文哲比钟南山牛。柯文哲实在，说话直接。钟南山是精神领袖，但说话一副官腔，是领导级别。在我眼里钟南山也没张文宏贡献大。,0,1,2020-06-08 07:39:13,2020-06-08 07:39:13
为什么钟南山年龄这么大了还要挺身而出，年轻一代没人才了吗？,疫情的防控是全国上下齐力同心的结果，上至党中央领导，下至无数医务人员包括放弃春节居家隔离的普通人民群众，莫要盲目的个人崇拜。但我们需要这个足够令人振奋的精神领袖，与其说精英领导时势，不如说时势造英雄，即使没有这个钟南山，更有其他钟南山涌现出来。但在中国的医学界资历和资格这方面，钟南山称第二，无人敢称第一，我们也需要这个领袖来让全国人民团结一心。但是年青一代发挥着中坚作用的一环，古人云“拳怕少壮”，时代的进步也是年轻人逐步替代老一代人的过程。倘若再过个几十年，现在的所谓年轻人必将涌现出可能更有资历更有才干的钟南山。,2,0,2020-04-09 21:34:35,2020-04-09 21:34:35
钟南山院士在非典时期有什么贡献？,"非典重症率20% ，除中国大陆外死亡率 18%  ,  意思是重症死亡超过85%，重症抢救率不到15%。   钟南山呼吸所接待101名危重症非典， 54人是插管的最危重病人，只有7名因别的医院转来太晚或合并其它大病死亡，最危重死亡，抢救率88.888% ,危重病人抢救率超93%，远超世界重症抢救率水平。 作为广东非典领导组长，提出早发现，早治疗，早隔离， 指导广东创下3.8%,广州3.6% 的最低死亡率。   反对卫生部权威， 最后被证实正确，成为非典抗击重要转折点，最终中国大陆的死亡率7%，其它地方都远高于我们。",2,1,2020-04-02 12:45:53,2020-04-02 13:22:41
如何评价钟南山团队称「连花清瘟胶囊对新冠病毒具有抗病毒抗炎作用」？,仅从科学的角度来看我们说一个话对不对，一定要看研究这句话的文献，不扒文献就凭是中药还是西药来站队，那就是耍流氓。所以我今天要带大家简单看一下原文献实验到底怎么设计的，结论怎么得出的。读文献能力很强的人可以自己去读，不用看我的回答。这篇里讲的偏科普向，给一些没有分子生物学基础和阅读专业文献能力尚欠缺的朋友讲的。看一篇文献，先要看杂志、看投稿时间和接收时间。这篇不到三周就接收了，速度还是挺快的，说明编辑从速办理，同行评议的专家也比较认可。Pharmacol Res这个杂志2018年影响因子index：5.574。分区：医学2区，药学3区。说起来还算凑合的杂志，不是什么好杂志，也说不上特别烂的水刊。所以整体杂志的成色还是可以。跳过简介，直接看实验的方法和材料。发现这是一篇体外的研究。什么意思呢，一般这种药物试验都分在体的和离体的，离体的往往是用细胞或者死了的动物分离下来的组织，直接用药物作用之后，观察一些变化。而在体的实验就是这个被实验的动物或者人是活着的（这里别抬杠，说细胞也是动物，也活着，比如我们中学生物课上就观察过的草履虫。这里说的药物实验，怎么可能用这些单细胞生物来评价呢，使用的细胞也是实验动物或者人体的一些细胞分离出来再进行培养的，所以相对于它从动物和人体分离这个事情来说，它就是离体了）。所以在体实验还分动物和人。整体来说，在体比离体更接近真实人体使用的情况，人体的实验比动物实验更接近人体使用的情况。这是一篇离体的实验，使用的绿猴的肾上皮细胞和人的肝癌细胞。离体实验，使用了两种细胞系使用的药物分别是连花清瘟和人民的希望（Remdesivir）。也就是用连花清瘟和Remdesivir进行比较。其中我们常常会怀疑中药成分一致性的问题。这个我在之前写的文章中曾经说过，中药研究投一些好杂志的时候，回来的意见总会问到你怎么保证你每一个批次，甚至一个批次两个胶囊的药里面的有效成分是一样的？咱们在这里讲科学问题，如果现在心里在想，中药就应该按照阴阳五行理论来用而不应该做这类研究的人请直接点退出。为了避免中药往往存在的不一致性的问题，这篇文章还先验证了药物一致性，用的高效液相的方法，分离后发现32个峰，里面有一些成分已经明确，有些不明确。一共检验了10个批次的药物，发现不同批次间的相似度达到并超过96%。大家发现了吧，实际中药还是存在着这方面的问题，就是不同批次之间确实还是有差别，但好歹这篇文章还是做的比较科学的，还检验了这个事情，那些没检验的文章，大家心里都要打个问号啊。两个药溶成特定浓度的溶剂备用。这时候用带有冠状病毒的溶液去感染这两种细胞。感染完了之后，再用药物的溶液去浸泡。都观察什么呢，要观察4个问题：1、两个药物的细胞毒性（如果还没致病先致命，这就不是药物，是毒药）；2、药物对病毒的活性的抑制能力，谁抑制的好，谁是好样的；3、用电镜确定病毒颗粒，颗粒的多少也可以表现出药物对病毒的抑制能力，等于是第2点的另一个角度的评价；4、评估连花清瘟对于病毒导致的细胞因子和趋化因子的抑制作用（之前不是说患者主要死于细胞因子风暴吗？这里的目的明显是想看看连花清瘟对于这个方面是否有帮助）。按照实验的思路设计出来的4个问题，我简单给大家说一下结果啊，咱们先看完人家的话，再评论人家说的对不对，好不好。问题1：两个药物在两种细胞系里的细胞毒性指标如下。先解释一下CC50：使50%细胞死亡时的药物浓度。所以这个数值越高越好，也就是药物特别浓细胞才会死这才好，要是很低的浓度，细胞就死了，那是毒药。连花清瘟CC50在两个细胞系分别为1157ug/ml和1089ug/ml，Remdesivir的分别是110.8uM和98.93uM。这里呢，不能光看这个浓度，要结合着药物治疗浓度一起看。两种药物分别在两种细胞系中的CC50问题2：抑制病毒的能力。先解释一个名词IC50：是能够抑制50%病毒复制时的药物浓度。这个浓度越低越好，因为特别低的浓度就能抑制病毒，肯定是好样的。咱们看看这两个药物的作用。连花清瘟IC50=411.2ug/ml，Remdesivir的IC50=0.651uM。抑制病毒的作用肯定都是有的。两种药物的IC50问题3：另一个角度看看病毒颗粒来判断病毒被抑制的情况。连花清瘟600ug/ml能减少病毒颗粒，就理解成抑制病毒吧。电镜两种药物使用后细胞内病毒颗粒的观察好吧这里多出一个概念就是CC50/IC50。这是什么意思呢，就是致死的浓度比上治疗的浓度，如果这个浓度小于1，代表致死浓度低于治疗浓度，等于还没致病先要命；等于1，代表治疗的同时直接致死，和小于1也没差多少；大于1，才可能达到治疗浓度还没致命，这才是药。这个数值越大，治疗浓度和致死浓度差的越远，那药物毒性才小，万一由于个体差异，同样吃了1片，血药浓度超出预期，也不至于出现严重的毒性反应。咱们看看两种药物的CC50/IC50。CC50由于有两个数，咱们取低的那个。莲花清瘟的CC50/IC50为2.648，Remdesivir的CC50/IC50为151.966。什么概念，就是连花清瘟的作用浓度和毒性浓度之间是2.648倍，也就是一不小心血药浓度增加了一倍多，可能就“中毒”了，但是Remdesivir呢，血药浓度要达到治疗浓度的152倍才会出现药物明显毒性。如果咱们从电镜的结果来看，需要600ug/ml的浓度，这离1089ug/ml仅仅差了1倍多，基本稍微弄不好，连花清瘟就变毒药了。仅从这点上看，高下立判！问题4：连花清瘟对于细胞因子和趋化因子的抑制。第一这个浓度还是用的600ug/ml还有300ug/ml还有150ug/ml的浓度，其中一些因子基本连花清瘟要达到300ug/ml才能有抑制作用，这个浓度太高了，另外一方面这里没有和Remdesivir比，不知道是为什么，难道两者差距过大，不好意思拿出来了（当然这话说的有点主观，但是通观整篇文章的风格，这里没有必要不去比较啊，而且讨论里也避开了这点上不做对照的理由）？整个文章的讨论部分内容实在是少，当然可能新型冠状病毒领域实在有点新，没啥既往研究好做对比。所以我们很简单的基本也把文章很全面的复习了。说实话，目前来看，这篇文章想得出“连花清瘟胶囊对新冠病毒具有抗病毒抗炎作用”要是脸皮厚点也能说，但请加上“在体外实验中”，让大家知道这和吃药抗病毒抗炎的结论还有一段距离。如果脸皮薄点，这话不好说出口，因为刚才讲的CC50和IC50离的太近了。我查了一下连花清瘟胶囊在《新型冠状病毒肺炎诊疗方案（试行第七版）》中的推荐使用剂量没有。那药物说明上呢：口服，一次4粒，一日3次吗，而一粒是350mg。也就是一次1400mg，一天3次。但我们搜索文献发现在pubmed上，连花清瘟一共15篇文章。但是没有一篇提到血药浓度。也在万方数据查阅了一下国内文献，是否有讲到连花清瘟的血药浓度的，结果也是0。当然，药物成分复杂，不知道有效成分是很多中药的问题，不知道有效成分当然没发测量血药浓度，当然有效成分的确认研究也是中药现代化的方向和目标。但目前的状况下，所以我们就很难去评估这篇中连花清瘟体外实验的浓度是否可以通过服用说明书的推荐剂量以达到有效的血药浓度了。pubmed上搜索莲花清瘟一共15篇文献所以想得出一个药物是否在临床有效需要的指标非常多。我们当然喜欢看到好消息，但是应该主动拒绝新闻炒作，不要去轻易的交智商税。这并非传统医学与现代医学之争，因为这原本没啥好争的，我们也不要用屁股去决定脑子，还是要好好看看研究的具体数据和方法，用科学的头脑去进行理性的分析。,324,126,2020-04-05 12:00:37,2020-04-11 12:24:20
如何看待黄秋生对钟南山院士的评论?,这个世界上最反华的群体第一我台湾省人第二香港自治区人第三出国留了下来的华人第四才是那些土生土长的外国佬,13,0,2020-04-06 18:50:24,2020-04-06 18:50:24
如何看待知乎用户立党质疑钟南山院士的天津红日血必净对新冠肺炎的治疗效果?,这件事情我支持立党的部分观点。钟南山吴以岭作为利益相关方，利用学术地位牟利的嫌疑还是不小的。而且这段时间专家们推荐的各路中医药，看实际的临床结果也能发现就那么回事。钟南山说血必净可以缩短患者的康复时间约两天。瑞德西韦的临床结果不也差不多嘛。随手一答也懒得列文献，反正新闻报道不少。那个匿名把不知道哪里来的垃圾文献列出来，还就放个标题，不说实际效果临床终点，我真的笑死。如果说瑞德西韦上不了一本，血必净最多也就是二本水平。中药注射液本来就是非常emmmm的存在，更何况血必净还有严重的副作用。其实往深入去想，也能窥见所谓中医药为什么会被如此重视的端倪。—————————————割一下—————————————看另一个回答给出了血必净这次临床试验的详细数据，没有出现不良反应，安全性或许好于瑞德西韦。,304,35,2020-05-07 03:00:02,2020-05-07 13:56:33
谁的身体能比钟南山更健壮？,请看一下旧片，84岁的人了，太不可思议了！,0,0,2020-04-11 16:21:21,2020-04-11 16:21:21
成为钟南山院士的学生是什么体验?,若有幸能成为钟南山院士的学生，一定是祖辈积德行善修来的福报！我认为应该是很值得珍惜，很幸运的体验吧。相信在钟院士的以身作则，医德医风高尚的榜样指引下，准学子们全身心的学习聆听钟院士谆谆教导中，中国应该又多一个为国为民着想的仁心仁术的好医生！幸甚！,1,3,2020-04-23 08:33:35,2020-04-23 08:33:35
如何看待钟南山说中药对新冠状病毒有效？,钟南山对中医评价的话语真的很有艺术，是一种交流和表达的艺术。以下是2020年4月14日新闻稿件的引用：在谈及中医药在本次疫情防控中的价值时，钟南山指出，新冠肺炎主要症状是温热、湿热，比如说咳嗽、发烧、无力等这些。中医药往往对这些症候的治疗一般是有效的。“我们也对连花清瘟胶囊做了一些研究，发现它对抗新冠病毒虽然作用弱一些，但是对于由病毒引起的组织细胞损伤，就是炎症的损伤，有很好的抑制作用。另外它对于减轻发烧、呼吸道咳嗽、加快恢复都是有效的。但对病毒的转阴率，和对照组相比，虽然有缩短的倾向，还没有达到统计学的水平。所以，我们觉得对轻症和普通的患者，连花清瘟胶囊是有效的。”钟南山表示，血必净对于新冠肺炎的有效性，目前也有一些循证医学证据正在总结，初步看起来也是有效的，除了症状的评分改善以外，病死率也减少了。“我觉得中医跟西医治疗是不是有效，不能凭印象，一定要根据现代医学、循证医学的方法证实，有效就要推广。”《钟南山：有两种药物对新冠肺炎有效》https://static.nfapp.southcn.com/content/202004/14/c3406868.html?colID=0&amp;firstColID=4934&amp;appversion=6500,1,2,2020-04-15 10:42:53,2020-04-15 10:42:53
如何看待钟南山团队宣布莲花清瘟体外试验显示抗新冠病毒作用，该结果是否可信?,按照报道数据，连花清瘟IC50为411μg/ml，相当于411mg/L，分子量平均很难超过1k，实际意味着差不多0.几个mM，和瑞德西韦差着数量级的东西[飙泪笑]如果想继续研究我觉得可行的是找出真正有效的1-2个分子，对其结构进行改进，化学修饰，大规模生产并临床试验。看原文，其实应该探究的是其免疫调节功能，看样子还是有改变的，懂的可以说一说，我是根本不了解,6,0,2020-04-01 17:54:08,2020-04-01 18:07:28
"钟南山主张年轻人参加竞技运动,有什么好处呢？",钟南山从小便喜爱竞技运动，足球、篮球、跑步都是他的兴趣所在。在北京医学院（今北京大学医学部）读书期间，他参加学校运动会曾创下几项纪录，至今无人能破。1959年，他作为一名非职业运动员参加首届全国运动会，在400米栏项目中以54.2秒的成绩打破了当时的全国纪录。几十年来，钟南山从未停止过锻炼。甚至在出差时，他也会带上拉力器，在休息之余做拉力运动。即使没有带运动器材，他也会徒手做俯卧撑、仰卧起坐、原地高抬腿等。“锻炼对身体健康有非常关键的作用，能让人保持年轻心态。”时至今日，钟南山在日常看病、门诊、查房、会诊、科研等繁忙的工作之余，仍坚持每周锻炼3次以上，每次锻炼约1个小时，“锻炼就像吃饭一样，已成为我生活的一部分”。钟南山：非常主张年轻人参加竞技运动！钟南山院士主张：年轻人啊，一定要多参加一些竞技运动，就比如说跆拳道，不仅可以强身健体，增强免疫力，而且还能培养人的意志和坚持等素质，锻炼孩子们“礼义廉耻  忍耐克己   百折不屈”的跆拳道精神！的确，身体是革命的本钱！坚持科学体育运动，提高自身免疫力，养成良好的运动习惯，对于我们的健康是多么重要！钟南山还表示，人体健康有五大决定因素：父母遗传占15%，社会环境占10%，自然环境占7%，医疗条件占8%，而生活方式占60%，每个人都应自觉养成良好的健康生活习惯。最好的投资，就是投资自己及家人的身体。要知道，时下，免疫力是最大的竞争力！身体健康是最大的财富！健康也是需要投资的！这次疫情大家对身体和心理健康的重视都有一定提升，意识到免疫力有多么重要。免疫力就是我们的护身符!,3,0,2020-04-17 15:56:15,2020-04-17 15:56:15
如何评价淘宝售卖钟南山院士的模型？,钟院士本人并不介意，模型本身也没有做丑化,2,0,2020-04-08 21:12:08,2020-04-08 21:12:08
钟南山名字的由来?,西游记第三十七回“鬼王夜谒唐三藏 悟空神化引婴儿中” 有钟南山院士的名字 也有借鉴名著的可能性吧 不过这里面的“钟南山”是一座山的名字 可能性略小,1,0,2020-04-17 08:43:29,2020-04-17 08:43:29
钟南山提问：经此一疫，你会形成哪些健康的生活方式？你有哪些健身故事？,疫情期间蜗居在家，每天看到最多的就是医护人员和肺炎患者的新闻，逐渐明白一个道理：“医疗的本质并不是药到病除，而是支持生命自我修复。”在这个特殊的时期，我对医疗领域产生了极高的兴趣，于是开始读一本书：《薄世宁医学通识讲义》。此书读后感触颇深，发现对于医疗和健康的理解，很多人都存在极大的误区。“在宗教强盛而科学无力的从前，人们误把神力当作科学。在科学强大而宗教弱势的今天，人们又误将医学当作神力。”绝大多数人都认为进医院就像进修车厂，自己的身体就像汽车，坏了送进去给医生修一修补一补就万事大吉了。我们的疾病看上去是被医院治好的，但实际上所有医疗的本质都只是给生命的修复提供必要的支持。换句话说，是我们身体的自我修复能力治好了自己。就拿此次疫情举例，我们会发现其实并不存在什么特效药，价格昂贵的ECMO也都只是帮助患者维持心肺系统的基础能力而已，到最后还得靠自身的免疫系统。新冠肺炎的重症患者也大多是有一些基础性疾病的人，如高血压、糖尿病、肥胖、脂肪肝。新冠肺炎重症患者的特点https://www.zhihu.com/video/1247840462633205760经此一疫，哪怕常年有健身习惯的我也开始有了一些改变，这些改变在于：1）不再一味追求肌肥大，挑战三大项极限，而是更注重身体的恢复，把握合适的训练强度；2）曾经一度认为”娘炮才做有氧，真男人睡觉都抱着哑铃“，现在也开始每周规律跑步；3）饮食不再只在乎蛋白质，而是三大营养素均衡，也开始注意维生素、矿物质、纤维素等等微量元素的摄入；4）更加注重心肺功能的训练，运动时也更关注心率的区间；5）深刻认识到健康是需要投资的……钟南山：健康是需要投资的https://www.zhihu.com/video/1247847652965572608【超燃高帅混剪】普通医生钟南山_哔哩哔哩 (゜-゜)つロ 干杯~-bilibili最后，向普通医生钟南山先生致敬，高山仰止，吾辈楷模。（更多有趣健身知识，欢迎关注公众号：Burning健身坊）,449,14,2020-05-24 11:15:54,2020-05-29 12:00:02
如何看待美国疫情严重邀请钟南山院士去美国?,美国的现状，并不需要多一名顶级医疗专家，而且，中国的抗疫经验已经全盘奉送，且还在专家层面保持交流。需要的是决策层的警醒，是采取及时有力的应对策略，是团结协作战胜疫情的凝聚力和战斗力。美国需要反省，为什么自己危难时刻成了孤家寡人，真正明白得道多助失道寡助的道理。,2,0,2020-04-03 12:38:07,2020-04-03 12:38:07
陈道明将出演钟南山，你有什么想说的？,陈道明是我男神！！！从我七岁看《少年包青天》他演八贤王的时候就喜欢他了！而且我感觉就是男女之间的那种喜欢，爱慕的萌芽。后来爱屋及乌，看围城，读历史，喜欢古风。甚至把《黑洞》，甚至超级难看的越王勾践都又从头到尾看了一遍。默默的铁粉一枚。后来逐渐长大，因为学业，专业各种正事，淡忘明叔好久了。但是网上只要有了明叔的消息，过去的种种便又会浮现。你说让明叔演苏轼，辛弃疾，荆轲之类的人物我觉得非常合适。明叔要是真演钟南山，虽然我是医学生，我也是会看的。哎，毕竟老陈今年都65岁了，再过几年就古稀了。他还能在我影视里活跃多久呢。哎，君生我未生，我生君已老。恨不生同时，日日与君好。因为本人已有男友，所以这些话就在这里匿名了。还有，那些说明叔出轨的。这件事我不相信，因为他是当年为了爱妻不惜赴汤蹈火之人。明叔啊，你慢些老去吧！分享任然的单曲《花雨落》http://music.163.com/song/1361789569/?userid=275569427 这首歌可以代表我对明叔的感觉,4,2,2020-04-18 01:42:51,2020-04-18 01:42:51
如何看待美国疫情严重邀请钟南山院士去美国?,美国的现状，并不需要多一名顶级医疗专家，而且，中国的抗疫经验已经全盘奉送，且还在专家层面保持交流。需要的是决策层的警醒，是采取及时有力的应对策略，是团结协作战胜疫情的凝聚力和战斗力。美国需要反省，为什么自己危难时刻成了孤家寡人，真正明白得道多助失道寡助的道理。,2,0,2020-04-03 12:38:07,2020-04-03 12:38:07
陈道明将出演钟南山，你有什么想说的？,陈道明是我男神！！！从我七岁看《少年包青天》他演八贤王的时候就喜欢他了！而且我感觉就是男女之间的那种喜欢，爱慕的萌芽。后来爱屋及乌，看围城，读历史，喜欢古风。甚至把《黑洞》，甚至超级难看的越王勾践都又从头到尾看了一遍。默默的铁粉一枚。后来逐渐长大，因为学业，专业各种正事，淡忘明叔好久了。但是网上只要有了明叔的消息，过去的种种便又会浮现。你说让明叔演苏轼，辛弃疾，荆轲之类的人物我觉得非常合适。明叔要是真演钟南山，虽然我是医学生，我也是会看的。哎，毕竟老陈今年都65岁了，再过几年就古稀了。他还能在我影视里活跃多久呢。哎，君生我未生，我生君已老。恨不生同时，日日与君好。因为本人已有男友，所以这些话就在这里匿名了。还有，那些说明叔出轨的。这件事我不相信，因为他是当年为了爱妻不惜赴汤蹈火之人。明叔啊，你慢些老去吧！分享任然的单曲《花雨落》http://music.163.com/song/1361789569/?userid=275569427 这首歌可以代表我对明叔的感觉,4,2,2020-04-18 01:42:51,2020-04-18 01:42:51
