不了解饭圈文化，你就不要发表粉丝行为不上升爱豆这种言论。偶像决定不了让谁喜欢，但是他需要为粉丝伤害别人行为买单。比如你举的例子，特朗普他就是代表美国，代表美国人民的，所以美国人民作出的伤害别人的事情他都要买单，此外特朗普有很多不喜欢他的人，但是人家就是背负起这么大的责任了。刘德华的粉丝他爸并没有伤害其他不相干的人，肖战脑残粉丝却伤害到了其他人。还有关于家长和老师的，孩子伤了人，家长不用赔钱的？不用为他买单的？老师不用为纵容学生犯错而负责任的？另外，你评论里面举例羽生结弦，我建议你删掉，肖战能和为国争光为体育做出巨大贡献的哥哥比？你这是想惹怒体育圈？羽生有实力在身，肖战有什么实力吗？身为爱豆业务能力烂得一匹，歌唱得一般，舞跳的僵硬，这里建议你去看b站一位天王的dancer小姐姐看肖战舞台的reaction视频呢。另外肖战是中国人吧，按中国年纪算30岁了呢，哪里来的20多岁？,03/01
hahaha正在看首都晚间报道特朗普站在台上刚说完美国已有一例女性因新冠死亡接着他说没有理由恐慌这让我想起电影《2012》中的一段话（对了对了他还报错了死者性别🙂#美国出现首例新冠肺炎死亡病例##特朗普称疫情被媒体夸大#,03/01
今天，美国确认首例（官方承认的）死亡病例。同时特朗普在记者会上称赞中国政府高效遏制疫情，并寻求合作。随后，副总统宣布将禁止14天内去过伊朗的外国人入境。“人类命运共同体”的格局和观念一点也没有，自私自利、不管别人死活。你当时没想到有今天吧！,03/01
『突发！华盛顿州宣布进入紧急状态!首例死亡病例出现!特朗普:考虑采取中国防疫措施』O突发！华盛顿州宣布进入紧急状态!首例死亡病例出现!特朗普:考虑采取中国防疫措施,03/01
#腾讯新闻#特朗普：中国疫情防控成效显著O网页链接来自@腾讯新闻,03/01
特朗普正式改口！这下，美国或真的危险了！！O特朗普正式改口！这下，美国或真的危险了！！,03/01
晚饭的时候看新闻记者问特朗普怎么评价中国疫情现状他说中国疫情控制取得了很大进展有两个表现一个是星巴克已经复工了再一个是苹果公司已经开始恢复生产,03/01
我在看：【美国首现死亡病例，特朗普记者会上“说错话”】#跟新浪看热点#O美国首现死亡病例，特朗普记者会上“说错话”,03/01
美国政府将启用《国防生产法》增产口罩防护服应对新冠病毒蔓延一旦新冠病毒蔓延，美国需求3亿个N95口罩，但美国目前只有N95口罩3000万个。特朗普政府表示，将启用《国防生产法》的特殊权力，迅速增加国内制造口罩和防护衣的产量，对抗新冠病毒疫情。美国国会在1950年韩战爆发时通过《国防生产法》（DefenseProductionAct），动用此法表明美国政府应对新冠病毒疫情行动升级。《国防生产法》让总统有权以国家安全为由，扩大工业生产关键原料或产品。2019年新冠状病毒疫情在中国爆发，目前蔓延到40多个国家和地区，包括美国。美国卫生官员告诉国人，要为疫情在美国大面积蔓延做好准备。新冠病毒使寻求在11月3日总统大选中赢得连任的特朗普面临压力，他的政府因应疫情行动迟缓遭到民主党批评。美国卫生与公共服务部（HHS）部长阿查尔（AlexAzar）告诉国会议员，美国必须储备约3亿个N95口罩给医护人员以抗疫情；阿查尔作证说，美国目前仅3000万个口罩可用。美国最大口罩制造业商为3M公司（3MCo.）和汉威联合公司（HoneywellInternationalInc.）。早在十多年前，在“经济全球化”的浪潮中，这两家公司已经将国内生产口罩的工厂几乎全部迁移到中国。阿查尔在国会听证会上表示，中国控制与口罩有关的“许多原料以及生产能力”。国土安全部官员告诉媒体：“口罩与防护用品很少在美国制造，我们靠国内能力生产，可能会遇到困难。”白宫经济顾问纳瓦罗表示：将要求至少四间口罩工厂从中国迁回美国。白宫官员证实，政府已在研究动用《国防生产法》促进新冠病毒防护具的生产。,03/01
看一篇梳理AO3事件的文章说，为了反对Xz粉丝的行为，有黑粉写了xz和特朗普的同人文，名字叫《特战队》。让我大半夜笑出猪叫声。,03/01
#特朗普暗恋肖战#这是个什么鬼？？？？？怪不得老子LOFTER上的冷圈cp文都没了，艹你还我你还我！！！！！,03/01
看了一些关于新冠肺炎起源的文章，最后源头直指美国，而中国最早的华南海鲜市场也是因为美国军人运动员下榻酒店距离非常近。想起美国一直还是因为流感死亡多人并未引起注意，我真为美国这样一个“超级大国”感到shame，为特朗普狂妄无知的种族优越感到咦～～～更为中国越来越成为一个强大而且负责任的大国感到骄傲！,03/01
【1天暴增确诊超千人，韩国疫情面临失控，特朗普对其发出最高警告】（来自@一点资讯）O1天暴增确诊超千人，韩国疫情面临失控，特朗普对其发出最高警告,03/01
【美国疫情持续恶化#美国称考虑部分采取中国防疫措施#】当地时间29号，特朗普在白宫召开记者会。在回答记者的提问时，特朗普表示美国目前正在考虑采取部分中国的抗疫措施，他同时对中国的疫情防控效果予以积极评价。（青蜂侠Bee）L青蜂侠Bee的秒拍视频,03/01
特朗普：中国疫情防控成效显著@QQ浏览器O特朗普：中国疫情防控成效显著,03/01
23:49财联社3月2日讯，美国总统特朗普称，已要求加快病毒疫苗的工作。(来自财联社APP),03/02
旅游计划得搁浅了。樱花也看不成了，这该死的病毒🦠，如果我冒险去西雅图会不会被家里人拍死？#特朗普称新冠病毒风险对美国依旧很低#,03/02
【翟东升，贸易战背后特朗普真实动机】#翟东升##一勺思想#@观视频工作室美股最大的风险在利率和财务杠杆，不在企业盈利恶化。过去十年，在全球低利率环境中，大量的美股上市公司发债回购股票推高股价，把财务杠杆用到极致，很多世界著名公司的资产负债率甚至超过100%，以至于股本为负ROE为负。一旦某个外力使得利率趋势性上行，前述逻辑链条就会彻底逆转，变成融资困难、股价下跌、融资更困难、股价进一步下跌。所以，美股最大的风险在利率和财务杠杆，而不在企业盈利恶化，这就是为什么过去一两年美股似乎对经济衰退也无动于衷的原因。只要低利率能够维系，发债回购就能够继续，从这个角度看，美联储降息会成为美股有力的支撑。通胀不起来、利率不起来，很难说美股行情就趋势性终结了。L投资的信仰的微博视频,03/02
来自阿伦的观点：【继续超前思维！每一次都精准无误！】国际资本大量涌入中国市场，也是中国未来牛市的根基之一！特朗普无论如何也没有想到！一场新冠状疫情，让两个市场，高下立判！所以我反复说，多难兴邦！危险的...#高鑫去口罩厂做义工##今日看盘#(分享自@爱股票APP)O网页链接,03/02
明天要看书了，除了发邮件还有投票反对之外，不想看这些糟心事了Alright肖战和他的粉丝已经是死人了，内忧外患还吃我🐰的人血馒头，给老子爬。当然要是肖战能嫁给特朗普保我🐰百年和平发展，肖战粉能把永居条例搞下来，那我二话不说黑转死忠哈。也就不提研发疫苗这种hard模式了，毕竟三本学校毕业炒个普通话一甲连证书都拿不出的爱豆，粉丝也不知道是不是都是九漏鱼昂，还不如指望翟博士。,03/02
#美股#美股大反弹，A50小反弹。我估计特朗普会继续将新典肺炎混在普通感冒里继续能瞒多久瞒多久。#特朗普称疫情被媒体夸大#,03/02
兰州微聚焦【特朗普：鲍威尔和美联储行动迟缓我们处于竞争劣势】北京时间3月2日讯，美国总统唐纳德-特朗普（DonaldTrump）周一在社交媒体上表示，美联储（FederalReserve）正在落后于全球其他央行，继续给联储施压降息。　　特朗普说，和往常一样，鲍威尔和美联储行动迟缓。德国和其他国家正在向本国经济注入资金。其他国家的央行要积极得多。　　“出于所有正确的理由，美国的利率应该是最低的。但我们没有，这将使我们处于…竞争劣势。我们应该领导，而不是跟随！”他补充道。　　这些推文是总统为推动美联储放松政策所做的众多努力之一。尽管他经常指出，他相信美联储的独立性。市场普遍预期美联储将在3月1日至18日的议息会议前降息。　　交易员目前预计本月将降息50个基点，年底前再降息50个基点，以应对疫情蔓延带来的经济压力。#兰州微聚焦##国际军事#,03/02
不得不说何一水平之高。何一直接给六六构建了一个完全抛弃遮羞布的形象。其重点不是去和ok进行冲突，而是构建的六六人设和币友心中一般客户经理人设的巨大冲突。这种冲突类似于，特朗普的特立独行之于之前严谨的美国总统，特斯拉之于普通电动车。一姐一定读过著名广告人叶茂中的<冲突>不过也因此能够看到币安的诡诈，感性来说，真的欣赏不来，#比特币##区块链#,03/02
在16岁看了《肖申克的救赎》，很震撼说不上来到底看出来了什么美国当时种族歧视很严重，这让我想到了最近学的新航路的开辟。欧洲人为了殖民，为了统治世界，为了黄金梦，开辟了新航线，展开了三角贸易，把非洲这么多的人变卖到美洲。妈妈说特朗普上位后中美就变了很多，比如贸易战什么的。在上位之前是奥巴马，是黑人总统。,03/02
#特朗普暗恋肖战#哈哈哈哈哈哈哈哈哈哈哈哈哈哈哈哈哈哈哈哈哈哈这个话题xswl,03/02
#特朗普暗恋肖战#牛逼，这个邪教，我服,03/02
《正式确认，美国“谎言”被拆穿，华为终于“清白”了》你觉得特朗普政府在近两年如此针对华为还有什么原因呢。O网页链接,03/02
"【""末日博士""警告投资者别忽视这4点全球股市今年恐跌30%】鲁比尼预计今年全球股市将会下跌30%至40%，并建议投资者应该套现或者将资金放在安全的国债上。他还大胆预测现任美国总统特朗普将会输掉大选。O""末日博士""警告投资者别忽视这4点全球股市今年恐跌30%",03/02
真就看着特朗普推特治国，有的人就以为可以微博理政了？,03/02
美国总统特朗普称，美联储主席鲍威尔和美联储都行动太慢。德国与其他国家正在向本国经济注入资金。其他央行行动更加激进。,03/02
〔致敬王者，送别杰克韦尔奇〕他是全球工业时代最后的传奇，是杰出的商业领袖，他锐意进取、他熠熠闪光的管理思想，他强推六西格玛管理法，都给这个时代留下了深深的烙印。他被誉为“最受尊敬的CEO”、“全球第一CEO”，成为张瑞敏、马云、特朗普等企业家的偶像，是因为他在20年任期内，令GE的市值从130亿美元飙升至4800亿美元，一度成为美国股票市值最高的公司。一代传奇至此落幕！,03/03
l神讲，川普连任可能会出问题了，疫情如果在美国大爆发，那么特朗普的连任可能成问题。因为特朗普对疫情防控还是有些大意。,03/03
美国股票整体上是不怕的。因为特朗普一定会保住升势，手段还多得很。只要要到大选尘埃落定之后。近期不可能不补这个缺口。,03/03
老头又发推敦促美联储！特朗普：美联储正在降息，但必须进一步宽松，最重要的是，与其他国家/竞争者保持一致。我们不是在一个公平的环境比赛。对美国不公平。美联储终于到了领导的时候了。更多宽松和降息！,03/03
美联储急吼吼的降息了，特朗普和市场都不满意，贵金属回到正轨了,03/03
《狂热行动》中的巴雷特原型不会是特朗普吗？毕竟尾田荣一郎总喜欢把真人真事搬进去加以改编。,03/03
根據香港經濟日報(2020年2月27)的報導，美國疾控中心推算，美國今個流感季以來有1.6萬人死亡，30萬人入院。美國總統特朗普於2020年2月26日在白宮會見傳媒時，仍然淡化新冠肺炎疫情，呼籲美國民眾當成流感處理就好，而美國流感「每年死6.9萬人」。特朗普的講話是否有弦外之音，就不得而知?或許有些事情，他早已知道。姑勿論怎樣，我們要以科學和理據去說明一切。疫情未退，大家都要做好防疫!,03/03
《美媒：为给特朗普助选，伊万卡从民主党“倒戈”加入共和党》O网页链接新月时期有的事情就会进入新局面,03/03
美国总统特朗普：美联储必须进一步宽松政策,03/03
【特朗普：美联储必须进一步宽松政策】美国总统特朗普称，美联储正在降息，但必须进一步放松政策，最重要的是要与其他国家/竞争对手保持一致。我们没有在一个公平的场地上比赛。这对美国不公平。美联储终于到了发挥领导作用的时候了。需要更多的放松和降息。O网页链接,03/03
【特朗普：美联储必须进一步宽松政策】美联储宣布降息50基点之后，美国总统特朗普称，美联储必须进一步宽松政策。更重要的是，降到与其他国家和竞争对手同等水平。,03/03
40秒了解疫苗究竟是什么？疫苗什么时候研制出来？#特朗普要求几个月内开发出新冠疫苗#L生活报的微博视频,03/03
天呐我听到了啥……竟然还有特朗普同人文………………………………,03/03
吵起来了！特朗普要求几个月内开发出新冠肺炎疫苗，NIH院长：都告诉你了至少一年！-中国日报网O吵起来了！特朗普要求几个月内开发出新冠肺炎疫苗，NIH院长：都告诉你了至少一年！幽默下：某国医院刚出生一个婴儿，特朗普说：我要你15个月成年人这是一样的道理.再幽默下：有个美女孕妇挺着个大肚子，突然特朗普开口了：我要你一口气生105个婴儿,03/03
特朗普：美联储必须进一步宽松政策美国总统特朗普称，美联储正在降息，但必须进一步放松政策，最重要的是要与其他国家/竞争对手保持一致。我们没有在一个公平的场地上比赛。这对美国不公平。美联储终于到了发挥领导作用的时候了。需要更多的放松和降息。,03/03
〔致敬王者，送别杰克韦尔奇〕他是全球工业时代最后的传奇，是杰出的商业领袖，他锐意进取、他熠熠闪光的管理思想，他强推六西格玛管理法，都给这个时代留下了深深的烙印。他被誉为“最受尊敬的CEO”、“全球第一CEO”，成为张瑞敏、马云、特朗普等企业家的偶像，是因为他在20年任期内，令GE的市值从130亿美元飙升至4800亿美元，一度成为美国股票市值最高的公司。一代传奇至此落幕！,03/03
l神讲，川普连任可能会出问题了，疫情如果在美国大爆发，那么特朗普的连任可能成问题。因为特朗普对疫情防控还是有些大意。,03/03
美国股票整体上是不怕的。因为特朗普一定会保住升势，手段还多得很。只要要到大选尘埃落定之后。近期不可能不补这个缺口。,03/03
老头又发推敦促美联储！特朗普：美联储正在降息，但必须进一步宽松，最重要的是，与其他国家/竞争者保持一致。我们不是在一个公平的环境比赛。对美国不公平。美联储终于到了领导的时候了。更多宽松和降息！,03/03
美联储急吼吼的降息了，特朗普和市场都不满意，贵金属回到正轨了,03/03
《狂热行动》中的巴雷特原型不会是特朗普吗？毕竟尾田荣一郎总喜欢把真人真事搬进去加以改编。,03/03
根據香港經濟日報(2020年2月27)的報導，美國疾控中心推算，美國今個流感季以來有1.6萬人死亡，30萬人入院。美國總統特朗普於2020年2月26日在白宮會見傳媒時，仍然淡化新冠肺炎疫情，呼籲美國民眾當成流感處理就好，而美國流感「每年死6.9萬人」。特朗普的講話是否有弦外之音，就不得而知?或許有些事情，他早已知道。姑勿論怎樣，我們要以科學和理據去說明一切。疫情未退，大家都要做好防疫!,03/03
《美媒：为给特朗普助选，伊万卡从民主党“倒戈”加入共和党》O网页链接新月时期有的事情就会进入新局面,03/03
美国总统特朗普：美联储必须进一步宽松政策,03/03
【特朗普：美联储必须进一步宽松政策】美国总统特朗普称，美联储正在降息，但必须进一步放松政策，最重要的是要与其他国家/竞争对手保持一致。我们没有在一个公平的场地上比赛。这对美国不公平。美联储终于到了发挥领导作用的时候了。需要更多的放松和降息。O网页链接,03/03
【特朗普：美联储必须进一步宽松政策】美联储宣布降息50基点之后，美国总统特朗普称，美联储必须进一步宽松政策。更重要的是，降到与其他国家和竞争对手同等水平。,03/03
40秒了解疫苗究竟是什么？疫苗什么时候研制出来？#特朗普要求几个月内开发出新冠疫苗#L生活报的微博视频,03/03
天呐我听到了啥……竟然还有特朗普同人文………………………………,03/03
吵起来了！特朗普要求几个月内开发出新冠肺炎疫苗，NIH院长：都告诉你了至少一年！-中国日报网O吵起来了！特朗普要求几个月内开发出新冠肺炎疫苗，NIH院长：都告诉你了至少一年！幽默下：某国医院刚出生一个婴儿，特朗普说：我要你15个月成年人这是一样的道理.再幽默下：有个美女孕妇挺着个大肚子，突然特朗普开口了：我要你一口气生105个婴儿,03/03
特朗普：美联储必须进一步宽松政策美国总统特朗普称，美联储正在降息，但必须进一步放松政策，最重要的是要与其他国家/竞争对手保持一致。我们没有在一个公平的场地上比赛。这对美国不公平。美联储终于到了发挥领导作用的时候了。需要更多的放松和降息。,03/03
美国众议员戴防毒面具参加国会投票，称众议院像“病毒培养皿”国际人物志 10小时前据美国广播公司新闻网3月5日报道，4日，特朗普的亲密盟友、众议员马特·盖兹在应对新冠状病毒的国会投票中戴上了防毒面具，就在投票之前，盖兹把众议院称为“培养皿”。,03/05
美国鬼子想派军方医疗队到武汉中国防化团来学习取经，要来也可以。但先得隔离两个14天再说，还得先教学费。『刚才，美国进入紧急状态，特朗普突然向中国发出请求！』O刚才，美国进入紧急状态，特朗普突然向中国发出请求！,03/05
面对疫情，特朗普压不住阵脚！在1月29日的新闻发布会上，特朗普表情淡定地表示，美国人感染新型冠状病毒的风险“非常低”。他说：“我们拥有世界上最好的专家，我们已经做好了一切应对准备，根本没有理由惊慌。”可是，美国国土安全部却发文建议，为应对疫情的大流行，民众应储存两周的饮水与食物，最好还准备一些应急的非处方药品。而事实上，抢购潮已经在美国出现了。许多超市结账柜台连日来已经排起了长龙，肉类区、洗涤用品区的货架已经空无一物，这是近几年从未见过的情况。口罩等防护物资，在实体药店已脱销。而且，继华盛顿州因疫情宣布进入紧急状态之后，加州今也因疫情宣布进入紧急状。你能叫百姓不忧心吗？,03/05
涨跌全在特朗普呀！@阿細-CHEUNG,03/05
特朗普称新冠肺炎是“新冠流感”公开叫板WHO,03/05
#特朗普坚信4月病毒会消失#如果这货说的准了，我估计就不信科学改信神棍学了,03/05
#特朗普来了#奥巴马别跑，又要我川建国同志擦屁股！！床总说美国控制疫情不力是前任的苏州屎作怪这锅甩的真的是没谁了。。。O网页链接,03/05
对今天的世界各国而言，新型冠状病毒肺炎就是不期而至的黑天鹅。中国付出巨大代价终于挺过去了。而其他国家错失了最好的机会，正在苦苦挣扎。现在越来越觉得美国联邦政府更悬，一切都是为了选举，坑蒙拐骗偷！如果特朗普在防控疫情方面处理不好，还是一味地忽悠，总统宝座真的有可能会因此而丢掉。,03/05
#新浪看点#都是他的错：特朗普将冠状病毒检测试剂盒短缺推给奥巴马O都是他的错：特朗普将冠状病毒检测试剂盒短缺推给奥巴马,03/05
《特朗普竞选团队起诉《华盛顿邮报》指其发表“通俄门”文章涉嫌诽谤》美国总统特朗普的竞选团队3日对《华盛顿邮报》提起诉讼，指认该报不当影射竞选团队与俄罗斯的关系，涉嫌诽谤。O网页链接,03/05
特战队cp#特朗普暗恋肖战##肖战暗恋特朗普#特战队文《十年》十年前为国离去让他心伤，十年后他将白宫双手奉上。文中角色均为原创角色，不是你家割割，不要来骂我,03/05
#特朗普暗恋肖战##肖战暗恋特朗普#特战队文《十年》十年前为国离去让他心伤，十年后他将白宫双手奉上。文中角色均为原创角色，不是你家割割，不要来骂我,03/05
【特朗普谈新冠疫情：报道的死亡率太高了，我凭直觉判断不超过1%】当地时间3月4日，美国总统特朗普接受福克斯电视台的电话专访。谈及新冠疫情话题时，他坚持将这次疫情称为“流感”，并表示现在公布的感染病例死亡率太高了，很多人感染后根本不需要就医，正常工作就能痊愈。#美国疫情#（中国青年网）L青蜂侠Bee的秒拍视频,03/05
【美国参议员：本周之内无法完成100万次新冠病毒检测的目标】　　在美国卫生部门官员周四进行通报后，该国的参议员们表示，特朗普政府将无法按照承诺，在本周末之前进行100万次新冠病毒检测。　　“在本周之内，无法让100万人...O网页链接,03/05
《昨晚，特朗普最担心的事，发生了！》美联储自2008年金融危机以来首次紧急降息后，美国股市三大股指均收低近3%。O网页链接,03/05
央视时代风向标栏目#胡侃#都什么时候了，美国两党还在大搞“超级星期二”竞选造势活动，形成大规模人群聚集。美国已有新冠肺炎死亡6例，但只确诊105例，这个比例多怪，谁会信？特朗普总统星期一强调现在集会是安全的。看来不搞出一个美国版的“新天地教会事件”来，他们不会善罢甘休。L胡锡进的微博视频,03/06
库德洛：总统特朗普正在考虑立即采取财政刺激措施，希望投资者不要过度反应，可能会出现不错的投资机会。#美股大跌#,03/06
“特朗普：没有人比我更懂股市”,03/06
《“和巴基斯坦关系非常好”！特朗普话音刚落，会场外响起一阵枪声》虽然在特朗普演讲的会场之中坐着多达10万的观众，但是在会场外却爆发了数千人的游行示威活动，更是在特朗普话音还未落之时，会场外就已经大打出手了。O网页链接,03/06
见过不要脸的，没见过这么不要脸的。#腾讯新闻#特朗普：美国确诊这么少归功于我，彭斯一天工作20小时O网页链接来自@腾讯新闻,03/06
我们都被特朗普骗了！刚刚，美国对疫情数据下手O我们都被特朗普骗了！刚刚，美国对疫情数据下手,03/06
【特朗普顾问：健康的美国人应该继续工作】　　特朗普经济顾问拉里-库德洛在CNBC上表示，“如果你身体健康，如果你年轻，那你应该去上班。”　　国家经济委员会主任库德洛表示：“对于多数人来说，如果你健康...O网页链接,03/06
粮食价格会不会上涨？全球经济会不会衰退？世界会不会又开始排华？特朗普会不会下台？能想到李文亮会不会被道歉？？？李文亮会不会被道歉？？？李文亮会不会被道歉？？？想不到,03/06
被wind提醒亮醒的我特朗普害怕美股跌,03/06
【特朗普：美国确诊病例少要归功于我】3月5日，特朗普参加福克斯新闻的电视节目时，又忍不住把自己和副总统彭斯夸奖了一番。他认为美国如今只确诊了一百多病例，要归功于他的政府和他自己，“我们的表现非常优秀”、“非常专业”。“彭斯工作非常出色，每天为此工作20个小时，甚至更多！”L微丢的微博视频#关注新冠肺炎#,03/06
美国国家经济顾问库德洛：美国总统特朗普正在考虑立即采取财政措施；投资者不应过度反应，可能会出现不错的投资机会。另据CME“美联储观察”：美联储3月降息50个基点至0.50%-0.75%的概率为21.9%，降息75个基点至0.25-0.50%的概率为78.1%。,03/06
今天金针探底之后，美股就可以踏实做双底了！历史上没有任何一次金融危机是因为传染病，美股市场的恐慌有些过激了。别忘了，美国除了有呵护牛市的特朗普，还有特效药瑞德西韦！,03/06
【特朗普簽署83億元撥款法案協助美國抗疫】特朗普總統週五簽署總值83億元的抗疫撥款，以協助打擊美國的新型肺炎疫情，美國目前已逾有200人確診，共14人死亡。O网页链接,03/06
#花开时节又逢君·祈福亲友##中国我要对你说##祖国我为您承诺##水镜晓先生#【特朗普把自己都给坑了，2号大国终于出手，高官已现身美国后院】此前为了向俄罗斯施压，美国特朗普撕毁了中导条约，然而让人没想到的是特朗普把自己都给坑了，美国撕毁协议后俄罗斯这个2号大国终于出手。L霹雳火军事的微博视频,03/06
【特朗普再显心直口快，当众公开泄露30亿军火大单，莫迪表情尴尬】在前些日子访问印度时，特朗普再显心直口快本色，在数万印度人面前当众公开泄露了美印之间价值30亿的军火大单，并且一度使得现场的莫迪表情尴尬。#花开时节又逢君·祈福亲友##中国我要对你说##祖国我为您承诺##水镜晓先生#L思远军事的微博视频,03/06
《美国急了！特朗普要25亿美元抗击新冠肺炎疫情国会：给你83亿》O网页链接,03/07
（观察者网讯）特朗普政府在美国国内因应对疫情不力而备受指责之际，美国国务卿蓬佩奥却将“锅”甩给了中国。3月6日，蓬佩奥接受美国媒体CNBC采访，他声称，与中国合作获取有关新冠病毒的数据“令人难以置信地沮丧”，这让美国在防疫工作上“落后”了。他将新冠病毒称为“武汉冠状病毒”，还为美国此次应对疫情迟钝辩解称，“我们在最开始得到的信息并不完美，导致现在我们面临的很多挑战，这让我们落后了……这不是传染病医...O蓬佩奥承认美国防疫工作落后，竟甩锅中国歪果仁说都是俺中国的错，。完全不讲道理，如果俺有女朋友对俺偶尔不讲道理，那叫撒娇，那叫可爱。哎，某国家这样，真的是无语,03/07
（观察者网讯）特朗普政府在美国国内因应对疫情不力而备受指责之际，美国国务卿蓬佩奥却将“锅”甩给了中国。3月6日，蓬佩奥接受美国媒体CNBC采访，他声称，与中国合作获取有关新冠病毒的数据“令人难以置信地沮丧”，这让美国在防疫工作上“落后”了。他将新冠病毒称为“武汉冠状病毒”，还为美国此次应对疫情迟钝辩解称，“我们在最开始得到的信息并不完美，导致现在我们面临的很多挑战，这让我们落后了……这不是传染病医...O蓬佩奥承认美国防疫工作落后，竟甩锅中国,03/07
『暴涨20倍，美国突然慌了！特朗普紧急决定：豁免中国口罩关税！美国人最担心的事，彭斯终于承认了！韩国伊朗德国意大利日本持续大增』O暴涨20倍，美国突然慌了！特朗普紧急决定：豁免中国口罩关税！美国人最担心的事，彭斯终于承认了！韩国伊朗德国意大利日本持续大增,03/07
威肖讲道理，陆战队不香吗？#特朗普暗恋肖战#,03/07
特朗普拒绝握手后，结局惊呆了！>>O网页链接特朗普拒绝握手后，结局惊呆了！,03/07
《三天内发表两次演讲，特朗普“话风”变了，美终于“怕”了？》三天内发表两次演讲，特朗普“话风”变了，美终于“怕”了？O网页链接,03/07
《要骂就骂特朗普》身边很多人都在骂特朗普。我感觉很奇怪，特朗普既没有到你家蹭饭，又没有向你收税，更没有强迫你去热爱他，没完没…（分享自@凯迪网络）点击链接查看详情分享链接O网页链接,03/07
特朗普：美国确诊这么少归功于我彭斯一天工作20小时|特朗普_新浪财经_新浪网O特朗普：美国确诊这么少归功于我彭斯一天工作20小时,03/07
#意大利民主党领导人感染新冠病毒#，发视频称正在家中隔离…（时差视频)L时差视频的微博视频#特朗普称美国确诊少要归功于他##张文宏称中国人无需为美国人干着急#,03/07
特朗普的演讲让我对自己的听力有了迷之自信,03/07
意大利华侨染病后坚持回到中国治疗，她的做法竟遭到网友的强烈谴责，受到谴责后她非常不满，抱怨说：“你们太冷漠了！”网友评论你应该去找意大利政府部门或者美国总统特朗普先生.它应该会有办法解决你的问题？王女士是意大利华侨，近段时间新冠疫情在意大利大规模爆发，3000多人被确诊，死亡人数超过100人。王女士2月16日出现了发烧、咳嗽等症状，她自己吃了点常规药物，但是病情并没有得到好转，她非常着急，考虑再三后她作出了回国治疗的决定。2月26日她隐瞒病情，偷偷乘坐航班从意大利返回中国，经莫斯科转机后27日她到达上海，随后她被紧急送往医院。王女士的做法让网友们非常震惊，他们纷纷对她进行谴责，有些网友情绪非常激动，甚至对王女士进行人身攻击。王女士觉得很委屈，她抱怨说：“你们太冷漠了，国外的医疗手段有限，我只是想回国接受更好的治疗而已，你们有必要这样谴责我吗？”王女士想要回国治疗，无可厚非，但是不该隐瞒自己的病情，这样对于与她同行的人很不公平。关于这事，网友你们怎么看呢？,03/07
美国疫情越来越大，美国质疑特朗普和寡头经济情绪越来越高，才使拜登选情突变，民主党建制派和金融大佬公开合作，试图阻挡桑德斯的社会主义医保教育诉求动摇美国资本主义的根基。特朗普公开攻击拜登，支持桑德斯，因为股市大跌动摇美国经济信心。但是大选左右对决，都放弃传统的中间选民，直接拼各自的基本盘选民。标志美国成为阶级分化，中产阶级衰落的严重格局。特朗普的最大功绩是公开承认和坐实了美利坚裂众国，以及西方阵营的分裂和各奔东西。,03/07
转//#看点快报#《10万吨级游轮21人感染！特朗普称船上隔离，乘客回应太解气了！》O网页链接,03/07
分享网易视频《特朗普：彭斯想让人下邮轮，可我宁可让他们都留在上面》O网页链接来自@网易新闻客户端#网易新闻#,03/07
“粉饰失败，就玩起了推卸责任的游戏！”特朗普政府在美国国内因应对疫情不力而备受指责之际，美国国务卿蓬佩奥却将“锅”甩给了中国。3月6日，蓬佩奥接受美国媒体CNBC采访，他声称，与中国合作获取有关新冠病毒的数据“令人难以置信地沮丧”，这让美国在防疫工作上“落后”了。他将新冠病毒称为“武汉冠状病毒”，还为美国此次应对疫情迟钝辩解称，“我们在最开始得到的信息并不完美，导致现在我们面临的很多挑战，这让我们落后了……这不是传染病医生告诉我的工作方式；这不是美国那样透明和开放的方式，也不是我们所需要的信息共享。”无耻卑鄙到极致！中国闭卷都答完了，给答案给你开卷抄都不会，这不脑残智障是什么？美国的政治家，呵呵！愚弄美国人，你能愚弄的了世界？！！！！！！,03/08
"给的再多，不如懂我3月8日疫情日报：美国5州进入紧急状态,特朗普受牵连#UC头条#O网页链接",03/08
美国病毒，祸害了全世界。特朗普是“罪恶团伙”的首犯，应当立即下台“谢罪”。@视角志的头条文章O美国CDC确认首例起源新冠病例在美国!中国不能继续背锅!,03/08
特朗普任命白宫新“管家”O特朗普任命白宫新“管家”,03/08
"抖腿看世界：加拿大态度反正？特朗普始料不及，孟晚舟事件或有转机！Vexaic《Afar,WeStand》KAfar,WeStand@QQ音乐",03/08
物，下到楼下的时候在和酒店#欧洲杯#结账之后，三人向酒店不远处的江岸边走去。依然像昨天那样，直接从上面跳下到甲板上的时候，华武和苏涛两人跳了下去，华枫也就#特朗普称美国确诊少要归功于他#,03/08
特朗普的女儿毫无抵抗力,03/08
特朗普废了奥巴马的医改法案为什么不需要道歉？自由主义经济主导下，3500刀才能检测CDC，这tm普通人哪里负担得起。如果没有废了奥巴马的医改法案根本没那么多逼事儿，为什么没有媒体算下这个旧账？？,03/08
石基信息公告，2020年3月6日，美国总统唐纳德·特朗普签发了行政命令，以可能会采取胁损害美国国家安全的行动为由要求公司及石基（香港）在行政命令发布后120天内剥离与StayNTouch相关的所有权益，公司针对CFIUS关注的一系列问题进行了审慎回复，但美国政府最终未采纳公司的解释及补救措施，最终导致此次行政命令的发出。公司并不认同“行政命令”所述的国家安全风险，但公司尊重美国总统的最终决定并将严格按照行政命令中规定的时间和要求完成对StayNTouch股权的出售。,03/08
暴涨20倍！特朗普紧急决定：豁免中国口罩关税！O暴涨20倍！特朗普紧急决定：豁免中国口罩关税！(分享自@凤凰新闻客户端)。一一不检测就“没有”，这个“道理”讲的通……。,03/08
#意大利米兰威尼斯封城#，约1600万人受到影响！意大利北部的帕多瓦，人们冲到火车站，不顾一切地想要在被封锁之前离开这座城市…(时差视频)L时差视频的微博视频#意大利居民拒戴口罩要自由##特朗普称美国确诊少要归功于他##张文宏称中国人无需为美国人干着急#,03/08
#腾讯新闻#自作自受：美国国力没能跟上特朗普的“野心”，这回急跳脚也没用O自作自受：美国国力没能跟上特朗普的“野心”，这回急跳脚也没用来自@腾讯新闻,03/08
感觉一个月前外国人怎么也没想到会是这个光景这美股跌的，特朗普真的可以白嫖到他的炮成为登日第一人了,03/08
目前，#美国疫情#在全美28个州出现，确诊病例的增长速度也很快。但是几天前美国副总统彭斯表示，美国现在没有足够的检测剂来满足未来可能产生的需求。对此美国媒体和民众有何反应？上周在马里兰州举行的保守政治行动会议的一名与会者确诊新冠肺炎，美国总统特朗普、副总统彭斯以及多名政府官员也参加了这次活动。现在进展如何？#特朗普出席会议一与会者确诊##美国大选#Llujunying颖的微博视频,03/08
好现象，美国总统候选人都是老者：特朗普74，桑德斯79，拜登74,03/08
特朗普依然认为是美国人民太恐慌了，新冠肺炎没有流感可怕。,03/09
#美国疫情#特朗普在美股开盘前的三连推，称赞副总统抗疫有功，美国假新闻太多，但也没能力挽狂澜…美股开盘道指狂泻1885，标普500日内跌7%，触发第一层熔断机制，暂停交易15分钟#活久见系列##莞谁##美股熔断##美股暴跌#,03/09
看到特朗普的nobody句式突然想起之前在b站看到他唱wedon’ttalkanymore的鬼畜哈哈哈哈哈哈哈哈哈哈哈“没人比我唱的更好”,03/09
#特朗普#建国同志辛苦了，一心搞乱美国的初衷都懂，但别暴露太明显，美国佬的命也是命，疫情是全世界共同的敌人，请听从党的指挥,03/09
心系股民特朗普,03/09
#美股熔断#，临时停盘15分钟，再度开盘后继续#美股暴跌#，特朗普坐不住了，再次发推暗示“疫情没有什么好担心的”，这就是美国人选出来的总统？钱就这么香，比人命还重要？还称“沙特压低油价对消费者可能是好事”，你说怕就怕吧，还胡说八道，真是年纪大了,03/09
《天道轮回！现在美国终于知道急了？特朗普紧急对华抛出“橄榄枝”》天道轮回！现在美国终于知道急了？特朗普紧急对华抛出“橄榄枝”O网页链接,03/09
#特朗普握过手的人接触过确诊病例#建国同志保重身体,03/09
#特朗普#见解独到支持支持建国同志,03/09
#特朗普握过手的人接触过确诊病例#哈哈哈哈哈哈，为什么我有点开心，觉得有点好笑。,03/09
分享网易新闻《特朗普：假新闻和油价争端造成股市下跌》O特朗普：假新闻和油价争端造成股市下跌来自@网易新闻客户端#网易新闻#,03/09
特朗普在社交平台上发文称，沙特和俄罗斯就石油价格和产量的争论，以及假新闻都是造成今天股市下跌的原因，但是油价下跌对消费者有好处。重点是，特朗普为啥不救股市了，呵呵，不发利好了？,03/09
分享网易新闻《美股大跌特朗普安抚市场:去年就死了3万7没啥事》O美股大跌特朗普安抚市场:去年就死了3万7没啥事来自@网易新闻客户端#网易新闻#,03/09
#美股熔断#特朗普：没有人比我更了解新型冠状病毒,03/09
#特朗普握过手的人接触过确诊病例#原来这样的微博也限流呀,03/09
希望为这个家操劳太多的爸爸身体健康虽然平时很爱唠叨很爱训人不善于表达爱但所做的每一件事都能感受到含蓄的父爱每天所想的事情都是为了能让这个家更好总是在吃饭的时候给我们讲特朗普有多👎🏻每次出门必提醒“要带伞早回家”我严肃又可爱的爸爸（这款蛋糕的名字叫“娜娜”嘻嘻,03/10
#证券##微博股票#5g#新浪财经#美股没用的，跌势成型难以扭转。看我大A领航全球，势不可挡，升势趋势成型，难以扭转[呲牙]北京时间10日晚，美股周二午盘转跌，道指较日高已经下跌超过1000点。昨日美股暴跌后，机构认为长期下跌趋势未变。特朗普将推出减税及其他刺激措施的消息受到质疑。一位美国参议院称特朗普无法通过减税政策摆脱公共卫生危机。,03/10
#美国疫情#特朗普和彭斯现在正在白宫会见医保公司的CEO们。彭斯：参加白宫会议的保险公司，已同意免除#新型冠状病毒#检测的自付费用。希望人们得到测试。超过100万个测试已经分发。本周将再分发400万个测试。#鬼鬼祟祟的美国#,03/10
正确学习基本面危机来临之前，人们都麻木了。美股和美债这个跌法，上半年是没戏了。货币政策需要在9月或12月才能显灵。特朗普也只能念咒语：天灵灵，地灵灵……黎原以为，覆巢之下，焉有完卵！？！？！？！？,03/10
特朗普总统快给美股再上点夜里猛吧,03/10
#道琼斯#特朗普不要面子吗？,03/10
央视时代风向标栏目【伊朗外长：特朗普恶意加强制裁，目的是耗尽伊朗抗击疫情所需的资源】伊朗外长扎里夫在推特发文抨击美国总统特朗普，他写道：“特朗普正在恶意加强美国（对伊朗）的非法制裁，目的是耗尽伊朗抗击新冠病毒所需的资源，而我们的公民却正因此而丧命。当美国的经济恐怖主义被医疗恐怖主义取代时，世界再也不能保持沉默了。”@伊朗驻华大使馆#伊朗军事#,03/10
【美国官员：白宫尚未敲定应对XGYQ的经济措施】格隆汇3月10日丨据CNBC，美国政府官员称，白宫还远没有准备好为应对XGYQ影响扩大而推出特殊经济措施。美国股指期货周二因特朗普将推出减税以及其他经济刺激措施而上涨，但在白宫内部，一些官员对美国总统特朗普宣称将在周二举行发布会来宣布经济刺激计划而感到惊讶，因为该计划的细节尚未敲定。（来自格隆汇App）,03/10
突发！A股最强板块再遭利空，特朗普又发声！今天A股不叫独立日，叫奇迹日。爱股君没猜中开头，更猜不中这结尾，只能感叹一句，太牛逼了。大A这次单骑救主，拯救全球市场，几十年来头一回！说实话，今早看美股“熔断”，真吓...（分享自@雪球客户端）O3.10日实战教学群操作记录,03/10
多名美国会议员自我隔离其中一位曾与特朗普同乘“空军一号”O网页链接O网页链接,03/10
a股走出自己独立的行情，逆势上涨，欧洲重新恢复乐观心态，殊不知新冠病毒在欧洲地区只是刚刚起步，欧洲股市的恐慌似乎愈演愈烈。另一边，即使特朗普使出了大招，但更像是在饮鸩止渴，美股虽然短期利好但无法改变衰退的事实。中国在这次疫情当中，用一个季度的GDP，让世界见识了什么是中国力量，什么是中国速度，什么是中国执行力，这让我更加坚信大A的未来是光明的，社会主义制度的未来是光明的，中国的未来是光明的。复兴，可期~,03/10
美国总统唐纳德-特朗普（DonaldTrump）周五敦促美联储进一步降息，并表示尽管他担心新冠病毒爆发会导致经济增长速度放缓，但美国经济依然强劲。特朗普称，随着世界各地的央行都在采取降息措施，美联储也应该通过进一步降息的方式来“刺激”经济。他重申了自己的观点，即相对较高的利率导致美国相对于德国等其他大型经济体处于“竞争劣势”之中。特朗普指出，美国劳工部周五公布的非农就业报告超出预期，2月份的新增就业人数达到了27.3万人。“我们会让美国人呆在家里，而不是去其他国家消费。”特朗普说道。“也许这也是就业数据如此之好的原因之一。美国国内的旅行次数很多。“,03/10
美国总统唐纳德-特朗普（DonaldTrump）周五敦促美联储进一步降息，并表示尽管他担心新冠病毒爆发会导致经济增长速度放缓，但美国经济依然强劲。特朗普称，随着世界各地的央行都在采取降息措施，美联储也应该通过进一步降息的方式来“刺激”经济。他重申了自己的观点，即相对较高的利率导致美国相对于德国等其他大型经济体处于“竞争劣势”之中。特朗普指出，美国劳工部周五公布的非农就业报告超出预期，2月份的新增就业人数达到了27.3万人。“我们会让美国人呆在家里，而不是去其他国家消费。”特朗普说道。“也许这也是就业数据如此之好的原因之一。美国国内的旅行次数很多。“,03/10
【24岁小伙一夜之间成亿万富翁身家超过特朗普全球第550富的人】一位24岁的华人小伙登上了外媒头条，他凭借父母刚刚赠与他的价值38亿美元（约267亿人民币）的股票，一跃成为全球富豪之一。根据福布斯富豪榜，这位华人小伙现在是全球第550富的人。年仅24岁他，财富身家已超过美国总统特朗普，星巴克创始人霍华德·舒尔茨，美国最伟大导演史蒂芬·斯皮尔伯格。这位华人小伙名叫谢承润（EricTse），中国生物制药（SinoBiopharmaceutical）创始人谢炳和其妻子郑翔玲之子。谢承润出生于美国西雅图，在北京读完了小学，在香港读完了中学，大学则是在美国就读。他毕业于美国宾夕法尼亚大学沃顿学院，随后又去了中国清华大学苏士民书院进修。10月22日，中国生物制药发布企业股权转让公告，谢炳先生及郑翔玲女士分别把其拥有的4.5亿股及22.5亿股中国生物制药的股份以馈赠方式无偿转让予其儿子谢承润，转让完成后谢承润持有该公司合计27亿股，持股比例达到21.45%。按昨日该股收市价计，谢承润获馈赠的股份市值高达38亿美元。,03/10
据英国《太阳报》3月9日报道，美国民主党前国会议员唐娜•爱德华兹于当地时间3月8日在福克斯新闻网的节目中表示，特朗普如果想要阻止新冠病毒的不断传播就应该“闭嘴”。唐娜•爱德华兹当地时间3月8日，美国民主党前国会议员唐娜•爱德华兹在福克斯新闻网的节目中攻击了特朗普对于新冠疫情的处理方式，她认为在这场危机面前，政府应该勇于接受挑战并且控制紧急情况的发生，而特朗普就是造成现在局面的最应该被指责的人。“我...O网页链接,03/10
开什么国际玩笑？，特朗普说了不用戴口罩,03/11
看到好多把美股大跌归结为疫情的论断，实在忍不住说几句。美股大跌的当天，期货市场的大量空单都是主权基金或机构，背后的逻辑显然是五常预期中的。所以将疫情归结为首要因素，倒不如说是直接将中国放在了世界的对立面，要知道连特朗普都没有直接将美股下跌归结为疫情因素。持续上涨的美股，是需要做调整了，而且特朗普把锅也是甩在了沙、俄身上，并希望通过回调赢得民众支持，同时也一定会让经济危机进一步拖延到大选之后。历史的洪流不可阻挡，而经济永远是政治的附庸啊！还看到有论断认为疫情后国外的生产线会回调或迁移来规避风险。我觉得恰恰相反，这次疫情反而会坚定外资留在中国的信心，这与我们的产业链纵深没关系，而是当前疫情趋于全球化之后，通过对比资本会发现中国的灾情应对机制才是最有效率的。,03/11
【匪夷所思！特朗普称去年3.7万美国人死于普通感冒，所以……】根据央视新闻的报道，美国三大股指9日开盘暴跌，其中道指下跌近...O匪夷所思！特朗普称去年3.7万美国人死于普通感冒，所以……@新浪财经特朗普不怎样？称去年三点七万美国人死于普通感冒所以这次大病魔演就应法制管下台吧特总统在台上不黑腐恶下台一定黑腐恶魔🐛蛇灭虎狼和风狗🐶一臭永远冠世害世害宇宙！……!！！,03/11
#特朗普坚称自己不需要检测#人家应该已经打了疫苗了吧,03/11
"蓝天:独霸天下的美元，正在走向危险化的边沿，世界38国在去美元化，他们的首选将以人民币直接结算，人民币将被抬高它的国际价值地位。这一场的一切，应感谢特朗普的""功劳""，使人民币渐成国际化。人民币唯一的欠缺就是少个""元""字，不知何时能把币变为国际化的""元""字？",03/11
莫迪推印度教民族主义，能否实现“旧邦新造”的印度梦？>>自从印度当局在2019年12月11日通过了《公民身份法修正案》以来，印度骚乱不断，在美国总统特朗普访印期间，印度各地的骚乱更是迎来了高潮。印度当局通过的《公民身份法修正案》为何会引起如此大的反响？莫迪政府大力推行印度教民族主义，其效果如何？O网页链接,03/11
被批病毒检测速度太慢特朗普“甩锅”：都怪奥巴马L大灰羊一号的微博视频,03/11
【#美国脱口秀再cue特朗普#崔娃：他造的词“逼死”我们三个设计师】10日播出的《每日秀》上，崔娃犀利吐槽特朗普的迷惑发音，“他好像不用张嘴就能发出那些声音！”同时，他夸张调侃道，光是把特朗普新造的这些词打在屏幕上就逼死了节目组三个设计师。L青蜂侠Bee的秒拍视频,03/11
从29000到24000只需要两周，但是这个泡沫美帝堆积了两年。美国股市，中国楼市，欧洲债市，中国的楼市在政策调整下，明确不会炒房地产，而美股和欧债，是这次疫情戳破的泡沫，也许还会下调。最重要的应该是美国大选吧，如果股市真的蹦了，特朗普估计凉凉了，别看美国人总调侃他，但是民众也不会去支持他的政敌。希望对A股的影响小一点，大概3月底我们会徘徊在2800点到3100之间，4月份疫情国内应该可以基本消除了，返工复学，又是一个新的开始……,03/11
【道格•班多：特朗普政府的政策无意间帮助了中国】唐纳德·特朗普总统是在为中华人民共和国打工吗？他的外交政策让人觉得是这样。让美国几乎与伊朗开战，这使中国得到的好处比任何国家都多。美国决策者要想赢得对华采取更强硬政策的支持，就必须让世界在不那么重要的争执下走自己的路。中国不是古巴或伊朗。尽管美国有独特的影响力，但即使最好的情况下，其他国家也极其不情愿与北京决裂。何况情况很难说是最好，相反，特朗普政府浪费了美国很多信誉和影响力。其实，华盛顿对中国的抱怨有时像碎嘴唠叨，因为美国做了这么多不明智不必要的事情伤害自己。如果采取好的政策，美国经济会更强劲，美国的影响力也会更大。拒绝行动是愚蠢的，讽刺的是，这让特朗普政府看起来像是北京事实上的代理人。O网页链接,03/11
#美国疫情#美国参议院财政委员会主席格拉斯利：特朗普的工资税免税期没有两党支持。,03/11
【#崔娃罗列特朗普所有预测全错#】“我们会这样死掉吗？”10日，欧洲最严重的意大利宣布全面“封城”，而美国的川普依旧坚信：“没有人比我更懂新冠！”。甚至放话我应该去做医生，而不是总统。无奈小崔无情揭穿，罗列所有预测全错！真敢说L人人视频的微博视频,03/11
#国际油价大跌#本轮国际油价的暴跌是由沙特和俄罗斯两个主要的产油大国谈判破裂引发，各自大幅提高原油产能而导致。有朋友问到这样两败俱伤的事情，难道不能坐下来谈一谈把油价提上去？另外作为同为世界主要石油出口国的美国，蒙受这样的损失，特朗普难道不会出来调停此事？我来把这个问题给大家做一个解答。总的概括一句话，在这些政治人物眼中，政治利益永远高于经济利益，甚至个人利益会高于国家利益。先来说美国，美国主要产油是页岩油，页岩油的成本在每桶30美元以上，而传统的采油每桶的成本不到20美元。即使油价降到现在这个地步，俄罗斯和沙特传统产业国依然是有利可图，但美国的页岩油就会支撑不下去。所以，首先看起来损失最大的应该是美国。特朗普会不会急于出面调停此事呢？答案是不会。因为美国主要出产页岩油的几个州，恰恰是在选票上对特朗普不太支持的州，或者说至少是在选票上对特朗普而言的“摇摆州”。所以正好可以利用这样一个事件对这些州的财团施压，迫使他们最终向特朗普屈服，然后请求特朗普出面协调此事。只有在私下达成了某种政治默契，或私下形成的政治协定之后，特朗普才会出面协调，他会以此作为筹码来要挟这些州。而这种政治协定的达成，绝不可能是三两天内形成的，所以特朗普不会急于出面。我们再来看俄罗斯，自从普京把梅德韦杰夫拿掉之后，俄罗斯上层政局也有一定的不稳定因素。在这种情况下俄罗斯或者说普京本人需要表现出的是对外的强硬，而不能有丝毫的软弱，只有他在国际政治上表现出足够的强硬，他才能够镇得住国内的局面，这就是普京所想达到的效果。而沙特方面现在最主要的矛盾是王位的继承，要由传统上的兄终弟及制改变为父位子承制。在这个过程中，可以想象各方势力的冲突矛盾十分激烈，而在沙特国内掌握原油的生产对外销售等核心命脉的，恰恰是现任国王的几个兄弟亲王，只有把这部分势力削弱，才能实现最终由自己的儿子作为皇储继承王位这样一个政治战略步骤。所以短期来看，油价的下跌对于沙特未必是不可接受的，甚至可能是心中期待的。最后来看一看世界上其他几个主要政治势力或者说几大国的态度，除美国、俄罗斯外，世界上其他三大联合国常任理事国是中国、法国和英国，再加上主要经济大国日本、德国等国家，这些国家无一例外都是石油净进口国，那么当前国际的低油价对于这些国家来说，就意味着进口石油的成本大幅降低，也就是经济发展的成本降低。哪怕低油价不能永远持续，至少在现阶段可以利用低油价时期，大量的提高本国石油战略储备，何乐不为？这样看来，此次国际油价大跌主要当事方的俄罗斯、沙特、美国其主要领导人都可以在此事件当中谋得个人政治利益，而其他各大势力主要国家在这当中可以谋求到国家利益。那么谁会希望油价尽快反弹呢？这么美好的一件事情，一定会让这个低油价维持一段时间，至于说由于低油价受损的其他小国家，他们的想法怎么办呢？我只能告诉大家一句话，弱国无外交。#原油##新浪财经##财经##油价#,03/11
@特朗普,03/11
#特朗普坚称自己不需要检测#天空之镜——玻利维亚乌尤尼盐沼湖LYouTube精选的微博视频,03/11
有没有发觉，特朗普就是美国的高福，一直不重视，轻描淡写，可防可控，导致美国措施不力，反应迟钝，如果疫情爆发的话，特朗普很有可能败选。,03/12
【#特朗普回应美股再次熔断#：市场会好起来的】3月12日，美国总统特朗普在白宫会见爱尔兰总理时，被现场记者追问如何看待一周内#美股再次熔断#，特朗普称，市场会好起来的，然后迅速离去。@老板联播L老板联播的微博视频,03/12
【巴西政府发言人新冠检测阳性上周末曾与特朗普见面_手机网易网】，分享给你，一起看吧！巴西政府发言人新冠检测阳性上周末曾与特朗普见面_手机网易网O巴西政府发言人新冠检测阳性上周末曾与特朗普见面,03/12
【外媒：#巴西政府发言人新冠病毒检测呈阳性#上周末曾与特朗普见面】据荷兰媒体BNONewsroom最新消息，巴西政府发言人新冠病毒检测结果为阳性。消息称，此人上周末曾与美国总统特朗普会面。（海外网）#巴西确诊政府发言人曾与特朗普会面#O外媒：巴西政府发言人新冠病毒检测呈阳性 上周末曾与特朗普见面,03/12
特朗普被感染已经是板上钉钉的事了吧……虽然还没报道，但按他这么作，只是公布与否的问题吧……这样说确实不太尊重生命，但真的，talkshow和stand-up又有料了……,03/12
美国总统特朗普表示，东京奥运会应该要推迟一年，无法想象没有观众的奥运会。,03/12
#意大利民众出门须携带自我声明#越来越看不懂国外的骚操作了#美国国会大厦参众两院大楼关闭#特朗普不是懂病毒吗为什么要关啊,03/12
美国总统特朗普：市场将会有大的反弹。会没事的。。,03/12
缺德得冒烟的特朗普11日发表电视讲话。他说：“为了防止新的病例进入美国，我们将在未来30天内暂时拒绝所有人从欧洲进入美国。”欧洲理事会主席12日米歇尔和欧盟委员会主席范德莱恩联合发布声明，谴责美国单方面宣布限制欧洲大陆人员赴美措施。,03/12
我在看：【特朗普突然发表电视讲话：说病毒是中国来的，骂欧洲，夸自己】#跟新浪看热点#O特朗普突然发表电视讲话：说病毒是中国来的，骂欧洲，夸自己,03/12
巴西新闻发言人确诊感染新冠肺炎，上周末他曾与美国总统特朗普会面，合影时站在“总统”身边。这个算硬核新闻！,03/12
【#特朗普回应美股再次熔断#：市场会好起来的】3月12日，美国总统特朗普在白宫会见爱尔兰总理时，被现场记者追问如何看待一周内#美股再次熔断#，特朗普称，市场会好起来的，然后迅速离去。L老板联播的微博视频,03/12
据荷兰媒体BNONewsroom的消息，巴西政府发言人新冠病毒检测结果为阳性。消息称，此人上周末曾与美国总统川川会面。他们离得有多近呢，几乎贴在一起，那个戴眼镜的就是的。它会没事的，川川，我们都知道你很懂#迷惑行为大赏##巴西政府发言人曾与特朗普会面#,03/12
我在看：【美传染病专家打脸特朗普：新冠肺炎致死率是流感10倍】#跟新浪看热点#O美传染病专家打脸特朗普：新冠肺炎致死率是流感10倍,03/12
特朗普：我说多少遍了？寡人无疾！！！,03/12
钟南山露出久违的笑，因为特朗普被确诊了,03/13
#特朗普#特朗普翻唱迈克尔·杰克逊《BillieJean》，毫无违和感L爆笑知事的微博视频,03/13
#特朗普#赔率出来了,03/13
#巴西总统新冠病毒检测结果呈阴性#特朗普刚给他打钱了？,03/13
#特朗普#霸占中国新浪微博热搜排行榜时间最长的外国男人蓝绿那点事,03/13
特朗普顶级流量谐星候选人,03/13
#特朗普#最多三天，三天后见川普同志的检测结果吧。,03/13
#特朗普#是不是大家都在等他确诊,03/13
#特朗普将宣布国家进入紧急状态#是因为川普愿意接受做检测了吗…😜,03/13
#特朗普#说实话这个欢乐的老头，挺欢乐的。,03/13
#特朗普#太好了，特普朗你这次玩完了，恭喜你,03/13
【巴西总统检测结果还没出，巴西总统之子：总有人散布谣言】巴西总统博索纳罗之子在社交媒体表示：“总统的检测还没有出结果。总是有人在媒体上散布谣言，如果之后消息确实，他们会说‘我就说过！’，如果没有，就是又一个假消息。”此前，外媒报道称巴西总统新冠病毒检测呈阳性。报道称，3月7日晚，博索纳罗还与美国总统特朗普在海湖庄园共进晚餐。,03/13
#特朗普#川普赢了，最大毒王，不怕任何病毒，只毒别人！,03/13
#特朗普#总统第一冠？,03/13
#特朗普#一会阴一会阳，阴阳人特朗普？？,03/13
#特朗普宣布国家紧急状态应对疫情#美国新闻发布会，总统特朗普13日宣布“国家紧急状态”以应对新冠肺炎疫情。特朗普表示，这一举措将“开放高达500亿美元的资金”，并命令美国50个州设立应对新冠病毒的中心，并启动应急计划。特朗普还敦促各州立即设立紧急行动中心。#兰州微聚焦#L金轮新闻资讯的微博视频,03/14
#关注新冠肺炎#【美国白宫：总统和副总统暂不需要检测】#美国白宫称总统和副总统暂不需要检测#对于6天前访美的巴西官员确诊感染新冠肺炎，美国白宫新闻秘书格里沙姆12日发表声明称，美国总统特朗普和副总统彭斯“几乎没有与新冠病毒检测呈阳性的相关个人互动，目前暂不需要检测。(记者陈孟统),03/14
#特朗普宣布国家紧急状态应对疫情#美国新闻发布会，总统特朗普13日宣布“国家紧急状态”以应对新冠肺炎疫情。特朗普表示，这一举措将“开放高达500亿美元的资金”，并命令美国50个州设立应对新冠病毒的中心，并启动应急计划。特朗普还敦促各州立即设立紧急行动中心。#兰州微聚焦#L金轮新闻资讯的微博视频,03/14
#特朗普称赞中国疫情防控成果#我的妈呀，这脸翻的比我还快,03/14
#特朗普称赞中国疫情防控成果#您变脸的速度连小孩都跟不上呢,03/14
#世卫组织称任何国家都不能自暴自弃#把运动作为一种手段和目标，可以产生一种积极的心态。如果没有，那么隐藏在你潜意识里的自毁机制就会悄然启动，死亡便成了放任自流后的唯一“目标”。#特朗普称赞中国疫情防控成果#,03/14
#特朗普称赞中国疫情防控成果#是什么让川普变脸速度这么快？肺炎，良心还是智商归位？,03/14
#冀震说事儿#全民皆兵，全民抗战（疫），要把病毒消灭完！只要有战争，中国遍地都是兵工厂！#看中国黑科技硬核战疫#，这就是我们国家，我们的中国🇨🇳#特朗普称赞中国疫情防控成果#L河北省地震局的微博视频,03/14
【武汉-台湾青年视频连线聊生活、聊音乐为武汉加油】“武汉加油”！二十多位因摇滚结缘的青年，13日晚在武汉、台北两地视频连线，彼此问候并为武汉加油，为对抗“新冠肺炎”疫情加油。这些志趣相投的朋友，聊生活、聊音乐，话题虽然围绕对抗“新冠肺炎”展开，但气氛轻松而快乐。在台湾青年的关心下，武汉摇滚青年“土豆”，介绍了目前当地的生活情况。虽然各项防疫措施仍在继续，但日常生活和物资保障，并没有什么问题。一位在台北的青年，询问了目前武汉的医疗状况：如果有朋友觉得不舒服，但目前却担心去武汉的医院就医，这种情况怎么办？武汉青年介绍，当地医院已恢复正常问诊，“现在，在武汉看病是没有问题的。如果你的朋友觉得不舒服，最好还是去医院看一下。这是对自己负责，也是对家人朋友负责”。寒风中有暖流，战“疫”早日成功！#特朗普称赞中国疫情防控成果##武汉新增4例新冠肺炎#,03/14
#特朗普称赞中国疫情防控成果#变脸比翻书都快#美国病死率高或说明很多病人没被发现#都要提高警惕少出门少聚集保护好自己,03/14
#特朗普称赞中国疫情防控成果#这是有求中国了，口风开始软了,03/14
上帝曰：先把特朗普這小子帶走…#跟新浪看热点#L视频-特朗普直播花絮镜头曝光：喝可乐爆粗口结束后立马解扣子,03/14
//分享网易新闻:《我很有可能被感染！特朗普终于承认了！》O我很有可能被感染！特朗普终于承认了！@网易新闻客户端#网易新闻#,03/14
#特朗普称赞中国疫情防控成果#川普是住在热搜里了吗？,03/14
#特朗普称赞中国疫情防控成果#宁变脸可真快,03/14
特朗普：没有谁比我更了解冠状病毒了！老中医：确实，冠状病就好你这一口（舌）了！恭喜你，中奖概率宇宙洪荒级！[玫瑰][玫瑰][玫瑰]特朗普的舌象表明他是寒湿体质，虽然不是很严重，但极易感染新冠病毒，而且感染后容易转为危重症。今天发言，听声音说明已有问题！拭目以待——,03/15
白宫开始量体温任何接触特朗普和彭斯的人都得测-中国日报网O白宫开始量体温任何接触特朗普和彭斯的人都得测,03/15
"中国有句成语叫“以直报怨，以德报德""，特朗普承认中国帮了美国，中国分享的数据有帮助，他们的疫情数据真的在转好！美国一直在跟中国密切合作。#中国医疗队为意大利介绍诊疗方案##张文宏称疫情今夏结束基本已不可能#L扛旗少年的微博视频",03/15
我数学今天崩了还能考上什么大学回家好好待着吧我눈_눈又是被特朗普逗乐的一天听说他看到检查结果是阴性后立马硬气起来还得意地发了推,03/15
"中国有句成语叫“以直报怨，以德报德""，特朗普承认中国帮了美国，中国分享的数据有帮助，他们的疫情数据真的在转好！美国一直在跟中国密切合作。#中国医疗队为意大利介绍诊疗方案##张文宏称疫情今夏结束基本已不可能#L鲜事趣闻的微博视频",03/15
全球疫情：特朗普检测为阴性西班牙全国“封城”_百度O网页链接,03/15
"中国有句成语叫“以直报怨，以德报德""，特朗普承认中国帮了美国，中国分享的数据有帮助，他们的疫情数据真的在转好！美国一直在跟中国密切合作。#中国医疗队为意大利介绍诊疗方案##张文宏称疫情今夏结束基本已不可能#L视频大队长的微博视频",03/15
"中国有句成语叫“以直报怨，以德报德""，特朗普承认中国帮了美国，中国分享的数据有帮助，他们的疫情数据真的在转好！美国一直在跟中国密切合作。#中国医疗队为意大利介绍诊疗方案##张文宏称疫情今夏结束基本已不可能#L视频大队长的微博视频",03/15
"中国有句成语叫“以直报怨，以德报德""，特朗普承认中国帮了美国，中国分享的数据有帮助，他们的疫情数据真的在转好！美国一直在跟中国密切合作。#中国医疗队为意大利介绍诊疗方案##张文宏称疫情今夏结束基本已不可能#L视频大队长的微博视频",03/15
"中国有句成语叫“以直报怨，以德报德""，特朗普承认中国帮了美国，中国分享的数据有帮助，他们的疫情数据真的在转好！美国一直在跟中国密切合作。#中国医疗队为意大利介绍诊疗方案##张文宏称疫情今夏结束基本已不可能#L视频大队长的微博视频",03/15
"中国有句成语叫“以直报怨，以德报德""，特朗普承认中国帮了美国，中国分享的数据有帮助，他们的疫情数据真的在转好！美国一直在跟中国密切合作。#中国医疗队为意大利介绍诊疗方案##张文宏称疫情今夏结束基本已不可能#L视频大队长的微博视频",03/15
"中国有句成语叫“以直报怨，以德报德""，特朗普承认中国帮了美国，中国分享的数据有帮助，他们的疫情数据真的在转好！美国一直在跟中国密切合作。#中国医疗队为意大利介绍诊疗方案##张文宏称疫情今夏结束基本已不可能#L视频大队长的微博视频",03/15
"中国有句成语叫“以直报怨，以德报德""，特朗普承认中国帮了美国，中国分享的数据有帮助，他们的疫情数据真的在转好！美国一直在跟中国密切合作。#中国医疗队为意大利介绍诊疗方案##张文宏称疫情今夏结束基本已不可能#L视频大队长的微博视频",03/15
分享:特朗普肺炎检测阴性……总觉得不太信&活不过今年。O特朗普肺炎检测阴性……总觉得不太信&活不过今年。,03/15
合照之人确诊感染特朗普：我很有可能会接受检测@QQ浏览器視頻：O网页链接,03/15
#特朗普发推求上帝保佑美国#我们国家有个上帝的女儿，和女婿。特朗普要不要？,03/16
最近美股直接熔断两次，按照特朗普说法，他应该被绑在火箭炮发射到外太空。其次，最近白宫对特朗普检测新冠病毒，一直强调是阴性，坦白地说，特朗普就是检测阳性，美国也得说是阴性，否则美股就不是熔断那么简单了…但是白宫有点搞笑，一边发布特朗普检测结果阴性，一边让白宫其他和特朗普有近距离接触的人去检测…呵呵，内幕很深啊,03/16
#特朗普#特朗普成了我不能开学呆家的乐趣，真搞笑,03/16
《无数美国乘客急切返国，机场水泄不通人头攒动，戴口罩者寥寥无几》据《每日邮报》3月15日报道，14日，特朗普总统宣布美国将扩大其“欧洲旅行禁令”，并将英国和爱尔兰列入禁令名单。从现场图片来看，戴口罩的乘客寥寥无几。O网页链接,03/16
感谢特朗普让我成为了历史的见证人，一周看到了三次熔断，巴菲特一生才看到四次，我一周就看到三次，荣幸！,03/16
加税和振兴制造业的关系，特朗普到年底才明白过来-丁一凡O丁一凡：加税和振兴制造业的关系，特朗普到年底才明白过来,03/16
我要被特朗普笑死了哈哈哈哈哈哈哈哈哈哈网友评论字字经典太搞笑了,03/16
#特朗普发推求上帝保佑美国#特朗普：没人比我更懂上帝,03/16
我正在看【第三次熔断！特朗普逼疯美联储，美联储吓呆市场】，分享给你，一起看吧！第三次熔断！特朗普逼疯美联储，美联储吓呆市场O第三次熔断！特朗普逼疯美联储，美联储吓呆市场,03/16
2020.3.16星期一（晴）未出门。一切照常。特朗普检查呈阴性。美国好多人在乘飞机“逃生”。今日疫情：,03/16
3月8日，巴菲特:我活了89岁，只见过一次美股熔断。3月9日，巴菲特:我活了89岁，只见过两次美股熔断。3月12日，巴菲特:我活了89岁，只见过三次美股熔断。3月16日，巴菲特:我太年轻了……特朗普：Iknoweverything,03/16
张教授分析的对，石油美元是该剥离了，或许真应该回归金本位！2小时前·著名军事专家头条青云获奖者#2020金融危机#网友@咕嘟鑫淼在我文章后面评论:12年前靠着我们中国的支持，美国摆脱了金融危机，12年gdp由14.7万亿增加至20.5万亿。而德国才由3.7万亿增加到今天的3.9万亿。今天美国人恩将仇报，必须把他们的GDP打回12年前，才能解我们的愤怒。想当年希拉里国务卿来华访问，以为她又要扯什么人权之类的废话，结果演讲的主轴是中美要同舟共济。看看现在的国务卿，每天都像吃了枪药一样，张口就骂，就像个愤青，每句话都在表达着对中国的忘恩负义和满腔仇恨，这是水涨船高的独木舟吗？美国面临金融危机的严峻形势，很多人却不以为然，认为美国11年熊市偶尔下挫很正常，膘肥体壮减减肥也无妨。认为美元依然坚挺，经济仍很强劲，失业率保持历史新低，并未出现2008年次贷危机那样的惨状，企业破产也很少。结果是黑暗即将过去，黎明很快到来，等太阳出来又是一个光辉灿烂的美利坚。12年前次贷危机底特律宣告破产，买一个300平米大别墅50美元还送好几亩地，如果买一个十几层楼高的大厂房两双跑鞋的价格就可以了。美国是怎样起死回生的呢？见人说人话见鬼说鬼话，跟所有国家交朋友，请每个国家伸出援手拉兄弟一把。中国主要做了两件事:大规模投资支援美国金融市场，让美国人建立了信心，走出阴影。大规模引进美国技术设备工厂，广泛开展中美贸易，支持了美国工业制造业复苏。看看现在，美国好了疮疤忘了疼，腰包里有俩钱就开始嘚瑟，打压中兴，制裁华为，切断产业链，开展贸易战，整天数落中国。现在口罩短缺，美国着急了，想让制造业回流，3M和霍尼韦尔就算把工厂撤回去，你就能生产口罩吗？原材料等产业链和熟练工人在哪里？要多长时间才能出产品？是的，次贷危机的惨状尚未出现，但在我看来，更大的危机却已经出现，那就是信任危机！2001年911事件遭受国难阵痛，2008年金融危机穷困潦倒，但都没关系，中国俄罗斯等世界所有国家挺身而出支援美国。今天行吗？还有那股气势吗，人气儿还那么旺吗，整天跟个好斗的公鸡跟谁都叫板，别的国家该你的还是欠你的。国际上没有信任度，国内有吗？3月12日美联储拿出5000亿美元救市半小时蒸发，后面又提供一万亿美元救市。15日进行史无前例的紧急降息100个基点，并启动7000亿量化宽松，把存款利息都快降到零了，老百姓还有信心吗？不愿意存款就会去炒股？历史上股市三次熔断这次一周内就发生了两次，这叫有信心吗？特朗普三年来创造的金融增幅已经损失掉三分之一了，后市靠打强心针能起死回生吗？人心齐泰山移，美国这次危机不再是911事件和次贷危机那样的物理毁伤，而是疫情到来后心理上的恐慌，这种恐慌情绪与恶劣的对华对俄对欧盟关系叠加后所产生的摧毁效应可能大幅增加。2008年金融危机投入7000亿美元就海底捞月，这次猛砸1.5万亿如石沉大海，连个浪花也没激荡起来。什么原因？别光想着我赔你赚，好像便宜都让人家占了。要学着吃小亏占大便宜，与人方便自己方便，积恶太多在你不方便的时候当心别人落井下石，墙倒众人推。20万亿GDP居然举债24万亿（欠中国1.1万亿美元），今年GDP增长肯定是特朗普执政以来最低。债台高筑，入不敷出，如果金融危机诱发经济危机，来一轮大洗牌美国将会怎样～,03/16
金毛老儿特朗普躲哪儿啦？？？出来发推啦。降息不顶用，还是你发推起作用,03/16
#特朗普发推求上帝保佑美国#特朗普这是住在热搜上了？？？,03/16
#特朗普发推求上帝保佑美国#天天看到特朗普，笑死我了,03/16
#特朗普称美国经济可能走向衰退##特朗普称美国经济可能正走向衰退#如果科学家都逃离美国，美国就能倒下，但这可能吗O经此一疫美国经济还能在世界上占据主导地位吗?,03/17
我个人认为，公元2020年3月发生的至少3次美股熔断，历史书可以记载为“特朗普熔断”。,03/17
若是可以跨越时空对话，让林肯和特朗普辩论的话，怕是特朗普都听不懂林肯说的复杂句。,03/17
美国股市今晚开盘后，道琼斯指数最低跌至19882.26点，离特朗普三年多前上任之时的收盘价19827.2点，相差55.06点，基本打回了原形。离2月12日的最高点29568.57点，跌去了9686.31点，跌了32.76%，牛变成了熊。特总统为美国股民辛辛苦苦干三年，一朝有病回到了解放前。趁我病、要我命的特朗普总统，在新冠病毒面前也不得不服软了，恐怕到了大选前夕都难以扭转美国的熊市态势。今天A股在美国三大股指大跌的影响下，沪指第二次探底在春节后开盘的位置拉上来，富时中国A50指数今晚又涨了，纳斯达克指数更是涨了5个多点，明天的中国A股也许在新基建和科技股的带动下，要走出一波好的行情。,03/17
我再在b战看特朗普我今天不用睡了,03/17
特朗普就是一国际小丑，整天跳来跳去的,03/17
【特朗普：相信经济将快速恢复】3月17日，美国总统特朗普称，承诺为小型企业提供他们需要的帮助，相信经济将快速恢复。,03/17
【美国首例疫苗人体试验已开始，Nature专访中国学者：疫苗开发安全比速度更重要】（转网@转化医学网2020-3-17）O【聚焦】美国首例疫苗人体试验已开始，Nature专访中国学者：疫苗开发安全比速度更重要本文为转化医学网原创，转载请注明出处作者：ReductionC■导言新冠病毒全球大流行，已经有超百种针对COVID-19的临床试验在进行中，特朗普甚至要求科学家几个月内开发出疫苗，然而疫苗以及药物开发真的能如此激进？对比，复旦大学病毒学家蒋世波于近日Nature杂志对其的专访中表达了他的忧虑，从他的专业意见来看，疫苗开发比起求快更应求稳。…….,03/17
//分享网易新闻:《“美国队长”又双叒叕怼特朗普：搞了半天，一个正经问题都没回答？！》O“美国队长”又双叒叕怼特朗普：搞了半天，一个正经问题都没回答？！@网易新闻客户端#网易新闻#,03/17
特朗普，我想对你说:“yourmotherisboomshakalaka”,03/17
《美国最坏结果出现！特朗普大失所望！》从去年开始就一直施压美联储要求加大降息的美国总统特朗普，本周一突然就实现了这个降息心愿，但跟随美联储紧急降息而来的，还有特朗普最不愿见到的结果！O网页链接,03/17
#用中式英语跨文化交流#刚在ins怼完特朗普回来,03/17
O特朗普寻求约8500亿美元刺激计划缓解新冠疫情经济影响海外网3月17日|战疫全时区】据美国《国会山报》报道，美国一位高级政府官员17日称，特朗普政府将寻求国会批准大约8500亿美元的紧急刺激计划，以缓解新冠疫情带来的经济影响。报道称，这项刺激计划可能包括削减薪资税，预计还将包括专门用于帮助航空业的约500亿美元。,03/17
【总统刚宣布疫情升级！#航拍下的美国海滩游客爆满#美国请好好作死】16日，据航拍画面显示，佛罗里达州克利尔沃特海滩挤满了前来玩耍的游客。就在这一天，特朗普总统刚宣布要求人们避开十人以上团体活动。目前佛罗里达州确诊病例已超过150例。L时差视频的微博视频,03/17
美东时间11：45，道指升幅超过600点。首先是联储获得收购商业本票的特权13.3条款，可以直接注资美国基层经济系统。其次是白宫新冠肺炎专门团队，特朗普总统和彭斯副总统的讲话中，有对中小企业的援助计划，对就医的举措。希望这个升势能够稳定下来。#美股##疫情##美国疫情直击#@凤凰纽约庞哲,03/17
我翻了哈因特长城然后骂了一哈特朗普请问我不会被请走喝🍵吧害怕害怕害怕,03/18
#特朗普推特#真的特别难过。川普和那些对中国有歧视的人根本不知道中国政府、军人、医生、人民为了这场疫情防控做出了怎么样的努力。不管这场疫情最初出自哪里，你们都不应该否认中国人民为此作出的努力。更不应该从一个国家总统，一个有学识修养的人嘴巴里说出这么不负责任的话。,03/18
#耿爽告诉美方所有选项都在中方桌面上#疫情变成了政治问题不想着解决自己国家的问题总给我们泼脏水特朗普还真是.....不遗余力的抹黑中国必须支持我大中国,03/18
#特朗普宣称将关闭美加边境#小普啊，你应该听妈妈的话啊。,03/18
【#波音花光约138亿美元贷款额度#，正向美政府寻求数百亿美元援助】周一波音证实，正在与美国政府进行谈判，而美国总统特朗普周二表示，美国政府将提供支持。波音公司还表示，至3月13日已用掉约138亿美元贷款额度。#助力企业赴美商务考察游学#,03/18
终于还是没忍住，为了每天看看“特朗普今天又喷了什么屁”而开推,03/18
【樂Life】美国股市暴跌，特朗普经历了人生中的至暗时刻，美国股市在两周内第三次跌到了熔断，已经创下了史今天，极度无耻，美国病人和美国病毒O网页链接,03/18
【#特朗普宣称将关闭美加边境#】早该关闭了吧，现在才反应过来，慢了点。整天就知道在Facebook上胡喷。BYBL,03/18
#特朗普宣称将关闭美加边境#加拿大：被丢弃了,03/18
#特朗普宣称将关闭美加边境#尴尬不。。。好尴尬啊，。大型尴尬现场。,03/18
最新消息：特朗普政府提议向美国人发送两波直接付款，总计5000亿美元，这是1万亿美元刺激计划的一部分,03/18
#白宫拟向美国人派发2000美元支票#【白宫新冠肺炎疫情刺激计划拟向美国人派发2000美元支票】据华盛顿邮报报道，白宫官员正在与国会共和党人合作，制定一项紧急刺激计划，该计划可能向许多美国人派发2000美元支票，向小微企业提供3000亿美元资金。#特朗普宣称将关闭美加边境#,03/18
道琼斯20000是底吗，今天的美国股市再次站在了20000的边缘，美国的桥水已经辟谣说爆仓是假的，特朗普用万亿资金来护航美国股市，前期的恐慌已经使道琼斯跌下了将近10000点，20000成为了多空博弈的一个重头戏，现在疫情的扩散成为了阻碍美国经济发展的一个巨大黑天鹅，我认为20000是一个短期底，会坚持一段时间，而我认为的长期底在17000附近，因为美国的最大恐慌会在每天都在增加的感染人数上，对于A股我认为抄底的时机就是在大家崩溃想要放弃不玩的时候，那个时候我认为就是可以全力去抄底的时候了，而目前可以轻仓位或者空仓等待这个黄金坑，一起来看这场财富清洗的时刻,03/18
特朗普别牛了坐等今天再一次熔断,03/18
中国人永远欢迎每个人，尊重每个人，尊重每个国家和民族。人的生命，不分肤色、种族、民族、国家、国籍、性别，性别、老、幼，都值得活下去。不攻击国家、个人，不要攻击远到而来的华人、华侨、外国人。即使少数人不尊重他人生命、民族，我们也要永存善良的心。病毒没有国籍，抛弃特朗普主义。,03/18
#CD新闻#【快讯！特朗普：氯喹治疗新冠肺炎效果喜人】据CNN报道，刚刚，美国总统特朗普在记者会上称，氯喹治疗新冠肺炎初步效果喜人。食品和药品监督管理局已经同意利用氯喹治疗新冠肺炎。据悉，氯喹是一种抗疟疾药物。#特朗普称将用氯喹治疗新冠肺炎#,03/19
【#希拉里批特朗普种族主义掩盖失职#】当地时间18日，希拉里·克林顿在社交媒体上回击特朗普所谓“中国病毒”的言论。希拉里：“总统正在转向种族主义言论，以转移人们注意力，（掩盖）他未能及早认真对待新冠病毒、未能广泛提供检测、未能为美国应对危机做好充分准备。”（央视记者许弢）,03/19
《被无数德国人痛骂的80岁老人，拒绝把新冠疫苗卖给特朗普》O被无数德国人痛骂的80岁老人，拒绝把新冠疫苗卖给特朗普来自@网易新闻客户端#网易新闻#,03/19
【启动战时法令，#特朗普将引用国防生产法扩大口罩生产#】当地时间3月18日，美国总统特朗普宣布将签署美国在朝鲜战争时期颁布的《国防生产法案》。这项法案将授予总统调动私营企业的权利，用以生产包括医疗设备在内的国防战略物资。特朗普还表示，随着加州和纽约州的病例增加，他将向这两个州部署两艘海军医疗船。O网页链接,03/19
这是我认为最好的回击！特朗普有这觉悟就好了！#北京警方要求澳籍跑步女限期离境#L让我再笑一会吧的微博视频,03/19
意大利一名市长已经被市民随意外出给气得快疯了。。。#欧洲新冠肺炎死亡人数超过亚洲##特朗普宣称将关闭美加边境#L一个搞搞神的微博视频L一个搞搞神的微博视频,03/19
《结果出来了！特朗普的心态也崩了！》果然，正如市场担心的一样，随着美联储再度意外紧急降息的结果，特朗普曾引以为傲的美股市场又崩了。O网页链接,03/19
千言万语汇成一句话:特朗普SL!,03/19
特朗普的嘴炮还能持续多久？,03/19
特朗普可能想不到，一直引以为傲的美股长牛走势，竟然因为被新型冠状病毒这个大空头突然打得措手不及，美国历史上出现熔断的总数为5次，其中4次发生在本月，特朗普上任三年以来道指的涨幅几乎全部抹除，就连巴菲特也直呼从来没见过这种场...分享自@雪球O特朗普可能想不到，一直引以为傲的美股长牛走势，竟然因为被新型冠状病毒这个大空头突然打得措手不及，美国历史上出现熔断的总数为5次，其中4次发生在本月，特朗普上任三年以来道指的涨幅几乎全部抹除，就连巴菲特也直呼从来没见过这种场景，能与投资大师一起见证历史，也算是不幸中的万幸吧！只能这样安慰自己了！,03/19
特朗普丝毫没有一个政客的严肃性，整日信口开河，打嘴仗。我们完全可以不搭理他，让他自己演吧,03/19
【#特朗普称早知道新冠肺炎是大流行病#在世卫组织宣布前就知道】据《纽约时报》报道，当地时间3月17日，美国总统特朗普在答记者问时称，他自始至终都知道新冠肺炎是一场流行病，并强调，在世卫组织宣布前他就已经意识到疫情严重，是全球性的大流行病。特朗普此次说法与此前乐观态度不同，但他否认自己改变主意：“我的语气和之前没什么不同，语气是相似的。”L时间视频的微博视频,03/19
23:53:26市场消息：美国总统特朗普称，瑞德西韦已经“事实上”被批准作为处方药。#期货##股市##螺纹钢##铁矿石##PTA##豆粕##原油##苹果##菜粕#,03/19
【纽约市长喊话特朗普：快派军队建医院】#纽约市长节目现场喊话特朗普#18日，纽约市长白思豪在CNN呼吁特朗普赶紧动员美军，全面应对新冠疫情。被主持人问到“是否想在纽约建野战医院”时，他给出了肯定回答，称目前只有军队能够高效迅速地提供医疗支持，“特朗普却把他们晾在一边”，“需要他们的时候为啥他们还在修墙”……L微丢的微博视频,03/19
我有很强烈呢预感，新冠病毒源于美国！实至名归呢美国病毒，特朗普肺炎！1.武汉军运会时间是2019年10月18日到27日。2.美国流感爆发是在2019年10月份，已造成一万多人死亡。2.中科院：病毒人传人出现在11月中下旬，这说明11月上旬，甚至10月底就有人已经感染病毒。3.美国首例病患，到过武汉，但其携带的病毒H38单倍型，在武汉样本中，没有发现此病毒！4.美国的扩散病例来源最多，有五个，中国只有3个，日本只有2个！5.钟院士作为权威专家，既然公开说，相信肯定掌握了一些证据或依据。6.国外出现很多来源和感染路径不明病例，病毒来源并不是中国，日本、意大利、美国有些患者没有来过中国或接触过来过中国的人！7.有一种说法，美国的流感就是新冠状肺炎，这种可能性应该不大吧！但可以确定的是有些新冠肺炎患者被当成了流感患者！有一个日本人在夏威夷被诊断为流感，回日本被确诊为新冠肺炎！8.去年8月，美国最大的生化武器基地德特里克堡被紧急关闭，所有人员接受全方位的检查。9.美国科学家发现，病毒中有奇怪元素，是通过矢量技术人工加上去的，该元素只能存在实验室，不会存在任何野生动物身上！10.最近一周，美股持续大跌，与疫情蔓延美国有很大关系，越来越多证据指向美国！11.2月29日，世卫组织声明，新冠病毒源头不能确定！12.目前美国宣称已研发出疫苗并跳过一般15至20年的临床验证期，直接在人体上进行接种，除非美国早就有新冠病毒株，不然不可能那么快。中国不能再背锅了，之前有网友说病毒发源中国，感觉对不起全世界的，可以歇歇了。,03/19
#看看特朗普病毒这说的是人话吗#,03/20
#特朗普疫情简报会上打瞌睡#中国驱逐美国记者是为掩盖疫情？耿爽回应：那美国上个月驱逐中国记者是试图掩盖什么？？？妙极的反问！L悬疑老孟的微博视频,03/20
#特朗普疫情简报会上打瞌睡#中国驱逐美国记者是为掩盖疫情？耿爽回应：那美国上个月驱逐中国记者是试图掩盖什么？？？妙极的反问！L悬疑老孟的微博视频,03/20
#特朗普疫情简报会上打瞌睡#中国驱逐美国记者是为掩盖疫情？耿爽回应：那美国上个月驱逐中国记者是试图掩盖什么？？？妙极的反问！L悬疑老孟的微博视频,03/20
#特朗普疫情简报会上打瞌睡#中国驱逐美国记者是为掩盖疫情？耿爽回应：那美国上个月驱逐中国记者是试图掩盖什么？？？妙极的反问！L悬疑老孟的微博视频,03/20
#特朗普疫情简报会上打瞌睡#中国驱逐美国记者是为掩盖疫情？耿爽回应：那美国上个月驱逐中国记者是试图掩盖什么？？？妙极的反问！L悬疑老孟的微博视频,03/20
#特朗普疫情简报会上打瞌睡#中国驱逐美国记者是为掩盖疫情？耿爽回应：那美国上个月驱逐中国记者是试图掩盖什么？？？妙极的反问！L悬疑老孟的微博视频,03/20
#特朗普疫情简报会上打瞌睡#中国驱逐美国记者是为掩盖疫情？耿爽回应：那美国上个月驱逐中国记者是试图掩盖什么？？？妙极的反问！L悬疑老孟的微博视频,03/20
特朗普毒狼🐺👹制造病毒，传播病毒导致全球现在几十万感染，必须依法赔偿全球一切损失。搜狐新闻:【道歉只是第一步？美媒称将向中方索赔10亿美元，专家：绝不妥协】O网页链接（分享自@搜狐新闻客户端）O网页链接,03/20
#特朗普疫情简报会上打瞌睡#每天都能看见他的rs,03/20
#特朗普疫情简报会上打瞌睡#国总统特朗普参加疫情简报会议，会上表现极不耐烦，其间还不断打瞌睡。对此美国网友炸了锅，有网友表示，美国人的生死他根本不在乎，还有人吐槽特朗普的防疫政策竟然是这样制定的,03/20
特朗普每叫一次Chinesevirus就有10000个种族主义者被感染。蓬佩澳每说一句wuhanvirus，就有100个建制派被感染。,03/20
#特朗普疫情简报会上打瞌睡#最近热搜真的很好笑诶,03/20
#特朗普疫情简报会上打瞌睡#最近忙着公关自己累着了？,03/20
#特朗普疫情简报会上打瞌睡#哈哈哈哈哈哈哈哈哈睡觉你第一,03/20
那全世界就称美国为美国流氓😎👹，特朗普为毒狼🐺👹。美媒曾称中国为“真正亚洲病夫”，如今不得不换个截然不同的词O网页链接O网页链接,03/21
#凤凰新闻#分享凤凰新闻：国际组织喊话特朗普，病毒哪里来？不诚实的孩子会被狼吃O国际组织喊话特朗普，病毒哪里来？不诚实的孩子会被狼吃来自@凤凰新闻客户端O网页链接O国际组织喊话特朗普，病毒哪里来？不诚实的孩子会被狼吃,03/21
特朗普不是傻瓜也不是神经病它一再的指责病毒为中国病毒肯定有它的目地…………不是咱自家智囊团不能干吃饭啊……妈蛋赶紧把丫的目的找之摧之毁之破坏之啊tnd……劳资都着急了……,03/21
特朗普和其白宫集团的突然“变脸”，美国纽约宣布封城，加拿大总理宣布关闭加美边境，疫情的恐惧不仅仅使得纽约人民感到恐慌，这种恐慌还将延蔓到整个美洲大陆。因为，他们曾经声称，这一切是“不可能”发生的。#美国疫情##全球疫情##新型冠状病毒感染肺炎##新型冠状病毒##中华看军情#,03/21
【或说】众所“周”知【#特朗普称发布全美居家令没必要#一些地区疫情不严重】3月20日，特朗普表示暂不考虑发布全美范围的“居家令”，因为他认为美国很多地方的#新型冠状病毒#疫情并不严重。据纽约州政府20日的数据，该州累计确诊病例超7000例，其中纽约市就有超过5000例，#特朗普宣布纽约州为疫情重大灾区#。（荣戈博报）,03/21
"#大统领，恐极则怒#【#特朗普怼记者#怒批记者十分糟糕哗众取宠】20日，美国总统特朗普在新闻发布会上当场对记者发飙。他怒斥记者只会哗众取宠，新闻工作却做的十分糟糕，他还指责该记者任职的美国NBC的母公司康卡斯特为""骗子公司""。L小央视频的秒拍视频",03/21
#特朗普称发布全美居家令没必要#啥？？？？？？你确定,03/21
病毒🦠：来啊，都出来玩呀！美国🇺🇸：好的你等我，这就来了碰上川普这样送人头的队友，美国也是倒了血霉他莫不是敌国派去的间谍，目的就是为了搅乱美国#特朗普称发布全美居家令没必要#,03/21
#美国疫情#特朗普批准的两艘医疗船，其中仁慈号我和同事在2014年环太军演的时候正好采访过，当时还蛮震撼的。这次仁慈号被派往重灾区华盛顿州救援。大家看看这设备还行吗？不过医疗船并不是去治疗新冠患者，还是帮医院减负，接纳其它病症患者。L凤凰秀官博的微博视频,03/21
#特朗普自称战时总统#【全能全知特朗普】川普：没有人比我更懂口罩L污哩探长的微博视频,03/21
#绿巨人饰演者发文批评特朗普#“绿巨人”浩克发推批评特朗普说“中国病毒”：反科学政治言论，煽动敌视，#绿巨人怒斥特朗普#美国演员、“绿巨人”浩克扮演者马克·鲁弗洛20日发推批评特朗普：“当你把病毒归咎于一整个种族时，你就是在煽动人们敌视他们。当你说出这些反科学政治言论时，你的一些追随者就开始逞凶，并且以排外、仇外的方式敌视这些人。请做些好点的事吧。”特朗普多次发推时把新冠病毒，改为“中国病毒”。,03/21
美国国会新一轮新冠经济刺激方案将超过2万亿美元美国CNBC报道称，白宫经济委员会主席拉里·库德洛21日透露，国会参议院正在讨论的新一轮新冠经济刺激方案总额将超过2万亿美元，这相当于美国GDP的10%。库德洛还表示，小企业将获得工资税减免。目前美国国会两党正争取在特朗普设定的周一最后期限前达成协议。,03/21
分享网易新闻《中国女记者摆事实，当面质问特朗普》O中国女记者摆事实，当面质问特朗普来自@网易新闻客户端#网易新闻#,03/21
当强悍的美帝遇上无比自恋的川普;当破落的底层民众将希望寄托给一个国际的搅屎棍～等着吧！无比伟大的美帝～哈哈哈哈！，『没有谁能打败美国，但特朗普可以』O没有谁能打败美国，但特朗普可以,03/21
『当场发飙！特朗普被美媒质问激怒，情绪失控向记者“开炮”！疫情十万火急，特朗普却称抗疫正取得胜利，无需全国封锁』O当场发飙！特朗普被美媒质问激怒，情绪失控向记者“开炮”！疫情十万火急，特朗普却称抗疫正取得胜利，无需全国封锁,03/21
不得不承认Trump小儿子的颜是很可的#特朗普称美国经济可能走向衰退##特朗普称早知道新冠肺炎是大流行病##意大利对中国建议几乎照单全收#,03/22
特朗普，，，害,03/22
特朗普要搞14万亿大刺激？国会周末紧急加班，狂泻近尾声？O特朗普要搞14万亿大刺激？国会周末紧急加班，狂泻近尾声？,03/22
特朗普甩锅中国应该是战争开始的第一步。,03/22
#蚊子会不会传播新冠病毒#今年的蚊子来的怪早不妨着你是不行了#特朗普称美国经济可能走向衰退#,03/22
特朗普：这疫情无需治疗根据免疫力可自愈实在不行在到医院就医美国人身体好只吃牛肉这会，普总尖叫啥,03/22
特朗普穷尽心思想通过污名化我国来转移自由美利坚的国内矛盾，现在好了，US你还是先看看零号病人是什么时候出现的吧,03/22
你要道歉随你，但请别代表中国人！近日，一个自称中国人的亚洲面孔，自录视频向美国道歉，出现在美国网络。视频中女子约十七八岁，带着口罩，稚气未脱，不经世事的样子，却称要就疫情向美国道歉！真心让人无语！在特朗普不遗余力抹黑中国之际，西方的惯性“中国黑”对此如获至宝，大肆宣传。众所周知，中国迄今为止，仍是非冠疫情的最大受害者与最大牺牲国。病毒缘于何地目前尚无科学定论。况且无论源于何地，病毒都是全人类的共同敌人，与种族，肤色无关。更不应该成为美国打压中国抹黑中国，以及挑唆两国国人情感的工具。不可否认，中国武汉在疫情突袭之初，被打了个措手不及，存在诸多问题。但也不可否认的是，我们及时做到了迅速调整，以巨大的魄力和勇气，控制住了疫情，并且率先实现了社会秩序有序恢复。过去2个月，我国孤军奋战，做出了巨大牺牲，本为世界赢得了做好准备的窗口期。但西方国家自己没有准备，而是奚落抹黑中国，想看中国笑话。白白浪费了宝贵的窗口期。才会导致今日意大利美国的失控。而随着疫情的失控，美国又进一步加强了甩锅污蔑中国的力度。,03/22
#特朗普称早知道新冠肺炎是大流行病##希拉里批特朗普种族主义掩盖失职#这是人？？？O特朗普称早知道新冠肺炎是大流行病，在你心中他是个什么样的人？,03/22
#商务部修订鼓励外商投资产业目录#还是觉得特朗普很伟大，我很佩服她，欣赏他。,03/22
【纪录片：特朗普2016年入主白宫之路】2020年大选年，来看看川普是如何在2016年赢得大选的。纪录片讲述了他的黑天鹅逆袭之路，也可以帮助你更好地了解2020年美国大选。一个多次破产的商人、电视明星、低俗娱乐节目制作人、政治素人，居然要参选美国总统。他每次一开口就给自己找麻烦，成为媒体和社会精英讨伐的对象。他那种非政治正确的、强硬的、好斗的性格，使他频繁的上头条。起初所有人都把他的竞选，当成是娱乐新闻来看，没人看好他能选上。而他的对手是美国前第一夫人、参议员、前国务卿，最重要的是，她携带着奥巴马的政治遗产。所有的出口民调都显示，希拉里·克林顿将会当选。但是当结果出来的时候，所有人都惊呆了。特朗普以306张选举人票击败希拉里的232张选举人票，当选美国第45任（58届）总统。#美国大选##特朗普称美国经济可能走向衰退#via@知闻客栈O网页链接,03/22
假惺惺的特朗普怎么说⋯！⚡⚡【密件曝光！美国政府被曝统一口径：发起舆论战！甩锅给中国】O网页链接(分享自@搜狐新闻客户端)//,03/22
特朗普把一条标题为“中国病毒”的推特置顶，然而评论却大半翻车，点赞最多的是指责特朗普是个种族主义者的评论。,03/22
#美股##比特币#现在国外小道消息说，美国明天可能开始停止股市交易，现在特朗普他们在讨论这个可能性。所以别急着出手，看看明天的情况吧。[捂脸]，好怕怕呀。,03/22
#特朗普暗恋肖战#什么奇奇怪怪的话题？,03/22
我在看：【感谢特朗普，美利坚的人设正在加快崩塌】#跟新浪看热点#O网页链接,03/23
【#纽约市长三度质问特朗普#：你到底在做什么？】目前，纽约累计确诊病例约占美国全国确诊病例的1/3。自当地时间19日起，纽约市长德布拉西奥在3天的发布会上连续质问特朗普：“你没有运用政府的手段，你一直在犹豫”；“你只是看着，等着”；“任何负责任的总统，都会和我们沟通如何处理疫情”…戳↓L央视新闻的微博视频,03/23
特朗普的大嘴巴和参议院的集体反感是两个层面的问题。。后者等于战争。,03/23
#特朗普#迷惑行为大赏最佳获得者。,03/23
#凤凰新闻#分享凤凰新闻：道指一度跌超4%标普500指数抹去自特朗普上任以来所有涨幅O道指一度跌超4%标普500指数抹去自特朗普上任以来所有涨幅来自@凤凰新闻客户端O网页链接O道指一度跌超4%标普500指数抹去自特朗普上任以来所有涨幅,03/23
无论如何，川普将实现他梦想的“伟大总统”的历史定位了——无论如何，特朗普股灾、特朗普熔断，都将使他青史留名了。名声确实不是太好听，但确实可以长存于世界金融史教科书了。50年后，可能腾腾爸还能跟世人吹牛逼：很久很久以前，我亲眼目睹过特朗普股灾……活得长真好，总是有一些经历可以炫耀！,03/23
全球在抗疫，老美在造谣，特朗普求求你快死一死。,03/23
#特朗普#不得不说，这哥们还是挺牛的，建议看看他写的一些书，很泥石流，很实在,03/23
当#奥巴马#和#特朗普#遇到反对者O网页链接,03/23
特朗普一天能上八个热搜，直接开微博吧，入住新星榜吧求你了,03/23
纽约市长批特朗普：对家乡一根手指都不愿伸，眼看着更多人死亡O纽约市长批特朗普：对家乡“一根手指都不愿伸”，眼看着更多人死亡,03/23
新冠病毒创意C4D#C4D#送给美国特朗普呆在里面@唐纳德·特朗普,03/23
肖磊特斯拉TSLA在救市方面，除了特朗普各种不靠谱吹牛打气之外，财政部长姆努钦等也连续发表了提振股市信心的言论，比如姆努钦就说，“一旦疫情缓解，美国股市将出现大涨”（也是拼了）。其实令市场最关注的，应该是美联储的专业...分享自@雪球O高冷的美联储为什么会疯狂的救市?背后的玄机。。,03/23
无限QE，特朗普是不是无限火力玩多了，无限印钞，无限借贷，无限保险，无限杠杆,03/23
#美国确诊新冠肺炎超3.5万例#很好很好，照这趋势，过几天就世界第一了，不错不错👍👍特朗普病毒果然厉害👍,03/23
#美专家无法认同特朗普甩锅中国#川普有毒,03/24
又改口了？特朗普这次声称要保护亚裔美国人L哈书客的微博视频,03/24
#国际舆论批评美政客污名化中国#特朗普就像一个弱智。,03/24
美国专家也跟特朗普不是一战线的，#美专家无法认同特朗普甩锅中国#,03/24
特朗普没料到，澳大利亚把疫情上升算到美国头上，开始向中国求援L哈书客的微博视频,03/24
拔丝特朗普,03/24
【#特朗普向韩国寻求医疗设备支援#】据韩联社24日报道，美国总统特朗普周二在与韩国总统文在寅的通话中表示，他希望韩国可以为美国提供医疗设备的支持。文在寅回复称，他的政府会在条件允许的情况下提供最大的支持。两国领导人还探讨了两国如何在对抗新冠肺炎疫情中开展双边合作的话题。,03/24
热门#热点##套路那么深#3月24日，美股疯了，美国疫情疯了，这带来的结果只能是，美国人要疯了。拭目以待！//美国单日新增确诊破万，系23日全球最高！特朗普对激进防疫表露不满O网页链接,03/24
#美专家无法认同特朗普甩锅中国#正义可能会来迟但永远不会缺席,03/24
#美专家无法认同特朗普甩锅中国#这么多人祈祷特朗普感染新冠病毒肺炎。上帝一定会听到民众的呼声把他带走的。,03/24
#凤凰新闻#分享凤凰新闻：美国德州副州长：经济比老年人生命更重要同意年长者为国牺牲。这就是传说中的美国的人权，让老年人去死来换取美国的经济。好吧，那就让特朗普这个美国老头带个头吧O美国德州副州长：经济比老年人生命更重要同意年长者为国牺牲,03/24
#美专家无法认同特朗普甩锅中国#他那是无稽之谈。,03/24
#特朗普向韩国寻求医疗设备支援#变相收保护费吗？哈哈...要知道韩国的医疗物资是邻国中国支援的你服个软，我们可能考虑愿意帮帮你,03/24
全球疫情持续一日新544西班牙即日起全国实施封城措(山东O黄秋生质疑院士钟南山人格，刘信达：你必须道歉！#美专家无法认同特朗普甩锅中国##世卫组织称美国可能成全球疫情震中#L搞笑段子视频大全爆笑的微博视频,03/24
#意大利伦巴第地区希望中国接管ICU#当咱冤大头呢？？？这边建议亲让特朗普来接管，毕竟他啥都懂呢,03/24
#美国疫情#重灾区华盛顿州的公共广播电台KUOW宣布将不再直播特朗普的每日新冠疫情白宫记者会，因为一直以来存在虚假和误导性信息，电台无法实时进行核对。不过电台将会关注白宫简报，继续与听众分享与华盛顿州有关的新闻。,03/25
#普京宣布俄罗斯放假一周#对普京路转粉，对特朗普路转黑,03/25
《特朗普放出“抗疫大招”！国人纷纷点赞：川普英明，就这么干！》现如今美国全境都被疫情侵袭，但特朗普依旧非常“有信心”战胜病毒，而且在近日他也是放出了“抗疫大招”，值得赞叹！O网页链接,03/25
@胡锡进美国的抗疫怎么看都搞得很差劲。现在它已经确诊5.5万多了，死亡人数超过了800，而且在继续猛增。但特朗普的支持率反而上升到了高点。之前他反复宣扬疫情风险很小，没事没事，比中国有的专家当初宣扬“可防可控”可要厉害多了，为啥美国人脾气那么好，这些都忘了呢？L胡锡进的微博视频,03/25
"我分享了【特朗普求援诊断试剂韩国回应：可以给有个前提】,快来看吧！|O网页链接】据韩联社25日报道，韩国中央防疫对策本部本部长郑银敬当天表示，据她所知，美国总统特朗普请求韩国支援的医疗物资，是新冠病毒诊断试剂。在不影响国内防疫的前提下，可以支援美国。",03/25
中国的制度，在疫情这种事情上，确实有自己独特的优势。美国的制度，或许在这方面不如我们。但质疑美国制造能力和动员能力的人，简直太天真了，天天盼着美国来求中国，太盲目自信了，睁眼看世界吧！质疑特朗普的人，真是把美国民众都当傻子了，其实谁都不傻，认为别人都傻的人自己才傻。还有人说不卖给美国口罩，真真是笑死人了，没疫情造人家3M的假，来疫情了用人家的真3M，疫情缓解了说不卖给美国口罩，真是不要脸啊，怪不得外国人看不起中国呢，都是这帮人丢的人现的眼！用着美国的ios，android发微博说不卖给美国口罩，让人家笑掉大牙了！盗版人家的windows居家办公创造GDP，还真以为自己是天朝上国了呢！贸易战吃了那么大的亏，还不自知呢啊，醒醒吧！跟他们说个事实，就被骂是啥来着？慕洋犬？舔狗？让我去找美国爹？哈哈哈！盲目爱国就是害国！！！我深爱我的祖国，我知道她在做正确的事情；但我不盲目爱国，我知道她还在进步中，并不像所宣传的那样完美，我会贡献我的力量去让她变的更强大。,03/25
特朗普高尔夫俱乐部宴会被曝致多人感染新冠病毒_手机新浪网O特朗普高尔夫俱乐部宴会被曝致多人感染新冠病毒,03/25
【#特朗普旗下俱乐部17人感染#】3月24日，据报道，美国兰乔帕洛斯弗迪斯前市长在特朗普高尔夫俱乐部举办生日派对，造成至少17人感染新冠病毒。特朗普集团和洛杉矶俱乐部经理尚未对事件置评，目前特朗普集团旗下多家酒店和高尔夫球场因疫情关闭。#聚焦新冠肺炎疫情#@新京报我们视频L世面的秒拍视频,03/25
特朗普祝贺日本将奥运会推迟到2021年,03/25
特朗普这个戏精，真是把人生演绎的淋漓尽致,03/25
央视时代风向标栏目#全球疫情##美国疫情##胡侃#美国的抗疫怎么看都搞得很差劲。现在它已经确诊5.5万多了，死亡人数超过了800，而且在继续猛增。但特朗普的支持率反而上升到了高点。之前他反复宣扬疫情风险很小，没事没事，比中国有的专家当初宣扬“可防可控”可要厉害多了，为啥美国人脾气那么好，这些都忘了呢？L胡锡进的微博视频,03/25
特朗普满脑子复工，拜登：闭嘴，听医生的！_手机新浪网O特朗普满脑子复工，拜登：闭嘴，听医生的！,03/25
白宫：特朗普明天将通过视频会议，与20国集团领导人对话。#美国疫情#,03/25
推特拒绝封杀中国官员账号，特朗普儿子先急了O推特拒绝封杀中国官员账号，特朗普儿子先急了,03/25
#新浪看点#美国深夜，14万亿“撒钱”救市协议达成，特朗普家族遭“禁令”！O美国深夜，14万亿“撒钱”救市协议达成，特朗普家族遭“禁令”！,03/25
又这么晚了，我总是没事就会点关于疫情最近全世界的情况的各种视频。每次都是一顿哭...有刚嫌水烫不喝下一秒就闭眼走了的奶奶、还有年迈的老两口康复后决定捐赠遗体、还有病情加重一直握着医务人员手反复问“我是不是不行了，快要死了…”的中年人....还有特朗普的种种恶语恶行、中国给全世界送口罩物资医疗器械医务人员等等...真的太好哭了…想起来上学时的一篇课文，“天将降大任于斯人也，必先苦其心志，劳其筋骨，饿其体肤，空乏其身，行拂乱其所为，所以动心忍性，增益其所不能。”希望度过这次难关，祖国越来越好，越来越强大！,03/26
#特朗普斥记者存心不让他当选#666啊,03/26
#bilibili专栏#美国人追查到疑似新冠肺炎零号病例，军运会女选手！@特朗普请你解释一下！-详情点击：O网页链接-哔哩哔哩专栏O网页链接,03/26
#美国年轻人瞎混就是最大感染风险#尘归尘土归土美国毒王特朗普。特浪普特别浪的不靠谱,03/26
2020-03-23：特朗普发话“很快就要恢复经济活动”美媒：禁足才一周他就没耐心了L视频-特朗普发话“很快就要恢复经济活动”美媒：禁足才一周他就没耐心了,03/26
#特朗普斥记者存心不让他当选#他是真的有点狂……,03/26
这样的图片，特朗普看到了都要笑！到底是哪个源头发出来的💩,03/26
#特朗普斥记者存心不让他当选#抱走我家川建国川建国独美请你们不要再让建国回答问题了！！他很辛苦的好吗？！他每天为了让中国早日赶超美国做了多少努力你们都看不到吗？你这个糟糕的记者没有心,03/26
“我妈从来不敢想象我能站在白宫！”特朗普：我妈也是！#美国年轻人瞎混就是最大感染风险#L普通de外科医生的微博视频,03/26
#特朗普斥记者存心不让他当选#【复活节复工遭质疑，特朗普：“有些人”希望病毒影响美国经济】当地时间3月25日，特朗普针对希望复活节解除封锁，实现复工一事表示，“有些人”不想那么快解封是希望疫情影响经济。他称媒体希望美国继续封锁，经济受挫，从而使他在选举中被击败。同时，特朗普还表示，要不是他的团队抗疫，美国早就不存在了。@环视频L环视频的微博视频,03/26
我围观了@王福重的回答，该问题价值200.00元，围观仅1元，快来一起围观~O微博问答,03/26
报道称，CDC为世界各国提供公共卫生援助，并与各国合作，在传染病暴发时阻止疾病在全球传播，并说CDC在中国设办事处至今已有30年的时间。公开文件显示，CDC在华职员人数从特朗普2017年1月上台时的大约47个，下跌至目前的约14个。知情人士称，被裁减的人员包括流行病学家和其他卫生专业人员。→《美白宫拒绝回应路透社，关于疫情爆发前撤离派驻中国疾控人员问题》O美白宫拒绝回应路透社，关于疫情爆发前撤离派驻中国疾控人员问题来自@网易新闻客户端#网易新闻#,03/26
【一段视频揭秘#特朗普高尔夫俱乐部新冠感染关系网#】据美媒报道，截至当地时间26日，一场在洛杉矶特朗普国家高尔夫俱乐部举行的生日宴会，致至少17人确诊感染新冠肺炎，其中包括多名政要。多人传递话筒送祝福、忽视“不要拥抱”等警告……看事件回顾↓特朗普集团旗下多家酒店和高尔夫球场已关闭。L央视新闻的微博视频@央视新闻@法治四川,03/26
【#纽约市长说别信特朗普虚幻的希望#】特朗普称想让美国在复活节（4月12日）之前“复工”。对此，纽约市市长德布拉西奥嗤之以鼻：“不知道这种想法打哪来的？千万别指望这个虚幻的希望！”via.央视新闻L央视新闻的微博视频O网页链接,03/26
【本土进入紧急状态后，美军下令出动最大医院船，局势已开始失控】近日据媒体报道，随着新型冠状病毒疫情登陆美国，为了应对这次危机，特朗普下令本土进入紧急状态后，同时对美军下令出动全军最大医院船，只因为美国本土局势已开始失控。#欧阳十磊##祖国我为您承诺##花开时节又逢君·祈福亲友#L诸葛小彻的微博视频,03/26
欧美在特朗普的助推下基本达成了一致：去全球化，也就是去中国化因为这些国家发展目前全球化受益最大的国家是中国，但请神容易送神难，全球的产业链已经在中国打下了坚实的基础全球化是你说去就去的？市场经济下价格优势和成本优势才是核心，即便你愿意杀鸡取卵把工厂设在美国欧洲本土，但产品没有价格优势仅仅靠内需你那点人是撑不起来的,03/27
【#特朗普勒令美车企加紧生产呼吸机#】当地时间27日，特朗普发推，要求通用和福特立刻开始生产呼吸机，他在推特上写道：“通用汽车必须立刻开启被他们愚蠢抛弃的俄亥俄洛兹敦工厂，或是启动别的什么工厂，开始生产呼吸机，就现在！！！！！！福特，生产呼吸机，快点！！！！！！”据媒体此前报道，特朗普在上周六（3月21日）的新闻发布会上表示，通用汽车和福特汽车已被选中作为开始制造呼吸机等医疗装备的企业之一。他说，美国对此类设备的需求已增长到数以十万计的水平。但有观点认为，改建工厂用来生产与原来截然不同的产品将需要花费较长的时间以及更大的努力，尽管政府可以引导工厂克服医疗物资短缺问题，但重型产品（例如汽车和卡车）的制造商不可能按下一个开关就开始生产其他产品。,03/27
美国新冠肺炎确诊病例数全球第一，特朗普仍大力呼吁：让工人重返工作岗位O网页链接,03/27
【#美国失业人数猛增328万#特朗普：我原以为会达到600万】3月26日美国劳工部宣布，上周，#美国首次申请失业救济金人数创纪录#，达到328万，比前一周修正后的数字增加了300万。在问及对这个数据的看法时，特朗普的回答非常淡定：我原以为失业人数会达到600万，结果是320多万。L央视新闻的微博视频,03/27
48国“封国”，美国疫情连闯红线，特朗普急于转嫁危机！O网页链接,03/27
《特朗普电话里许下的这个承诺为何一钱不值？》中美两国因为新冠病毒称呼与起源问题而陷入激烈的口水战之后，特朗普给中国最高领导打来了电话。新华社发布了两国领导通话的主要内容，传递出许多有意思的信息。O网页链接,03/27
#美国疫情##美国#毕竟是穷人多富人少，所以特朗普的工作调调大受民间支持，其民意调查居然已经达到了他执政以来的顶峰。看来，特朗普通过甩锅兔子已经华丽转身，他笑了。但是两周以后，笑到最后的可能是美国的精英阶层，因为他们已经给了特朗普足够多的警告，足以令其爬不出坑#聚焦新冠肺炎疫情##疫情#,03/27
#美国发文鼓励各国医生赴美抗疫#鼓励？鼓励？说的好像去美国感染病毒是别国医生梦寐以求的好事似的。特朗普的厚颜无耻真是又一次刷新了人类道德的底线。,03/27
焦点坊谈【特朗普：呼吸机很贵的，纽约州真需要3、4万台吗？】3月26日，特朗普接受福克斯新闻采访时表示，不信纽约州需要3、4万台呼吸机，“你去大医院看，他们都是2台呼吸机”。他还说呼吸机跟汽车一样，“非常贵”、“非常复杂”。LAmor蓝色妖姬的微博视频,03/27
【#美国失业人数猛增328万#特朗普：我原以为会达到600万】3月26日美国劳工部宣布，上周，#美国首次申请失业救济金人数创纪录#，达到328万，比前一周修正后的数字增加了300万。在问及对这个数据的看法时，特朗普的回答非常淡定：我原以为失业人数会达到600万，结果是320多万。#美国疫情#@央视新闻L央视新闻的微博视频,03/27
《英国首相约翰逊感染新冠特朗普还“安全”吗？》英国首相鲍里斯·约翰逊，确诊感染新冠病毒！就在刚刚，也就是英国当地时间3月27日中午，56岁的约翰逊发推，宣布自己新冠病毒检测为阳性。O网页链接,03/27
每天都在吃特朗普的瓜，什么时候可以结束哦，特朗普实红，热度赛高,03/27
#复工后上班有多难#所谓“复工”后的有且仅有一天的休息日，真的是好久不打八球了，跟斯诺克一比，球好大，洞好宽为啥现代90后做领导的想法少，可能真的不能去迎合70后，80后领导的思想吧，神奇的脑回路，你真的不知道他下一秒在想什么，我感觉可以说是“特朗普”式管理吧,03/27
#特朗普变形记#深情演绎疫情防控公益MV！吸引力很强。开始以为是骂人的，后面一看其实是正能量！L鲁迅的秋天的微博视频,03/27
#特朗普称美国将分区域解封#才在检测阶段就喊着解封,03/27
【特朗普：州长们，你们要懂得感恩】随着疫情持续蔓延，美国包括华盛顿州和密西根州在内的一些州长批评联邦政府应对疫情不力。然而，在27日召开的白宫疫情通报会上，特朗普对这些批评表示深不以为然，直接回怼说：“我们对这些（民主党籍）州长已经够好了，他们要懂得感恩。”会上，他还说已经指示副总统彭斯，“不要和那些‘不知感恩’的州长打电话，打了也是白打”。#特朗普批评美国州长不懂感恩#L微丢的微博视频L微丢的微博视频,03/28
我围观了@褚明宇的回答，该问题价值2198.00元，围观仅1元，快来一起围观~O微博问答,03/28
实时播报：【特朗普宣布17个州或地区为灾难状态】据美国有线电视新闻网报道，截至美国时间28日，美国总统特朗普已经批准17个州或地区宣布为应对新冠肺炎疫情“灾难状态”。包括纽约、华盛顿、加利福尼亚、新泽西、马萨诸塞、密歇根、密苏里、马里兰、伊利诺伊等州，及关岛、波多黎各两个地区。（央视新闻）,03/28
#特朗普祝英国首相早日康复#,03/28
《美国总统特朗普宣布17个州或地区为应对新冠肺炎“灾难状态”》据美国有线电视新闻网报道，截至美国时间28日，美国总统特朗普已经批准17个州或地区宣布为应对新冠肺炎疫情“灾难状态”；15个州包括纽约、华盛顿、加利福O网页链接,03/28
没接触过双子座男生但从特朗普身上看到了双子座男孩的千变万化,03/28
#特朗普祝英国首相早日康复#你给xl💰了吗，怎么天天上rs,03/28
我老板对国自然谜一样的自信跟特朗普有得一拼,03/28
【白宫称特朗普祝愿英国首相约翰逊“早日康复”】#特朗普祝英国首相早日康复#据法新社消息，白宫说，在英国首相鲍里斯·约翰逊宣布新冠病毒检测呈阳性后，美国总统唐纳德·特朗普当地时间周五祝愿其“早日康复”。白宫在一份声明中说，“总统感谢首相的亲密友情，并祝愿他早日康复。”“特朗普总统和约翰逊首相同意随同七国集团、二十国集团一道，以及与其他国际伙伴密切合作，战胜新冠大流行，促进全球经济。”@参考消息#英国首相新冠肺炎检测呈阳性#,03/28
【美“末日计划”曝光怕总统遭遇不测美国已为特朗普找好了“替身”】为应对新冠肺炎疫情蔓延，#美国制定紧急应变计划#，一旦特朗普遭遇不测，美国北方司令部司令在危机时刻可临时替代总统，暂时接管国家……@小央视频L小央视频的秒拍视频,03/28
【白宫称特朗普祝愿英国首相约翰逊“早日康复”】#特朗普祝英国首相早日康复#据法新社消息，白宫说，在英国首相鲍里斯·约翰逊宣布新冠病毒检测呈阳性后，美国总统唐纳德·特朗普当地时间周五祝愿其“早日康复”。白宫在一份声明中说，“总统感谢首相的亲密友情，并祝愿他早日康复。”“特朗普总统和约翰逊首相同意随同七国集团、二十国集团一道，以及与其他国际伙伴密切合作，战胜新冠大流行，促进全球经济。”@参考消息#英国首相新冠肺炎检测呈阳性#,03/28
谁能科普一下，特朗普为啥能当上总统？？？？,03/28
#特朗普批评美国州长不懂感恩#大概是因为，美国的州长们总是喜欢说特朗普不喜欢听的大实话吧纽约州长呼吁联邦政府动用国家力量，向中国学习↓↓↓L青年湖南的微博视频,03/28
我围观了@褚明宇的回答，该问题价值2198.00元，围观仅1元，快来一起围观~O微博问答,03/28
【#特朗普宣布17个州或地区为灾难状态#】十多万感染者，往后恐怕会更多，特老实之前说夏天会杀死病毒。,03/28
#全球抢购中国呼吸机#随着全球疫情的恶化，#中国制造#对全球的贡献越来越凸显！所以，也奉劝那些一边用着中国制造的产品，一边抹黑中国的人，别自欺欺人！#特朗普要求波音福特造呼吸机#L全哥不吃鱼的微博视频,03/29
#特朗普要求波音福特造呼吸机#我们中国的流量明星应该惭愧，你们加起来的热度都没有特朗普大。特朗普才真是顶流看看人家上了多少回热搜,03/29
#特朗普要求波音福特造呼吸机#好吧#全球抢购中国呼吸机#中国优秀我爱中国,03/29
【西安的汉子们呢，脾气呢？打媳妇呢留着？？愁啥呢一个个的！】西安，一外国人不戴口罩欲强行进入被阻止后恼羞成怒....O网页链接#特朗普要求波音福特造呼吸机##全球抢购中国呼吸机#,03/29
#特朗普向退役棒球名将咨询疫情对策#哦哟,03/29
从拉屎的声音聊到特朗普再到其实大家都没在听对方说话我还是狠狠d爱,03/29
#特朗普要求波音福特造呼吸机#我觉得这次川普是做了一个正确的决定，面对美国的疫情，一定要多生产口罩，保护好自己的国民。,03/29
“塑料隔离”！墨西哥超市收银台竖起“保鲜膜屏障”#墨西哥一州称穷人对新冠病毒免疫##全球抗疫第一线##特朗普称早知道新冠肺炎是大流行病#L全球眼News的秒拍视频,03/29
#特朗普要求波音福特造呼吸机#呼吸机是拯救新型冠状病毒患者最终的办法，这种病毒的发展进程前期隐藏比较深，当发现到控制，病情发展很快，最终导致肺功能衰竭，感染此病的人最后只能靠呼吸机维持生命#全球抢购中国呼吸机#L鼻整形科普的微博视频,03/29
#特朗普向退役棒球名将咨询疫情对策#…………向一个运动员咨询…………这是什么骚操作？莫非运动员是是成了精的医疗精英？？？？？？黑人❓……,03/29
#特朗普向退役棒球名将咨询疫情对策#川建国真的是买了全年的热搜吧，天天在榜,03/29
#特朗普向退役棒球名将咨询疫情对策#额，什么鬼。。。,03/29
美国的2万亿救助计划中，有三条非常好：1、禁止特朗普总统及其家人的企业接受紧急纳税人救济。这项规定也适用于副总统迈克•彭斯、各行政部门负责人、国会议员及其家属。2、禁止给去年收入超过42.5万美元的员工或高管加薪。3、给美国民众发钱，但个人年收入超过9.9万美元，夫妻收入超过19.8万美元没有。,03/29
#特朗普向退役棒球名将咨询疫情对策#看不懂，把搞专业的凉一边，去咨询非专业的。,03/29
#特朗普要求波音福特造呼吸机#医护人员的安全也应该得到保障！这是加洲医护上街抗议物资短缺。他们直言，羡慕中国医护人员！L连线记者的微博视频,03/29
#特朗普称死亡人数降到10万算不错了#？？？,03/30
[精选]特朗普先生，向中国求援不丢人！。查看👉👉👉O网页链接特朗普先生，向中国求援不丢人！O网页链接,03/30
#特朗普称死亡人数降到10万算不错了#特朗普现在常驻热搜，一上上三四个，牛批,03/30
#特朗普称死亡人数降到10万算不错了#搞笑还是川普厉害,03/30
#特朗普称死亡人数降到10万算不错了#每天都觉得这老头怕不是疯了…,03/30
最近因为疫情，每天都有人死去。每天都有人在幸灾乐祸，我不明白为什么会有这样的想法。每天逝去的是一条条鲜活的生命啊，他们只是被冠以某个国家的身份，就应该被嘲笑，就应该随着这场瘟疫活该死去吗？不知道从何时起，我们总被接受着好的一面，对坏的一面一笔带过甚至只字不提，只要有坏的一面极力掩盖，这是好的教育吗，这不是老师常说的打肿脸充胖子吗。我们都是时代的牺牲者，一生很短暂……#特朗普称死亡人数降到10万算不错了#,03/30
#特朗普称死亡人数降到10万算不错了#新冠疫情在美国蔓延的速度太快了，已经连续五天新增过万，据说美国现在才检测了30多万人而已。美国目前有近14万新冠确诊病例，据预测，在未来两个月，美国将会出现日增50万的景象。按这个速度，如果不采取任何防疫措施，死亡率大幅提高是肯定的。就算最终死亡人数在10万-20万之间，那也是现在疫情最严重的意大利的10倍-20倍。这不是一个冷冰冰的数字，而将是一场可怕的悲剧。对于身处疫情的美国普通民众我们深表同情，有时不得为作一名中国人感到庆幸。疫情没有国界，病毒才是人类共同的敌人，希望这场人道主义悲剧不要发生。,03/30
#特朗普称死亡人数降到10万算不错了#特朗普是不是签约哪个网红公司了，没事就上热搜不过的确越来越被他们国家最近的情况震惊到…,03/30
【#美国确诊病例从1万到14万仅用10天#】从1月21日出现境内第一例新冠肺炎确诊病例开始算起，到3月19日，美国累计确诊病例过万，从1到1万用了一个多月。此后从1万到2万只用了两天。从3月21日开始，美国每天的新增确诊病例都超过1万例。从3月26日开始单日新增病例保持在2万例左右。近日，#特朗普称死亡人数降到10万算不错了#。L央视网快看的微博视频,03/30
特朗普讲美国纽约一家他有份捐款的医院进行时。他说，#新冠病毒肺炎#使这他老家医院尸体太多。L叶言平说的微博视频,03/30
纽约的大救星来了#特朗普称死亡人数降到10万算不错了#,03/30
#特朗普称死亡人数降到10万算不错了#感觉美国都被特朗普害惨了,03/30
特朗普与普京讨论了当下石油市场状况。,03/30
#特朗普称死亡人数降到10万算不错了#在你心中有没有对生命的敬畏？,03/30
#特朗普称死亡人数降到10万算不错了#我竟无言以对,03/30
【环球网报道记者张晓雅】“这是至关重要的30天，我们把一切都押上了，这30天非常重要，因为我们必须恢复（正常）。”当地时间3月30日，美国白宫召开新闻发布会，特朗普在会上表示，他相信未来30天对于减缓新冠病毒蔓延很重要。CNN报道截图据美国有线电视新闻网（CNN）报道，特朗普30日在新闻发布会上表示，他相信未来30天对于拉平（新冠肺炎病例增长）曲线、阻止新冠疫情暴发很重要。“我们每个人在赢得这...O网页链接,03/31
【#美国传染病专家预测疫情或今秋二次暴发#，特朗普：希望不，福奇：预测肯定会】30日的记者会上，被问到美国疫情是否会在今年秋季卷土重来，特朗普回答称，希望不会。紧接着，美国顶级传染病专家安东尼·福奇表示，疫情可能卷土重来，但那时美国的检测能力和隔离水平等会比几个月前高出很多。@时差视频L时差视频的微博视频,03/31
未来特朗普如何向“特”事特办，向美国各州分配物资就会明白，接下来我们面对亚洲、欧洲和非洲的那些国家的政客们，只要是朋友，手握产能的我们自然也不会亏待，帮助他们赢得选民的支持。而那些不是朋友的，凭借着硬通货我们，特事特办之下，也会慢慢慢慢的建立好感。,03/31
【#美国传染病专家预测疫情或今秋二次暴发#，特朗普：希望不，福奇：预测肯定会】30日的记者会上，被问到美国疫情是否会在今年秋季卷土重来，特朗普回答称，希望不会。紧接着，美国顶级传染病专家安东尼·福奇表示，疫情可能卷土重来，但那时美国的检测能力和隔离水平等会比几个月前高出很多。@时差视频L时差视频的微博视频,03/31
没有特朗普热搜的一天心里空落落的,03/31
特朗普——疯王,03/31
来源：海外网【海外网3月31日编译报道】据俄罗斯卫星网31日报道，克里姆林宫方面当地时间31日宣布，俄美两国总统认为，石油市场当前的价格形势不符合两国利益。克宫表示，普京与特朗普进行了非常有建设性并且内容丰富的谈话，俄美两国领导人还交换了有关新冠病毒疫情的消息。报道还指出，普京得到的有关新冠病毒疫情的信息是“完整全面的”。（海外网/吴倩）O网页链接,03/31
@yeba的微博删尼玛个币删？说错你了？你特么天天号称崔老师的盆友，你不知道崔老师发消息提到过方方吗？奔奔姐是因为你骂特朗普踢的你吗？草泥马的原以为你是领头崔粉呢，原来也是个油逼瞎嚼的个垃圾！别人全不配当崔粉，草泥马就你配，草泥马你算崔粉还转发黑过崔老师黑子的贴呢？草泥马垃圾！@yeba的微博,03/31
#市长称纽约实际感染数远高于确诊数#然而西方人的利己主义太重了，只想着自己，特朗普都因为讨厌纽约州州长不咋给他们援助，你还想让其他州去帮纽约州？,03/31
今天，51架包机运送7000余名支援湖北人员撤离#100秒看医疗队撤离感人画面#：在机场，医护人员们相互拥抱、泪眼相送；#援鄂医疗队员高喊李兰娟女神#；男护士隔空向女友求婚，队友大喊“嫁给他”；各地以最高礼仪迎接医护回家…#谢谢你为湖北拼过命#！#李兰娟院士返杭丈夫郑树森院士接机##特朗普称早知道新冠肺炎是大流行病#L央视新闻的微博视频,03/31
【#中国舆论场指数#〔2020.03.31〕】①美国新冠肺炎确诊病例近16.5万例特朗普：现行抗疫方针或加强；②欧洲新冠肺炎疫情依旧严峻多国加强防控应对疫情；③教育部发布关于2020年全国高考时间安排的公告……更多内容戳下图↓↓↓O中国舆论场指数〔2020.03.31〕,03/31
#美国连锁巨头将临时解雇13万员工#美国牧师上电视驱逐新冠病毒，特朗普:艾玛！这次丢人丢出国了L夜猫子2228的微博视频,03/31
英国抗疫就是个笑话！因为：疫情一开始英国不当回事，接着首相接受助理建议、号召“群体免疫”，被世界批评后开始采取措施——最明显措施的是直接建停尸房。唐戈的肥唐说后来王子确诊，首相确诊，得知首相确诊，助理弃主而逃......才隔离7天王子宣布康复不再隔离，这时逃跑的助理被确诊！中国派出专家团队支援英国，想不到英国政客不但不感恩，反而是配合美国、一边假抗疫一边污蔑中国......这位把自己检测数量低甩锅为中国报告迟缓的英国大臣，你说要往前看，你知道往前看你就是个笑话吗？#特朗普称死亡人数降到10万算不错了##查尔斯王子结束自我隔离#L茂哥日记的微博视频,03/31
特朗普竟然客串过小鬼当家里的角色,03/31
#官法有话讲#:中国始终坚持人类命运共同体的理念，中国企业和工人夜以继日生产出来的防疫物资是给为了支援世界各国的百姓渡过难关，你却只说了句“非常棒！”说句谢谢有这么难吗？【特朗普：中国给我们寄来了一些东西，非常棒】当地时间30日，特朗普在新闻发布会上表示，美国已经收到了来自其他国家的捐赠，他称：我们和许多国家的关系很好，中国寄来了一些的物资，非常棒的物资，俄罗斯也寄来了满满一飞机的东西，其他国家也寄来了的东西，让我很惊讶。#特朗普称来自中国物资非常好#L微丢的微博视频,03/31
